dataset,algorithm,seed,round,best_so_far,pct_opt,time_s,diversity
QM9-gap-5k,GLOSS,47,-1,0.2042,35.70817896836706,0.0,0.0
QM9-gap-5k,GLOSS,47,0,0.309,65.57423767455116,0.12999916076660156,1.052170338840821
QM9-gap-5k,GLOSS,47,1,0.3117,66.34368766030208,0.14303803443908691,1.027515178456151
QM9-gap-5k,GLOSS,47,2,0.3298,71.50185237959533,0.13762187957763672,0.9159314439995166
QM9-gap-5k,GLOSS,47,3,0.3631,80.9917355371901,0.14243412017822266,0.9515787870356124
QM9-gap-5k,GLOSS,47,4,0.4298,100.0,0.14286303520202637,1.0774258201847933
QM9-gap-5k,GLOSS,47,5,0.4298,100.0,0.14304113388061523,1.1333516555335499
QM9-gap-5k,GLOSS,47,6,0.4298,100.0,0.1507408618927002,1.1609262788163863
QM9-gap-5k,GLOSS,47,7,0.4298,100.0,0.15761923789978027,1.1375372886269877
QM9-gap-5k,GLOSS,47,8,0.4298,100.0,0.1536729335784912,1.1456551141486102
QM9-gap-5k,GLOSS,47,9,0.4298,100.0,0.1593937873840332,1.1507871850699527
QM9-gap-5k,GLOSS,47,10,0.4298,100.0,0.1640312671661377,1.1503977543971096
QM9-gap-5k,GLOSS,47,11,0.4298,100.0,0.1639387607574463,1.1665611990963705
QM9-gap-5k,GLOSS,47,12,0.4298,100.0,0.17083477973937988,1.1570516631342131
QM9-gap-5k,GLOSS,47,13,0.4298,100.0,0.17012500762939453,1.157293224943115
QM9-gap-5k,GLOSS,47,14,0.4298,100.0,0.17664623260498047,1.1958724232738438
QM9-gap-5k,GLOSS,47,15,0.4298,100.0,0.18219709396362305,1.1898082442885398
QM9-gap-5k,GLOSS,47,16,0.4298,100.0,0.1861121654510498,1.1921949439046604
QM9-gap-5k,GLOSS,47,17,0.4298,100.0,0.18339109420776367,1.1882255124786707
QM9-gap-5k,GLOSS,47,18,0.4298,100.0,0.1865706443786621,1.1871447869999612
QM9-gap-5k,GLOSS,47,19,0.4298,100.0,0.1869339942932129,1.1788345874910553
QM9-gap-5k,UCB-BO,47,-1,0.2042,35.70817896836706,0.0,0.0
QM9-gap-5k,UCB-BO,47,0,0.2229,41.03733257338273,0.04835796356201172,0.4157376228111554
QM9-gap-5k,UCB-BO,47,1,0.2242,41.407808492448,0.05015921592712402,0.7868935139085373
QM9-gap-5k,UCB-BO,47,2,0.2916,60.61555998860075,0.05296921730041504,0.9438746277915213
QM9-gap-5k,UCB-BO,47,3,0.3158,67.51211171273869,0.05639076232910156,1.092982669628763
QM9-gap-5k,UCB-BO,47,4,0.3158,67.51211171273869,0.05836009979248047,1.0505906163574397
QM9-gap-5k,UCB-BO,47,5,0.3506,77.42946708463951,0.061045169830322266,1.1503747327803056
QM9-gap-5k,UCB-BO,47,6,0.4298,100.0,0.062391042709350586,1.2260582567891893
QM9-gap-5k,UCB-BO,47,7,0.4298,100.0,0.06548500061035156,1.223537069038181
QM9-gap-5k,UCB-BO,47,8,0.4298,100.0,0.0669851303100586,1.301895646928647
QM9-gap-5k,UCB-BO,47,9,0.4298,100.0,0.06952691078186035,1.2978064044176083
QM9-gap-5k,UCB-BO,47,10,0.4298,100.0,0.07261013984680176,1.2981474155179615
QM9-gap-5k,UCB-BO,47,11,0.4298,100.0,0.07309889793395996,1.3130113331821458
QM9-gap-5k,UCB-BO,47,12,0.4298,100.0,0.07694840431213379,1.284384169869392
QM9-gap-5k,UCB-BO,47,13,0.4298,100.0,0.0782327651977539,1.2676424477652048
QM9-gap-5k,UCB-BO,47,14,0.4298,100.0,0.08014988899230957,1.242597429320964
QM9-gap-5k,UCB-BO,47,15,0.4298,100.0,0.08161091804504395,1.223230724981308
QM9-gap-5k,UCB-BO,47,16,0.4298,100.0,0.08492803573608398,1.196790705813229
QM9-gap-5k,UCB-BO,47,17,0.4298,100.0,0.08626031875610352,1.18514612579604
QM9-gap-5k,UCB-BO,47,18,0.4298,100.0,0.08920907974243164,1.1675508011649003
QM9-gap-5k,UCB-BO,47,19,0.4298,100.0,0.09122610092163086,1.1431639386764767
QM9-gap-5k,BO(EI),47,-1,0.2042,35.70817896836706,0.0,0.0
QM9-gap-5k,BO(EI),47,0,0.2229,41.03733257338273,0.04832577705383301,0.49176970149956245
QM9-gap-5k,BO(EI),47,1,0.2229,41.03733257338273,0.050028085708618164,0.4913013901446395
QM9-gap-5k,BO(EI),47,2,0.2712,54.80193787403819,0.053030967712402344,0.6502326837911557
QM9-gap-5k,BO(EI),47,3,0.2712,54.80193787403819,0.05574393272399902,0.8609746700617721
QM9-gap-5k,BO(EI),47,4,0.2816,57.765745226560284,0.057672977447509766,0.9783739697473496
QM9-gap-5k,BO(EI),47,5,0.4298,100.0,0.061403751373291016,1.2000228469302134
QM9-gap-5k,BO(EI),47,6,0.4298,100.0,0.06315755844116211,1.3547061201000086
QM9-gap-5k,BO(EI),47,7,0.4298,100.0,0.06676912307739258,1.4207472259106955
QM9-gap-5k,BO(EI),47,8,0.4298,100.0,0.06748580932617188,1.4279217463429663
QM9-gap-5k,BO(EI),47,9,0.4298,100.0,0.07047080993652344,1.438504359530345
QM9-gap-5k,BO(EI),47,10,0.4298,100.0,0.07293272018432617,1.4820588967908623
QM9-gap-5k,BO(EI),47,11,0.4298,100.0,0.0739450454711914,1.4837344269660981
QM9-gap-5k,BO(EI),47,12,0.4298,100.0,0.07683038711547852,1.489104895492803
QM9-gap-5k,BO(EI),47,13,0.4298,100.0,0.07997584342956543,1.4740736545795075
QM9-gap-5k,BO(EI),47,14,0.4298,100.0,0.08126688003540039,1.4747786478860703
QM9-gap-5k,BO(EI),47,15,0.4298,100.0,0.08468389511108398,1.45207232192393
QM9-gap-5k,BO(EI),47,16,0.4298,100.0,0.08533215522766113,1.430298329058134
QM9-gap-5k,BO(EI),47,17,0.4298,100.0,0.0889580249786377,1.413162909579285
QM9-gap-5k,BO(EI),47,18,0.4298,100.0,0.09191012382507324,1.407972331055712
QM9-gap-5k,BO(EI),47,19,0.4298,100.0,0.09413886070251465,1.3890473485035921
QM9-gap-5k,GA,47,-1,0.2042,35.70817896836706,0.0,0.0
QM9-gap-5k,GA,47,0,0.2915,60.58706184098034,0.055785179138183594,0.9635599938532016
QM9-gap-5k,GA,47,1,0.3378,73.78170418922771,0.05912184715270996,0.9941857228102623
QM9-gap-5k,GA,47,2,0.3427,75.17811342262755,0.062068939208984375,0.979149853821937
QM9-gap-5k,GA,47,3,0.3468,76.34653747506414,0.0642540454864502,1.02107656669118
QM9-gap-5k,GA,47,4,0.3468,76.34653747506414,0.06632399559020996,1.0286732677487194
QM9-gap-5k,GA,47,5,0.3575,79.39583927044741,0.06972122192382812,1.0909806137155056
QM9-gap-5k,GA,47,6,0.3575,79.39583927044741,0.0727241039276123,1.0930131843720101
QM9-gap-5k,GA,47,7,0.3729,83.78455400398975,0.07557010650634766,1.0903320866527453
QM9-gap-5k,GA,47,8,0.3729,83.78455400398975,0.07779502868652344,1.0719025352314184
QM9-gap-5k,GA,47,9,0.3729,83.78455400398975,0.07964110374450684,1.0609413327420794
QM9-gap-5k,GA,47,10,0.373,83.81305215161015,0.08110690116882324,1.0583369772974576
QM9-gap-5k,GA,47,11,0.373,83.81305215161015,0.08229184150695801,1.0412489958265199
QM9-gap-5k,GA,47,12,0.373,83.81305215161015,0.08588385581970215,1.046852508743256
QM9-gap-5k,GA,47,13,0.373,83.81305215161015,0.08779692649841309,1.052628888107453
QM9-gap-5k,GA,47,14,0.373,83.81305215161015,0.11664104461669922,1.041124200437653
QM9-gap-5k,GA,47,15,0.373,83.81305215161015,0.0975339412689209,1.0246975817112889
QM9-gap-5k,GA,47,16,0.373,83.81305215161015,0.096588134765625,1.0313760176845006
QM9-gap-5k,GA,47,17,0.373,83.81305215161015,0.1003878116607666,1.0300943451436617
QM9-gap-5k,GA,47,18,0.373,83.81305215161015,0.10285305976867676,1.0205379672217905
QM9-gap-5k,GA,47,19,0.373,83.81305215161015,0.10416626930236816,1.0148108904244988
QM9-gap-5k,Random,47,-1,0.2042,35.70817896836706,0.0,0.0
QM9-gap-5k,Random,47,0,0.318,68.13907096038758,0.03718400001525879,0.8367543257876753
QM9-gap-5k,Random,47,1,0.3257,70.33342832715873,0.03802323341369629,0.982105909105058
QM9-gap-5k,Random,47,2,0.3257,70.33342832715873,0.0396120548248291,0.984898560702952
QM9-gap-5k,Random,47,3,0.3257,70.33342832715873,0.04148077964782715,0.9543947613127683
QM9-gap-5k,Random,47,4,0.3267,70.61840980336278,0.043226003646850586,0.9457711056403791
QM9-gap-5k,Random,47,5,0.3267,70.61840980336278,0.04496622085571289,0.9455895404007945
QM9-gap-5k,Random,47,6,0.3267,70.61840980336278,0.045909881591796875,0.9381867087167431
QM9-gap-5k,Random,47,7,0.3561,78.99686520376176,0.048974037170410156,0.9543826106729119
QM9-gap-5k,Random,47,8,0.3561,78.99686520376176,0.05055403709411621,0.9739980334248288
QM9-gap-5k,Random,47,9,0.3561,78.99686520376176,0.052948951721191406,0.954894993429882
QM9-gap-5k,Random,47,10,0.3561,78.99686520376176,0.05503201484680176,0.9430453649237538
QM9-gap-5k,Random,47,11,0.3561,78.99686520376176,0.05746006965637207,0.9565215635153496
QM9-gap-5k,Random,47,12,0.3561,78.99686520376176,0.0595090389251709,0.9618376514766721
QM9-gap-5k,Random,47,13,0.3561,78.99686520376176,0.06150174140930176,0.966439124100422
QM9-gap-5k,Random,47,14,0.3561,78.99686520376176,0.06413698196411133,0.9610276604142081
QM9-gap-5k,Random,47,15,0.3561,78.99686520376176,0.06546592712402344,0.9781927331574002
QM9-gap-5k,Random,47,16,0.3561,78.99686520376176,0.0688319206237793,0.9699336723782451
QM9-gap-5k,Random,47,17,0.3561,78.99686520376176,0.07239580154418945,0.9599343936512774
QM9-gap-5k,Random,47,18,0.3561,78.99686520376176,0.07350564002990723,0.9696230631119033
QM9-gap-5k,Random,47,19,0.3561,78.99686520376176,0.07585573196411133,0.9706260895043544
QM9-gap-5k,GLOSS,53,-1,0.2084,36.90510116842405,0.0,0.0
QM9-gap-5k,GLOSS,53,0,0.275,55.884867483613576,0.1312417984008789,0.9607270304378932
QM9-gap-5k,GLOSS,53,1,0.3158,67.51211171273869,0.12681102752685547,1.055074874289436
QM9-gap-5k,GLOSS,53,2,0.3879,88.05927614705045,0.13522696495056152,1.1937557012212596
QM9-gap-5k,GLOSS,53,3,0.3879,88.05927614705045,0.14220714569091797,1.2350220609681684
QM9-gap-5k,GLOSS,53,4,0.3879,88.05927614705045,0.13851022720336914,1.2227686738110066
QM9-gap-5k,GLOSS,53,5,0.3879,88.05927614705045,0.1429281234741211,1.2127703709875708
QM9-gap-5k,GLOSS,53,6,0.3879,88.05927614705045,0.14538812637329102,1.165973513461572
QM9-gap-5k,GLOSS,53,7,0.3879,88.05927614705045,0.14686107635498047,1.1449740313202674
QM9-gap-5k,GLOSS,53,8,0.3879,88.05927614705045,0.15099120140075684,1.1158857281097243
QM9-gap-5k,GLOSS,53,9,0.3879,88.05927614705045,0.15456485748291016,1.0907657507196016
QM9-gap-5k,GLOSS,53,10,0.3879,88.05927614705045,0.1572887897491455,1.0799762382576474
QM9-gap-5k,GLOSS,53,11,0.3879,88.05927614705045,0.15931224822998047,1.0537382927759202
QM9-gap-5k,GLOSS,53,12,0.3879,88.05927614705045,0.16156792640686035,1.048970259781712
QM9-gap-5k,GLOSS,53,13,0.3879,88.05927614705045,0.1677107810974121,1.0436818848007026
QM9-gap-5k,GLOSS,53,14,0.4298,100.0,0.1690540313720703,1.0517755364921972
QM9-gap-5k,GLOSS,53,15,0.4298,100.0,0.17491984367370605,1.0525160350966227
QM9-gap-5k,GLOSS,53,16,0.4298,100.0,0.17801499366760254,1.0448293497118253
QM9-gap-5k,GLOSS,53,17,0.4298,100.0,0.18024182319641113,1.0496191539156339
QM9-gap-5k,GLOSS,53,18,0.4298,100.0,0.18643689155578613,1.0454352572689598
QM9-gap-5k,GLOSS,53,19,0.4298,100.0,0.18916988372802734,1.041761029731598
QM9-gap-5k,UCB-BO,53,-1,0.2084,36.90510116842405,0.0,0.0
QM9-gap-5k,UCB-BO,53,0,0.3202,68.76603020803648,0.04834294319152832,0.7172829666721935
QM9-gap-5k,UCB-BO,53,1,0.3441,75.5770874893132,0.050608158111572266,0.9717200949398734
QM9-gap-5k,UCB-BO,53,2,0.3441,75.5770874893132,0.05340099334716797,0.9491100676094412
QM9-gap-5k,UCB-BO,53,3,0.3441,75.5770874893132,0.05613899230957031,1.0145723970741811
QM9-gap-5k,UCB-BO,53,4,0.3472,76.46053006554574,0.058938026428222656,1.0908648315903862
QM9-gap-5k,UCB-BO,53,5,0.3472,76.46053006554574,0.061402082443237305,1.148655745485981
QM9-gap-5k,UCB-BO,53,6,0.4298,100.0,0.06414103507995605,1.20885656282665
QM9-gap-5k,UCB-BO,53,7,0.4298,100.0,0.06723189353942871,1.1958296644110438
QM9-gap-5k,UCB-BO,53,8,0.4298,100.0,0.06817102432250977,1.2139503179108244
QM9-gap-5k,UCB-BO,53,9,0.4298,100.0,0.07122993469238281,1.2064150501940816
QM9-gap-5k,UCB-BO,53,10,0.4298,100.0,0.0730750560760498,1.225425287140683
QM9-gap-5k,UCB-BO,53,11,0.4298,100.0,0.07455897331237793,1.1967090592893788
QM9-gap-5k,UCB-BO,53,12,0.4298,100.0,0.07664275169372559,1.1790363858267507
QM9-gap-5k,UCB-BO,53,13,0.4298,100.0,0.07771492004394531,1.1416236278158922
QM9-gap-5k,UCB-BO,53,14,0.4298,100.0,0.07932090759277344,1.111796695965528
QM9-gap-5k,UCB-BO,53,15,0.4298,100.0,0.08252525329589844,1.0915522940105116
QM9-gap-5k,UCB-BO,53,16,0.4298,100.0,0.08487296104431152,1.0822020920600122
QM9-gap-5k,UCB-BO,53,17,0.4298,100.0,0.08671998977661133,1.0776361789783049
QM9-gap-5k,UCB-BO,53,18,0.4298,100.0,0.08847308158874512,1.054174876063914
QM9-gap-5k,UCB-BO,53,19,0.4298,100.0,0.09191298484802246,1.035264768475196
QM9-gap-5k,BO(EI),53,-1,0.2084,36.90510116842405,0.0,0.0
QM9-gap-5k,BO(EI),53,0,0.2916,60.61555998860075,0.04884505271911621,1.0142743577690063
QM9-gap-5k,BO(EI),53,1,0.3427,75.17811342262755,0.05153012275695801,1.2523230929072748
QM9-gap-5k,BO(EI),53,2,0.355,78.68338557993731,0.054091691970825195,1.3399765994202173
QM9-gap-5k,BO(EI),53,3,0.355,78.68338557993731,0.05661725997924805,1.3077970139647732
QM9-gap-5k,BO(EI),53,4,0.355,78.68338557993731,0.05878925323486328,1.2687506510645317
QM9-gap-5k,BO(EI),53,5,0.355,78.68338557993731,0.06108403205871582,1.2534832258687176
QM9-gap-5k,BO(EI),53,6,0.355,78.68338557993731,0.06349921226501465,1.232727815209772
QM9-gap-5k,BO(EI),53,7,0.355,78.68338557993731,0.06551313400268555,1.1882276534829948
QM9-gap-5k,BO(EI),53,8,0.355,78.68338557993731,0.06935596466064453,1.1467050710616946
QM9-gap-5k,BO(EI),53,9,0.4298,100.0,0.07046198844909668,1.1348731615565868
QM9-gap-5k,BO(EI),53,10,0.4298,100.0,0.07306814193725586,1.1621758607106858
QM9-gap-5k,BO(EI),53,11,0.4298,100.0,0.07423996925354004,1.1454354563259082
QM9-gap-5k,BO(EI),53,12,0.4298,100.0,0.07666206359863281,1.1598500295477356
QM9-gap-5k,BO(EI),53,13,0.4298,100.0,0.07896280288696289,1.1957314644572967
QM9-gap-5k,BO(EI),53,14,0.4298,100.0,0.0814371109008789,1.1884889747837086
QM9-gap-5k,BO(EI),53,15,0.4298,100.0,0.08354306221008301,1.1835009303357569
QM9-gap-5k,BO(EI),53,16,0.4298,100.0,0.08611512184143066,1.2235608823066477
QM9-gap-5k,BO(EI),53,17,0.4298,100.0,0.08827590942382812,1.2336732798148247
QM9-gap-5k,BO(EI),53,18,0.4298,100.0,0.09159111976623535,1.2348853186039144
QM9-gap-5k,BO(EI),53,19,0.4298,100.0,0.09445381164550781,1.2456219144505114
QM9-gap-5k,GA,53,-1,0.2084,36.90510116842405,0.0,0.0
QM9-gap-5k,GA,53,0,0.3214,69.10800797948134,0.054901123046875,1.2816782878921216
QM9-gap-5k,GA,53,1,0.3468,76.34653747506414,0.059346914291381836,1.303945574926891
QM9-gap-5k,GA,53,2,0.3497,77.17298375605587,0.06175494194030762,1.2080388134035007
QM9-gap-5k,GA,53,3,0.3497,77.17298375605587,0.06487679481506348,1.1629633543932714
QM9-gap-5k,GA,53,4,0.3572,79.3103448275862,0.06640481948852539,1.1040596977840385
QM9-gap-5k,GA,53,5,0.3572,79.3103448275862,0.06810879707336426,1.0662689646890469
QM9-gap-5k,GA,53,6,0.3572,79.3103448275862,0.07006096839904785,1.0369636284205381
QM9-gap-5k,GA,53,7,0.3637,81.16272442291252,0.07346200942993164,0.9984910133829676
QM9-gap-5k,GA,53,8,0.3778,85.18096323738959,0.07464003562927246,0.9866027096081018
QM9-gap-5k,GA,53,9,0.3778,85.18096323738959,0.07632708549499512,0.9779014468097058
QM9-gap-5k,GA,53,10,0.3778,85.18096323738959,0.07896685600280762,0.9620995289797194
QM9-gap-5k,GA,53,11,0.4128,95.1553149045312,0.08084607124328613,0.9664742561286542
QM9-gap-5k,GA,53,12,0.4128,95.1553149045312,0.0838780403137207,0.9616301524265609
QM9-gap-5k,GA,53,13,0.4128,95.1553149045312,0.08557581901550293,0.9510848499185659
QM9-gap-5k,GA,53,14,0.4128,95.1553149045312,0.08818912506103516,0.9326883602651823
QM9-gap-5k,GA,53,15,0.4128,95.1553149045312,0.09052300453186035,0.9206742846909248
QM9-gap-5k,GA,53,16,0.4128,95.1553149045312,0.09299921989440918,0.9144415674744677
QM9-gap-5k,GA,53,17,0.4128,95.1553149045312,0.0953371524810791,0.9068729351470175
QM9-gap-5k,GA,53,18,0.4128,95.1553149045312,0.09708476066589355,0.8953211245370133
QM9-gap-5k,GA,53,19,0.4128,95.1553149045312,0.10088396072387695,0.8865617218714255
QM9-gap-5k,Random,53,-1,0.2084,36.90510116842405,0.0,0.0
QM9-gap-5k,Random,53,0,0.3264,70.53291536050158,0.03719496726989746,0.953885344450245
QM9-gap-5k,Random,53,1,0.3264,70.53291536050158,0.03813886642456055,0.9593671854233617
QM9-gap-5k,Random,53,2,0.3264,70.53291536050158,0.039077043533325195,0.9769706946801345
QM9-gap-5k,Random,53,3,0.3264,70.53291536050158,0.04080796241760254,0.9831066352814415
QM9-gap-5k,Random,53,4,0.3264,70.53291536050158,0.042433977127075195,0.9843777961752328
QM9-gap-5k,Random,53,5,0.3264,70.53291536050158,0.0446627140045166,0.9897020109587251
QM9-gap-5k,Random,53,6,0.3264,70.53291536050158,0.04650712013244629,1.0143466092255216
QM9-gap-5k,Random,53,7,0.3264,70.53291536050158,0.04835796356201172,0.9835927392640179
QM9-gap-5k,Random,53,8,0.3264,70.53291536050158,0.05170011520385742,0.9707541267087613
QM9-gap-5k,Random,53,9,0.3264,70.53291536050158,0.05275917053222656,0.9659640626711117
QM9-gap-5k,Random,53,10,0.3264,70.53291536050158,0.05552411079406738,0.9721539271351455
QM9-gap-5k,Random,53,11,0.3307,71.75833570817898,0.05878305435180664,0.973181176834104
QM9-gap-5k,Random,53,12,0.3307,71.75833570817898,0.06144094467163086,0.965050171804924
QM9-gap-5k,Random,53,13,0.3346,72.86976346537476,0.06386303901672363,0.9877348792076222
QM9-gap-5k,Random,53,14,0.3346,72.86976346537476,0.0654292106628418,0.983495440279181
QM9-gap-5k,Random,53,15,0.3346,72.86976346537476,0.06720805168151855,0.999587123038301
QM9-gap-5k,Random,53,16,0.3346,72.86976346537476,0.07049083709716797,0.9968158374176948
QM9-gap-5k,Random,53,17,0.3346,72.86976346537476,0.07201695442199707,0.9961203705339031
QM9-gap-5k,Random,53,18,0.3346,72.86976346537476,0.07511520385742188,0.9988327715176842
QM9-gap-5k,Random,53,19,0.3729,83.78455400398975,0.07959294319152832,0.99068290646583
QM9-gap-5k,GLOSS,59,-1,0.2101,37.38956967797093,0.0,0.0
QM9-gap-5k,GLOSS,59,0,0.334,72.69877457965232,0.1286027431488037,0.7101535603365169
QM9-gap-5k,GLOSS,59,1,0.4128,95.1553149045312,0.13468599319458008,0.8564270812381359
QM9-gap-5k,GLOSS,59,2,0.4128,95.1553149045312,0.13928699493408203,0.9458046165629435
QM9-gap-5k,GLOSS,59,3,0.4298,100.0,0.13923931121826172,1.039255581877449
QM9-gap-5k,GLOSS,59,4,0.4298,100.0,0.14414596557617188,1.1386349203161898
QM9-gap-5k,GLOSS,59,5,0.4298,100.0,0.1405792236328125,1.158015986615816
QM9-gap-5k,GLOSS,59,6,0.4298,100.0,0.14870238304138184,1.135201687732065
QM9-gap-5k,GLOSS,59,7,0.4298,100.0,0.15082907676696777,1.1442813475579034
QM9-gap-5k,GLOSS,59,8,0.4298,100.0,0.16166901588439941,1.132679251866211
QM9-gap-5k,GLOSS,59,9,0.4298,100.0,0.15851473808288574,1.1209657100708774
QM9-gap-5k,GLOSS,59,10,0.4298,100.0,0.15695691108703613,1.129653724085139
QM9-gap-5k,GLOSS,59,11,0.4298,100.0,0.15992403030395508,1.1250902889581254
QM9-gap-5k,GLOSS,59,12,0.4298,100.0,0.16259217262268066,1.1051511692222347
QM9-gap-5k,GLOSS,59,13,0.4298,100.0,0.16561198234558105,1.0957539751836476
QM9-gap-5k,GLOSS,59,14,0.4298,100.0,0.16858124732971191,1.0959862603644375
QM9-gap-5k,GLOSS,59,15,0.4298,100.0,0.17879390716552734,1.0878880547368737
QM9-gap-5k,GLOSS,59,16,0.4298,100.0,0.17549371719360352,1.104817827804801
QM9-gap-5k,GLOSS,59,17,0.4298,100.0,0.1755828857421875,1.1078116576457544
QM9-gap-5k,GLOSS,59,18,0.4298,100.0,0.17878079414367676,1.1033901283228007
QM9-gap-5k,GLOSS,59,19,0.4298,100.0,0.18257904052734375,1.133761669434296
QM9-gap-5k,UCB-BO,59,-1,0.2101,37.38956967797093,0.0,0.0
QM9-gap-5k,UCB-BO,59,0,0.3411,74.72214306070106,0.048564910888671875,0.1858053241175857
QM9-gap-5k,UCB-BO,59,1,0.3411,74.72214306070106,0.05072498321533203,0.35395843516083086
QM9-gap-5k,UCB-BO,59,2,0.3411,74.72214306070106,0.053467750549316406,0.4347098778188694
QM9-gap-5k,UCB-BO,59,3,0.3493,77.05899116557423,0.05503201484680176,0.5889526576868979
QM9-gap-5k,UCB-BO,59,4,0.4298,100.0,0.059606075286865234,0.6815311992882808
QM9-gap-5k,UCB-BO,59,5,0.4298,100.0,0.06225275993347168,0.7169010916728116
QM9-gap-5k,UCB-BO,59,6,0.4298,100.0,0.061539649963378906,0.8434542751117368
QM9-gap-5k,UCB-BO,59,7,0.4298,100.0,0.06602692604064941,0.8363261245277576
QM9-gap-5k,UCB-BO,59,8,0.4298,100.0,0.06744503974914551,0.9016918574771318
QM9-gap-5k,UCB-BO,59,9,0.4298,100.0,0.07094907760620117,0.8781343172596496
QM9-gap-5k,UCB-BO,59,10,0.4298,100.0,0.07276296615600586,0.937982196386262
QM9-gap-5k,UCB-BO,59,11,0.4298,100.0,0.07253694534301758,0.9552394004325754
QM9-gap-5k,UCB-BO,59,12,0.4298,100.0,0.07354593276977539,0.9350100437976304
QM9-gap-5k,UCB-BO,59,13,0.4298,100.0,0.07530784606933594,0.9272494536836325
QM9-gap-5k,UCB-BO,59,14,0.4298,100.0,0.0770878791809082,0.9015102489704309
QM9-gap-5k,UCB-BO,59,15,0.4298,100.0,0.07784390449523926,0.8951375835631358
QM9-gap-5k,UCB-BO,59,16,0.4298,100.0,0.08018374443054199,0.8759174714743082
QM9-gap-5k,UCB-BO,59,17,0.4298,100.0,0.08262014389038086,0.8623872337170082
QM9-gap-5k,UCB-BO,59,18,0.4298,100.0,0.08555912971496582,0.8714947243851641
QM9-gap-5k,UCB-BO,59,19,0.4298,100.0,0.08750796318054199,0.8671562684965054
QM9-gap-5k,BO(EI),59,-1,0.2101,37.38956967797093,0.0,0.0
QM9-gap-5k,BO(EI),59,0,0.3411,74.72214306070106,0.04917502403259277,0.16833525204054783
QM9-gap-5k,BO(EI),59,1,0.3472,76.46053006554574,0.05092620849609375,0.35462634578220614
QM9-gap-5k,BO(EI),59,2,0.373,83.81305215161015,0.053617000579833984,0.5241509427864988
QM9-gap-5k,BO(EI),59,3,0.373,83.81305215161015,0.0558319091796875,0.7853052290209346
QM9-gap-5k,BO(EI),59,4,0.4128,95.1553149045312,0.058585166931152344,0.8427398192068823
QM9-gap-5k,BO(EI),59,5,0.4128,95.1553149045312,0.06078791618347168,1.0176054871335332
QM9-gap-5k,BO(EI),59,6,0.4298,100.0,0.06354403495788574,1.057886502329054
QM9-gap-5k,BO(EI),59,7,0.4298,100.0,0.06500887870788574,1.0883655160716261
QM9-gap-5k,BO(EI),59,8,0.4298,100.0,0.06815290451049805,1.0426981239496051
QM9-gap-5k,BO(EI),59,9,0.4298,100.0,0.06873607635498047,1.0816602654050973
QM9-gap-5k,BO(EI),59,10,0.4298,100.0,0.07179427146911621,1.0539587501550725
QM9-gap-5k,BO(EI),59,11,0.4298,100.0,0.07337403297424316,1.0194704897537312
QM9-gap-5k,BO(EI),59,12,0.4298,100.0,0.07462000846862793,1.019688828366574
QM9-gap-5k,BO(EI),59,13,0.4298,100.0,0.07576608657836914,1.0122707258478185
QM9-gap-5k,BO(EI),59,14,0.4298,100.0,0.07783389091491699,1.0114490393326818
QM9-gap-5k,BO(EI),59,15,0.4298,100.0,0.08024001121520996,1.0340662013920126
QM9-gap-5k,BO(EI),59,16,0.4298,100.0,0.0823831558227539,1.0316598086243804
QM9-gap-5k,BO(EI),59,17,0.4298,100.0,0.08524274826049805,1.036537853209184
QM9-gap-5k,BO(EI),59,18,0.4298,100.0,0.08632516860961914,1.0308332712347212
QM9-gap-5k,BO(EI),59,19,0.4298,100.0,0.08768606185913086,1.0284933273165975
QM9-gap-5k,GA,59,-1,0.2101,37.38956967797093,0.0,0.0
QM9-gap-5k,GA,59,0,0.2888,59.817611855229416,0.056084394454956055,1.12917928887237
QM9-gap-5k,GA,59,1,0.3324,72.24280421772583,0.05980801582336426,1.0238542629225442
QM9-gap-5k,GA,59,2,0.3324,72.24280421772583,0.06328320503234863,0.967019840091297
QM9-gap-5k,GA,59,3,0.3665,81.96067255628382,0.06963610649108887,0.9943148346795072
QM9-gap-5k,GA,59,4,0.3665,81.96067255628382,0.06736898422241211,0.969189831844374
QM9-gap-5k,GA,59,5,0.3665,81.96067255628382,0.07021284103393555,0.9726180426318699
QM9-gap-5k,GA,59,6,0.3665,81.96067255628382,0.07248210906982422,0.9865276923202287
QM9-gap-5k,GA,59,7,0.3665,81.96067255628382,0.07580804824829102,0.9770891158849422
QM9-gap-5k,GA,59,8,0.3665,81.96067255628382,0.07647895812988281,0.9910626438822177
QM9-gap-5k,GA,59,9,0.3665,81.96067255628382,0.07918214797973633,1.0228231246949
QM9-gap-5k,GA,59,10,0.3665,81.96067255628382,0.0835719108581543,1.015854745464831
QM9-gap-5k,GA,59,11,0.3665,81.96067255628382,0.08352518081665039,1.0263759025343924
QM9-gap-5k,GA,59,12,0.3665,81.96067255628382,0.08592104911804199,1.025267159970632
QM9-gap-5k,GA,59,13,0.3665,81.96067255628382,0.08909916877746582,1.0142065583027708
QM9-gap-5k,GA,59,14,0.3665,81.96067255628382,0.09115123748779297,1.00816070063756
QM9-gap-5k,GA,59,15,0.3665,81.96067255628382,0.09333395957946777,1.014823154521768
QM9-gap-5k,GA,59,16,0.3665,81.96067255628382,0.09434700012207031,1.0147382897270758
QM9-gap-5k,GA,59,17,0.3665,81.96067255628382,0.0961160659790039,1.010866306876297
QM9-gap-5k,GA,59,18,0.3729,83.78455400398975,0.09871411323547363,1.0014397161267976
QM9-gap-5k,GA,59,19,0.3729,83.78455400398975,0.10209202766418457,1.0134087860934495
QM9-gap-5k,Random,59,-1,0.2101,37.38956967797093,0.0,0.0
QM9-gap-5k,Random,59,0,0.3298,71.50185237959533,0.03711676597595215,0.9298644189261341
QM9-gap-5k,Random,59,1,0.3298,71.50185237959533,0.038610219955444336,0.9634811582066948
QM9-gap-5k,Random,59,2,0.3392,74.18067825591336,0.03922891616821289,0.9138419205735191
QM9-gap-5k,Random,59,3,0.3392,74.18067825591336,0.04120659828186035,0.9235286022758784
QM9-gap-5k,Random,59,4,0.3447,75.74807637503564,0.042459726333618164,0.9157034101133303
QM9-gap-5k,Random,59,5,0.3675,82.24565403248788,0.04445505142211914,0.9326497299586243
QM9-gap-5k,Random,59,6,0.3675,82.24565403248788,0.04590606689453125,0.8924243239980288
QM9-gap-5k,Random,59,7,0.3675,82.24565403248788,0.04765009880065918,0.9448067939703501
QM9-gap-5k,Random,59,8,0.3675,82.24565403248788,0.04981112480163574,0.9650260176984354
QM9-gap-5k,Random,59,9,0.3675,82.24565403248788,0.05180096626281738,0.958617996130194
QM9-gap-5k,Random,59,10,0.3675,82.24565403248788,0.05389213562011719,0.9588416207316849
QM9-gap-5k,Random,59,11,0.3675,82.24565403248788,0.05660891532897949,0.972537636572094
QM9-gap-5k,Random,59,12,0.3675,82.24565403248788,0.0591130256652832,0.9706100673499228
QM9-gap-5k,Random,59,13,0.3675,82.24565403248788,0.06094503402709961,0.9663376667499721
QM9-gap-5k,Random,59,14,0.3675,82.24565403248788,0.06322884559631348,0.960388225619873
QM9-gap-5k,Random,59,15,0.3675,82.24565403248788,0.06494498252868652,0.9578074549682679
QM9-gap-5k,Random,59,16,0.3675,82.24565403248788,0.06764602661132812,0.9502100864994035
QM9-gap-5k,Random,59,17,0.3675,82.24565403248788,0.0693502426147461,0.9442655726831833
QM9-gap-5k,Random,59,18,0.3675,82.24565403248788,0.0717020034790039,0.9353216857612164
QM9-gap-5k,Random,59,19,0.3675,82.24565403248788,0.07632088661193848,0.9281126574951614
QM9-gap-5k,GLOSS,61,-1,0.1971,33.68481048731832,0.0,0.0
QM9-gap-5k,GLOSS,61,0,0.2789,56.996295240809346,0.12923598289489746,0.5607043202118246
QM9-gap-5k,GLOSS,61,1,0.3578,79.48133371330864,0.13698315620422363,0.8259097115421962
QM9-gap-5k,GLOSS,61,2,0.3578,79.48133371330864,0.13924813270568848,0.8942554814377563
QM9-gap-5k,GLOSS,61,3,0.373,83.81305215161015,0.14251112937927246,0.9012029236634124
QM9-gap-5k,GLOSS,61,4,0.373,83.81305215161015,0.1450510025024414,0.9898462912155295
QM9-gap-5k,GLOSS,61,5,0.373,83.81305215161015,0.14467930793762207,0.9455771537501312
QM9-gap-5k,GLOSS,61,6,0.3879,88.05927614705045,0.14969587326049805,1.0048484030231097
QM9-gap-5k,GLOSS,61,7,0.4298,100.0,0.15847134590148926,1.0109545984913233
QM9-gap-5k,GLOSS,61,8,0.4298,100.0,0.16922593116760254,1.0395823327199425
QM9-gap-5k,GLOSS,61,9,0.4298,100.0,0.166795015335083,1.026549684778903
QM9-gap-5k,GLOSS,61,10,0.4298,100.0,0.16928315162658691,1.046835086332582
QM9-gap-5k,GLOSS,61,11,0.4298,100.0,0.16942214965820312,1.0449115244642917
QM9-gap-5k,GLOSS,61,12,0.4298,100.0,0.1736469268798828,1.047497836412194
QM9-gap-5k,GLOSS,61,13,0.4298,100.0,0.17872405052185059,1.0570985956450212
QM9-gap-5k,GLOSS,61,14,0.4298,100.0,0.19083809852600098,1.075113242821651
QM9-gap-5k,GLOSS,61,15,0.4298,100.0,0.19594907760620117,1.1190479481941402
QM9-gap-5k,GLOSS,61,16,0.4298,100.0,0.19901490211486816,1.1093035197638839
QM9-gap-5k,GLOSS,61,17,0.4298,100.0,0.19814801216125488,1.1100710384995247
QM9-gap-5k,GLOSS,61,18,0.4298,100.0,0.1971759796142578,1.0994330807223478
QM9-gap-5k,GLOSS,61,19,0.4298,100.0,0.19953322410583496,1.0963257120999417
QM9-gap-5k,UCB-BO,61,-1,0.1971,33.68481048731832,0.0,0.0
QM9-gap-5k,UCB-BO,61,0,0.2789,56.996295240809346,0.04852604866027832,0.3200576908230394
QM9-gap-5k,UCB-BO,61,1,0.3071,65.03277286976346,0.05240607261657715,0.6775888932336005
QM9-gap-5k,UCB-BO,61,2,0.4128,95.1553149045312,0.054524898529052734,0.7454840325901658
QM9-gap-5k,UCB-BO,61,3,0.4128,95.1553149045312,0.05769610404968262,0.8602732976411677
QM9-gap-5k,UCB-BO,61,4,0.4128,95.1553149045312,0.05949592590332031,0.9919993816940867
QM9-gap-5k,UCB-BO,61,5,0.4298,100.0,0.061150312423706055,1.0107130185201052
QM9-gap-5k,UCB-BO,61,6,0.4298,100.0,0.0633840560913086,1.0687477554998759
QM9-gap-5k,UCB-BO,61,7,0.4298,100.0,0.0644838809967041,1.090084371060694
QM9-gap-5k,UCB-BO,61,8,0.4298,100.0,0.06634902954101562,1.085689318812278
QM9-gap-5k,UCB-BO,61,9,0.4298,100.0,0.0686490535736084,1.119748156532517
QM9-gap-5k,UCB-BO,61,10,0.4298,100.0,0.07060980796813965,1.1314619836059239
QM9-gap-5k,UCB-BO,61,11,0.4298,100.0,0.07260727882385254,1.1062156174475613
QM9-gap-5k,UCB-BO,61,12,0.4298,100.0,0.07433009147644043,1.084694085305137
QM9-gap-5k,UCB-BO,61,13,0.4298,100.0,0.07671809196472168,1.0613304751424033
QM9-gap-5k,UCB-BO,61,14,0.4298,100.0,0.07856392860412598,1.0493992520144886
QM9-gap-5k,UCB-BO,61,15,0.4298,100.0,0.08016705513000488,1.0533145972151625
QM9-gap-5k,UCB-BO,61,16,0.4298,100.0,0.0821681022644043,1.0293633672571543
QM9-gap-5k,UCB-BO,61,17,0.4298,100.0,0.0848701000213623,1.035644250369587
QM9-gap-5k,UCB-BO,61,18,0.4298,100.0,0.08794093132019043,1.0523682641335954
QM9-gap-5k,UCB-BO,61,19,0.4298,100.0,0.09041810035705566,1.0486302942565762
QM9-gap-5k,BO(EI),61,-1,0.1971,33.68481048731832,0.0,0.0
QM9-gap-5k,BO(EI),61,0,0.2778,56.6828156169849,0.04929304122924805,0.23781568810784523
QM9-gap-5k,BO(EI),61,1,0.3011,63.322884012539184,0.053381919860839844,0.5869997790043214
QM9-gap-5k,BO(EI),61,2,0.3011,63.322884012539184,0.05626869201660156,0.8235473990492201
QM9-gap-5k,BO(EI),61,3,0.3011,63.322884012539184,0.05863332748413086,0.8733674717039134
QM9-gap-5k,BO(EI),61,4,0.3011,63.322884012539184,0.060051918029785156,0.8467011461759278
QM9-gap-5k,BO(EI),61,5,0.3011,63.322884012539184,0.06298494338989258,0.8531822829525162
QM9-gap-5k,BO(EI),61,6,0.3212,69.05101168424052,0.06415987014770508,0.8546369090266329
QM9-gap-5k,BO(EI),61,7,0.3358,73.21174123681962,0.06551504135131836,0.8975806869077307
QM9-gap-5k,BO(EI),61,8,0.3358,73.21174123681962,0.06832408905029297,0.8980942220508935
QM9-gap-5k,BO(EI),61,9,0.3482,76.74551154174979,0.07100176811218262,0.9030718486737179
QM9-gap-5k,BO(EI),61,10,0.3482,76.74551154174979,0.07166695594787598,0.9153345471903733
QM9-gap-5k,BO(EI),61,11,0.3482,76.74551154174979,0.07400131225585938,0.9366335271068632
QM9-gap-5k,BO(EI),61,12,0.4128,95.1553149045312,0.07574081420898438,0.9586616634405563
QM9-gap-5k,BO(EI),61,13,0.4128,95.1553149045312,0.0777902603149414,0.9706774295681543
QM9-gap-5k,BO(EI),61,14,0.4298,100.0,0.07967782020568848,0.9834298373508127
QM9-gap-5k,BO(EI),61,15,0.4298,100.0,0.08174800872802734,1.0596706821229736
QM9-gap-5k,BO(EI),61,16,0.4298,100.0,0.08404207229614258,1.0792534352157994
QM9-gap-5k,BO(EI),61,17,0.4298,100.0,0.08696985244750977,1.1019605738883296
QM9-gap-5k,BO(EI),61,18,0.4298,100.0,0.08935093879699707,1.1011459094781975
QM9-gap-5k,BO(EI),61,19,0.4298,100.0,0.09343695640563965,1.1066091342981013
QM9-gap-5k,GA,61,-1,0.1971,33.68481048731832,0.0,0.0
QM9-gap-5k,GA,61,0,0.3346,72.86976346537476,0.05600905418395996,1.0652124282179836
QM9-gap-5k,GA,61,1,0.3346,72.86976346537476,0.05956292152404785,1.1435460181074348
QM9-gap-5k,GA,61,2,0.3346,72.86976346537476,0.06216597557067871,1.0169509009644144
QM9-gap-5k,GA,61,3,0.3346,72.86976346537476,0.06491923332214355,1.0220847742599628
QM9-gap-5k,GA,61,4,0.3346,72.86976346537476,0.06858086585998535,0.9972454496035823
QM9-gap-5k,GA,61,5,0.3675,82.24565403248788,0.07088613510131836,1.0076550046269943
QM9-gap-5k,GA,61,6,0.3675,82.24565403248788,0.07278013229370117,0.9951088775875978
QM9-gap-5k,GA,61,7,0.3675,82.24565403248788,0.07799792289733887,1.0005070380317882
QM9-gap-5k,GA,61,8,0.3675,82.24565403248788,0.07874512672424316,1.0082415653037897
QM9-gap-5k,GA,61,9,0.3675,82.24565403248788,0.08131170272827148,0.9890888312526162
QM9-gap-5k,GA,61,10,0.3675,82.24565403248788,0.08509612083435059,0.9725648354043547
QM9-gap-5k,GA,61,11,0.4117,94.84183528070676,0.08589386940002441,0.9758718119914053
QM9-gap-5k,GA,61,12,0.4117,94.84183528070676,0.08904385566711426,0.963428069737421
QM9-gap-5k,GA,61,13,0.4117,94.84183528070676,0.09070324897766113,0.9519163078333621
QM9-gap-5k,GA,61,14,0.4117,94.84183528070676,0.09363198280334473,0.9517443901557904
QM9-gap-5k,GA,61,15,0.4117,94.84183528070676,0.09646892547607422,0.9564777871422411
QM9-gap-5k,GA,61,16,0.4117,94.84183528070676,0.09896993637084961,0.9418423304793003
QM9-gap-5k,GA,61,17,0.4117,94.84183528070676,0.10177993774414062,0.9269329821894576
QM9-gap-5k,GA,61,18,0.4117,94.84183528070676,0.10316181182861328,0.9137995778543115
QM9-gap-5k,GA,61,19,0.4117,94.84183528070676,0.10501766204833984,0.9216654506215463
QM9-gap-5k,Random,61,-1,0.1971,33.68481048731832,0.0,0.0
QM9-gap-5k,Random,61,0,0.3056,64.6053006554574,0.037071943283081055,1.0206787586978363
QM9-gap-5k,Random,61,1,0.3056,64.6053006554574,0.03997015953063965,1.0356382741041732
QM9-gap-5k,Random,61,2,0.3283,71.07438016528926,0.04126119613647461,1.0179144524968655
QM9-gap-5k,Random,61,3,0.3283,71.07438016528926,0.04224705696105957,0.9707712022868124
QM9-gap-5k,Random,61,4,0.3283,71.07438016528926,0.043557167053222656,0.943646104975663
QM9-gap-5k,Random,61,5,0.3283,71.07438016528926,0.04465198516845703,0.9444863850837675
QM9-gap-5k,Random,61,6,0.3441,75.5770874893132,0.04723095893859863,0.9700608197754493
QM9-gap-5k,Random,61,7,0.3441,75.5770874893132,0.05036497116088867,0.9820380761270815
QM9-gap-5k,Random,61,8,0.3637,81.16272442291252,0.050343990325927734,0.9710545221902575
QM9-gap-5k,Random,61,9,0.3637,81.16272442291252,0.05417490005493164,1.0075405774153334
QM9-gap-5k,Random,61,10,0.3637,81.16272442291252,0.05686497688293457,0.998225091575264
QM9-gap-5k,Random,61,11,0.3637,81.16272442291252,0.05821800231933594,0.9948929654960582
QM9-gap-5k,Random,61,12,0.3637,81.16272442291252,0.05983686447143555,0.9990649101543924
QM9-gap-5k,Random,61,13,0.3665,81.96067255628382,0.06265902519226074,0.9993627084926767
QM9-gap-5k,Random,61,14,0.3665,81.96067255628382,0.06498312950134277,0.9952718035208487
QM9-gap-5k,Random,61,15,0.3665,81.96067255628382,0.06689000129699707,0.9860589731528655
QM9-gap-5k,Random,61,16,0.3665,81.96067255628382,0.06974983215332031,0.9847531854325674
QM9-gap-5k,Random,61,17,0.3665,81.96067255628382,0.07133197784423828,0.9990334770590381
QM9-gap-5k,Random,61,18,0.3665,81.96067255628382,0.07344818115234375,0.9858861454030527
QM9-gap-5k,Random,61,19,0.3665,81.96067255628382,0.07662796974182129,0.994553239442322
QM9-gap-5k,GLOSS,67,-1,0.2038,35.59418637788544,0.0,0.0
QM9-gap-5k,GLOSS,67,0,0.2793,57.11028783129096,0.13613009452819824,0.6397390892301018
QM9-gap-5k,GLOSS,67,1,0.3003,63.094898831575954,0.1351768970489502,0.6752581563415283
QM9-gap-5k,GLOSS,67,2,0.373,83.81305215161015,0.14576101303100586,0.7831536144960319
QM9-gap-5k,GLOSS,67,3,0.3879,88.05927614705045,0.14475607872009277,0.9228547780714267
QM9-gap-5k,GLOSS,67,4,0.4298,100.0,0.14377212524414062,1.017090494870091
QM9-gap-5k,GLOSS,67,5,0.4298,100.0,0.14401698112487793,1.012450899433239
QM9-gap-5k,GLOSS,67,6,0.4298,100.0,0.1510319709777832,1.0432933480232138
QM9-gap-5k,GLOSS,67,7,0.4298,100.0,0.1543419361114502,1.0490096033367748
QM9-gap-5k,GLOSS,67,8,0.4298,100.0,0.15361714363098145,1.027068801678109
QM9-gap-5k,GLOSS,67,9,0.4298,100.0,0.15344691276550293,1.014546373382681
QM9-gap-5k,GLOSS,67,10,0.4298,100.0,0.1570301055908203,0.9975077736659861
QM9-gap-5k,GLOSS,67,11,0.4298,100.0,0.16359186172485352,1.0039868134589158
QM9-gap-5k,GLOSS,67,12,0.4298,100.0,0.16214990615844727,1.0018585102307076
QM9-gap-5k,GLOSS,67,13,0.4298,100.0,0.17481493949890137,1.0051525325974762
QM9-gap-5k,GLOSS,67,14,0.4298,100.0,0.1697242259979248,0.9962956189622765
QM9-gap-5k,GLOSS,67,15,0.4298,100.0,0.17531585693359375,1.0230383143803883
QM9-gap-5k,GLOSS,67,16,0.4298,100.0,0.1790771484375,1.0867102098883594
QM9-gap-5k,GLOSS,67,17,0.4298,100.0,0.1822199821472168,1.1068084283119264
QM9-gap-5k,GLOSS,67,18,0.4298,100.0,0.1859760284423828,1.1247682862716075
QM9-gap-5k,GLOSS,67,19,0.4298,100.0,0.19035792350769043,1.1367218692308012
QM9-gap-5k,UCB-BO,67,-1,0.2038,35.59418637788544,0.0,0.0
QM9-gap-5k,UCB-BO,67,0,0.3019,63.55086919350242,0.04921388626098633,0.3773693136465045
QM9-gap-5k,UCB-BO,67,1,0.3192,68.48104873183243,0.051878929138183594,0.6762067845290112
QM9-gap-5k,UCB-BO,67,2,0.3192,68.48104873183243,0.054273128509521484,1.0904045008397962
QM9-gap-5k,UCB-BO,67,3,0.3426,75.14961527500714,0.055182695388793945,1.12479231134749
QM9-gap-5k,UCB-BO,67,4,0.3879,88.05927614705045,0.05765509605407715,1.1641562747862366
QM9-gap-5k,UCB-BO,67,5,0.3879,88.05927614705045,0.05931210517883301,1.2089626108667666
QM9-gap-5k,UCB-BO,67,6,0.3879,88.05927614705045,0.06097078323364258,1.1976091292090139
QM9-gap-5k,UCB-BO,67,7,0.3879,88.05927614705045,0.06231403350830078,1.1617033622646178
QM9-gap-5k,UCB-BO,67,8,0.4298,100.0,0.06547093391418457,1.1476650065907195
QM9-gap-5k,UCB-BO,67,9,0.4298,100.0,0.06754016876220703,1.1564065764594278
QM9-gap-5k,UCB-BO,67,10,0.4298,100.0,0.07044005393981934,1.2208634211393739
QM9-gap-5k,UCB-BO,67,11,0.4298,100.0,0.07221508026123047,1.1990834423609151
QM9-gap-5k,UCB-BO,67,12,0.4298,100.0,0.07548379898071289,1.1716284493088105
QM9-gap-5k,UCB-BO,67,13,0.4298,100.0,0.0790719985961914,1.1495383997782207
QM9-gap-5k,UCB-BO,67,14,0.4298,100.0,0.0798952579498291,1.1214624330326644
QM9-gap-5k,UCB-BO,67,15,0.4298,100.0,0.0811457633972168,1.1036100075514084
QM9-gap-5k,UCB-BO,67,16,0.4298,100.0,0.08316802978515625,1.0934617381746172
QM9-gap-5k,UCB-BO,67,17,0.4298,100.0,0.08550095558166504,1.0952740174908504
QM9-gap-5k,UCB-BO,67,18,0.4298,100.0,0.08773922920227051,1.08071851678991
QM9-gap-5k,UCB-BO,67,19,0.4298,100.0,0.09067273139953613,1.0678567857207895
QM9-gap-5k,BO(EI),67,-1,0.2038,35.59418637788544,0.0,0.0
QM9-gap-5k,BO(EI),67,0,0.3146,67.17013394129381,0.04934573173522949,0.3791243122620636
QM9-gap-5k,BO(EI),67,1,0.3265,70.56141350812197,0.052049875259399414,0.43126300712688026
QM9-gap-5k,BO(EI),67,2,0.3568,79.1963522371046,0.053163766860961914,0.5330190788000442
QM9-gap-5k,BO(EI),67,3,0.3778,85.18096323738959,0.055325984954833984,0.6329009269655094
QM9-gap-5k,BO(EI),67,4,0.4128,95.1553149045312,0.05702710151672363,0.651636914421634
QM9-gap-5k,BO(EI),67,5,0.4128,95.1553149045312,0.059369802474975586,0.875997973191168
QM9-gap-5k,BO(EI),67,6,0.4128,95.1553149045312,0.0616917610168457,0.8762189761322715
QM9-gap-5k,BO(EI),67,7,0.4298,100.0,0.06366991996765137,0.9523145732982906
QM9-gap-5k,BO(EI),67,8,0.4298,100.0,0.06618022918701172,1.025484481971489
QM9-gap-5k,BO(EI),67,9,0.4298,100.0,0.06783270835876465,1.0391157867384881
QM9-gap-5k,BO(EI),67,10,0.4298,100.0,0.07168793678283691,1.0863403466013877
QM9-gap-5k,BO(EI),67,11,0.4298,100.0,0.07161974906921387,1.0626393341407658
QM9-gap-5k,BO(EI),67,12,0.4298,100.0,0.07378983497619629,1.1519373567183577
QM9-gap-5k,BO(EI),67,13,0.4298,100.0,0.0797879695892334,1.13671979146057
QM9-gap-5k,BO(EI),67,14,0.4298,100.0,0.08027386665344238,1.136585639340693
QM9-gap-5k,BO(EI),67,15,0.4298,100.0,0.08471298217773438,1.1345033162760334
QM9-gap-5k,BO(EI),67,16,0.4298,100.0,0.08578777313232422,1.1523540798407168
QM9-gap-5k,BO(EI),67,17,0.4298,100.0,0.08968710899353027,1.1499154106170757
QM9-gap-5k,BO(EI),67,18,0.4298,100.0,0.09204292297363281,1.1517854597327748
QM9-gap-5k,BO(EI),67,19,0.4298,100.0,0.09498405456542969,1.169056715785217
QM9-gap-5k,GA,67,-1,0.2038,35.59418637788544,0.0,0.0
QM9-gap-5k,GA,67,0,0.3879,88.05927614705045,0.057411909103393555,0.9133083659594676
QM9-gap-5k,GA,67,1,0.3879,88.05927614705045,0.06060600280761719,0.9464071128615537
QM9-gap-5k,GA,67,2,0.3879,88.05927614705045,0.06227302551269531,0.8881346703804882
QM9-gap-5k,GA,67,3,0.4128,95.1553149045312,0.06390881538391113,0.8987830598267003
QM9-gap-5k,GA,67,4,0.4128,95.1553149045312,0.06511425971984863,0.8601248706752116
QM9-gap-5k,GA,67,5,0.4128,95.1553149045312,0.06898379325866699,0.9233107162137524
QM9-gap-5k,GA,67,6,0.4128,95.1553149045312,0.07183003425598145,0.9040037816703373
QM9-gap-5k,GA,67,7,0.4128,95.1553149045312,0.07473301887512207,0.8953683770951554
QM9-gap-5k,GA,67,8,0.4128,95.1553149045312,0.0748739242553711,0.9084693019791179
QM9-gap-5k,GA,67,9,0.4128,95.1553149045312,0.07698774337768555,0.8874680550504063
QM9-gap-5k,GA,67,10,0.4128,95.1553149045312,0.07896208763122559,0.8683262401669039
QM9-gap-5k,GA,67,11,0.4298,100.0,0.0811319351196289,0.868296521495196
QM9-gap-5k,GA,67,12,0.4298,100.0,0.08468484878540039,0.8664031536424234
QM9-gap-5k,GA,67,13,0.4298,100.0,0.08684492111206055,0.8720787654644394
QM9-gap-5k,GA,67,14,0.4298,100.0,0.08916783332824707,0.8855267748016395
QM9-gap-5k,GA,67,15,0.4298,100.0,0.09214186668395996,0.8852099253535994
QM9-gap-5k,GA,67,16,0.4298,100.0,0.09320402145385742,0.8890333796651391
QM9-gap-5k,GA,67,17,0.4298,100.0,0.09517693519592285,0.8721348932023223
QM9-gap-5k,GA,67,18,0.4298,100.0,0.0978090763092041,0.8707122430919405
QM9-gap-5k,GA,67,19,0.4298,100.0,0.10212397575378418,0.8626459158585319
QM9-gap-5k,Random,67,-1,0.2038,35.59418637788544,0.0,0.0
QM9-gap-5k,Random,67,0,0.34,74.40866343687661,0.036988019943237305,0.9785660244782184
QM9-gap-5k,Random,67,1,0.34,74.40866343687661,0.03834700584411621,0.9691729039864906
QM9-gap-5k,Random,67,2,0.34,74.40866343687661,0.03946495056152344,0.971276063575542
QM9-gap-5k,Random,67,3,0.34,74.40866343687661,0.041150808334350586,0.9315620250684586
QM9-gap-5k,Random,67,4,0.34,74.40866343687661,0.042970895767211914,0.9265873584629712
QM9-gap-5k,Random,67,5,0.34,74.40866343687661,0.04464912414550781,0.8956898990842818
QM9-gap-5k,Random,67,6,0.34,74.40866343687661,0.04708719253540039,0.9406673905476346
QM9-gap-5k,Random,67,7,0.34,74.40866343687661,0.048259735107421875,0.9595395353603723
QM9-gap-5k,Random,67,8,0.34,74.40866343687661,0.05291295051574707,0.965772903476185
QM9-gap-5k,Random,67,9,0.34,74.40866343687661,0.05380606651306152,0.96207459834016
QM9-gap-5k,Random,67,10,0.3572,79.3103448275862,0.05509495735168457,0.9557437834481988
QM9-gap-5k,Random,67,11,0.3572,79.3103448275862,0.05885481834411621,0.973720783337135
QM9-gap-5k,Random,67,12,0.3572,79.3103448275862,0.059706926345825195,0.9814562831449493
QM9-gap-5k,Random,67,13,0.3697,82.87261328013678,0.06144213676452637,0.9986842719437692
QM9-gap-5k,Random,67,14,0.3697,82.87261328013678,0.0635371208190918,1.0023116653679405
QM9-gap-5k,Random,67,15,0.3697,82.87261328013678,0.06596207618713379,0.9948029242644175
QM9-gap-5k,Random,67,16,0.3697,82.87261328013678,0.06976890563964844,0.9793585980750158
QM9-gap-5k,Random,67,17,0.3697,82.87261328013678,0.0714712142944336,0.9698004216001276
QM9-gap-5k,Random,67,18,0.3697,82.87261328013678,0.0730443000793457,0.9741266559495322
QM9-gap-5k,Random,67,19,0.3697,82.87261328013678,0.07560086250305176,0.964461516327742
QM9-gap-10k,GLOSS,47,-1,0.2091,30.570556468654615,0.0,0.0
QM9-gap-10k,GLOSS,47,0,0.3298,58.91054238084057,0.21856689453125,0.636927654725045
QM9-gap-10k,GLOSS,47,1,0.364,66.94059638412773,0.21673893928527832,0.6955266901390751
QM9-gap-10k,GLOSS,47,2,0.5048,100.0,0.218369722366333,0.9237099714256668
QM9-gap-10k,GLOSS,47,3,0.5048,100.0,0.22907018661499023,1.014901260106263
QM9-gap-10k,GLOSS,47,4,0.5048,100.0,0.24848699569702148,0.991678003246219
QM9-gap-10k,GLOSS,47,5,0.5048,100.0,0.23583531379699707,0.9687243967003805
QM9-gap-10k,GLOSS,47,6,0.5048,100.0,0.2386949062347412,1.011402376039625
QM9-gap-10k,GLOSS,47,7,0.5048,100.0,0.24530410766601562,1.0227297155111927
QM9-gap-10k,GLOSS,47,8,0.5048,100.0,0.24280619621276855,1.0024953382242057
QM9-gap-10k,GLOSS,47,9,0.5048,100.0,0.2544069290161133,1.0057964806818822
QM9-gap-10k,GLOSS,47,10,0.5048,100.0,0.25756120681762695,1.003293026916792
QM9-gap-10k,GLOSS,47,11,0.5048,100.0,0.25527286529541016,1.0154608048061167
QM9-gap-10k,GLOSS,47,12,0.5048,100.0,0.25931477546691895,1.0204006718791112
QM9-gap-10k,GLOSS,47,13,0.5048,100.0,0.26750683784484863,1.0045316709813477
QM9-gap-10k,GLOSS,47,14,0.5048,100.0,0.26532912254333496,0.991555853210183
QM9-gap-10k,GLOSS,47,15,0.5048,100.0,0.297072172164917,0.9852046767990829
QM9-gap-10k,GLOSS,47,16,0.5048,100.0,0.29490184783935547,0.9701526690531133
QM9-gap-10k,GLOSS,47,17,0.5048,100.0,0.2863953113555908,0.9617254825269906
QM9-gap-10k,GLOSS,47,18,0.5048,100.0,0.29381608963012695,0.9529622757604097
QM9-gap-10k,GLOSS,47,19,0.5048,100.0,0.289294958114624,0.9431077022244984
QM9-gap-10k,UCB-BO,47,-1,0.2091,30.570556468654615,0.0,0.0
QM9-gap-10k,UCB-BO,47,0,0.2893,49.40126790326367,0.06802105903625488,0.20121325759875766
QM9-gap-10k,UCB-BO,47,1,0.2893,49.40126790326367,0.07375097274780273,0.8910271090979461
QM9-gap-10k,UCB-BO,47,2,0.2893,49.40126790326367,0.07603001594543457,0.9574938578762139
QM9-gap-10k,UCB-BO,47,3,0.2893,49.40126790326367,0.0781099796295166,0.9182232723165576
QM9-gap-10k,UCB-BO,47,4,0.2893,49.40126790326367,0.08085131645202637,0.8695496605116528
QM9-gap-10k,UCB-BO,47,5,0.2893,49.40126790326367,0.08322620391845703,0.8384967732417907
QM9-gap-10k,UCB-BO,47,6,0.2893,49.40126790326367,0.08631610870361328,0.8071637429150361
QM9-gap-10k,UCB-BO,47,7,0.2893,49.40126790326367,0.08932805061340332,0.8454468459880877
QM9-gap-10k,UCB-BO,47,8,0.2893,49.40126790326367,0.09133219718933105,0.8245166600643896
QM9-gap-10k,UCB-BO,47,9,0.2893,49.40126790326367,0.09287714958190918,0.7949716438292828
QM9-gap-10k,UCB-BO,47,10,0.2923,50.1056586053064,0.09595394134521484,0.7626184377324619
QM9-gap-10k,UCB-BO,47,11,0.2961,50.99788682789386,0.09926915168762207,0.7389765612701035
QM9-gap-10k,UCB-BO,47,12,0.2961,50.99788682789386,0.1010429859161377,0.7258246209407696
QM9-gap-10k,UCB-BO,47,13,0.2961,50.99788682789386,0.11218619346618652,0.7423469916798553
QM9-gap-10k,UCB-BO,47,14,0.2961,50.99788682789386,0.11431884765625,0.7405458667398213
QM9-gap-10k,UCB-BO,47,15,0.2961,50.99788682789386,0.10894060134887695,0.7409964733377642
QM9-gap-10k,UCB-BO,47,16,0.3209,56.820849964780464,0.11211705207824707,0.7651794776900587
QM9-gap-10k,UCB-BO,47,17,0.3891,72.8339985912186,0.1143808364868164,0.8245817342111077
QM9-gap-10k,UCB-BO,47,18,0.3891,72.8339985912186,0.11699080467224121,0.8768985208548876
QM9-gap-10k,UCB-BO,47,19,0.3891,72.8339985912186,0.12186408042907715,0.9206377163219197
QM9-gap-10k,BO(EI),47,-1,0.2091,30.570556468654615,0.0,0.0
QM9-gap-10k,BO(EI),47,0,0.2751,46.06715191359474,0.06645989418029785,0.1614498145417418
QM9-gap-10k,BO(EI),47,1,0.2789,46.95938013618219,0.07233309745788574,0.705692343603177
QM9-gap-10k,BO(EI),47,2,0.3286,58.628786100023476,0.07600593566894531,0.7010917946857411
QM9-gap-10k,BO(EI),47,3,0.3286,58.628786100023476,0.08124017715454102,0.7010396441386987
QM9-gap-10k,BO(EI),47,4,0.3286,58.628786100023476,0.08213615417480469,0.7182210132527814
QM9-gap-10k,BO(EI),47,5,0.3286,58.628786100023476,0.08449220657348633,0.7852616017226268
QM9-gap-10k,BO(EI),47,6,0.3482,63.23080535336933,0.08688473701477051,0.7957706448840861
QM9-gap-10k,BO(EI),47,7,0.3492,63.46560225405023,0.09135699272155762,0.8601835311335689
QM9-gap-10k,BO(EI),47,8,0.4128,78.39868513735617,0.09156107902526855,0.8723231417313051
QM9-gap-10k,BO(EI),47,9,0.4128,78.39868513735617,0.09659624099731445,0.8980094911533835
QM9-gap-10k,BO(EI),47,10,0.4128,78.39868513735617,0.09775829315185547,0.9075704041100967
QM9-gap-10k,BO(EI),47,11,0.5048,100.0,0.09955930709838867,0.952463352474024
QM9-gap-10k,BO(EI),47,12,0.5048,100.0,0.10197019577026367,0.988836740548055
QM9-gap-10k,BO(EI),47,13,0.5048,100.0,0.10538983345031738,1.0060895250915995
QM9-gap-10k,BO(EI),47,14,0.5048,100.0,0.10745501518249512,1.0361781142303355
QM9-gap-10k,BO(EI),47,15,0.5048,100.0,0.10954785346984863,1.0499484462475497
QM9-gap-10k,BO(EI),47,16,0.5048,100.0,0.11404585838317871,1.048806920842786
QM9-gap-10k,BO(EI),47,17,0.5048,100.0,0.11733007431030273,1.0476003010539223
QM9-gap-10k,BO(EI),47,18,0.5048,100.0,0.1182711124420166,1.0664519527091352
QM9-gap-10k,BO(EI),47,19,0.5048,100.0,0.1248769760131836,1.0863762077587638
QM9-gap-10k,GA,47,-1,0.2091,30.570556468654615,0.0,0.0
QM9-gap-10k,GA,47,0,0.2969,51.18572434843859,0.08034515380859375,0.7329748958752281
QM9-gap-10k,GA,47,1,0.3513,63.95867574548014,0.08618617057800293,0.8794776506507561
QM9-gap-10k,GA,47,2,0.3584,65.6257337403146,0.09091496467590332,0.927344286919018
QM9-gap-10k,GA,47,3,0.3584,65.6257337403146,0.0939779281616211,0.9146850337032172
QM9-gap-10k,GA,47,4,0.3584,65.6257337403146,0.09587597846984863,0.8743925795302843
QM9-gap-10k,GA,47,5,0.3584,65.6257337403146,0.0999140739440918,0.875516071562485
QM9-gap-10k,GA,47,6,0.3584,65.6257337403146,0.10027480125427246,0.849877123354031
QM9-gap-10k,GA,47,7,0.3584,65.6257337403146,0.10280513763427734,0.8488304039967817
QM9-gap-10k,GA,47,8,0.3665,67.52758863583,0.10426187515258789,0.840750083052668
QM9-gap-10k,GA,47,9,0.3665,67.52758863583,0.1080169677734375,0.8180170072939423
QM9-gap-10k,GA,47,10,0.3879,72.55224231040151,0.1080787181854248,0.8284294951978404
QM9-gap-10k,GA,47,11,0.3879,72.55224231040151,0.11077189445495605,0.8435228512498976
QM9-gap-10k,GA,47,12,0.3879,72.55224231040151,0.11638021469116211,0.8403948542601325
QM9-gap-10k,GA,47,13,0.3879,72.55224231040151,0.11908316612243652,0.844971934770167
QM9-gap-10k,GA,47,14,0.3879,72.55224231040151,0.12108707427978516,0.83992091471327
QM9-gap-10k,GA,47,15,0.3879,72.55224231040151,0.12302994728088379,0.8488482998490509
QM9-gap-10k,GA,47,16,0.3879,72.55224231040151,0.12570500373840332,0.8515845596331559
QM9-gap-10k,GA,47,17,0.3879,72.55224231040151,0.12700819969177246,0.8483436271197531
QM9-gap-10k,GA,47,18,0.3879,72.55224231040151,0.13335013389587402,0.8459244903007987
QM9-gap-10k,GA,47,19,0.3879,72.55224231040151,0.13423943519592285,0.8366197795378129
QM9-gap-10k,Random,47,-1,0.2091,30.570556468654615,0.0,0.0
QM9-gap-10k,Random,47,0,0.327,58.25311105893402,0.04691004753112793,0.9262369591879936
QM9-gap-10k,Random,47,1,0.327,58.25311105893402,0.048330068588256836,0.9372882767916398
QM9-gap-10k,Random,47,2,0.327,58.25311105893402,0.048844099044799805,0.9679748214768086
QM9-gap-10k,Random,47,3,0.327,58.25311105893402,0.05024290084838867,0.9327401583379306
QM9-gap-10k,Random,47,4,0.327,58.25311105893402,0.05171632766723633,0.9417901120653148
QM9-gap-10k,Random,47,5,0.327,58.25311105893402,0.053854942321777344,0.9591934930213569
QM9-gap-10k,Random,47,6,0.327,58.25311105893402,0.05579805374145508,0.9439275087451803
QM9-gap-10k,Random,47,7,0.327,58.25311105893402,0.05858778953552246,0.9420338612113773
QM9-gap-10k,Random,47,8,0.3651,67.19887297487672,0.06036090850830078,0.9212307458670924
QM9-gap-10k,Random,47,9,0.3651,67.19887297487672,0.06322097778320312,0.9447110331388663
QM9-gap-10k,Random,47,10,0.3651,67.19887297487672,0.06357574462890625,0.9189011066685392
QM9-gap-10k,Random,47,11,0.3651,67.19887297487672,0.0664210319519043,0.9207961995979679
QM9-gap-10k,Random,47,12,0.3651,67.19887297487672,0.06879401206970215,0.9111978787993069
QM9-gap-10k,Random,47,13,0.3651,67.19887297487672,0.07098197937011719,0.9226689929049123
QM9-gap-10k,Random,47,14,0.3651,67.19887297487672,0.07354116439819336,0.9353114991277968
QM9-gap-10k,Random,47,15,0.3651,67.19887297487672,0.07503104209899902,0.9436078824035679
QM9-gap-10k,Random,47,16,0.3651,67.19887297487672,0.07846808433532715,0.9420101825519867
QM9-gap-10k,Random,47,17,0.3651,67.19887297487672,0.08077597618103027,0.9404384723281085
QM9-gap-10k,Random,47,18,0.3651,67.19887297487672,0.08191609382629395,0.9453798928661648
QM9-gap-10k,Random,47,19,0.3651,67.19887297487672,0.08630824089050293,0.9443955997755067
QM9-gap-10k,GLOSS,53,-1,0.2089,30.52359708851843,0.0,0.0
QM9-gap-10k,GLOSS,53,0,0.2862,48.67339751115285,0.21664929389953613,0.7778276869938814
QM9-gap-10k,GLOSS,53,1,0.4117,78.14040854660718,0.2101120948791504,1.0024068848771708
QM9-gap-10k,GLOSS,53,2,0.4298,82.39023244893167,0.21247601509094238,1.0868637543158777
QM9-gap-10k,GLOSS,53,3,0.5048,100.0,0.22057008743286133,1.1795467185777917
QM9-gap-10k,GLOSS,53,4,0.5048,100.0,0.22515416145324707,1.1956674297946381
QM9-gap-10k,GLOSS,53,5,0.5048,100.0,0.22811508178710938,1.1807824242974096
QM9-gap-10k,GLOSS,53,6,0.5048,100.0,0.23859691619873047,1.1657499811327268
QM9-gap-10k,GLOSS,53,7,0.5048,100.0,0.2475428581237793,1.132128731437305
QM9-gap-10k,GLOSS,53,8,0.5048,100.0,0.2473127841949463,1.1160013453705724
QM9-gap-10k,GLOSS,53,9,0.5048,100.0,0.2606980800628662,1.0938621525484349
QM9-gap-10k,GLOSS,53,10,0.5048,100.0,0.26088976860046387,1.0963215144275256
QM9-gap-10k,GLOSS,53,11,0.5048,100.0,0.2608530521392822,1.096496606839969
QM9-gap-10k,GLOSS,53,12,0.5048,100.0,0.2642648220062256,1.0881448335228336
QM9-gap-10k,GLOSS,53,13,0.5048,100.0,0.2623319625854492,1.0975322023595857
QM9-gap-10k,GLOSS,53,14,0.5048,100.0,0.2719578742980957,1.0955699259148033
QM9-gap-10k,GLOSS,53,15,0.5048,100.0,0.28028416633605957,1.0893730778757555
QM9-gap-10k,GLOSS,53,16,0.5048,100.0,0.27663207054138184,1.1042368693534133
QM9-gap-10k,GLOSS,53,17,0.5048,100.0,0.29075098037719727,1.126645090625406
QM9-gap-10k,GLOSS,53,18,0.5048,100.0,0.28586816787719727,1.130732736911201
QM9-gap-10k,GLOSS,53,19,0.5048,100.0,0.29102516174316406,1.1217205343584666
QM9-gap-10k,UCB-BO,53,-1,0.2089,30.52359708851843,0.0,0.0
QM9-gap-10k,UCB-BO,53,0,0.234,36.4169992956093,0.06955099105834961,0.4855755666164563
QM9-gap-10k,UCB-BO,53,1,0.2436,38.671049542146044,0.07158303260803223,0.5089561222635905
QM9-gap-10k,UCB-BO,53,2,0.4298,82.39023244893167,0.0746920108795166,0.8869603874801949
QM9-gap-10k,UCB-BO,53,3,0.4298,82.39023244893167,0.07753491401672363,1.1257257026035992
QM9-gap-10k,UCB-BO,53,4,0.4298,82.39023244893167,0.07893204689025879,1.1124580133344986
QM9-gap-10k,UCB-BO,53,5,0.4298,82.39023244893167,0.08401107788085938,1.2168969417864002
QM9-gap-10k,UCB-BO,53,6,0.4298,82.39023244893167,0.08730483055114746,1.1653120025739894
QM9-gap-10k,UCB-BO,53,7,0.4298,82.39023244893167,0.0890347957611084,1.1845553933851112
QM9-gap-10k,UCB-BO,53,8,0.4298,82.39023244893167,0.09234380722045898,1.182518568613589
QM9-gap-10k,UCB-BO,53,9,0.4298,82.39023244893167,0.09413409233093262,1.1527397921221139
QM9-gap-10k,UCB-BO,53,10,0.5048,100.0,0.09653711318969727,1.1812494923430397
QM9-gap-10k,UCB-BO,53,11,0.5048,100.0,0.09884309768676758,1.1487606009888172
QM9-gap-10k,UCB-BO,53,12,0.5048,100.0,0.1002960205078125,1.1422556055771311
QM9-gap-10k,UCB-BO,53,13,0.5048,100.0,0.10694622993469238,1.133921972708364
QM9-gap-10k,UCB-BO,53,14,0.5048,100.0,0.10626935958862305,1.1296263345981106
QM9-gap-10k,UCB-BO,53,15,0.5048,100.0,0.11084794998168945,1.1013105259441445
QM9-gap-10k,UCB-BO,53,16,0.5048,100.0,0.11194610595703125,1.0937767912269531
QM9-gap-10k,UCB-BO,53,17,0.5048,100.0,0.11474418640136719,1.087435846271475
QM9-gap-10k,UCB-BO,53,18,0.5048,100.0,0.11654925346374512,1.080699737098064
QM9-gap-10k,UCB-BO,53,19,0.5048,100.0,0.11745405197143555,1.0678817343061817
QM9-gap-10k,BO(EI),53,-1,0.2089,30.52359708851843,0.0,0.0
QM9-gap-10k,BO(EI),53,0,0.234,36.4169992956093,0.06885004043579102,0.4855755666164563
QM9-gap-10k,BO(EI),53,1,0.2436,38.671049542146044,0.07206177711486816,0.5089561222635907
QM9-gap-10k,BO(EI),53,2,0.3891,72.8339985912186,0.07320499420166016,0.7529380425654059
QM9-gap-10k,BO(EI),53,3,0.5048,100.0,0.07608389854431152,1.064311828340063
QM9-gap-10k,BO(EI),53,4,0.5048,100.0,0.07973599433898926,1.0990128422970566
QM9-gap-10k,BO(EI),53,5,0.5048,100.0,0.08411431312561035,1.1336744655473747
QM9-gap-10k,BO(EI),53,6,0.5048,100.0,0.08660101890563965,1.1447833091823667
QM9-gap-10k,BO(EI),53,7,0.5048,100.0,0.09213876724243164,1.1158459440116453
QM9-gap-10k,BO(EI),53,8,0.5048,100.0,0.09373807907104492,1.1114919402184842
QM9-gap-10k,BO(EI),53,9,0.5048,100.0,0.09587788581848145,1.0675109880819396
QM9-gap-10k,BO(EI),53,10,0.5048,100.0,0.09759998321533203,1.0384837858797782
QM9-gap-10k,BO(EI),53,11,0.5048,100.0,0.10134506225585938,1.0838045437005872
QM9-gap-10k,BO(EI),53,12,0.5048,100.0,0.10402917861938477,1.089412075529221
QM9-gap-10k,BO(EI),53,13,0.5048,100.0,0.10734224319458008,1.0761383390379293
QM9-gap-10k,BO(EI),53,14,0.5048,100.0,0.10858798027038574,1.0672380628423792
QM9-gap-10k,BO(EI),53,15,0.5048,100.0,0.1165609359741211,1.090680989778914
QM9-gap-10k,BO(EI),53,16,0.5048,100.0,0.11876869201660156,1.0796398806595215
QM9-gap-10k,BO(EI),53,17,0.5048,100.0,0.11736011505126953,1.083672283006612
QM9-gap-10k,BO(EI),53,18,0.5048,100.0,0.12022709846496582,1.092662158447374
QM9-gap-10k,BO(EI),53,19,0.5048,100.0,0.1259450912475586,1.0910878260166106
QM9-gap-10k,GA,53,-1,0.2089,30.52359708851843,0.0,0.0
QM9-gap-10k,GA,53,0,0.2956,50.8804883775534,0.08111310005187988,0.9637706839827078
QM9-gap-10k,GA,53,1,0.3144,55.29467011035454,0.08638501167297363,0.8861805511720803
QM9-gap-10k,GA,53,2,0.3505,63.77083822493541,0.09024381637573242,0.885871944565081
QM9-gap-10k,GA,53,3,0.3505,63.77083822493541,0.09530878067016602,0.8803968879050599
QM9-gap-10k,GA,53,4,0.3505,63.77083822493541,0.09912490844726562,0.8574114197572911
QM9-gap-10k,GA,53,5,0.3505,63.77083822493541,0.10218596458435059,0.8158082873059378
QM9-gap-10k,GA,53,6,0.3689,68.09110119746418,0.10022091865539551,0.7983409950508416
QM9-gap-10k,GA,53,7,0.3689,68.09110119746418,0.10404729843139648,0.7906282025746119
QM9-gap-10k,GA,53,8,0.373,69.05376849025593,0.1088402271270752,0.7844851644247741
QM9-gap-10k,GA,53,9,0.373,69.05376849025593,0.11056637763977051,0.7917190820829177
QM9-gap-10k,GA,53,10,0.373,69.05376849025593,0.1128692626953125,0.7963883859540037
QM9-gap-10k,GA,53,11,0.373,69.05376849025593,0.11662697792053223,0.8117650862320711
QM9-gap-10k,GA,53,12,0.373,69.05376849025593,0.1200261116027832,0.8263417423547298
QM9-gap-10k,GA,53,13,0.373,69.05376849025593,0.12086987495422363,0.8215438850499223
QM9-gap-10k,GA,53,14,0.373,69.05376849025593,0.12286496162414551,0.8176931415890121
QM9-gap-10k,GA,53,15,0.373,69.05376849025593,0.1262059211730957,0.8127498748110387
QM9-gap-10k,GA,53,16,0.373,69.05376849025593,0.13201689720153809,0.8244086916445268
QM9-gap-10k,GA,53,17,0.373,69.05376849025593,0.13274788856506348,0.8287411467018783
QM9-gap-10k,GA,53,18,0.373,69.05376849025593,0.13659119606018066,0.83276040589456
QM9-gap-10k,GA,53,19,0.373,69.05376849025593,0.13889193534851074,0.8411802664742536
QM9-gap-10k,Random,53,-1,0.2089,30.52359708851843,0.0,0.0
QM9-gap-10k,Random,53,0,0.2532,40.92509978868278,0.046647071838378906,1.061814795788059
QM9-gap-10k,Random,53,1,0.3758,69.71119981216248,0.04702591896057129,1.0075389175139327
QM9-gap-10k,Random,53,2,0.3758,69.71119981216248,0.04987907409667969,0.9628080825250527
QM9-gap-10k,Random,53,3,0.3758,69.71119981216248,0.05171680450439453,0.9133582045561802
QM9-gap-10k,Random,53,4,0.3758,69.71119981216248,0.05244302749633789,0.8745545505453737
QM9-gap-10k,Random,53,5,0.3758,69.71119981216248,0.05359387397766113,0.855988018826807
QM9-gap-10k,Random,53,6,0.3758,69.71119981216248,0.055593013763427734,0.8731245886804265
QM9-gap-10k,Random,53,7,0.3758,69.71119981216248,0.05765700340270996,0.8745749340672356
QM9-gap-10k,Random,53,8,0.3758,69.71119981216248,0.05957603454589844,0.8928263349298808
QM9-gap-10k,Random,53,9,0.3758,69.71119981216248,0.06237983703613281,0.8875527737221264
QM9-gap-10k,Random,53,10,0.3758,69.71119981216248,0.06399798393249512,0.898265719508483
QM9-gap-10k,Random,53,11,0.3758,69.71119981216248,0.06651592254638672,0.8946212220460433
QM9-gap-10k,Random,53,12,0.3758,69.71119981216248,0.06909394264221191,0.904168856528643
QM9-gap-10k,Random,53,13,0.3758,69.71119981216248,0.07236409187316895,0.9013079107196942
QM9-gap-10k,Random,53,14,0.3758,69.71119981216248,0.07319307327270508,0.896923446345621
QM9-gap-10k,Random,53,15,0.3758,69.71119981216248,0.0763399600982666,0.8963118816498602
QM9-gap-10k,Random,53,16,0.3758,69.71119981216248,0.07853293418884277,0.8945195345943993
QM9-gap-10k,Random,53,17,0.3758,69.71119981216248,0.08208370208740234,0.8868952876402802
QM9-gap-10k,Random,53,18,0.3758,69.71119981216248,0.08463096618652344,0.8972399695200105
QM9-gap-10k,Random,53,19,0.3758,69.71119981216248,0.08520913124084473,0.9003363170537192
QM9-gap-10k,GLOSS,59,-1,0.2083,30.382718948109883,0.0,0.0
QM9-gap-10k,GLOSS,59,0,0.2704,44.963606480394446,0.2511129379272461,0.41585537837274905
QM9-gap-10k,GLOSS,59,1,0.2795,47.10025827659075,0.24860811233520508,0.45627224761171925
QM9-gap-10k,GLOSS,59,2,0.288,49.09603193237848,0.25727391242980957,0.5934011971429171
QM9-gap-10k,GLOSS,59,3,0.3422,61.82202394928385,0.24364113807678223,0.7318535539916761
QM9-gap-10k,GLOSS,59,4,0.3613,66.30664475228926,0.2696552276611328,0.8239522258105453
QM9-gap-10k,GLOSS,59,5,0.3891,72.8339985912186,0.24275517463684082,0.8833850954416056
QM9-gap-10k,GLOSS,59,6,0.5048,100.0,0.2663547992706299,0.9881709246530527
QM9-gap-10k,GLOSS,59,7,0.5048,100.0,0.24895215034484863,1.0500084437661341
QM9-gap-10k,GLOSS,59,8,0.5048,100.0,0.24983000755310059,1.0515700687141543
QM9-gap-10k,GLOSS,59,9,0.5048,100.0,0.2572898864746094,1.0217778938228816
QM9-gap-10k,GLOSS,59,10,0.5048,100.0,0.2591240406036377,1.0185048659681295
QM9-gap-10k,GLOSS,59,11,0.5048,100.0,0.27472615242004395,1.014595112503157
QM9-gap-10k,GLOSS,59,12,0.5048,100.0,0.2698209285736084,1.013288996693898
QM9-gap-10k,GLOSS,59,13,0.5048,100.0,0.2698330879211426,1.0065105329674182
QM9-gap-10k,GLOSS,59,14,0.5048,100.0,0.27702808380126953,1.0006106472274108
QM9-gap-10k,GLOSS,59,15,0.5048,100.0,0.2847878932952881,1.0085028220385994
QM9-gap-10k,GLOSS,59,16,0.5048,100.0,0.2920868396759033,1.0262957743149042
QM9-gap-10k,GLOSS,59,17,0.5048,100.0,0.29734277725219727,1.0231643142138638
QM9-gap-10k,GLOSS,59,18,0.5048,100.0,0.2962958812713623,1.0285613567759753
QM9-gap-10k,GLOSS,59,19,0.5048,100.0,0.31027793884277344,1.0321488383764583
QM9-gap-10k,UCB-BO,59,-1,0.2083,30.382718948109883,0.0,0.0
QM9-gap-10k,UCB-BO,59,0,0.3028,52.57102606245597,0.06950616836547852,0.31686882604479144
QM9-gap-10k,UCB-BO,59,1,0.3028,52.57102606245597,0.0723409652709961,0.4444132822155716
QM9-gap-10k,UCB-BO,59,2,0.3028,52.57102606245597,0.07415294647216797,0.499534153907513
QM9-gap-10k,UCB-BO,59,3,0.3028,52.57102606245597,0.07699775695800781,0.5513898749775731
QM9-gap-10k,UCB-BO,59,4,0.3028,52.57102606245597,0.08101606369018555,0.5280709559047833
QM9-gap-10k,UCB-BO,59,5,0.3028,52.57102606245597,0.08446002006530762,0.5668247483651865
QM9-gap-10k,UCB-BO,59,6,0.303,52.61798544259215,0.08640217781066895,0.655306033429517
QM9-gap-10k,UCB-BO,59,7,0.3185,56.257337403146266,0.09422492980957031,0.7638431469772238
QM9-gap-10k,UCB-BO,59,8,0.3799,70.67386710495421,0.09641909599304199,0.8498183751036996
QM9-gap-10k,UCB-BO,59,9,0.3799,70.67386710495421,0.09610390663146973,0.9579210412695613
QM9-gap-10k,UCB-BO,59,10,0.3809,70.90866400563513,0.10007476806640625,0.9846454381348231
QM9-gap-10k,UCB-BO,59,11,0.4128,78.39868513735617,0.10264897346496582,0.9992351171851496
QM9-gap-10k,UCB-BO,59,12,0.4128,78.39868513735617,0.10411787033081055,1.001974192068174
QM9-gap-10k,UCB-BO,59,13,0.4298,82.39023244893167,0.10755395889282227,1.0066434575097796
QM9-gap-10k,UCB-BO,59,14,0.4298,82.39023244893167,0.10906386375427246,1.0239438006726371
QM9-gap-10k,UCB-BO,59,15,0.5048,100.0,0.11141705513000488,1.0700855783351413
QM9-gap-10k,UCB-BO,59,16,0.5048,100.0,0.11297607421875,1.0620652127396086
QM9-gap-10k,UCB-BO,59,17,0.5048,100.0,0.11564803123474121,1.0677622732076872
QM9-gap-10k,UCB-BO,59,18,0.5048,100.0,0.11607098579406738,1.0765956806655035
QM9-gap-10k,UCB-BO,59,19,0.5048,100.0,0.1195220947265625,1.0819911837251315
QM9-gap-10k,BO(EI),59,-1,0.2083,30.382718948109883,0.0,0.0
QM9-gap-10k,BO(EI),59,0,0.2898,49.51866635360413,0.06716418266296387,0.27076734325505114
QM9-gap-10k,BO(EI),59,1,0.2898,49.51866635360413,0.07301998138427734,0.41339188035115704
QM9-gap-10k,BO(EI),59,2,0.324,57.54872035689128,0.07766318321228027,0.5901452718090265
QM9-gap-10k,BO(EI),59,3,0.324,57.54872035689128,0.08165192604064941,0.6413715572440769
QM9-gap-10k,BO(EI),59,4,0.326,58.018314158253105,0.08426117897033691,0.6713923062271998
QM9-gap-10k,BO(EI),59,5,0.3345,60.01408781404086,0.08873176574707031,0.6969158803009265
QM9-gap-10k,BO(EI),59,6,0.3398,61.25851138764968,0.08875894546508789,0.6963076752647555
QM9-gap-10k,BO(EI),59,7,0.3502,63.700399154731144,0.09267616271972656,0.7686696812917849
QM9-gap-10k,BO(EI),59,8,0.3502,63.700399154731144,0.09803605079650879,0.8478230208731167
QM9-gap-10k,BO(EI),59,9,0.3502,63.700399154731144,0.0968618392944336,0.8838177566133754
QM9-gap-10k,BO(EI),59,10,0.3502,63.700399154731144,0.09942317008972168,0.9119133990696375
QM9-gap-10k,BO(EI),59,11,0.3502,63.700399154731144,0.10103297233581543,0.905906320289153
QM9-gap-10k,BO(EI),59,12,0.4117,78.14040854660718,0.10201001167297363,0.9166684352220479
QM9-gap-10k,BO(EI),59,13,0.4298,82.39023244893167,0.1065518856048584,0.9329707553693259
QM9-gap-10k,BO(EI),59,14,0.4298,82.39023244893167,0.10860490798950195,0.9375424895103007
QM9-gap-10k,BO(EI),59,15,0.4298,82.39023244893167,0.11261916160583496,0.9269443657593849
QM9-gap-10k,BO(EI),59,16,0.5048,100.0,0.11290693283081055,0.9455680620584678
QM9-gap-10k,BO(EI),59,17,0.5048,100.0,0.11617803573608398,0.9653767511544277
QM9-gap-10k,BO(EI),59,18,0.5048,100.0,0.11772632598876953,0.9738046765467749
QM9-gap-10k,BO(EI),59,19,0.5048,100.0,0.11978912353515625,0.9599229009738718
QM9-gap-10k,GA,59,-1,0.2083,30.382718948109883,0.0,0.0
QM9-gap-10k,GA,59,0,0.3504,63.747358534867324,0.08008694648742676,0.9189495255151847
QM9-gap-10k,GA,59,1,0.3504,63.747358534867324,0.08817386627197266,0.9150560766736274
QM9-gap-10k,GA,59,2,0.3504,63.747358534867324,0.09059405326843262,0.9195861013538243
QM9-gap-10k,GA,59,3,0.4128,78.39868513735617,0.09578800201416016,0.9055430589017017
QM9-gap-10k,GA,59,4,0.4128,78.39868513735617,0.09895706176757812,0.8808818854672227
QM9-gap-10k,GA,59,5,0.4128,78.39868513735617,0.10171389579772949,0.9091835706655494
QM9-gap-10k,GA,59,6,0.4128,78.39868513735617,0.10401201248168945,0.9124706339599017
QM9-gap-10k,GA,59,7,0.4128,78.39868513735617,0.10580182075500488,0.9389259233997177
QM9-gap-10k,GA,59,8,0.4128,78.39868513735617,0.10737419128417969,0.9554835675835314
QM9-gap-10k,GA,59,9,0.4128,78.39868513735617,0.1127159595489502,0.9561388831424668
QM9-gap-10k,GA,59,10,0.4128,78.39868513735617,0.11475396156311035,0.9601585189479509
QM9-gap-10k,GA,59,11,0.4128,78.39868513735617,0.11981511116027832,0.9526619908976256
QM9-gap-10k,GA,59,12,0.4298,82.39023244893167,0.12090492248535156,0.9540210704586011
QM9-gap-10k,GA,59,13,0.4298,82.39023244893167,0.12239599227905273,0.9463561883424308
QM9-gap-10k,GA,59,14,0.4298,82.39023244893167,0.1275649070739746,0.9440302689102097
QM9-gap-10k,GA,59,15,0.4298,82.39023244893167,0.13321280479431152,0.9456538755155354
QM9-gap-10k,GA,59,16,0.4298,82.39023244893167,0.13689613342285156,0.9496562380464209
QM9-gap-10k,GA,59,17,0.4298,82.39023244893167,0.13924193382263184,0.9434683930337261
QM9-gap-10k,GA,59,18,0.4298,82.39023244893167,0.14168477058410645,0.9460860693275315
QM9-gap-10k,GA,59,19,0.4298,82.39023244893167,0.14098477363586426,0.9422876300956492
QM9-gap-10k,Random,59,-1,0.2083,30.382718948109883,0.0,0.0
QM9-gap-10k,Random,59,0,0.343,62.009861469828586,0.04865598678588867,1.1572684896434162
QM9-gap-10k,Random,59,1,0.343,62.009861469828586,0.04900503158569336,1.013387270834767
QM9-gap-10k,Random,59,2,0.343,62.009861469828586,0.054177045822143555,0.9613033258299472
QM9-gap-10k,Random,59,3,0.343,62.009861469828586,0.05240774154663086,0.9555854654270479
QM9-gap-10k,Random,59,4,0.343,62.009861469828586,0.05364394187927246,0.9263543952675536
QM9-gap-10k,Random,59,5,0.343,62.009861469828586,0.05432772636413574,0.8993108541007562
QM9-gap-10k,Random,59,6,0.343,62.009861469828586,0.057501792907714844,0.9187327496170887
QM9-gap-10k,Random,59,7,0.343,62.009861469828586,0.058400869369506836,0.9090080336251759
QM9-gap-10k,Random,59,8,0.343,62.009861469828586,0.05927085876464844,0.9160667833793279
QM9-gap-10k,Random,59,9,0.343,62.009861469828586,0.061914920806884766,0.9024706494319288
QM9-gap-10k,Random,59,10,0.343,62.009861469828586,0.0636451244354248,0.8935229846098204
QM9-gap-10k,Random,59,11,0.343,62.009861469828586,0.06658172607421875,0.9124610660975307
QM9-gap-10k,Random,59,12,0.343,62.009861469828586,0.0700681209564209,0.9133264368430134
QM9-gap-10k,Random,59,13,0.3445,62.36205682084994,0.07083797454833984,0.9152641957911336
QM9-gap-10k,Random,59,14,0.3445,62.36205682084994,0.07236909866333008,0.9192340514978957
QM9-gap-10k,Random,59,15,0.3445,62.36205682084994,0.07553887367248535,0.9126311382225022
QM9-gap-10k,Random,59,16,0.3445,62.36205682084994,0.07688307762145996,0.9225547707649272
QM9-gap-10k,Random,59,17,0.3445,62.36205682084994,0.08042693138122559,0.9269013139714856
QM9-gap-10k,Random,59,18,0.3445,62.36205682084994,0.08458805084228516,0.9273411828884115
QM9-gap-10k,Random,59,19,0.3445,62.36205682084994,0.08343076705932617,0.9216636543409218
QM9-gap-10k,GLOSS,61,-1,0.2092,30.594036158722698,0.0,0.0
QM9-gap-10k,GLOSS,61,0,0.3116,54.63723878844798,0.23757386207580566,0.671364473904039
QM9-gap-10k,GLOSS,61,1,0.3452,62.52641465132659,0.22915315628051758,0.8393105817450162
QM9-gap-10k,GLOSS,61,2,0.3466,62.85513031227988,0.23046588897705078,0.9424932265038716
QM9-gap-10k,GLOSS,61,3,0.3891,72.8339985912186,0.23838424682617188,0.9291189765931525
QM9-gap-10k,GLOSS,61,4,0.3891,72.8339985912186,0.22882485389709473,0.965000609839469
QM9-gap-10k,GLOSS,61,5,0.4128,78.39868513735617,0.23574090003967285,0.9526131297652742
QM9-gap-10k,GLOSS,61,6,0.5048,100.0,0.24127793312072754,0.9931144490045892
QM9-gap-10k,GLOSS,61,7,0.5048,100.0,0.24201011657714844,1.0093622651137477
QM9-gap-10k,GLOSS,61,8,0.5048,100.0,0.2462620735168457,1.0071315225175963
QM9-gap-10k,GLOSS,61,9,0.5048,100.0,0.24814224243164062,1.029558773977377
QM9-gap-10k,GLOSS,61,10,0.5048,100.0,0.2540252208709717,1.025266540815384
QM9-gap-10k,GLOSS,61,11,0.5048,100.0,0.2563018798828125,1.0146172009476906
QM9-gap-10k,GLOSS,61,12,0.5048,100.0,0.2806699275970459,1.0426080050050905
QM9-gap-10k,GLOSS,61,13,0.5048,100.0,0.2907679080963135,1.0263674251134567
QM9-gap-10k,GLOSS,61,14,0.5048,100.0,0.2788248062133789,1.0212677194908337
QM9-gap-10k,GLOSS,61,15,0.5048,100.0,0.2891347408294678,1.0078500193539417
QM9-gap-10k,GLOSS,61,16,0.5048,100.0,0.29285287857055664,1.0032841123388265
QM9-gap-10k,GLOSS,61,17,0.5048,100.0,0.29846787452697754,0.9982002060950843
QM9-gap-10k,GLOSS,61,18,0.5048,100.0,0.30150413513183594,1.008657676706883
QM9-gap-10k,GLOSS,61,19,0.5048,100.0,0.3085041046142578,1.0116918691439047
QM9-gap-10k,UCB-BO,61,-1,0.2092,30.594036158722698,0.0,0.0
QM9-gap-10k,UCB-BO,61,0,0.316,55.67034515144399,0.07266807556152344,0.27335504271038896
QM9-gap-10k,UCB-BO,61,1,0.3198,56.562573374031444,0.07500314712524414,0.413837519114755
QM9-gap-10k,UCB-BO,61,2,0.3542,64.6395867574548,0.07947111129760742,0.5089049758845814
QM9-gap-10k,UCB-BO,61,3,0.3762,69.80511857243484,0.08304309844970703,0.6181590861043459
QM9-gap-10k,UCB-BO,61,4,0.4298,82.39023244893167,0.0839848518371582,0.8066426405793317
QM9-gap-10k,UCB-BO,61,5,0.4298,82.39023244893167,0.08743500709533691,0.7961576469794676
QM9-gap-10k,UCB-BO,61,6,0.5048,100.0,0.09064507484436035,0.8745370098067357
QM9-gap-10k,UCB-BO,61,7,0.5048,100.0,0.08924984931945801,0.9422021779103537
QM9-gap-10k,UCB-BO,61,8,0.5048,100.0,0.09526801109313965,0.9540372980925738
QM9-gap-10k,UCB-BO,61,9,0.5048,100.0,0.09854602813720703,0.92414369447388
QM9-gap-10k,UCB-BO,61,10,0.5048,100.0,0.09551167488098145,0.9033967777655108
QM9-gap-10k,UCB-BO,61,11,0.5048,100.0,0.09803891181945801,0.8705811238803575
QM9-gap-10k,UCB-BO,61,12,0.5048,100.0,0.10031914710998535,0.8788422454383376
QM9-gap-10k,UCB-BO,61,13,0.5048,100.0,0.10312199592590332,0.8847437632711979
QM9-gap-10k,UCB-BO,61,14,0.5048,100.0,0.10747289657592773,0.8629930473434002
QM9-gap-10k,UCB-BO,61,15,0.5048,100.0,0.10959315299987793,0.8466684906836218
QM9-gap-10k,UCB-BO,61,16,0.5048,100.0,0.10771918296813965,0.8350187642417114
QM9-gap-10k,UCB-BO,61,17,0.5048,100.0,0.1111910343170166,0.8223843506869254
QM9-gap-10k,UCB-BO,61,18,0.5048,100.0,0.11443519592285156,0.8241948322063106
QM9-gap-10k,UCB-BO,61,19,0.5048,100.0,0.11532211303710938,0.8163920932537628
QM9-gap-10k,BO(EI),61,-1,0.2092,30.594036158722698,0.0,0.0
QM9-gap-10k,BO(EI),61,0,0.3116,54.63723878844798,0.07174396514892578,0.2847467825496108
QM9-gap-10k,BO(EI),61,1,0.3336,59.80277060342804,0.07502412796020508,0.49502277849776927
QM9-gap-10k,BO(EI),61,2,0.3336,59.80277060342804,0.08005309104919434,0.5442694288975624
QM9-gap-10k,BO(EI),61,3,0.3729,69.03028880018783,0.08003091812133789,0.5387839040233798
QM9-gap-10k,BO(EI),61,4,0.3758,69.71119981216248,0.08331608772277832,0.569151492205899
QM9-gap-10k,BO(EI),61,5,0.3758,69.71119981216248,0.08446288108825684,0.5837194584128415
QM9-gap-10k,BO(EI),61,6,0.3758,69.71119981216248,0.08722376823425293,0.5783720760762864
QM9-gap-10k,BO(EI),61,7,0.4298,82.39023244893167,0.0896749496459961,0.5915564275429185
QM9-gap-10k,BO(EI),61,8,0.4298,82.39023244893167,0.09253287315368652,0.701715860817817
QM9-gap-10k,BO(EI),61,9,0.4298,82.39023244893167,0.09358072280883789,0.7311656949638685
QM9-gap-10k,BO(EI),61,10,0.5048,100.0,0.09645676612854004,0.7666408988120753
QM9-gap-10k,BO(EI),61,11,0.5048,100.0,0.09840798377990723,0.8216747528669344
QM9-gap-10k,BO(EI),61,12,0.5048,100.0,0.10333776473999023,0.8639293440366907
QM9-gap-10k,BO(EI),61,13,0.5048,100.0,0.10913276672363281,0.9106566763050584
QM9-gap-10k,BO(EI),61,14,0.5048,100.0,0.10581398010253906,0.9342719634457427
QM9-gap-10k,BO(EI),61,15,0.5048,100.0,0.10922408103942871,0.9361757559654756
QM9-gap-10k,BO(EI),61,16,0.5048,100.0,0.1156301498413086,0.9526098917158081
QM9-gap-10k,BO(EI),61,17,0.5048,100.0,0.11916089057922363,0.9899992231983852
QM9-gap-10k,BO(EI),61,18,0.5048,100.0,0.12210416793823242,0.981159455234706
QM9-gap-10k,BO(EI),61,19,0.5048,100.0,0.12307620048522949,1.010649400048695
QM9-gap-10k,GA,61,-1,0.2092,30.594036158722698,0.0,0.0
QM9-gap-10k,GA,61,0,0.3133,55.03639351960554,0.08247709274291992,0.7037809550523875
QM9-gap-10k,GA,61,1,0.334,59.896689363700396,0.0877070426940918,0.7000641821137573
QM9-gap-10k,GA,61,2,0.3486,63.32472411364171,0.09686565399169922,0.7959445516139099
QM9-gap-10k,GA,61,3,0.3486,63.32472411364171,0.09438586235046387,0.7752457770068611
QM9-gap-10k,GA,61,4,0.3486,63.32472411364171,0.09941411018371582,0.8248668260705426
QM9-gap-10k,GA,61,5,0.3486,63.32472411364171,0.10407495498657227,0.812983356532508
QM9-gap-10k,GA,61,6,0.3486,63.32472411364171,0.10369491577148438,0.8067756582945245
QM9-gap-10k,GA,61,7,0.3799,70.67386710495421,0.10578608512878418,0.80631878264956
QM9-gap-10k,GA,61,8,0.3799,70.67386710495421,0.10899877548217773,0.7938376897300866
QM9-gap-10k,GA,61,9,0.3891,72.8339985912186,0.11184215545654297,0.7850721170217903
QM9-gap-10k,GA,61,10,0.3891,72.8339985912186,0.1183769702911377,0.7848660679578807
QM9-gap-10k,GA,61,11,0.3891,72.8339985912186,0.11849284172058105,0.7771070947474614
QM9-gap-10k,GA,61,12,0.3891,72.8339985912186,0.11859893798828125,0.7841446853684193
QM9-gap-10k,GA,61,13,0.3891,72.8339985912186,0.12032103538513184,0.7747943025594259
QM9-gap-10k,GA,61,14,0.3891,72.8339985912186,0.12478280067443848,0.7689731677322117
QM9-gap-10k,GA,61,15,0.3891,72.8339985912186,0.12336206436157227,0.7690249670128942
QM9-gap-10k,GA,61,16,0.3891,72.8339985912186,0.12569189071655273,0.7620223840691818
QM9-gap-10k,GA,61,17,0.3891,72.8339985912186,0.13000106811523438,0.7632576052297391
QM9-gap-10k,GA,61,18,0.3891,72.8339985912186,0.13017010688781738,0.7581585246323012
QM9-gap-10k,GA,61,19,0.3891,72.8339985912186,0.1309490203857422,0.7581389027141008
QM9-gap-10k,Random,61,-1,0.2092,30.594036158722698,0.0,0.0
QM9-gap-10k,Random,61,0,0.3599,65.977929091336,0.04674100875854492,1.1553628800346476
QM9-gap-10k,Random,61,1,0.3599,65.977929091336,0.04936075210571289,1.0121975231158844
QM9-gap-10k,Random,61,2,0.3599,65.977929091336,0.049582719802856445,1.0062102980334209
QM9-gap-10k,Random,61,3,0.3599,65.977929091336,0.05093216896057129,0.9900978577370615
QM9-gap-10k,Random,61,4,0.3599,65.977929091336,0.05270504951477051,0.9554584467550795
QM9-gap-10k,Random,61,5,0.3599,65.977929091336,0.05494236946105957,0.9563240609966461
QM9-gap-10k,Random,61,6,0.3599,65.977929091336,0.05697202682495117,0.9549706535321792
QM9-gap-10k,Random,61,7,0.3599,65.977929091336,0.059339046478271484,0.9352853214087198
QM9-gap-10k,Random,61,8,0.3599,65.977929091336,0.06069684028625488,0.9421966354799983
QM9-gap-10k,Random,61,9,0.3599,65.977929091336,0.06300520896911621,0.9327204063293767
QM9-gap-10k,Random,61,10,0.3599,65.977929091336,0.06428909301757812,0.9221605722140472
QM9-gap-10k,Random,61,11,0.3599,65.977929091336,0.06704497337341309,0.9065568151159027
QM9-gap-10k,Random,61,12,0.3599,65.977929091336,0.06789779663085938,0.9199436190166377
QM9-gap-10k,Random,61,13,0.3599,65.977929091336,0.07176709175109863,0.9294758590510545
QM9-gap-10k,Random,61,14,0.3599,65.977929091336,0.0742490291595459,0.933169388280382
QM9-gap-10k,Random,61,15,0.3599,65.977929091336,0.07526683807373047,0.9303513797527351
QM9-gap-10k,Random,61,16,0.3599,65.977929091336,0.07652592658996582,0.9205910774511639
QM9-gap-10k,Random,61,17,0.3599,65.977929091336,0.08148503303527832,0.9219875523060727
QM9-gap-10k,Random,61,18,0.3599,65.977929091336,0.0836019515991211,0.9158199746657678
QM9-gap-10k,Random,61,19,0.3599,65.977929091336,0.0862588882446289,0.9410292795583108
QM9-gap-10k,GLOSS,67,-1,0.207,30.077482977224694,0.0,0.0
QM9-gap-10k,GLOSS,67,0,0.2665,44.047898567738905,0.21107196807861328,0.8871902298825732
QM9-gap-10k,GLOSS,67,1,0.2834,48.01596618924629,0.21473264694213867,0.9925932872493342
QM9-gap-10k,GLOSS,67,2,0.355,64.82742427799953,0.22457337379455566,1.108801368561948
QM9-gap-10k,GLOSS,67,3,0.355,64.82742427799953,0.2279059886932373,1.2418781846904094
QM9-gap-10k,GLOSS,67,4,0.3879,72.55224231040151,0.22155308723449707,1.2607508543575074
QM9-gap-10k,GLOSS,67,5,0.5048,100.0,0.23933696746826172,1.3276799412883722
QM9-gap-10k,GLOSS,67,6,0.5048,100.0,0.2556288242340088,1.3167893333986358
QM9-gap-10k,GLOSS,67,7,0.5048,100.0,0.2526111602783203,1.2981150294330186
QM9-gap-10k,GLOSS,67,8,0.5048,100.0,0.25464773178100586,1.2698380730280268
QM9-gap-10k,GLOSS,67,9,0.5048,100.0,0.25731706619262695,1.270602206120368
QM9-gap-10k,GLOSS,67,10,0.5048,100.0,0.26932621002197266,1.2748904298108705
QM9-gap-10k,GLOSS,67,11,0.5048,100.0,0.2779958248138428,1.2641139308919525
QM9-gap-10k,GLOSS,67,12,0.5048,100.0,0.276547908782959,1.2559690014874272
QM9-gap-10k,GLOSS,67,13,0.5048,100.0,0.2789161205291748,1.2336709627544005
QM9-gap-10k,GLOSS,67,14,0.5048,100.0,0.2836918830871582,1.2208684784614932
QM9-gap-10k,GLOSS,67,15,0.5048,100.0,0.2838871479034424,1.2172839068716623
QM9-gap-10k,GLOSS,67,16,0.5048,100.0,0.28853702545166016,1.2150720074470618
QM9-gap-10k,GLOSS,67,17,0.5048,100.0,0.2807130813598633,1.200226339166012
QM9-gap-10k,GLOSS,67,18,0.5048,100.0,0.2965989112854004,1.1967586564255104
QM9-gap-10k,GLOSS,67,19,0.5048,100.0,0.3000497817993164,1.1894083811625995
QM9-gap-10k,UCB-BO,67,-1,0.207,30.077482977224694,0.0,0.0
QM9-gap-10k,UCB-BO,67,0,0.334,59.896689363700396,0.07095122337341309,1.0045560319754665
QM9-gap-10k,UCB-BO,67,1,0.335,60.13148626438131,0.07279801368713379,1.019882921287144
QM9-gap-10k,UCB-BO,67,2,0.3476,63.089927212960795,0.07604098320007324,0.9099660282629181
QM9-gap-10k,UCB-BO,67,3,0.3476,63.089927212960795,0.0812230110168457,0.8849923001724911
QM9-gap-10k,UCB-BO,67,4,0.3476,63.089927212960795,0.08497309684753418,0.8196072516680476
QM9-gap-10k,UCB-BO,67,5,0.3502,63.700399154731144,0.0853571891784668,0.8351772177285215
QM9-gap-10k,UCB-BO,67,6,0.3513,63.95867574548014,0.0880739688873291,0.8228489024817202
QM9-gap-10k,UCB-BO,67,7,0.4128,78.39868513735617,0.09244012832641602,0.8074215407777855
QM9-gap-10k,UCB-BO,67,8,0.4298,82.39023244893167,0.0956118106842041,0.8398463473531695
QM9-gap-10k,UCB-BO,67,9,0.5048,100.0,0.09627294540405273,0.9252187800233637
QM9-gap-10k,UCB-BO,67,10,0.5048,100.0,0.10542511940002441,0.9378437382414401
QM9-gap-10k,UCB-BO,67,11,0.5048,100.0,0.10047197341918945,0.9238156754399398
QM9-gap-10k,UCB-BO,67,12,0.5048,100.0,0.10251021385192871,0.9273334080311586
QM9-gap-10k,UCB-BO,67,13,0.5048,100.0,0.10585880279541016,0.930117960517935
QM9-gap-10k,UCB-BO,67,14,0.5048,100.0,0.10583686828613281,0.9211678953785561
QM9-gap-10k,UCB-BO,67,15,0.5048,100.0,0.10990524291992188,0.9203524905750199
QM9-gap-10k,UCB-BO,67,16,0.5048,100.0,0.11293888092041016,0.9193412120589541
QM9-gap-10k,UCB-BO,67,17,0.5048,100.0,0.11324334144592285,0.9228394656777726
QM9-gap-10k,UCB-BO,67,18,0.5048,100.0,0.11679387092590332,0.911047215527294
QM9-gap-10k,UCB-BO,67,19,0.5048,100.0,0.12277102470397949,0.9050192885595786
QM9-gap-10k,BO(EI),67,-1,0.207,30.077482977224694,0.0,0.0
QM9-gap-10k,BO(EI),67,0,0.217,32.425451984033806,0.06927633285522461,0.6389770972392084
QM9-gap-10k,BO(EI),67,1,0.234,36.4169992956093,0.07425904273986816,0.6157699440370469
QM9-gap-10k,BO(EI),67,2,0.3492,63.46560225405023,0.07883119583129883,0.951360487360549
QM9-gap-10k,BO(EI),67,3,0.3492,63.46560225405023,0.08193087577819824,1.0621762012590517
QM9-gap-10k,BO(EI),67,4,0.3492,63.46560225405023,0.08664608001708984,1.1255907764205506
QM9-gap-10k,BO(EI),67,5,0.4128,78.39868513735617,0.0915231704711914,1.1226872775508647
QM9-gap-10k,BO(EI),67,6,0.4128,78.39868513735617,0.09054327011108398,1.1936208706748719
QM9-gap-10k,BO(EI),67,7,0.4128,78.39868513735617,0.09285688400268555,1.169587518558404
QM9-gap-10k,BO(EI),67,8,0.5048,100.0,0.09473609924316406,1.205700338679208
QM9-gap-10k,BO(EI),67,9,0.5048,100.0,0.09622502326965332,1.2227600769708005
QM9-gap-10k,BO(EI),67,10,0.5048,100.0,0.09651398658752441,1.2268148808292305
QM9-gap-10k,BO(EI),67,11,0.5048,100.0,0.10320186614990234,1.225863864439968
QM9-gap-10k,BO(EI),67,12,0.5048,100.0,0.10677289962768555,1.2228061346675465
QM9-gap-10k,BO(EI),67,13,0.5048,100.0,0.10763192176818848,1.234789730685527
QM9-gap-10k,BO(EI),67,14,0.5048,100.0,0.1080632209777832,1.2441134938485379
QM9-gap-10k,BO(EI),67,15,0.5048,100.0,0.1115422248840332,1.2647155871497464
QM9-gap-10k,BO(EI),67,16,0.5048,100.0,0.13267302513122559,1.2805532098959211
QM9-gap-10k,BO(EI),67,17,0.5048,100.0,0.11802005767822266,1.2762242722634158
QM9-gap-10k,BO(EI),67,18,0.5048,100.0,0.12159299850463867,1.2661215835203796
QM9-gap-10k,BO(EI),67,19,0.5048,100.0,0.12356400489807129,1.2517319681374843
QM9-gap-10k,GA,67,-1,0.207,30.077482977224694,0.0,0.0
QM9-gap-10k,GA,67,0,0.3275,58.37050950927447,0.0810389518737793,0.9703677999892412
QM9-gap-10k,GA,67,1,0.3468,62.90208969241606,0.0886228084564209,1.0012010116040213
QM9-gap-10k,GA,67,2,0.3599,65.977929091336,0.09699583053588867,0.9760516411029361
QM9-gap-10k,GA,67,3,0.3599,65.977929091336,0.09874105453491211,0.9547239163697402
QM9-gap-10k,GA,67,4,0.3599,65.977929091336,0.09991908073425293,0.9111533712214779
QM9-gap-10k,GA,67,5,0.3599,65.977929091336,0.10216379165649414,0.8924013971346292
QM9-gap-10k,GA,67,6,0.4298,82.39023244893167,0.10866522789001465,0.8883309712132695
QM9-gap-10k,GA,67,7,0.4298,82.39023244893167,0.10891270637512207,0.8757108319673679
QM9-gap-10k,GA,67,8,0.4298,82.39023244893167,0.11641693115234375,0.8916047029657562
QM9-gap-10k,GA,67,9,0.4298,82.39023244893167,0.11822986602783203,0.8935960278370075
QM9-gap-10k,GA,67,10,0.4298,82.39023244893167,0.1224210262298584,0.8831581702108944
QM9-gap-10k,GA,67,11,0.4298,82.39023244893167,0.13577795028686523,0.8816140166924191
QM9-gap-10k,GA,67,12,0.4298,82.39023244893167,0.12391400337219238,0.8853303449175233
QM9-gap-10k,GA,67,13,0.4298,82.39023244893167,0.12987899780273438,0.8851417453843897
QM9-gap-10k,GA,67,14,0.4298,82.39023244893167,0.12771201133728027,0.8935641704685686
QM9-gap-10k,GA,67,15,0.4298,82.39023244893167,0.13250207901000977,0.8865130044144875
QM9-gap-10k,GA,67,16,0.4298,82.39023244893167,0.13470888137817383,0.891204721630952
QM9-gap-10k,GA,67,17,0.4298,82.39023244893167,0.1378617286682129,0.8864823991229476
QM9-gap-10k,GA,67,18,0.4298,82.39023244893167,0.14168190956115723,0.8767329992454416
QM9-gap-10k,GA,67,19,0.4298,82.39023244893167,0.14479899406433105,0.8782694410781371
QM9-gap-10k,Random,67,-1,0.207,30.077482977224694,0.0,0.0
QM9-gap-10k,Random,67,0,0.3164,55.76426391171636,0.04639315605163574,1.1154681306849932
QM9-gap-10k,Random,67,1,0.3164,55.76426391171636,0.04909110069274902,0.9450480967964613
QM9-gap-10k,Random,67,2,0.3352,60.178445644517474,0.050681114196777344,0.9902840859316651
QM9-gap-10k,Random,67,3,0.3352,60.178445644517474,0.051770925521850586,0.9693515688493444
QM9-gap-10k,Random,67,4,0.3352,60.178445644517474,0.05401182174682617,0.9549930133726503
QM9-gap-10k,Random,67,5,0.3352,60.178445644517474,0.0558619499206543,0.957362532369275
QM9-gap-10k,Random,67,6,0.3352,60.178445644517474,0.05865287780761719,0.926059146981055
QM9-gap-10k,Random,67,7,0.3412,61.58722704860294,0.06051898002624512,0.9181078328526419
QM9-gap-10k,Random,67,8,0.3412,61.58722704860294,0.061678171157836914,0.9355746253916134
QM9-gap-10k,Random,67,9,0.3412,61.58722704860294,0.06367993354797363,0.9171387699391239
QM9-gap-10k,Random,67,10,0.3412,61.58722704860294,0.06571102142333984,0.9196137808037056
QM9-gap-10k,Random,67,11,0.3412,61.58722704860294,0.06732392311096191,0.9215711082192295
QM9-gap-10k,Random,67,12,0.3412,61.58722704860294,0.06957006454467773,0.9380318634337736
QM9-gap-10k,Random,67,13,0.3412,61.58722704860294,0.07208776473999023,0.9362197457625747
QM9-gap-10k,Random,67,14,0.3412,61.58722704860294,0.11298608779907227,0.9419223814813367
QM9-gap-10k,Random,67,15,0.3412,61.58722704860294,0.0775151252746582,0.9532427577765917
QM9-gap-10k,Random,67,16,0.3412,61.58722704860294,0.07996606826782227,0.9563251428940492
QM9-gap-10k,Random,67,17,0.3412,61.58722704860294,0.08150100708007812,0.9528956718880371
QM9-gap-10k,Random,67,18,0.3412,61.58722704860294,0.08349800109863281,0.9446972527265418
QM9-gap-10k,Random,67,19,0.3412,61.58722704860294,0.0862741470336914,0.9469412306346756
QM9-gap-15k,GLOSS,47,-1,0.2047,31.56214367160775,0.0,0.0
QM9-gap-15k,GLOSS,47,0,0.2553,43.10148232611175,0.28153014183044434,0.8750790504969999
QM9-gap-15k,GLOSS,47,1,0.2771,48.07297605473204,0.30207395553588867,0.9508574058476378
QM9-gap-15k,GLOSS,47,2,0.3235,58.65450399087799,0.3218350410461426,1.0654035921342775
QM9-gap-15k,GLOSS,47,3,0.3625,67.5484606613455,0.31766510009765625,1.0400893532505868
QM9-gap-15k,GLOSS,47,4,0.5048,100.0,0.3242650032043457,1.1448472439999653
QM9-gap-15k,GLOSS,47,5,0.5048,100.0,0.3163487911224365,1.1666789493177607
QM9-gap-15k,GLOSS,47,6,0.5048,100.0,0.31697511672973633,1.16701238175254
QM9-gap-15k,GLOSS,47,7,0.5048,100.0,0.3321559429168701,1.1790337051114401
QM9-gap-15k,GLOSS,47,8,0.5048,100.0,0.33895230293273926,1.1544812770435349
QM9-gap-15k,GLOSS,47,9,0.5048,100.0,0.3534679412841797,1.1474447075931697
QM9-gap-15k,GLOSS,47,10,0.5048,100.0,0.344592809677124,1.1482406117237343
QM9-gap-15k,GLOSS,47,11,0.5048,100.0,0.3512849807739258,1.1387371257043482
QM9-gap-15k,GLOSS,47,12,0.5048,100.0,0.36551403999328613,1.1238222842859709
QM9-gap-15k,GLOSS,47,13,0.5048,100.0,0.3564150333404541,1.1100166724160343
QM9-gap-15k,GLOSS,47,14,0.5048,100.0,0.36184191703796387,1.1058360790478556
QM9-gap-15k,GLOSS,47,15,0.5048,100.0,0.368257999420166,1.0917628126262002
QM9-gap-15k,GLOSS,47,16,0.5048,100.0,0.36861085891723633,1.0795379717124143
QM9-gap-15k,GLOSS,47,17,0.5048,100.0,0.3730747699737549,1.0704436647322337
QM9-gap-15k,GLOSS,47,18,0.5048,100.0,0.3830738067626953,1.0526795295467268
QM9-gap-15k,GLOSS,47,19,0.5048,100.0,0.38063597679138184,1.0455045607242432
QM9-gap-15k,UCB-BO,47,-1,0.2047,31.56214367160775,0.0,0.0
QM9-gap-15k,UCB-BO,47,0,0.2901,51.03762827822121,0.08299493789672852,0.5574688618983635
QM9-gap-15k,UCB-BO,47,1,0.3879,73.34093500570125,0.09354496002197266,0.9506888140685935
QM9-gap-15k,UCB-BO,47,2,0.3879,73.34093500570125,0.09815287590026855,1.003805652765294
QM9-gap-15k,UCB-BO,47,3,0.5048,100.0,0.10034799575805664,1.1198468338723546
QM9-gap-15k,UCB-BO,47,4,0.5048,100.0,0.10432314872741699,1.1082586011829372
QM9-gap-15k,UCB-BO,47,5,0.5048,100.0,0.10607385635375977,1.1247003287250665
QM9-gap-15k,UCB-BO,47,6,0.5048,100.0,0.10756492614746094,1.1258090571674932
QM9-gap-15k,UCB-BO,47,7,0.5048,100.0,0.11449813842773438,1.1698074272317378
QM9-gap-15k,UCB-BO,47,8,0.5048,100.0,0.11626505851745605,1.159966812289276
QM9-gap-15k,UCB-BO,47,9,0.5048,100.0,0.11578798294067383,1.1753175129354045
QM9-gap-15k,UCB-BO,47,10,0.5048,100.0,0.12845516204833984,1.1744487208258954
QM9-gap-15k,UCB-BO,47,11,0.5048,100.0,0.12790417671203613,1.1477308779167419
QM9-gap-15k,UCB-BO,47,12,0.5048,100.0,0.13016080856323242,1.1528140336733141
QM9-gap-15k,UCB-BO,47,13,0.5048,100.0,0.1341261863708496,1.1374896561391712
QM9-gap-15k,UCB-BO,47,14,0.5048,100.0,0.1388869285583496,1.116917005044417
QM9-gap-15k,UCB-BO,47,15,0.5048,100.0,0.1395430564880371,1.100402649551971
QM9-gap-15k,UCB-BO,47,16,0.5048,100.0,0.14246892929077148,1.0837204152685973
QM9-gap-15k,UCB-BO,47,17,0.5048,100.0,0.146806001663208,1.077517617184059
QM9-gap-15k,UCB-BO,47,18,0.5048,100.0,0.14624786376953125,1.086608110949079
QM9-gap-15k,UCB-BO,47,19,0.5048,100.0,0.1491541862487793,1.0725433499189212
QM9-gap-15k,BO(EI),47,-1,0.2047,31.56214367160775,0.0,0.0
QM9-gap-15k,BO(EI),47,0,0.2901,51.03762827822121,0.09063124656677246,0.5479892137766901
QM9-gap-15k,BO(EI),47,1,0.5048,100.0,0.0986781120300293,1.0616013890641767
QM9-gap-15k,BO(EI),47,2,0.5048,100.0,0.09756898880004883,1.045961017470909
QM9-gap-15k,BO(EI),47,3,0.5048,100.0,0.10121011734008789,1.2161454072010525
QM9-gap-15k,BO(EI),47,4,0.5048,100.0,0.10503911972045898,1.2245075684104767
QM9-gap-15k,BO(EI),47,5,0.5048,100.0,0.11131787300109863,1.1904483690836292
QM9-gap-15k,BO(EI),47,6,0.5048,100.0,0.11631011962890625,1.2004975604748545
QM9-gap-15k,BO(EI),47,7,0.5048,100.0,0.11759114265441895,1.1654848395547264
QM9-gap-15k,BO(EI),47,8,0.5048,100.0,0.12025880813598633,1.1619842038983463
QM9-gap-15k,BO(EI),47,9,0.5048,100.0,0.12500500679016113,1.1598252363951436
QM9-gap-15k,BO(EI),47,10,0.5048,100.0,0.1289827823638916,1.1223184650953693
QM9-gap-15k,BO(EI),47,11,0.5048,100.0,0.12914204597473145,1.1089297795313606
QM9-gap-15k,BO(EI),47,12,0.5048,100.0,0.12918901443481445,1.1518594005754814
QM9-gap-15k,BO(EI),47,13,0.5048,100.0,0.1331169605255127,1.149064392900382
QM9-gap-15k,BO(EI),47,14,0.5048,100.0,0.13740801811218262,1.1505163524208422
QM9-gap-15k,BO(EI),47,15,0.5048,100.0,0.13904905319213867,1.158418380116736
QM9-gap-15k,BO(EI),47,16,0.5048,100.0,0.1400141716003418,1.140289523291723
QM9-gap-15k,BO(EI),47,17,0.5048,100.0,0.14342689514160156,1.125419957138264
QM9-gap-15k,BO(EI),47,18,0.5048,100.0,0.1474778652191162,1.1263516068407549
QM9-gap-15k,BO(EI),47,19,0.5048,100.0,0.14953088760375977,1.1325446032741577
QM9-gap-15k,GA,47,-1,0.2047,31.56214367160775,0.0,0.0
QM9-gap-15k,GA,47,0,0.3407,62.5769669327252,0.10715198516845703,0.932690948876868
QM9-gap-15k,GA,47,1,0.4298,82.89623717217789,0.11590409278869629,0.8911092825736421
QM9-gap-15k,GA,47,2,0.4298,82.89623717217789,0.11849093437194824,0.8491510844686845
QM9-gap-15k,GA,47,3,0.4298,82.89623717217789,0.1256091594696045,0.862281164089141
QM9-gap-15k,GA,47,4,0.4298,82.89623717217789,0.15221810340881348,0.8361160566686032
QM9-gap-15k,GA,47,5,0.4298,82.89623717217789,0.13205814361572266,0.8354006900296251
QM9-gap-15k,GA,47,6,0.4298,82.89623717217789,0.13148021697998047,0.8402608753407705
QM9-gap-15k,GA,47,7,0.4298,82.89623717217789,0.1383812427520752,0.8571085672275064
QM9-gap-15k,GA,47,8,0.4298,82.89623717217789,0.15048885345458984,0.8537093951612874
QM9-gap-15k,GA,47,9,0.4298,82.89623717217789,0.15027403831481934,0.843504567079723
QM9-gap-15k,GA,47,10,0.4298,82.89623717217789,0.14899420738220215,0.8262913557800228
QM9-gap-15k,GA,47,11,0.4298,82.89623717217789,0.15419697761535645,0.8159671295307355
QM9-gap-15k,GA,47,12,0.4298,82.89623717217789,0.15924501419067383,0.8168931389230518
QM9-gap-15k,GA,47,13,0.4298,82.89623717217789,0.15749096870422363,0.8163125522576274
QM9-gap-15k,GA,47,14,0.4298,82.89623717217789,0.16095685958862305,0.8093520842422917
QM9-gap-15k,GA,47,15,0.4298,82.89623717217789,0.1658310890197754,0.797467602905472
QM9-gap-15k,GA,47,16,0.4298,82.89623717217789,0.16440200805664062,0.796726181541728
QM9-gap-15k,GA,47,17,0.4298,82.89623717217789,0.16806602478027344,0.7891180121363713
QM9-gap-15k,GA,47,18,0.4298,82.89623717217789,0.16657710075378418,0.7902945269603254
QM9-gap-15k,GA,47,19,0.5048,100.0,0.17158007621765137,0.8056401217661957
QM9-gap-15k,Random,47,-1,0.2047,31.56214367160775,0.0,0.0
QM9-gap-15k,Random,47,0,0.3242,58.81413911060434,0.055631160736083984,0.9137999518319192
QM9-gap-15k,Random,47,1,0.3242,58.81413911060434,0.057353973388671875,0.8431265887816807
QM9-gap-15k,Random,47,2,0.418,80.20524515393387,0.05872631072998047,0.8821261970726646
QM9-gap-15k,Random,47,3,0.418,80.20524515393387,0.06083202362060547,0.9157764215873004
QM9-gap-15k,Random,47,4,0.418,80.20524515393387,0.06382513046264648,0.9149817356694077
QM9-gap-15k,Random,47,5,0.418,80.20524515393387,0.06386613845825195,0.915465312069541
QM9-gap-15k,Random,47,6,0.418,80.20524515393387,0.06650185585021973,0.9491376604545019
QM9-gap-15k,Random,47,7,0.418,80.20524515393387,0.06946110725402832,0.9367268606863765
QM9-gap-15k,Random,47,8,0.418,80.20524515393387,0.07178807258605957,0.9258763943619315
QM9-gap-15k,Random,47,9,0.418,80.20524515393387,0.07608389854431152,0.9368908935521117
QM9-gap-15k,Random,47,10,0.418,80.20524515393387,0.07875990867614746,0.9470440009805751
QM9-gap-15k,Random,47,11,0.418,80.20524515393387,0.07949376106262207,0.9310198934355426
QM9-gap-15k,Random,47,12,0.418,80.20524515393387,0.08372902870178223,0.9323835198448743
QM9-gap-15k,Random,47,13,0.418,80.20524515393387,0.08133602142333984,0.9434941620339254
QM9-gap-15k,Random,47,14,0.418,80.20524515393387,0.0849599838256836,0.9474327245650872
QM9-gap-15k,Random,47,15,0.418,80.20524515393387,0.08798003196716309,0.9651664077592905
QM9-gap-15k,Random,47,16,0.418,80.20524515393387,0.09372901916503906,0.9598737708060657
QM9-gap-15k,Random,47,17,0.418,80.20524515393387,0.09262895584106445,0.9453458500394296
QM9-gap-15k,Random,47,18,0.418,80.20524515393387,0.09456110000610352,0.9452984951356705
QM9-gap-15k,Random,47,19,0.418,80.20524515393387,0.09724617004394531,0.9470825530435463
QM9-gap-15k,GLOSS,53,-1,0.2075,32.20068415051311,0.0,0.0
QM9-gap-15k,GLOSS,53,0,0.3188,57.58266818700113,0.38062095642089844,0.7325507641303678
QM9-gap-15k,GLOSS,53,1,0.3298,60.09122006841504,0.34429192543029785,0.7448598351138542
QM9-gap-15k,GLOSS,53,2,0.3575,66.40820980615736,0.32697510719299316,0.8632547294013514
QM9-gap-15k,GLOSS,53,3,0.3698,69.21322690992018,0.3162059783935547,0.860020378979606
QM9-gap-15k,GLOSS,53,4,0.3809,71.74458380843785,0.3167459964752197,0.856573572358592
QM9-gap-15k,GLOSS,53,5,0.4298,82.89623717217789,0.31610918045043945,0.8926444632425149
QM9-gap-15k,GLOSS,53,6,0.5048,100.0,0.32243776321411133,0.9659723771520676
QM9-gap-15k,GLOSS,53,7,0.5048,100.0,0.3277890682220459,1.0041264540162653
QM9-gap-15k,GLOSS,53,8,0.5048,100.0,0.32759618759155273,1.025246743329296
QM9-gap-15k,GLOSS,53,9,0.5048,100.0,0.3312692642211914,1.0459147805224986
QM9-gap-15k,GLOSS,53,10,0.5048,100.0,0.34297704696655273,1.0477029577042734
QM9-gap-15k,GLOSS,53,11,0.5048,100.0,0.3581888675689697,1.0730200947841302
QM9-gap-15k,GLOSS,53,12,0.5048,100.0,0.3577549457550049,1.052483418450335
QM9-gap-15k,GLOSS,53,13,0.5048,100.0,0.39025187492370605,1.0437995510351368
QM9-gap-15k,GLOSS,53,14,0.5048,100.0,0.3731698989868164,1.038026876028296
QM9-gap-15k,GLOSS,53,15,0.5048,100.0,0.36696696281433105,1.0325139719928047
QM9-gap-15k,GLOSS,53,16,0.5048,100.0,0.3824591636657715,1.035519173591854
QM9-gap-15k,GLOSS,53,17,0.5048,100.0,0.4162099361419678,1.0215012196905837
QM9-gap-15k,GLOSS,53,18,0.5048,100.0,0.39627623558044434,1.0149284508869267
QM9-gap-15k,GLOSS,53,19,0.5048,100.0,0.3941788673400879,1.0113760396205818
QM9-gap-15k,UCB-BO,53,-1,0.2075,32.20068415051311,0.0,0.0
QM9-gap-15k,UCB-BO,53,0,0.2961,52.40592930444697,0.08762598037719727,0.2959244053209478
QM9-gap-15k,UCB-BO,53,1,0.2961,52.40592930444697,0.09641170501708984,0.4744316227266623
QM9-gap-15k,UCB-BO,53,2,0.306,54.6636259977195,0.1034088134765625,0.4246542383613184
QM9-gap-15k,UCB-BO,53,3,0.3202,57.901938426453825,0.10282492637634277,0.44427356614864627
QM9-gap-15k,UCB-BO,53,4,0.3827,72.1550741163056,0.10649275779724121,0.5027760366229143
QM9-gap-15k,UCB-BO,53,5,0.3891,73.6145952109464,0.10588502883911133,0.6351386655412027
QM9-gap-15k,UCB-BO,53,6,0.5048,100.0,0.1087489128112793,0.7540263387286131
QM9-gap-15k,UCB-BO,53,7,0.5048,100.0,0.11277413368225098,0.8138476990966542
QM9-gap-15k,UCB-BO,53,8,0.5048,100.0,0.12167191505432129,0.8329839855281785
QM9-gap-15k,UCB-BO,53,9,0.5048,100.0,0.11567282676696777,0.8125055203950675
QM9-gap-15k,UCB-BO,53,10,0.5048,100.0,0.11909723281860352,0.8909103977982007
QM9-gap-15k,UCB-BO,53,11,0.5048,100.0,0.12288403511047363,0.8797044512234392
QM9-gap-15k,UCB-BO,53,12,0.5048,100.0,0.12436890602111816,0.8624981034689786
QM9-gap-15k,UCB-BO,53,13,0.5048,100.0,0.1248619556427002,0.845518222915819
QM9-gap-15k,UCB-BO,53,14,0.5048,100.0,0.12604475021362305,0.8355273174028761
QM9-gap-15k,UCB-BO,53,15,0.5048,100.0,0.1284339427947998,0.8351007271937082
QM9-gap-15k,UCB-BO,53,16,0.5048,100.0,0.13273882865905762,0.8187600083696872
QM9-gap-15k,UCB-BO,53,17,0.5048,100.0,0.1330277919769287,0.802051515540812
QM9-gap-15k,UCB-BO,53,18,0.5048,100.0,0.13480901718139648,0.7880824053872711
QM9-gap-15k,UCB-BO,53,19,0.5048,100.0,0.13595104217529297,0.7843168244276262
QM9-gap-15k,BO(EI),53,-1,0.2075,32.20068415051311,0.0,0.0
QM9-gap-15k,BO(EI),53,0,0.3116,55.94070695553022,0.08538484573364258,0.22902163021142735
QM9-gap-15k,BO(EI),53,1,0.3116,55.94070695553022,0.09525895118713379,0.43914676605958175
QM9-gap-15k,BO(EI),53,2,0.3248,58.9509692132269,0.10106396675109863,0.5189439782366834
QM9-gap-15k,BO(EI),53,3,0.3758,70.58152793614595,0.10136008262634277,0.625523503559725
QM9-gap-15k,BO(EI),53,4,0.3758,70.58152793614595,0.10347509384155273,0.6768682592464276
QM9-gap-15k,BO(EI),53,5,0.3758,70.58152793614595,0.10655808448791504,0.6830196614399128
QM9-gap-15k,BO(EI),53,6,0.3758,70.58152793614595,0.10795187950134277,0.6560807027726203
QM9-gap-15k,BO(EI),53,7,0.462,90.23945267958952,0.1103661060333252,0.7212561401664138
QM9-gap-15k,BO(EI),53,8,0.462,90.23945267958952,0.11217474937438965,0.8021070754300141
QM9-gap-15k,BO(EI),53,9,0.462,90.23945267958952,0.11781191825866699,0.8311356745454883
QM9-gap-15k,BO(EI),53,10,0.462,90.23945267958952,0.11708378791809082,0.8837837428151776
QM9-gap-15k,BO(EI),53,11,0.5048,100.0,0.12067723274230957,0.9331127499656936
QM9-gap-15k,BO(EI),53,12,0.5048,100.0,0.12403392791748047,0.9705439319210887
QM9-gap-15k,BO(EI),53,13,0.5048,100.0,0.1257801055908203,0.9774048912429983
QM9-gap-15k,BO(EI),53,14,0.5048,100.0,0.1299152374267578,0.9707926389113025
QM9-gap-15k,BO(EI),53,15,0.5048,100.0,0.13665103912353516,1.001825582594092
QM9-gap-15k,BO(EI),53,16,0.5048,100.0,0.1400899887084961,1.0561628397421021
QM9-gap-15k,BO(EI),53,17,0.5048,100.0,0.1425189971923828,1.0770090222592157
QM9-gap-15k,BO(EI),53,18,0.5048,100.0,0.14273595809936523,1.092854893113386
QM9-gap-15k,BO(EI),53,19,0.5048,100.0,0.1497950553894043,1.0925663477963012
QM9-gap-15k,GA,53,-1,0.2075,32.20068415051311,0.0,0.0
QM9-gap-15k,GA,53,0,0.3107,55.735461801596344,0.10806894302368164,0.6499883778386606
QM9-gap-15k,GA,53,1,0.3504,64.7890535917902,0.11668801307678223,0.7271069233899315
QM9-gap-15k,GA,53,2,0.3504,64.7890535917902,0.12113404273986816,0.7605944194709066
QM9-gap-15k,GA,53,3,0.3504,64.7890535917902,0.1258230209350586,0.7598385895787276
QM9-gap-15k,GA,53,4,0.3504,64.7890535917902,0.13265204429626465,0.7820759856452019
QM9-gap-15k,GA,53,5,0.3632,67.70809578107185,0.15265297889709473,0.7789658558572302
QM9-gap-15k,GA,53,6,0.3632,67.70809578107185,0.13989996910095215,0.7956842777380565
QM9-gap-15k,GA,53,7,0.3632,67.70809578107185,0.14079999923706055,0.8363739192950174
QM9-gap-15k,GA,53,8,0.3632,67.70809578107185,0.14620494842529297,0.8502809930503592
QM9-gap-15k,GA,53,9,0.3891,73.6145952109464,0.1487276554107666,0.8487001302013741
QM9-gap-15k,GA,53,10,0.3891,73.6145952109464,0.15702390670776367,0.8507159355614798
QM9-gap-15k,GA,53,11,0.3891,73.6145952109464,0.15395092964172363,0.8451582170917583
QM9-gap-15k,GA,53,12,0.3891,73.6145952109464,0.15625286102294922,0.8457062990009031
QM9-gap-15k,GA,53,13,0.3891,73.6145952109464,0.15675020217895508,0.8388842889720388
QM9-gap-15k,GA,53,14,0.3891,73.6145952109464,0.1662731170654297,0.830244467125177
QM9-gap-15k,GA,53,15,0.3891,73.6145952109464,0.16916894912719727,0.8331881620965476
QM9-gap-15k,GA,53,16,0.3891,73.6145952109464,0.1696460247039795,0.8443887075184093
QM9-gap-15k,GA,53,17,0.3891,73.6145952109464,0.1739940643310547,0.8448949398403417
QM9-gap-15k,GA,53,18,0.3891,73.6145952109464,0.17300081253051758,0.8476384191893531
QM9-gap-15k,GA,53,19,0.3891,73.6145952109464,0.1799302101135254,0.8465121501481915
QM9-gap-15k,Random,53,-1,0.2075,32.20068415051311,0.0,0.0
QM9-gap-15k,Random,53,0,0.3013,53.59179019384265,0.05810403823852539,0.7657250833520142
QM9-gap-15k,Random,53,1,0.3013,53.59179019384265,0.05869722366333008,0.7850544918080049
QM9-gap-15k,Random,53,2,0.3061,54.686431014823256,0.0612030029296875,0.8132689748290601
QM9-gap-15k,Random,53,3,0.3226,58.44925883694412,0.061351776123046875,0.8040735052260818
QM9-gap-15k,Random,53,4,0.3226,58.44925883694412,0.06548619270324707,0.8474845374816455
QM9-gap-15k,Random,53,5,0.358,66.52223489167616,0.06599998474121094,0.8824064820183836
QM9-gap-15k,Random,53,6,0.358,66.52223489167616,0.06879281997680664,0.9047989423299796
QM9-gap-15k,Random,53,7,0.358,66.52223489167616,0.06981086730957031,0.9004634540865228
QM9-gap-15k,Random,53,8,0.358,66.52223489167616,0.07537412643432617,0.8966340265474451
QM9-gap-15k,Random,53,9,0.358,66.52223489167616,0.0737771987915039,0.8857077841830036
QM9-gap-15k,Random,53,10,0.358,66.52223489167616,0.07361316680908203,0.8794073861379377
QM9-gap-15k,Random,53,11,0.358,66.52223489167616,0.0762319564819336,0.9048839324332356
QM9-gap-15k,Random,53,12,0.358,66.52223489167616,0.07926821708679199,0.8910770996443936
QM9-gap-15k,Random,53,13,0.358,66.52223489167616,0.08088898658752441,0.9019899098602111
QM9-gap-15k,Random,53,14,0.358,66.52223489167616,0.0826420783996582,0.9023983380557903
QM9-gap-15k,Random,53,15,0.358,66.52223489167616,0.08714103698730469,0.9074731362941232
QM9-gap-15k,Random,53,16,0.358,66.52223489167616,0.08894801139831543,0.8940380023103273
QM9-gap-15k,Random,53,17,0.358,66.52223489167616,0.08937191963195801,0.8945144681074343
QM9-gap-15k,Random,53,18,0.358,66.52223489167616,0.09343695640563965,0.8959134849412402
QM9-gap-15k,Random,53,19,0.358,66.52223489167616,0.09609413146972656,0.9078119864740775
QM9-gap-15k,GLOSS,59,-1,0.2078,32.2690992018244,0.0,0.0
QM9-gap-15k,GLOSS,59,0,0.3131,56.28278221208666,0.30731892585754395,0.7735034946856747
QM9-gap-15k,GLOSS,59,1,0.3207,58.01596351197262,0.30614709854125977,0.7355466900445773
QM9-gap-15k,GLOSS,59,2,0.3388,62.14367160775369,0.30678510665893555,0.8047817802801424
QM9-gap-15k,GLOSS,59,3,0.5048,100.0,0.2969679832458496,1.0997198196525657
QM9-gap-15k,GLOSS,59,4,0.5048,100.0,0.31687307357788086,1.1727979278400522
QM9-gap-15k,GLOSS,59,5,0.5048,100.0,0.338529109954834,1.1723776715581518
QM9-gap-15k,GLOSS,59,6,0.5048,100.0,0.33415913581848145,1.1598841005311238
QM9-gap-15k,GLOSS,59,7,0.5048,100.0,0.3323049545288086,1.1550999171401202
QM9-gap-15k,GLOSS,59,8,0.5048,100.0,0.3390657901763916,1.1739321465972106
QM9-gap-15k,GLOSS,59,9,0.5048,100.0,0.3433079719543457,1.146408628027267
QM9-gap-15k,GLOSS,59,10,0.5048,100.0,0.3499910831451416,1.129887809915862
QM9-gap-15k,GLOSS,59,11,0.5048,100.0,0.36567020416259766,1.1315585621297937
QM9-gap-15k,GLOSS,59,12,0.5048,100.0,0.36132097244262695,1.1116841756084699
QM9-gap-15k,GLOSS,59,13,0.5048,100.0,0.3644721508026123,1.1185416010258804
QM9-gap-15k,GLOSS,59,14,0.5048,100.0,0.36737728118896484,1.1066329408759668
QM9-gap-15k,GLOSS,59,15,0.5048,100.0,0.3842906951904297,1.095097506433067
QM9-gap-15k,GLOSS,59,16,0.5048,100.0,0.3996999263763428,1.0854777540085985
QM9-gap-15k,GLOSS,59,17,0.5048,100.0,0.39160919189453125,1.0734774721832303
QM9-gap-15k,GLOSS,59,18,0.5048,100.0,0.39452600479125977,1.0762175741557758
QM9-gap-15k,GLOSS,59,19,0.5048,100.0,0.3917977809906006,1.0679017012549898
QM9-gap-15k,UCB-BO,59,-1,0.2078,32.2690992018244,0.0,0.0
QM9-gap-15k,UCB-BO,59,0,0.2828,49.37286202964652,0.08698010444641113,0.5478846909571237
QM9-gap-15k,UCB-BO,59,1,0.3126,56.16875712656785,0.09357404708862305,0.7488899334957908
QM9-gap-15k,UCB-BO,59,2,0.3126,56.16875712656785,0.09732913970947266,0.8338814162525955
QM9-gap-15k,UCB-BO,59,3,0.3126,56.16875712656785,0.09963536262512207,0.7926647776723686
QM9-gap-15k,UCB-BO,59,4,0.3131,56.28278221208666,0.09917783737182617,0.848847406291673
QM9-gap-15k,UCB-BO,59,5,0.462,90.23945267958952,0.10402035713195801,0.8596281802420309
QM9-gap-15k,UCB-BO,59,6,0.462,90.23945267958952,0.10634112358093262,1.0000550138287236
QM9-gap-15k,UCB-BO,59,7,0.462,90.23945267958952,0.11071515083312988,1.0245192345964405
QM9-gap-15k,UCB-BO,59,8,0.462,90.23945267958952,0.11354708671569824,1.0025247738079983
QM9-gap-15k,UCB-BO,59,9,0.462,90.23945267958952,0.11669325828552246,1.0512279426703937
QM9-gap-15k,UCB-BO,59,10,0.462,90.23945267958952,0.12334299087524414,1.057584860852312
QM9-gap-15k,UCB-BO,59,11,0.462,90.23945267958952,0.12414407730102539,1.0697996036383721
QM9-gap-15k,UCB-BO,59,12,0.462,90.23945267958952,0.12574291229248047,1.080521755261148
QM9-gap-15k,UCB-BO,59,13,0.462,90.23945267958952,0.13689184188842773,1.0791402666671632
QM9-gap-15k,UCB-BO,59,14,0.5048,100.0,0.131011962890625,1.1000260151427026
QM9-gap-15k,UCB-BO,59,15,0.5048,100.0,0.13432979583740234,1.1308974540298007
QM9-gap-15k,UCB-BO,59,16,0.5048,100.0,0.1392371654510498,1.1352502563375113
QM9-gap-15k,UCB-BO,59,17,0.5048,100.0,0.14090490341186523,1.1285334650098504
QM9-gap-15k,UCB-BO,59,18,0.5048,100.0,0.14870500564575195,1.1248197006093226
QM9-gap-15k,UCB-BO,59,19,0.5048,100.0,0.18091988563537598,1.1210206075243418
QM9-gap-15k,BO(EI),59,-1,0.2078,32.2690992018244,0.0,0.0
QM9-gap-15k,BO(EI),59,0,0.3064,54.754846066134554,0.08426189422607422,0.40701631639061836
QM9-gap-15k,BO(EI),59,1,0.3102,55.62143671607753,0.09488296508789062,0.49628168756671037
QM9-gap-15k,BO(EI),59,2,0.3319,60.57012542759406,0.09749984741210938,0.7024066635005376
QM9-gap-15k,BO(EI),59,3,0.3799,71.51653363740023,0.10016512870788574,0.7892028141809989
QM9-gap-15k,BO(EI),59,4,0.3809,71.74458380843785,0.1044931411743164,0.8720274873732997
QM9-gap-15k,BO(EI),59,5,0.3809,71.74458380843785,0.10683107376098633,0.9515414623400968
QM9-gap-15k,BO(EI),59,6,0.4128,79.0193842645382,0.11141681671142578,0.9908116493992134
QM9-gap-15k,BO(EI),59,7,0.462,90.23945267958952,0.11142206192016602,0.9878238933969798
QM9-gap-15k,BO(EI),59,8,0.462,90.23945267958952,0.11308622360229492,1.0133345153598745
QM9-gap-15k,BO(EI),59,9,0.462,90.23945267958952,0.11637187004089355,1.0216035466554791
QM9-gap-15k,BO(EI),59,10,0.462,90.23945267958952,0.11848187446594238,1.0367683670247108
QM9-gap-15k,BO(EI),59,11,0.462,90.23945267958952,0.12029409408569336,1.0194485250793148
QM9-gap-15k,BO(EI),59,12,0.5048,100.0,0.12460923194885254,1.071442952760034
QM9-gap-15k,BO(EI),59,13,0.5048,100.0,0.1266801357269287,1.068606970827923
QM9-gap-15k,BO(EI),59,14,0.5048,100.0,0.13068604469299316,1.0886841686126945
QM9-gap-15k,BO(EI),59,15,0.5048,100.0,0.13149690628051758,1.086144579732046
QM9-gap-15k,BO(EI),59,16,0.5048,100.0,0.13697314262390137,1.0792860775182396
QM9-gap-15k,BO(EI),59,17,0.5048,100.0,0.1375277042388916,1.0722567872318058
QM9-gap-15k,BO(EI),59,18,0.5048,100.0,0.14197993278503418,1.0582443398797095
QM9-gap-15k,BO(EI),59,19,0.5048,100.0,0.14195513725280762,1.0386238821924758
QM9-gap-15k,GA,59,-1,0.2078,32.2690992018244,0.0,0.0
QM9-gap-15k,GA,59,0,0.3255,59.110604332953244,0.10660576820373535,0.9578005293053986
QM9-gap-15k,GA,59,1,0.3318,60.5473204104903,0.11554718017578125,0.9038714246740062
QM9-gap-15k,GA,59,2,0.3346,61.18586088939566,0.12377119064331055,0.7905832040597126
QM9-gap-15k,GA,59,3,0.3346,61.18586088939566,0.13086199760437012,0.8151736132008106
QM9-gap-15k,GA,59,4,0.3461,63.8084378563284,0.13339495658874512,0.8077299581125992
QM9-gap-15k,GA,59,5,0.462,90.23945267958952,0.1359717845916748,0.7976575188908798
QM9-gap-15k,GA,59,6,0.462,90.23945267958952,0.13895797729492188,0.8087830930773227
QM9-gap-15k,GA,59,7,0.462,90.23945267958952,0.139146089553833,0.8310126980253536
QM9-gap-15k,GA,59,8,0.462,90.23945267958952,0.14354705810546875,0.8294780642284659
QM9-gap-15k,GA,59,9,0.462,90.23945267958952,0.1476597785949707,0.8391950809008529
QM9-gap-15k,GA,59,10,0.462,90.23945267958952,0.15125298500061035,0.8462307747369429
QM9-gap-15k,GA,59,11,0.462,90.23945267958952,0.15348410606384277,0.8505389567605133
QM9-gap-15k,GA,59,12,0.462,90.23945267958952,0.15735077857971191,0.8456446451903693
QM9-gap-15k,GA,59,13,0.462,90.23945267958952,0.16175007820129395,0.8528744693598941
QM9-gap-15k,GA,59,14,0.462,90.23945267958952,0.16377019882202148,0.8520214149003058
QM9-gap-15k,GA,59,15,0.462,90.23945267958952,0.16839981079101562,0.8502504658851244
QM9-gap-15k,GA,59,16,0.462,90.23945267958952,0.17293214797973633,0.8457164684129241
QM9-gap-15k,GA,59,17,0.462,90.23945267958952,0.1707448959350586,0.8409825777570943
QM9-gap-15k,GA,59,18,0.462,90.23945267958952,0.17993712425231934,0.8374262466715942
QM9-gap-15k,GA,59,19,0.462,90.23945267958952,0.17965912818908691,0.8377309631771737
QM9-gap-15k,Random,59,-1,0.2078,32.2690992018244,0.0,0.0
QM9-gap-15k,Random,59,0,0.2922,51.51653363740023,0.05700087547302246,1.0359110155070683
QM9-gap-15k,Random,59,1,0.2953,52.223489167616876,0.05970406532287598,0.9207617924145618
QM9-gap-15k,Random,59,2,0.2986,52.97605473204104,0.05945897102355957,0.9272416774123734
QM9-gap-15k,Random,59,3,0.2986,52.97605473204104,0.06079888343811035,0.9056894504748337
QM9-gap-15k,Random,59,4,0.3217,58.24401368301025,0.06280899047851562,0.897806386530008
QM9-gap-15k,Random,59,5,0.3263,59.293044469783354,0.06513309478759766,0.8934166197810234
QM9-gap-15k,Random,59,6,0.3637,67.82212086659065,0.06753206253051758,0.8811235721782795
QM9-gap-15k,Random,59,7,0.3637,67.82212086659065,0.07068681716918945,0.8797819583468545
QM9-gap-15k,Random,59,8,0.3637,67.82212086659065,0.07051277160644531,0.8920905840505075
QM9-gap-15k,Random,59,9,0.3637,67.82212086659065,0.07308173179626465,0.8879340776067394
QM9-gap-15k,Random,59,10,0.3637,67.82212086659065,0.07596802711486816,0.8920647292599183
QM9-gap-15k,Random,59,11,0.3637,67.82212086659065,0.07740283012390137,0.8994855620282353
QM9-gap-15k,Random,59,12,0.3637,67.82212086659065,0.0791769027709961,0.8891438986374357
QM9-gap-15k,Random,59,13,0.3637,67.82212086659065,0.08139920234680176,0.8893654110388949
QM9-gap-15k,Random,59,14,0.3637,67.82212086659065,0.08457493782043457,0.8947141045653144
QM9-gap-15k,Random,59,15,0.3637,67.82212086659065,0.08904004096984863,0.9066309769889521
QM9-gap-15k,Random,59,16,0.3637,67.82212086659065,0.08848118782043457,0.8945783729357215
QM9-gap-15k,Random,59,17,0.3637,67.82212086659065,0.09329795837402344,0.8949226311675345
QM9-gap-15k,Random,59,18,0.3637,67.82212086659065,0.09390783309936523,0.8909472481082266
QM9-gap-15k,Random,59,19,0.3637,67.82212086659065,0.09594893455505371,0.8862918584473775
QM9-gap-15k,GLOSS,61,-1,0.2092,32.58836944127708,0.0,0.0
QM9-gap-15k,GLOSS,61,0,0.2961,52.40592930444697,0.31183886528015137,0.9132376893982617
QM9-gap-15k,GLOSS,61,1,0.3184,57.491448118586085,0.3075988292694092,0.9452624933823508
QM9-gap-15k,GLOSS,61,2,0.5048,100.0,0.30994105339050293,1.1867882480266378
QM9-gap-15k,GLOSS,61,3,0.5048,100.0,0.3097269535064697,1.2544735670093032
QM9-gap-15k,GLOSS,61,4,0.5048,100.0,0.3120238780975342,1.2699220185099027
QM9-gap-15k,GLOSS,61,5,0.5048,100.0,0.3121070861816406,1.2369817702581214
QM9-gap-15k,GLOSS,61,6,0.5048,100.0,0.3504471778869629,1.2021581275671047
QM9-gap-15k,GLOSS,61,7,0.5048,100.0,0.32307887077331543,1.207477108289566
QM9-gap-15k,GLOSS,61,8,0.5048,100.0,0.3354618549346924,1.1746243354294696
QM9-gap-15k,GLOSS,61,9,0.5048,100.0,0.3337690830230713,1.1858268818328908
QM9-gap-15k,GLOSS,61,10,0.5048,100.0,0.3582632541656494,1.1587988088053558
QM9-gap-15k,GLOSS,61,11,0.5048,100.0,0.35271501541137695,1.1547872619113664
QM9-gap-15k,GLOSS,61,12,0.5048,100.0,0.36109399795532227,1.1335007853387693
QM9-gap-15k,GLOSS,61,13,0.5048,100.0,0.3738710880279541,1.1211410937652482
QM9-gap-15k,GLOSS,61,14,0.5048,100.0,0.36805295944213867,1.1084515820285583
QM9-gap-15k,GLOSS,61,15,0.5048,100.0,0.3794419765472412,1.0947427725620642
QM9-gap-15k,GLOSS,61,16,0.5048,100.0,0.3865950107574463,1.0835302896157382
QM9-gap-15k,GLOSS,61,17,0.5048,100.0,0.3867309093475342,1.0748335176869945
QM9-gap-15k,GLOSS,61,18,0.5048,100.0,0.3918190002441406,1.0598944957650487
QM9-gap-15k,GLOSS,61,19,0.5048,100.0,0.3914661407470703,1.0438344520381717
QM9-gap-15k,UCB-BO,61,-1,0.2092,32.58836944127708,0.0,0.0
QM9-gap-15k,UCB-BO,61,0,0.2606,44.310148232611176,0.0873873233795166,0.4307638555805116
QM9-gap-15k,UCB-BO,61,1,0.2945,52.041049030786766,0.09473991394042969,0.9776834548130665
QM9-gap-15k,UCB-BO,61,2,0.4128,79.0193842645382,0.09823298454284668,1.10774620242129
QM9-gap-15k,UCB-BO,61,3,0.4128,79.0193842645382,0.10397791862487793,1.198466868571771
QM9-gap-15k,UCB-BO,61,4,0.4128,79.0193842645382,0.10592103004455566,1.166142226725304
QM9-gap-15k,UCB-BO,61,5,0.462,90.23945267958952,0.10957217216491699,1.154322353200085
QM9-gap-15k,UCB-BO,61,6,0.462,90.23945267958952,0.11102795600891113,1.1859684741939451
QM9-gap-15k,UCB-BO,61,7,0.5048,100.0,0.11452698707580566,1.2289972144176777
QM9-gap-15k,UCB-BO,61,8,0.5048,100.0,0.11611485481262207,1.2179477442113942
QM9-gap-15k,UCB-BO,61,9,0.5048,100.0,0.11602520942687988,1.2258366141941865
QM9-gap-15k,UCB-BO,61,10,0.5048,100.0,0.14205193519592285,1.2019589203588608
QM9-gap-15k,UCB-BO,61,11,0.5048,100.0,0.12255001068115234,1.2114115051632293
QM9-gap-15k,UCB-BO,61,12,0.5048,100.0,0.12434506416320801,1.1887401483989832
QM9-gap-15k,UCB-BO,61,13,0.5048,100.0,0.12847399711608887,1.1784622864011465
QM9-gap-15k,UCB-BO,61,14,0.5048,100.0,0.12906908988952637,1.1454550827635477
QM9-gap-15k,UCB-BO,61,15,0.5048,100.0,0.13819289207458496,1.1183259527693021
QM9-gap-15k,UCB-BO,61,16,0.5048,100.0,0.13722610473632812,1.09400178660983
QM9-gap-15k,UCB-BO,61,17,0.5048,100.0,0.13381505012512207,1.0641481108074737
QM9-gap-15k,UCB-BO,61,18,0.5048,100.0,0.13800811767578125,1.0460475956656727
QM9-gap-15k,UCB-BO,61,19,0.5048,100.0,0.17232418060302734,1.0270367005400287
QM9-gap-15k,BO(EI),61,-1,0.2092,32.58836944127708,0.0,0.0
QM9-gap-15k,BO(EI),61,0,0.2945,52.041049030786766,0.09572696685791016,0.44369531649375604
QM9-gap-15k,BO(EI),61,1,0.3029,53.95667046750285,0.09939408302307129,0.8654017795845826
QM9-gap-15k,BO(EI),61,2,0.3142,56.533637400228045,0.09853506088256836,0.9630947868793804
QM9-gap-15k,BO(EI),61,3,0.3276,59.58950969213226,0.09943199157714844,1.0068495651889344
QM9-gap-15k,BO(EI),61,4,0.3388,62.14367160775369,0.10218596458435059,1.0811954415754574
QM9-gap-15k,BO(EI),61,5,0.5048,100.0,0.10734796524047852,1.144964541298657
QM9-gap-15k,BO(EI),61,6,0.5048,100.0,0.1095428466796875,1.2196810354341026
QM9-gap-15k,BO(EI),61,7,0.5048,100.0,0.11618304252624512,1.1970894336900488
QM9-gap-15k,BO(EI),61,8,0.5048,100.0,0.11881113052368164,1.2047708144913745
QM9-gap-15k,BO(EI),61,9,0.5048,100.0,0.12010693550109863,1.1902185793495932
QM9-gap-15k,BO(EI),61,10,0.5048,100.0,0.12017512321472168,1.1754483727009342
QM9-gap-15k,BO(EI),61,11,0.5048,100.0,0.1249840259552002,1.1814674127359326
QM9-gap-15k,BO(EI),61,12,0.5048,100.0,0.1255497932434082,1.200016042008369
QM9-gap-15k,BO(EI),61,13,0.5048,100.0,0.1329970359802246,1.1991676542657663
QM9-gap-15k,BO(EI),61,14,0.5048,100.0,0.13698577880859375,1.1927033612984062
QM9-gap-15k,BO(EI),61,15,0.5048,100.0,0.13886499404907227,1.1835629994380819
QM9-gap-15k,BO(EI),61,16,0.5048,100.0,0.13895916938781738,1.1702453635169743
QM9-gap-15k,BO(EI),61,17,0.5048,100.0,0.14539694786071777,1.1790063972836462
QM9-gap-15k,BO(EI),61,18,0.5048,100.0,0.15256309509277344,1.1846026019168336
QM9-gap-15k,BO(EI),61,19,0.5048,100.0,0.17313694953918457,1.1926112691004787
QM9-gap-15k,GA,61,-1,0.2092,32.58836944127708,0.0,0.0
QM9-gap-15k,GA,61,0,0.3689,69.00798175598631,0.11690402030944824,0.9424918782231348
QM9-gap-15k,GA,61,1,0.3689,69.00798175598631,0.12946295738220215,1.004326038680951
QM9-gap-15k,GA,61,2,0.3689,69.00798175598631,0.1318812370300293,0.9109277528509047
QM9-gap-15k,GA,61,3,0.3689,69.00798175598631,0.13246703147888184,0.8379583156823227
QM9-gap-15k,GA,61,4,0.3689,69.00798175598631,0.1335160732269287,0.8216928188972134
QM9-gap-15k,GA,61,5,0.3689,69.00798175598631,0.13527297973632812,0.80412354312815
QM9-gap-15k,GA,61,6,0.3778,71.0376282782212,0.1416327953338623,0.7966666305290123
QM9-gap-15k,GA,61,7,0.3778,71.0376282782212,0.14252185821533203,0.7868741784791317
QM9-gap-15k,GA,61,8,0.3778,71.0376282782212,0.1396501064300537,0.7670579503748867
QM9-gap-15k,GA,61,9,0.3778,71.0376282782212,0.14098715782165527,0.7453876364489064
QM9-gap-15k,GA,61,10,0.3778,71.0376282782212,0.14257407188415527,0.7401914549887613
QM9-gap-15k,GA,61,11,0.3778,71.0376282782212,0.16862010955810547,0.7360571701034601
QM9-gap-15k,GA,61,12,0.3778,71.0376282782212,0.15365099906921387,0.72989927840755
QM9-gap-15k,GA,61,13,0.3778,71.0376282782212,0.15621566772460938,0.7387947381634681
QM9-gap-15k,GA,61,14,0.3778,71.0376282782212,0.16344618797302246,0.7482835480420784
QM9-gap-15k,GA,61,15,0.3778,71.0376282782212,0.15673613548278809,0.748210317341736
QM9-gap-15k,GA,61,16,0.3778,71.0376282782212,0.16367411613464355,0.752209540730632
QM9-gap-15k,GA,61,17,0.3778,71.0376282782212,0.16764473915100098,0.751935687866095
QM9-gap-15k,GA,61,18,0.3778,71.0376282782212,0.16921496391296387,0.740819150491526
QM9-gap-15k,GA,61,19,0.3778,71.0376282782212,0.16950201988220215,0.732466102158746
QM9-gap-15k,Random,61,-1,0.2092,32.58836944127708,0.0,0.0
QM9-gap-15k,Random,61,0,0.3092,55.3933865450399,0.05691218376159668,0.9724122393669139
QM9-gap-15k,Random,61,1,0.322,58.312428734321564,0.05824995040893555,0.9566137131689882
QM9-gap-15k,Random,61,2,0.322,58.312428734321564,0.05828499794006348,0.9103879558946489
QM9-gap-15k,Random,61,3,0.3697,69.19042189281642,0.0632481575012207,0.9377777182863923
QM9-gap-15k,Random,61,4,0.3697,69.19042189281642,0.06405305862426758,0.8756766716269826
QM9-gap-15k,Random,61,5,0.3697,69.19042189281642,0.06517577171325684,0.8758099402334529
QM9-gap-15k,Random,61,6,0.3697,69.19042189281642,0.06926488876342773,0.9104415495148105
QM9-gap-15k,Random,61,7,0.3697,69.19042189281642,0.06986093521118164,0.92933997553176
QM9-gap-15k,Random,61,8,0.3697,69.19042189281642,0.07696914672851562,0.9059867250649676
QM9-gap-15k,Random,61,9,0.3697,69.19042189281642,0.07530021667480469,0.9018892297619832
QM9-gap-15k,Random,61,10,0.3697,69.19042189281642,0.07652902603149414,0.9013927711751165
QM9-gap-15k,Random,61,11,0.3697,69.19042189281642,0.07954883575439453,0.8967910729415454
QM9-gap-15k,Random,61,12,0.3697,69.19042189281642,0.0806570053100586,0.8962321436407013
QM9-gap-15k,Random,61,13,0.3697,69.19042189281642,0.08279705047607422,0.8859736681516802
QM9-gap-15k,Random,61,14,0.3697,69.19042189281642,0.08578991889953613,0.8841044614917721
QM9-gap-15k,Random,61,15,0.3697,69.19042189281642,0.08846497535705566,0.8854542277205415
QM9-gap-15k,Random,61,16,0.3697,69.19042189281642,0.0899651050567627,0.880440920303613
QM9-gap-15k,Random,61,17,0.3697,69.19042189281642,0.0960078239440918,0.8820137043718638
QM9-gap-15k,Random,61,18,0.3697,69.19042189281642,0.1030120849609375,0.8906552755414697
QM9-gap-15k,Random,61,19,0.3697,69.19042189281642,0.10640788078308105,0.8832753740497217
QM9-gap-15k,GLOSS,67,-1,0.2086,32.451539338654506,0.0,0.0
QM9-gap-15k,GLOSS,67,0,0.2992,53.11288483466363,0.28160810470581055,0.8380903203131457
QM9-gap-15k,GLOSS,67,1,0.3799,71.51653363740023,0.3081321716308594,1.0149360615159826
QM9-gap-15k,GLOSS,67,2,0.5048,100.0,0.3029797077178955,1.1742430475380476
QM9-gap-15k,GLOSS,67,3,0.5048,100.0,0.29630112648010254,1.264933732457653
QM9-gap-15k,GLOSS,67,4,0.5048,100.0,0.308621883392334,1.2708195051477904
QM9-gap-15k,GLOSS,67,5,0.5048,100.0,0.30959320068359375,1.2249083437933155
QM9-gap-15k,GLOSS,67,6,0.5048,100.0,0.33299803733825684,1.2150080773912593
QM9-gap-15k,GLOSS,67,7,0.5048,100.0,0.3382117748260498,1.2065424268545086
QM9-gap-15k,GLOSS,67,8,0.5048,100.0,0.33903002738952637,1.2008359880410246
QM9-gap-15k,GLOSS,67,9,0.5048,100.0,0.34435606002807617,1.1910542713379604
QM9-gap-15k,GLOSS,67,10,0.5048,100.0,0.35776281356811523,1.1782459865334072
QM9-gap-15k,GLOSS,67,11,0.5048,100.0,0.3542060852050781,1.1557077957474844
QM9-gap-15k,GLOSS,67,12,0.5048,100.0,0.37166309356689453,1.1476658502687285
QM9-gap-15k,GLOSS,67,13,0.5048,100.0,0.3597579002380371,1.1621106486720418
QM9-gap-15k,GLOSS,67,14,0.5048,100.0,0.3620271682739258,1.1490756884236948
QM9-gap-15k,GLOSS,67,15,0.5048,100.0,0.3723897933959961,1.1371598324481977
QM9-gap-15k,GLOSS,67,16,0.5048,100.0,0.37724804878234863,1.1377810809075737
QM9-gap-15k,GLOSS,67,17,0.5048,100.0,0.3809928894042969,1.134444991461185
QM9-gap-15k,GLOSS,67,18,0.5048,100.0,0.39551305770874023,1.1362367891774312
QM9-gap-15k,GLOSS,67,19,0.5048,100.0,0.3955380916595459,1.1457632666894602
QM9-gap-15k,UCB-BO,67,-1,0.2086,32.451539338654506,0.0,0.0
QM9-gap-15k,UCB-BO,67,0,0.2392,39.42987457240593,0.08726024627685547,0.3088108713280326
QM9-gap-15k,UCB-BO,67,1,0.312,56.03192702394527,0.0917658805847168,0.6481691592038483
QM9-gap-15k,UCB-BO,67,2,0.3385,62.07525655644241,0.0973360538482666,0.6499427427918418
QM9-gap-15k,UCB-BO,67,3,0.3385,62.07525655644241,0.09738898277282715,0.8825302366791562
QM9-gap-15k,UCB-BO,67,4,0.3385,62.07525655644241,0.1073617935180664,0.975406787037637
QM9-gap-15k,UCB-BO,67,5,0.3492,64.51539338654506,0.10838007926940918,1.0165356900667823
QM9-gap-15k,UCB-BO,67,6,0.3891,73.6145952109464,0.1121668815612793,1.0540199901715341
QM9-gap-15k,UCB-BO,67,7,0.3891,73.6145952109464,0.11401510238647461,1.1076351363311454
QM9-gap-15k,UCB-BO,67,8,0.3891,73.6145952109464,0.12425398826599121,1.1326375200389556
QM9-gap-15k,UCB-BO,67,9,0.462,90.23945267958952,0.12334084510803223,1.1564351952967529
QM9-gap-15k,UCB-BO,67,10,0.462,90.23945267958952,0.12836599349975586,1.1537466196914357
QM9-gap-15k,UCB-BO,67,11,0.462,90.23945267958952,0.13354921340942383,1.1413050994860416
QM9-gap-15k,UCB-BO,67,12,0.5048,100.0,0.13497209548950195,1.1794735224792017
QM9-gap-15k,UCB-BO,67,13,0.5048,100.0,0.13158798217773438,1.189660175473579
QM9-gap-15k,UCB-BO,67,14,0.5048,100.0,0.130385160446167,1.1793322967442155
QM9-gap-15k,UCB-BO,67,15,0.5048,100.0,0.13750767707824707,1.1684349270437298
QM9-gap-15k,UCB-BO,67,16,0.5048,100.0,0.13813114166259766,1.1535849159206748
QM9-gap-15k,UCB-BO,67,17,0.5048,100.0,0.1397860050201416,1.1355319395781789
QM9-gap-15k,UCB-BO,67,18,0.5048,100.0,0.14057087898254395,1.123809118474995
QM9-gap-15k,UCB-BO,67,19,0.5048,100.0,0.1443619728088379,1.116370112801442
QM9-gap-15k,BO(EI),67,-1,0.2086,32.451539338654506,0.0,0.0
QM9-gap-15k,BO(EI),67,0,0.2372,38.97377423033067,0.0890951156616211,0.21380099251004386
QM9-gap-15k,BO(EI),67,1,0.2652,45.35917901938426,0.10032415390014648,0.5415884672186397
QM9-gap-15k,BO(EI),67,2,0.2796,48.64310148232612,0.10742521286010742,0.6016420023945355
QM9-gap-15k,BO(EI),67,3,0.3068,54.84606613454961,0.10243892669677734,0.6177108664405854
QM9-gap-15k,BO(EI),67,4,0.3115,55.91790193842645,0.10405421257019043,0.6778620579132936
QM9-gap-15k,BO(EI),67,5,0.3266,59.36145952109464,0.10805392265319824,0.6872824000035093
QM9-gap-15k,BO(EI),67,6,0.3347,61.20866590649943,0.11034584045410156,0.6728054231455105
QM9-gap-15k,BO(EI),67,7,0.3799,71.51653363740023,0.11247587203979492,0.7483760844387297
QM9-gap-15k,BO(EI),67,8,0.4128,79.0193842645382,0.11710691452026367,0.7775615397646649
QM9-gap-15k,BO(EI),67,9,0.418,80.20524515393387,0.11858201026916504,0.8350067257294795
QM9-gap-15k,BO(EI),67,10,0.5048,100.0,0.11935806274414062,0.9020808537648383
QM9-gap-15k,BO(EI),67,11,0.5048,100.0,0.1233987808227539,0.9574126927249622
QM9-gap-15k,BO(EI),67,12,0.5048,100.0,0.12503886222839355,1.0051113276142194
QM9-gap-15k,BO(EI),67,13,0.5048,100.0,0.13436079025268555,0.9811257943902478
QM9-gap-15k,BO(EI),67,14,0.5048,100.0,0.13299989700317383,1.0101118136186884
QM9-gap-15k,BO(EI),67,15,0.5048,100.0,0.13192081451416016,1.0136899621307822
QM9-gap-15k,BO(EI),67,16,0.5048,100.0,0.1387782096862793,1.0138968295940398
QM9-gap-15k,BO(EI),67,17,0.5048,100.0,0.13994216918945312,1.0019293301293029
QM9-gap-15k,BO(EI),67,18,0.5048,100.0,0.14910602569580078,1.012646205759169
QM9-gap-15k,BO(EI),67,19,0.5048,100.0,0.1475977897644043,1.0176267835109172
QM9-gap-15k,GA,67,-1,0.2086,32.451539338654506,0.0,0.0
QM9-gap-15k,GA,67,0,0.3243,58.8369441277081,0.11343193054199219,1.0702871352864205
QM9-gap-15k,GA,67,1,0.3489,64.44697833523374,0.11639595031738281,1.1655463354905635
QM9-gap-15k,GA,67,2,0.3799,71.51653363740023,0.12227678298950195,1.0991325815503419
QM9-gap-15k,GA,67,3,0.3799,71.51653363740023,0.1258988380432129,1.0152443220788758
QM9-gap-15k,GA,67,4,0.3891,73.6145952109464,0.12887215614318848,0.9819241546267183
QM9-gap-15k,GA,67,5,0.3891,73.6145952109464,0.1304621696472168,0.9859106974772174
QM9-gap-15k,GA,67,6,0.3891,73.6145952109464,0.13590002059936523,0.9494907839832684
QM9-gap-15k,GA,67,7,0.3891,73.6145952109464,0.1372520923614502,0.916124013412913
QM9-gap-15k,GA,67,8,0.3891,73.6145952109464,0.1413259506225586,0.8972590916441209
QM9-gap-15k,GA,67,9,0.3891,73.6145952109464,0.14038515090942383,0.8921770749772692
QM9-gap-15k,GA,67,10,0.3891,73.6145952109464,0.14234089851379395,0.868698799952423
QM9-gap-15k,GA,67,11,0.3891,73.6145952109464,0.14694499969482422,0.8694605599109018
QM9-gap-15k,GA,67,12,0.3891,73.6145952109464,0.15163087844848633,0.8573153239994813
QM9-gap-15k,GA,67,13,0.3891,73.6145952109464,0.15318584442138672,0.8463922657394545
QM9-gap-15k,GA,67,14,0.3891,73.6145952109464,0.1643059253692627,0.8461969601778015
QM9-gap-15k,GA,67,15,0.3891,73.6145952109464,0.15718388557434082,0.8339261326424807
QM9-gap-15k,GA,67,16,0.3891,73.6145952109464,0.16131925582885742,0.8250001710829068
QM9-gap-15k,GA,67,17,0.3891,73.6145952109464,0.15881013870239258,0.8239872477064709
QM9-gap-15k,GA,67,18,0.3891,73.6145952109464,0.16551876068115234,0.8068564279687298
QM9-gap-15k,GA,67,19,0.3891,73.6145952109464,0.16627097129821777,0.7993930154041105
QM9-gap-15k,Random,67,-1,0.2086,32.451539338654506,0.0,0.0
QM9-gap-15k,Random,67,0,0.3174,57.263397947548455,0.05729103088378906,0.8040593594644037
QM9-gap-15k,Random,67,1,0.3174,57.263397947548455,0.05967998504638672,0.8251233863782358
QM9-gap-15k,Random,67,2,0.3281,59.70353477765109,0.0617218017578125,0.8612810753399087
QM9-gap-15k,Random,67,3,0.3281,59.70353477765109,0.06249594688415527,0.8278346927511292
QM9-gap-15k,Random,67,4,0.3497,64.62941847206385,0.06290483474731445,0.8713124170409046
QM9-gap-15k,Random,67,5,0.3497,64.62941847206385,0.06605696678161621,0.8823294053171223
QM9-gap-15k,Random,67,6,0.3497,64.62941847206385,0.06720376014709473,0.9139430936899594
QM9-gap-15k,Random,67,7,0.3497,64.62941847206385,0.0743250846862793,0.8933323008471463
QM9-gap-15k,Random,67,8,0.3497,64.62941847206385,0.07541584968566895,0.8907744348983941
QM9-gap-15k,Random,67,9,0.3497,64.62941847206385,0.07550168037414551,0.909481474203949
QM9-gap-15k,Random,67,10,0.373,69.94298745724059,0.07825803756713867,0.9085895128173652
QM9-gap-15k,Random,67,11,0.373,69.94298745724059,0.0804290771484375,0.8977184381166458
QM9-gap-15k,Random,67,12,0.373,69.94298745724059,0.0808248519897461,0.915110488644301
QM9-gap-15k,Random,67,13,0.373,69.94298745724059,0.08243680000305176,0.9205119247867675
QM9-gap-15k,Random,67,14,0.373,69.94298745724059,0.08335089683532715,0.9278690941890724
QM9-gap-15k,Random,67,15,0.373,69.94298745724059,0.0853879451751709,0.9216954312436
QM9-gap-15k,Random,67,16,0.373,69.94298745724059,0.0891408920288086,0.9358194759457549
QM9-gap-15k,Random,67,17,0.373,69.94298745724059,0.09200596809387207,0.952180076038369
QM9-gap-15k,Random,67,18,0.373,69.94298745724059,0.09632992744445801,0.959682347316706
QM9-gap-15k,Random,67,19,0.373,69.94298745724059,0.10131597518920898,0.9701426876760972
QM9-gap-20k,GLOSS,47,-1,0.2078,32.2690992018244,0.0,0.0
QM9-gap-20k,GLOSS,47,0,0.3022,53.797035347776514,0.39080309867858887,0.8502984558847754
QM9-gap-20k,GLOSS,47,1,0.336,61.505131128848355,0.3907630443572998,0.8932505889920217
QM9-gap-20k,GLOSS,47,2,0.336,61.505131128848355,0.43491077423095703,0.8721175525738112
QM9-gap-20k,GLOSS,47,3,0.336,61.505131128848355,0.4208791255950928,0.9008533243817
QM9-gap-20k,GLOSS,47,4,0.336,61.505131128848355,0.4248080253601074,0.9151687931425477
QM9-gap-20k,GLOSS,47,5,0.3396,62.3261117445838,0.4406449794769287,0.9222987397986832
QM9-gap-20k,GLOSS,47,6,0.3411,62.66818700114026,0.4601857662200928,0.9275535560136613
QM9-gap-20k,GLOSS,47,7,0.3423,62.94184720638542,0.5105879306793213,0.9335065666783521
QM9-gap-20k,GLOSS,47,8,0.3481,64.26453819840367,0.5128781795501709,0.9531098721115473
QM9-gap-20k,GLOSS,47,9,0.356,66.0661345496009,0.47586798667907715,0.9712278928461968
QM9-gap-20k,GLOSS,47,10,0.4802,94.38996579247436,0.4869558811187744,1.0008127932105586
QM9-gap-20k,GLOSS,47,11,0.5048,100.0,0.4909958839416504,1.0473253796908362
QM9-gap-20k,GLOSS,47,12,0.5048,100.0,0.5013298988342285,1.073624771497957
QM9-gap-20k,GLOSS,47,13,0.5048,100.0,0.4910111427307129,1.0809409099580622
QM9-gap-20k,GLOSS,47,14,0.5048,100.0,0.4947779178619385,1.0934993159210413
QM9-gap-20k,GLOSS,47,15,0.5048,100.0,0.49445509910583496,1.0943629129040016
QM9-gap-20k,GLOSS,47,16,0.5048,100.0,0.508253812789917,1.0974017291308908
QM9-gap-20k,GLOSS,47,17,0.5048,100.0,0.5134091377258301,1.100103662759023
QM9-gap-20k,GLOSS,47,18,0.5048,100.0,0.520270824432373,1.0938445109549593
QM9-gap-20k,GLOSS,47,19,0.5048,100.0,0.5369110107421875,1.0839712985339196
QM9-gap-20k,UCB-BO,47,-1,0.2078,32.2690992018244,0.0,0.0
QM9-gap-20k,UCB-BO,47,0,0.3022,53.797035347776514,0.1162109375,0.571684366719483
QM9-gap-20k,UCB-BO,47,1,0.3022,53.797035347776514,0.12232589721679688,0.7165358781561537
QM9-gap-20k,UCB-BO,47,2,0.3351,61.29988597491449,0.1311328411102295,0.7549084071602589
QM9-gap-20k,UCB-BO,47,3,0.3351,61.29988597491449,0.13420677185058594,0.767909955580983
QM9-gap-20k,UCB-BO,47,4,0.3359,61.48232611174457,0.13550996780395508,0.7926017485886431
QM9-gap-20k,UCB-BO,47,5,0.462,90.23945267958952,0.13228178024291992,0.8328385515066696
QM9-gap-20k,UCB-BO,47,6,0.462,90.23945267958952,0.13600993156433105,0.8584652931495691
QM9-gap-20k,UCB-BO,47,7,0.462,90.23945267958952,0.13650202751159668,0.8765957329536936
QM9-gap-20k,UCB-BO,47,8,0.462,90.23945267958952,0.13704609870910645,0.8773812594194175
QM9-gap-20k,UCB-BO,47,9,0.462,90.23945267958952,0.14486122131347656,0.8669264717581739
QM9-gap-20k,UCB-BO,47,10,0.462,90.23945267958952,0.14553499221801758,0.8651658139022195
QM9-gap-20k,UCB-BO,47,11,0.4802,94.38996579247436,0.15128588676452637,0.9083365815481852
QM9-gap-20k,UCB-BO,47,12,0.4802,94.38996579247436,0.15868115425109863,1.0018829543311538
QM9-gap-20k,UCB-BO,47,13,0.4802,94.38996579247436,0.16258692741394043,1.0343052274048292
QM9-gap-20k,UCB-BO,47,14,0.4802,94.38996579247436,0.16541409492492676,1.0685630994480924
QM9-gap-20k,UCB-BO,47,15,0.4802,94.38996579247436,0.16561365127563477,1.0795659320909161
QM9-gap-20k,UCB-BO,47,16,0.4802,94.38996579247436,0.1685638427734375,1.1024716854721595
QM9-gap-20k,UCB-BO,47,17,0.4802,94.38996579247436,0.16863703727722168,1.093743593367063
QM9-gap-20k,UCB-BO,47,18,0.4802,94.38996579247436,0.17299413681030273,1.1123813950382502
QM9-gap-20k,UCB-BO,47,19,0.4802,94.38996579247436,0.17818307876586914,1.127492715536124
QM9-gap-20k,BO(EI),47,-1,0.2078,32.2690992018244,0.0,0.0
QM9-gap-20k,BO(EI),47,0,0.2631,44.88027366020525,0.11053705215454102,0.3078614894466916
QM9-gap-20k,BO(EI),47,1,0.2898,50.96921322690993,0.11809992790222168,0.5030790234609916
QM9-gap-20k,BO(EI),47,2,0.2898,50.96921322690993,0.12408709526062012,0.6917988804495302
QM9-gap-20k,BO(EI),47,3,0.3135,56.37400228050171,0.12944817543029785,0.807369949237274
QM9-gap-20k,BO(EI),47,4,0.3135,56.37400228050171,0.12804889678955078,0.8397678930743653
QM9-gap-20k,BO(EI),47,5,0.3269,59.429874572405936,0.13317489624023438,0.8305740397570526
QM9-gap-20k,BO(EI),47,6,0.3762,70.67274800456099,0.1402449607849121,0.8268940730424461
QM9-gap-20k,BO(EI),47,7,0.3762,70.67274800456099,0.14547204971313477,0.8319142384894257
QM9-gap-20k,BO(EI),47,8,0.3778,71.0376282782212,0.1467146873474121,0.810697404205483
QM9-gap-20k,BO(EI),47,9,0.3778,71.0376282782212,0.14429163932800293,0.8284379825486738
QM9-gap-20k,BO(EI),47,10,0.3778,71.0376282782212,0.1516861915588379,0.8729430140083099
QM9-gap-20k,BO(EI),47,11,0.4802,94.38996579247436,0.15156197547912598,0.9155111451333552
QM9-gap-20k,BO(EI),47,12,0.4802,94.38996579247436,0.15691304206848145,0.9517881415479406
QM9-gap-20k,BO(EI),47,13,0.5048,100.0,0.16155076026916504,0.9867036533093309
QM9-gap-20k,BO(EI),47,14,0.5048,100.0,0.16369104385375977,1.0324488618206493
QM9-gap-20k,BO(EI),47,15,0.5048,100.0,0.1685018539428711,1.0318678879634764
QM9-gap-20k,BO(EI),47,16,0.5048,100.0,0.1705949306488037,1.0632735053766964
QM9-gap-20k,BO(EI),47,17,0.5048,100.0,0.16964387893676758,1.0631386379047225
QM9-gap-20k,BO(EI),47,18,0.5048,100.0,0.17630314826965332,1.064683910848101
QM9-gap-20k,BO(EI),47,19,0.5048,100.0,0.18256092071533203,1.0729511141956258
QM9-gap-20k,GA,47,-1,0.2078,32.2690992018244,0.0,0.0
QM9-gap-20k,GA,47,0,0.339,62.189281641961244,0.14096903800964355,0.8295744346642794
QM9-gap-20k,GA,47,1,0.339,62.189281641961244,0.14992213249206543,0.8291568658412101
QM9-gap-20k,GA,47,2,0.3492,64.51539338654506,0.16255784034729004,0.7641253594019227
QM9-gap-20k,GA,47,3,0.3492,64.51539338654506,0.16378116607666016,0.7343404644934268
QM9-gap-20k,GA,47,4,0.3717,69.64652223489168,0.16896414756774902,0.7437113252897359
QM9-gap-20k,GA,47,5,0.3717,69.64652223489168,0.17561125755310059,0.7320782883350124
QM9-gap-20k,GA,47,6,0.3717,69.64652223489168,0.17455792427062988,0.7228749823714605
QM9-gap-20k,GA,47,7,0.3717,69.64652223489168,0.17629790306091309,0.7021585325462788
QM9-gap-20k,GA,47,8,0.3717,69.64652223489168,0.18079400062561035,0.7305911373513334
QM9-gap-20k,GA,47,9,0.3717,69.64652223489168,0.1795823574066162,0.7682447998114783
QM9-gap-20k,GA,47,10,0.379,71.31128848346636,0.1871018409729004,0.7843237968701582
QM9-gap-20k,GA,47,11,0.379,71.31128848346636,0.19808602333068848,0.7888466630477281
QM9-gap-20k,GA,47,12,0.379,71.31128848346636,0.19528865814208984,0.7753551277877921
QM9-gap-20k,GA,47,13,0.379,71.31128848346636,0.20299792289733887,0.770875723063896
QM9-gap-20k,GA,47,14,0.379,71.31128848346636,0.20209097862243652,0.7729897348383922
QM9-gap-20k,GA,47,15,0.379,71.31128848346636,0.20308184623718262,0.7632230605096785
QM9-gap-20k,GA,47,16,0.379,71.31128848346636,0.2025439739227295,0.7713751803941585
QM9-gap-20k,GA,47,17,0.379,71.31128848346636,0.21371102333068848,0.7682904244774525
QM9-gap-20k,GA,47,18,0.379,71.31128848346636,0.21874308586120605,0.7687172558615639
QM9-gap-20k,GA,47,19,0.379,71.31128848346636,0.21356701850891113,0.7761895230711712
QM9-gap-20k,Random,47,-1,0.2078,32.2690992018244,0.0,0.0
QM9-gap-20k,Random,47,0,0.3208,58.03876852907639,0.06598401069641113,0.8692999199764969
QM9-gap-20k,Random,47,1,0.3208,58.03876852907639,0.06740212440490723,0.9192661023841711
QM9-gap-20k,Random,47,2,0.3208,58.03876852907639,0.07032108306884766,0.9829339667992244
QM9-gap-20k,Random,47,3,0.3269,59.429874572405936,0.07227087020874023,0.9617703438784762
QM9-gap-20k,Random,47,4,0.3269,59.429874572405936,0.07416391372680664,0.9722620038497701
QM9-gap-20k,Random,47,5,0.3269,59.429874572405936,0.0742650032043457,0.9542433651328746
QM9-gap-20k,Random,47,6,0.3269,59.429874572405936,0.07939600944519043,0.9422061670991021
QM9-gap-20k,Random,47,7,0.3269,59.429874572405936,0.07997798919677734,0.9819585756627017
QM9-gap-20k,Random,47,8,0.3445,63.443557582668184,0.08026599884033203,0.9976873787082724
QM9-gap-20k,Random,47,9,0.3445,63.443557582668184,0.08156299591064453,0.9990555790518221
QM9-gap-20k,Random,47,10,0.3689,69.00798175598631,0.08630609512329102,1.0046382868221044
QM9-gap-20k,Random,47,11,0.3689,69.00798175598631,0.0887150764465332,1.010850116340343
QM9-gap-20k,Random,47,12,0.3689,69.00798175598631,0.08710408210754395,0.9898857224319603
QM9-gap-20k,Random,47,13,0.3689,69.00798175598631,0.09637784957885742,0.9773262997491952
QM9-gap-20k,Random,47,14,0.3689,69.00798175598631,0.09528207778930664,0.9784328455142645
QM9-gap-20k,Random,47,15,0.3689,69.00798175598631,0.0947420597076416,0.9909447824234694
QM9-gap-20k,Random,47,16,0.3689,69.00798175598631,0.10224485397338867,0.9828753693266156
QM9-gap-20k,Random,47,17,0.3689,69.00798175598631,0.10535907745361328,0.9747113656878535
QM9-gap-20k,Random,47,18,0.3689,69.00798175598631,0.1038520336151123,0.9743614323706492
QM9-gap-20k,Random,47,19,0.3689,69.00798175598631,0.10330796241760254,0.9803493854946308
QM9-gap-20k,GLOSS,53,-1,0.2068,32.04104903078678,0.0,0.0
QM9-gap-20k,GLOSS,53,0,0.3301,60.15963511972635,0.4467899799346924,0.5954900850014537
QM9-gap-20k,GLOSS,53,1,0.3827,72.1550741163056,0.45458197593688965,0.6186589228115591
QM9-gap-20k,GLOSS,53,2,0.3891,73.6145952109464,0.4297940731048584,0.737724314227423
QM9-gap-20k,GLOSS,53,3,0.5048,100.0,0.410297155380249,0.9259501316915383
QM9-gap-20k,GLOSS,53,4,0.5048,100.0,0.4129941463470459,1.0130702398655627
QM9-gap-20k,GLOSS,53,5,0.5048,100.0,0.42812180519104004,1.0360925470209699
QM9-gap-20k,GLOSS,53,6,0.5048,100.0,0.41662096977233887,1.0768970193444927
QM9-gap-20k,GLOSS,53,7,0.5048,100.0,0.43839001655578613,1.0843917029608734
QM9-gap-20k,GLOSS,53,8,0.5048,100.0,0.44387006759643555,1.091126517005792
QM9-gap-20k,GLOSS,53,9,0.5048,100.0,0.4540247917175293,1.0918771013676456
QM9-gap-20k,GLOSS,53,10,0.5048,100.0,0.4443190097808838,1.0960845831689467
QM9-gap-20k,GLOSS,53,11,0.5048,100.0,0.4639260768890381,1.1089872890402117
QM9-gap-20k,GLOSS,53,12,0.5048,100.0,0.47936224937438965,1.0980860492395108
QM9-gap-20k,GLOSS,53,13,0.5048,100.0,0.47080016136169434,1.0843358959826879
QM9-gap-20k,GLOSS,53,14,0.5048,100.0,0.4806230068206787,1.0731303485866992
QM9-gap-20k,GLOSS,53,15,0.5048,100.0,0.4840562343597412,1.0584402909729502
QM9-gap-20k,GLOSS,53,16,0.5048,100.0,0.4910120964050293,1.0646482912109396
QM9-gap-20k,GLOSS,53,17,0.5048,100.0,0.49419212341308594,1.0652711496017193
QM9-gap-20k,GLOSS,53,18,0.5048,100.0,0.4972200393676758,1.0616571144928104
QM9-gap-20k,GLOSS,53,19,0.5048,100.0,0.49421095848083496,1.0556379762576549
QM9-gap-20k,UCB-BO,53,-1,0.2068,32.04104903078678,0.0,0.0
QM9-gap-20k,UCB-BO,53,0,0.3227,58.47206385404788,0.11517882347106934,0.34062842355463907
QM9-gap-20k,UCB-BO,53,1,0.3227,58.47206385404788,0.12423896789550781,0.33562196187863286
QM9-gap-20k,UCB-BO,53,2,0.3227,58.47206385404788,0.1252453327178955,0.7544336730817663
QM9-gap-20k,UCB-BO,53,3,0.3258,59.17901938426453,0.13164901733398438,0.7329079862065729
QM9-gap-20k,UCB-BO,53,4,0.3482,64.28734321550742,0.13695406913757324,0.7768864899865621
QM9-gap-20k,UCB-BO,53,5,0.3482,64.28734321550742,0.1404881477355957,0.8127204814957611
QM9-gap-20k,UCB-BO,53,6,0.3482,64.28734321550742,0.14617395401000977,0.8584105864463044
QM9-gap-20k,UCB-BO,53,7,0.462,90.23945267958952,0.15522193908691406,0.8861479327714072
QM9-gap-20k,UCB-BO,53,8,0.4802,94.38996579247436,0.15433812141418457,0.9276268339001182
QM9-gap-20k,UCB-BO,53,9,0.5048,100.0,0.15709900856018066,1.004728947306032
QM9-gap-20k,UCB-BO,53,10,0.5048,100.0,0.15698790550231934,1.1023614053145947
QM9-gap-20k,UCB-BO,53,11,0.5048,100.0,0.16024398803710938,1.1306222965939956
QM9-gap-20k,UCB-BO,53,12,0.5048,100.0,0.17027807235717773,1.1463074514952998
QM9-gap-20k,UCB-BO,53,13,0.5048,100.0,0.1703650951385498,1.1584532536217675
QM9-gap-20k,UCB-BO,53,14,0.5048,100.0,0.1673870086669922,1.1655625881256682
QM9-gap-20k,UCB-BO,53,15,0.5048,100.0,0.16984105110168457,1.1571620363091566
QM9-gap-20k,UCB-BO,53,16,0.5048,100.0,0.17574310302734375,1.1466107515375612
QM9-gap-20k,UCB-BO,53,17,0.5048,100.0,0.17545509338378906,1.1332160937471336
QM9-gap-20k,UCB-BO,53,18,0.5048,100.0,0.17971014976501465,1.1354149893247274
QM9-gap-20k,UCB-BO,53,19,0.5048,100.0,0.18744802474975586,1.118247509186327
QM9-gap-20k,BO(EI),53,-1,0.2068,32.04104903078678,0.0,0.0
QM9-gap-20k,BO(EI),53,0,0.3243,58.8369441277081,0.11958575248718262,0.3566624249497414
QM9-gap-20k,BO(EI),53,1,0.3613,67.27480045610035,0.13260698318481445,0.5393317093538079
QM9-gap-20k,BO(EI),53,2,0.3613,67.27480045610035,0.13549184799194336,0.6940837176313075
QM9-gap-20k,BO(EI),53,3,0.3725,69.82896237172179,0.14417099952697754,0.7492100648756364
QM9-gap-20k,BO(EI),53,4,0.374,70.17103762827821,0.14409399032592773,0.7404486362585403
QM9-gap-20k,BO(EI),53,5,0.3891,73.6145952109464,0.13761305809020996,0.7872817052192678
QM9-gap-20k,BO(EI),53,6,0.3891,73.6145952109464,0.1421191692352295,0.8299789131923735
QM9-gap-20k,BO(EI),53,7,0.3891,73.6145952109464,0.14101314544677734,0.8603263798196045
QM9-gap-20k,BO(EI),53,8,0.4802,94.38996579247436,0.14452576637268066,0.8938667172269897
QM9-gap-20k,BO(EI),53,9,0.4802,94.38996579247436,0.14925074577331543,0.9331377629444463
QM9-gap-20k,BO(EI),53,10,0.4802,94.38996579247436,0.1545720100402832,0.9763819921862923
QM9-gap-20k,BO(EI),53,11,0.4802,94.38996579247436,0.15543198585510254,0.9872227308925826
QM9-gap-20k,BO(EI),53,12,0.4802,94.38996579247436,0.16199994087219238,0.9892290352858389
QM9-gap-20k,BO(EI),53,13,0.5048,100.0,0.16885781288146973,1.0458786114497478
QM9-gap-20k,BO(EI),53,14,0.5048,100.0,0.17533183097839355,1.0831282441377275
QM9-gap-20k,BO(EI),53,15,0.5048,100.0,0.16854023933410645,1.1298695705555173
QM9-gap-20k,BO(EI),53,16,0.5048,100.0,0.17225074768066406,1.1685047990246242
QM9-gap-20k,BO(EI),53,17,0.5048,100.0,0.17426013946533203,1.212834688113145
QM9-gap-20k,BO(EI),53,18,0.5048,100.0,0.18780803680419922,1.227854427449022
QM9-gap-20k,BO(EI),53,19,0.5048,100.0,0.1825580596923828,1.2133985814156203
QM9-gap-20k,GA,53,-1,0.2068,32.04104903078678,0.0,0.0
QM9-gap-20k,GA,53,0,0.335,61.277080957810725,0.15212702751159668,0.9943869043734849
QM9-gap-20k,GA,53,1,0.3445,63.443557582668184,0.16036415100097656,0.9301598310529128
QM9-gap-20k,GA,53,2,0.3734,70.03420752565566,0.16333699226379395,0.9294452168485078
QM9-gap-20k,GA,53,3,0.3734,70.03420752565566,0.16958284378051758,0.9148052357038218
QM9-gap-20k,GA,53,4,0.3734,70.03420752565566,0.17564606666564941,0.8833230113342663
QM9-gap-20k,GA,53,5,0.4298,82.89623717217789,0.1695561408996582,0.9021321376327771
QM9-gap-20k,GA,53,6,0.4298,82.89623717217789,0.17194485664367676,0.8961686583421542
QM9-gap-20k,GA,53,7,0.462,90.23945267958952,0.17641997337341309,0.887954171594923
QM9-gap-20k,GA,53,8,0.462,90.23945267958952,0.180556058883667,0.8807655199821715
QM9-gap-20k,GA,53,9,0.462,90.23945267958952,0.1870288848876953,0.8662617130143224
QM9-gap-20k,GA,53,10,0.462,90.23945267958952,0.18729305267333984,0.8831742814825726
QM9-gap-20k,GA,53,11,0.462,90.23945267958952,0.18677997589111328,0.8701569102707911
QM9-gap-20k,GA,53,12,0.462,90.23945267958952,0.18946194648742676,0.8594608637430291
QM9-gap-20k,GA,53,13,0.462,90.23945267958952,0.19567012786865234,0.8601594435347332
QM9-gap-20k,GA,53,14,0.462,90.23945267958952,0.2060871124267578,0.860491079125821
QM9-gap-20k,GA,53,15,0.462,90.23945267958952,0.2104198932647705,0.8506365708291943
QM9-gap-20k,GA,53,16,0.462,90.23945267958952,0.21309399604797363,0.8548854612166951
QM9-gap-20k,GA,53,17,0.462,90.23945267958952,0.21360015869140625,0.8482872117727132
QM9-gap-20k,GA,53,18,0.462,90.23945267958952,0.21167993545532227,0.8516465507597649
QM9-gap-20k,GA,53,19,0.462,90.23945267958952,0.21712589263916016,0.8487067013700422
QM9-gap-20k,Random,53,-1,0.2068,32.04104903078678,0.0,0.0
QM9-gap-20k,Random,53,0,0.2835,49.53249714937286,0.06694388389587402,0.8394578566919354
QM9-gap-20k,Random,53,1,0.3167,57.103762827822116,0.06735992431640625,0.8424757549793234
QM9-gap-20k,Random,53,2,0.3235,58.65450399087799,0.0711512565612793,0.8510857972869235
QM9-gap-20k,Random,53,3,0.3289,59.885974914481196,0.07022500038146973,0.856531398155607
QM9-gap-20k,Random,53,4,0.3501,64.72063854047892,0.07190513610839844,0.9376736364981897
QM9-gap-20k,Random,53,5,0.3501,64.72063854047892,0.07374715805053711,0.9056917534353593
QM9-gap-20k,Random,53,6,0.3501,64.72063854047892,0.07671809196472168,0.9175376254053853
QM9-gap-20k,Random,53,7,0.4802,94.38996579247436,0.0774531364440918,0.9298266691856641
QM9-gap-20k,Random,53,8,0.4802,94.38996579247436,0.08315277099609375,0.9193847449574065
QM9-gap-20k,Random,53,9,0.4802,94.38996579247436,0.08707404136657715,0.8981875354391096
QM9-gap-20k,Random,53,10,0.4802,94.38996579247436,0.08503508567810059,0.9123591225659324
QM9-gap-20k,Random,53,11,0.4802,94.38996579247436,0.08948802947998047,0.9173801626994765
QM9-gap-20k,Random,53,12,0.4802,94.38996579247436,0.08843374252319336,0.9237998399152529
QM9-gap-20k,Random,53,13,0.4802,94.38996579247436,0.08966302871704102,0.9371441799597838
QM9-gap-20k,Random,53,14,0.4802,94.38996579247436,0.09361600875854492,0.9262278172368427
QM9-gap-20k,Random,53,15,0.4802,94.38996579247436,0.09637713432312012,0.9203246038440239
QM9-gap-20k,Random,53,16,0.4802,94.38996579247436,0.10092473030090332,0.9112954425904632
QM9-gap-20k,Random,53,17,0.4802,94.38996579247436,0.10251021385192871,0.9163795482516829
QM9-gap-20k,Random,53,18,0.4802,94.38996579247436,0.10445499420166016,0.9044221615882465
QM9-gap-20k,Random,53,19,0.4802,94.38996579247436,0.10676097869873047,0.9052353053637451
QM9-gap-20k,GLOSS,59,-1,0.2093,32.61117445838085,0.0,0.0
QM9-gap-20k,GLOSS,59,0,0.2551,43.055872291904215,0.3848128318786621,1.031205813591612
QM9-gap-20k,GLOSS,59,1,0.3033,54.04789053591791,0.36725592613220215,1.1478136418531528
QM9-gap-20k,GLOSS,59,2,0.3371,61.75598631698974,0.3963761329650879,1.2155011436907728
QM9-gap-20k,GLOSS,59,3,0.3734,70.03420752565566,0.41570377349853516,1.2242349250261488
QM9-gap-20k,GLOSS,59,4,0.462,90.23945267958952,0.4501371383666992,1.2292650834919507
QM9-gap-20k,GLOSS,59,5,0.5048,100.0,0.42990899085998535,1.3318418958646485
QM9-gap-20k,GLOSS,59,6,0.5048,100.0,0.43991899490356445,1.3780788120120007
QM9-gap-20k,GLOSS,59,7,0.5048,100.0,0.4399540424346924,1.3386083841986358
QM9-gap-20k,GLOSS,59,8,0.5048,100.0,0.4552619457244873,1.3081209200065744
QM9-gap-20k,GLOSS,59,9,0.5048,100.0,0.45138001441955566,1.3034029528480287
QM9-gap-20k,GLOSS,59,10,0.5048,100.0,0.45534682273864746,1.2785033076598238
QM9-gap-20k,GLOSS,59,11,0.5048,100.0,0.47223377227783203,1.2551437561325811
QM9-gap-20k,GLOSS,59,12,0.5048,100.0,0.47456932067871094,1.2577731806960197
QM9-gap-20k,GLOSS,59,13,0.5048,100.0,0.4810786247253418,1.2489438262430987
QM9-gap-20k,GLOSS,59,14,0.5048,100.0,0.47937488555908203,1.2604407896409906
QM9-gap-20k,GLOSS,59,15,0.5048,100.0,0.4900519847869873,1.2824827082871082
QM9-gap-20k,GLOSS,59,16,0.5048,100.0,0.5019869804382324,1.2802951102236766
QM9-gap-20k,GLOSS,59,17,0.5048,100.0,0.5007050037384033,1.2637940741722073
QM9-gap-20k,GLOSS,59,18,0.5048,100.0,0.5054309368133545,1.2501225513513472
QM9-gap-20k,GLOSS,59,19,0.5048,100.0,0.5171058177947998,1.2407067503602491
QM9-gap-20k,UCB-BO,59,-1,0.2093,32.61117445838085,0.0,0.0
QM9-gap-20k,UCB-BO,59,0,0.2551,43.055872291904215,0.12190008163452148,0.5345657099265325
QM9-gap-20k,UCB-BO,59,1,0.2736,47.274800456100344,0.12467598915100098,0.7340384424873482
QM9-gap-20k,UCB-BO,59,2,0.2736,47.274800456100344,0.12570905685424805,0.7528716229542527
QM9-gap-20k,UCB-BO,59,3,0.3323,60.66134549600912,0.12686896324157715,0.8580216141091805
QM9-gap-20k,UCB-BO,59,4,0.3323,60.66134549600912,0.13484692573547363,0.8962114070145177
QM9-gap-20k,UCB-BO,59,5,0.4465,86.70467502850626,0.14461684226989746,0.9525906059596277
QM9-gap-20k,UCB-BO,59,6,0.4465,86.70467502850626,0.14598703384399414,1.07050235047249
QM9-gap-20k,UCB-BO,59,7,0.5048,100.0,0.1482069492340088,1.1781831002474894
QM9-gap-20k,UCB-BO,59,8,0.5048,100.0,0.1556088924407959,1.232673987908976
QM9-gap-20k,UCB-BO,59,9,0.5048,100.0,0.15949201583862305,1.2242480494585901
QM9-gap-20k,UCB-BO,59,10,0.5048,100.0,0.15555191040039062,1.2118391059799396
QM9-gap-20k,UCB-BO,59,11,0.5048,100.0,0.16019892692565918,1.2203217906765726
QM9-gap-20k,UCB-BO,59,12,0.5048,100.0,0.16299104690551758,1.220417228493701
QM9-gap-20k,UCB-BO,59,13,0.5048,100.0,0.16717076301574707,1.2118014508655843
QM9-gap-20k,UCB-BO,59,14,0.5048,100.0,0.17032313346862793,1.2105904508196685
QM9-gap-20k,UCB-BO,59,15,0.5048,100.0,0.17021894454956055,1.1998620298442682
QM9-gap-20k,UCB-BO,59,16,0.5048,100.0,0.17170500755310059,1.1823438611035435
QM9-gap-20k,UCB-BO,59,17,0.5048,100.0,0.17583012580871582,1.1648726900974231
QM9-gap-20k,UCB-BO,59,18,0.5048,100.0,0.17606496810913086,1.1452468074049111
QM9-gap-20k,UCB-BO,59,19,0.5048,100.0,0.1800367832183838,1.1271977531229596
QM9-gap-20k,BO(EI),59,-1,0.2093,32.61117445838085,0.0,0.0
QM9-gap-20k,BO(EI),59,0,0.2579,43.694412770809585,0.11777997016906738,0.8339446245968739
QM9-gap-20k,BO(EI),59,1,0.3454,63.64880273660205,0.12447571754455566,1.0032522639673476
QM9-gap-20k,BO(EI),59,2,0.3697,69.19042189281642,0.12803101539611816,0.9090278044085668
QM9-gap-20k,BO(EI),59,3,0.3799,71.51653363740023,0.13540124893188477,0.915728574721294
QM9-gap-20k,BO(EI),59,4,0.4128,79.0193842645382,0.13885998725891113,0.9758418290180774
QM9-gap-20k,BO(EI),59,5,0.4465,86.70467502850626,0.14637112617492676,1.1066519917417375
QM9-gap-20k,BO(EI),59,6,0.4465,86.70467502850626,0.14545202255249023,1.1460320765053353
QM9-gap-20k,BO(EI),59,7,0.4802,94.38996579247436,0.1493849754333496,1.1119293931558631
QM9-gap-20k,BO(EI),59,8,0.5048,100.0,0.1518092155456543,1.179421045665209
QM9-gap-20k,BO(EI),59,9,0.5048,100.0,0.15429186820983887,1.1860672950530136
QM9-gap-20k,BO(EI),59,10,0.5048,100.0,0.1549980640411377,1.1849025015717736
QM9-gap-20k,BO(EI),59,11,0.5048,100.0,0.16037416458129883,1.1739269324014414
QM9-gap-20k,BO(EI),59,12,0.5048,100.0,0.1662290096282959,1.1699057836205395
QM9-gap-20k,BO(EI),59,13,0.5048,100.0,0.16628098487854004,1.1872626575761553
QM9-gap-20k,BO(EI),59,14,0.5048,100.0,0.1689291000366211,1.1826631375468115
QM9-gap-20k,BO(EI),59,15,0.5048,100.0,0.17248106002807617,1.18245358919047
QM9-gap-20k,BO(EI),59,16,0.5048,100.0,0.1745009422302246,1.1859604158754256
QM9-gap-20k,BO(EI),59,17,0.5048,100.0,0.17590713500976562,1.2004065362343208
QM9-gap-20k,BO(EI),59,18,0.5048,100.0,0.17877674102783203,1.1882041944097952
QM9-gap-20k,BO(EI),59,19,0.5048,100.0,0.18476176261901855,1.1785841722098127
QM9-gap-20k,GA,59,-1,0.2093,32.61117445838085,0.0,0.0
QM9-gap-20k,GA,59,0,0.2753,47.662485746864306,0.14459681510925293,0.9912948744215375
QM9-gap-20k,GA,59,1,0.3575,66.40820980615736,0.15276479721069336,1.1107533925991708
QM9-gap-20k,GA,59,2,0.3575,66.40820980615736,0.16021490097045898,1.1039241711770278
QM9-gap-20k,GA,59,3,0.3587,66.68187001140251,0.1671757698059082,1.0170486431832273
QM9-gap-20k,GA,59,4,0.3587,66.68187001140251,0.1747760772705078,0.9608092249992994
QM9-gap-20k,GA,59,5,0.3744,70.26225769669328,0.17719817161560059,0.9406298491980086
QM9-gap-20k,GA,59,6,0.3744,70.26225769669328,0.1779778003692627,0.914438075708224
QM9-gap-20k,GA,59,7,0.3744,70.26225769669328,0.18345427513122559,0.9073726719909301
QM9-gap-20k,GA,59,8,0.3744,70.26225769669328,0.18878602981567383,0.8890009216954116
QM9-gap-20k,GA,59,9,0.3744,70.26225769669328,0.1870572566986084,0.8571482115498524
QM9-gap-20k,GA,59,10,0.3744,70.26225769669328,0.19237017631530762,0.8475979551743921
QM9-gap-20k,GA,59,11,0.3744,70.26225769669328,0.19512081146240234,0.8416434690323477
QM9-gap-20k,GA,59,12,0.3744,70.26225769669328,0.2019960880279541,0.8461549214501504
QM9-gap-20k,GA,59,13,0.3744,70.26225769669328,0.2099907398223877,0.8405866241691311
QM9-gap-20k,GA,59,14,0.3744,70.26225769669328,0.20920228958129883,0.8384282487202521
QM9-gap-20k,GA,59,15,0.3744,70.26225769669328,0.20432829856872559,0.8294524564554911
QM9-gap-20k,GA,59,16,0.3744,70.26225769669328,0.21839094161987305,0.8252861726496525
QM9-gap-20k,GA,59,17,0.3744,70.26225769669328,0.21556711196899414,0.8244327009637585
QM9-gap-20k,GA,59,18,0.3744,70.26225769669328,0.21614694595336914,0.8264168120087254
QM9-gap-20k,GA,59,19,0.3744,70.26225769669328,0.22054219245910645,0.8248039498044842
QM9-gap-20k,Random,59,-1,0.2093,32.61117445838085,0.0,0.0
QM9-gap-20k,Random,59,0,0.2593,44.01368301026225,0.06554007530212402,0.9568634196355227
QM9-gap-20k,Random,59,1,0.3264,59.31584948688712,0.06660199165344238,0.9766489159589038
QM9-gap-20k,Random,59,2,0.3264,59.31584948688712,0.06826996803283691,1.0298362802671057
QM9-gap-20k,Random,59,3,0.3264,59.31584948688712,0.06963992118835449,0.9624577762534441
QM9-gap-20k,Random,59,4,0.3264,59.31584948688712,0.07224798202514648,0.9572798052077652
QM9-gap-20k,Random,59,5,0.3264,59.31584948688712,0.07662796974182129,0.9533252049824366
QM9-gap-20k,Random,59,6,0.3264,59.31584948688712,0.07799291610717773,0.9437872289749574
QM9-gap-20k,Random,59,7,0.3264,59.31584948688712,0.07795500755310059,0.9292853445875168
QM9-gap-20k,Random,59,8,0.3429,63.07867730900797,0.08275985717773438,0.9564989342299848
QM9-gap-20k,Random,59,9,0.3429,63.07867730900797,0.08398079872131348,0.9417038887787006
QM9-gap-20k,Random,59,10,0.3429,63.07867730900797,0.08328604698181152,0.9547435820286434
QM9-gap-20k,Random,59,11,0.3429,63.07867730900797,0.08621716499328613,0.9347327239595136
QM9-gap-20k,Random,59,12,0.3429,63.07867730900797,0.08904504776000977,0.9396097542671848
QM9-gap-20k,Random,59,13,0.3429,63.07867730900797,0.09277677536010742,0.9518508856036191
QM9-gap-20k,Random,59,14,0.3429,63.07867730900797,0.09475088119506836,0.9513992820716332
QM9-gap-20k,Random,59,15,0.3429,63.07867730900797,0.09703183174133301,0.9543682645081115
QM9-gap-20k,Random,59,16,0.3429,63.07867730900797,0.09891581535339355,0.947370548963015
QM9-gap-20k,Random,59,17,0.3429,63.07867730900797,0.10039305686950684,0.9517651004563464
QM9-gap-20k,Random,59,18,0.3429,63.07867730900797,0.10244202613830566,0.947184791919601
QM9-gap-20k,Random,59,19,0.3429,63.07867730900797,0.10498785972595215,0.952689828465579
QM9-gap-20k,GLOSS,61,-1,0.204,31.402508551881414,0.0,0.0
QM9-gap-20k,GLOSS,61,0,0.318,57.400228050171044,0.41410017013549805,0.7967157514997091
QM9-gap-20k,GLOSS,61,1,0.4128,79.0193842645382,0.40190911293029785,0.9431062220011819
QM9-gap-20k,GLOSS,61,2,0.4128,79.0193842645382,0.4094829559326172,1.0171130144870966
QM9-gap-20k,GLOSS,61,3,0.4465,86.70467502850626,0.3993241786956787,1.067466853901136
QM9-gap-20k,GLOSS,61,4,0.5048,100.0,0.40318799018859863,1.1481138029363405
QM9-gap-20k,GLOSS,61,5,0.5048,100.0,0.40885114669799805,1.1989864072589953
QM9-gap-20k,GLOSS,61,6,0.5048,100.0,0.4375901222229004,1.175541724473246
QM9-gap-20k,GLOSS,61,7,0.5048,100.0,0.4354276657104492,1.1655082768755993
QM9-gap-20k,GLOSS,61,8,0.5048,100.0,0.43593335151672363,1.1405706334713523
QM9-gap-20k,GLOSS,61,9,0.5048,100.0,0.44127607345581055,1.1435514227927155
QM9-gap-20k,GLOSS,61,10,0.5048,100.0,0.44447803497314453,1.1338971973293777
QM9-gap-20k,GLOSS,61,11,0.5048,100.0,0.46092796325683594,1.1320160876970313
QM9-gap-20k,GLOSS,61,12,0.5048,100.0,0.45679497718811035,1.1200647279019955
QM9-gap-20k,GLOSS,61,13,0.5048,100.0,0.4671649932861328,1.1195022514077886
QM9-gap-20k,GLOSS,61,14,0.5048,100.0,0.4703648090362549,1.11860252153596
QM9-gap-20k,GLOSS,61,15,0.5048,100.0,0.4761672019958496,1.1153680974920002
QM9-gap-20k,GLOSS,61,16,0.5048,100.0,0.48935985565185547,1.1206967670522896
QM9-gap-20k,GLOSS,61,17,0.5048,100.0,0.48096275329589844,1.1072484253889214
QM9-gap-20k,GLOSS,61,18,0.5048,100.0,0.5038540363311768,1.104894689784004
QM9-gap-20k,GLOSS,61,19,0.5048,100.0,0.5139429569244385,1.1037521960279824
QM9-gap-20k,UCB-BO,61,-1,0.204,31.402508551881414,0.0,0.0
QM9-gap-20k,UCB-BO,61,0,0.3285,59.794754846066134,0.11483287811279297,0.29367962779473045
QM9-gap-20k,UCB-BO,61,1,0.3285,59.794754846066134,0.11521625518798828,0.7986279058142032
QM9-gap-20k,UCB-BO,61,2,0.3285,59.794754846066134,0.12351298332214355,0.7292106891808773
QM9-gap-20k,UCB-BO,61,3,0.3358,61.45952109464081,0.1270301342010498,0.7360666183017267
QM9-gap-20k,UCB-BO,61,4,0.3358,61.45952109464081,0.1245582103729248,0.6940540850616124
QM9-gap-20k,UCB-BO,61,5,0.3388,62.14367160775369,0.12874293327331543,0.7334110695095715
QM9-gap-20k,UCB-BO,61,6,0.4802,94.38996579247436,0.13050198554992676,0.8541123212907323
QM9-gap-20k,UCB-BO,61,7,0.4802,94.38996579247436,0.13932514190673828,0.9651512016264064
QM9-gap-20k,UCB-BO,61,8,0.4802,94.38996579247436,0.14314627647399902,0.9909567208354881
QM9-gap-20k,UCB-BO,61,9,0.4802,94.38996579247436,0.1441938877105713,1.0091572420271533
QM9-gap-20k,UCB-BO,61,10,0.5048,100.0,0.14974403381347656,1.0486873904291505
QM9-gap-20k,UCB-BO,61,11,0.5048,100.0,0.15227413177490234,1.10044728762228
QM9-gap-20k,UCB-BO,61,12,0.5048,100.0,0.15694522857666016,1.0924769618291832
QM9-gap-20k,UCB-BO,61,13,0.5048,100.0,0.159926176071167,1.1010486321109143
QM9-gap-20k,UCB-BO,61,14,0.5048,100.0,0.1565868854522705,1.0785895428669052
QM9-gap-20k,UCB-BO,61,15,0.5048,100.0,0.16237783432006836,1.0662927190168492
QM9-gap-20k,UCB-BO,61,16,0.5048,100.0,0.16223382949829102,1.0468479985996402
QM9-gap-20k,UCB-BO,61,17,0.5048,100.0,0.1629807949066162,1.034156083214165
QM9-gap-20k,UCB-BO,61,18,0.5048,100.0,0.16884374618530273,1.0439394865355034
QM9-gap-20k,UCB-BO,61,19,0.5048,100.0,0.17002391815185547,1.0334324248727245
QM9-gap-20k,BO(EI),61,-1,0.204,31.402508551881414,0.0,0.0
QM9-gap-20k,BO(EI),61,0,0.3051,54.458380843785626,0.10890913009643555,0.29244172598498713
QM9-gap-20k,BO(EI),61,1,0.462,90.23945267958952,0.11933302879333496,0.683645255160687
QM9-gap-20k,BO(EI),61,2,0.4802,94.38996579247436,0.12316393852233887,0.8681854325670362
QM9-gap-20k,BO(EI),61,3,0.4802,94.38996579247436,0.12476205825805664,0.9505171317554872
QM9-gap-20k,BO(EI),61,4,0.4802,94.38996579247436,0.13351178169250488,1.0698141061343727
QM9-gap-20k,BO(EI),61,5,0.5048,100.0,0.14006805419921875,1.145509427375874
QM9-gap-20k,BO(EI),61,6,0.5048,100.0,0.1454308032989502,1.1974476112495143
QM9-gap-20k,BO(EI),61,7,0.5048,100.0,0.14918899536132812,1.1776100678165573
QM9-gap-20k,BO(EI),61,8,0.5048,100.0,0.15004205703735352,1.191305176009006
QM9-gap-20k,BO(EI),61,9,0.5048,100.0,0.15300202369689941,1.1854499142476735
QM9-gap-20k,BO(EI),61,10,0.5048,100.0,0.16051077842712402,1.1556376688376406
QM9-gap-20k,BO(EI),61,11,0.5048,100.0,0.15998601913452148,1.1565017314931518
QM9-gap-20k,BO(EI),61,12,0.5048,100.0,0.17040324211120605,1.153864476062289
QM9-gap-20k,BO(EI),61,13,0.5048,100.0,0.16402888298034668,1.1457719786273781
QM9-gap-20k,BO(EI),61,14,0.5048,100.0,0.17508482933044434,1.1445799105340895
QM9-gap-20k,BO(EI),61,15,0.5048,100.0,0.17714500427246094,1.1582212089537283
QM9-gap-20k,BO(EI),61,16,0.5048,100.0,0.1788167953491211,1.135767286958582
QM9-gap-20k,BO(EI),61,17,0.5048,100.0,0.17968511581420898,1.12924446726016
QM9-gap-20k,BO(EI),61,18,0.5048,100.0,0.1847057342529297,1.145874466958217
QM9-gap-20k,BO(EI),61,19,0.5048,100.0,0.1850430965423584,1.1393529893519279
QM9-gap-20k,GA,61,-1,0.204,31.402508551881414,0.0,0.0
QM9-gap-20k,GA,61,0,0.3373,61.80159635119726,0.14005208015441895,0.6288901408028222
QM9-gap-20k,GA,61,1,0.3373,61.80159635119726,0.15721917152404785,0.7001254027884161
QM9-gap-20k,GA,61,2,0.3423,62.94184720638542,0.16042494773864746,0.7036499132592487
QM9-gap-20k,GA,61,3,0.3891,73.6145952109464,0.1620490550994873,0.7697381067478604
QM9-gap-20k,GA,61,4,0.3891,73.6145952109464,0.16997599601745605,0.77708165254966
QM9-gap-20k,GA,61,5,0.4117,78.76852907639682,0.17205405235290527,0.8095385618660521
QM9-gap-20k,GA,61,6,0.4117,78.76852907639682,0.17378783226013184,0.774766504317537
QM9-gap-20k,GA,61,7,0.4117,78.76852907639682,0.17617416381835938,0.788954781406539
QM9-gap-20k,GA,61,8,0.4117,78.76852907639682,0.1837329864501953,0.7895773911661202
QM9-gap-20k,GA,61,9,0.4117,78.76852907639682,0.1875629425048828,0.7930654207162475
QM9-gap-20k,GA,61,10,0.4117,78.76852907639682,0.19015812873840332,0.800530416431826
QM9-gap-20k,GA,61,11,0.418,80.20524515393387,0.190155029296875,0.8072809489674106
QM9-gap-20k,GA,61,12,0.418,80.20524515393387,0.19124889373779297,0.803634491827741
QM9-gap-20k,GA,61,13,0.418,80.20524515393387,0.19651103019714355,0.7966709467778142
QM9-gap-20k,GA,61,14,0.418,80.20524515393387,0.19379305839538574,0.7865170797224932
QM9-gap-20k,GA,61,15,0.418,80.20524515393387,0.19924402236938477,0.7755051420342005
QM9-gap-20k,GA,61,16,0.418,80.20524515393387,0.19963526725769043,0.7741604365534505
QM9-gap-20k,GA,61,17,0.418,80.20524515393387,0.20410609245300293,0.7645306622716586
QM9-gap-20k,GA,61,18,0.418,80.20524515393387,0.21702885627746582,0.7562568363811836
QM9-gap-20k,GA,61,19,0.418,80.20524515393387,0.22036981582641602,0.7540058492356189
QM9-gap-20k,Random,61,-1,0.204,31.402508551881414,0.0,0.0
QM9-gap-20k,Random,61,0,0.3296,60.04561003420752,0.07132601737976074,1.043676655642284
QM9-gap-20k,Random,61,1,0.3385,62.07525655644241,0.07132411003112793,0.9298562344538025
QM9-gap-20k,Random,61,2,0.3385,62.07525655644241,0.06814193725585938,0.9131609928752576
QM9-gap-20k,Random,61,3,0.3385,62.07525655644241,0.07091689109802246,0.904249053026001
QM9-gap-20k,Random,61,4,0.3441,63.35233751425314,0.07600212097167969,0.9765496291009025
QM9-gap-20k,Random,61,5,0.3441,63.35233751425314,0.07659506797790527,0.9532992443896692
QM9-gap-20k,Random,61,6,0.3441,63.35233751425314,0.08139300346374512,0.9324960484179587
QM9-gap-20k,Random,61,7,0.3441,63.35233751425314,0.08269906044006348,0.930213907179448
QM9-gap-20k,Random,61,8,0.3441,63.35233751425314,0.08208894729614258,0.9190553089648258
QM9-gap-20k,Random,61,9,0.3441,63.35233751425314,0.08626985549926758,0.9568737852441608
QM9-gap-20k,Random,61,10,0.3441,63.35233751425314,0.0877988338470459,0.9556815108723404
QM9-gap-20k,Random,61,11,0.3441,63.35233751425314,0.08797693252563477,0.9640508399081782
QM9-gap-20k,Random,61,12,0.3441,63.35233751425314,0.0929563045501709,0.9575602655600453
QM9-gap-20k,Random,61,13,0.3441,63.35233751425314,0.09251213073730469,0.9584421220545429
QM9-gap-20k,Random,61,14,0.3441,63.35233751425314,0.0952141284942627,0.9461027144654949
QM9-gap-20k,Random,61,15,0.3482,64.28734321550742,0.09681391716003418,0.9465824577091806
QM9-gap-20k,Random,61,16,0.3482,64.28734321550742,0.09785103797912598,0.952573013212237
QM9-gap-20k,Random,61,17,0.3482,64.28734321550742,0.10019397735595703,0.9443697503755172
QM9-gap-20k,Random,61,18,0.3482,64.28734321550742,0.10553312301635742,0.9413035881947116
QM9-gap-20k,Random,61,19,0.3482,64.28734321550742,0.10788202285766602,0.9402245054965017
QM9-gap-20k,GLOSS,67,-1,0.1991,30.285062713797036,0.0,0.0
QM9-gap-20k,GLOSS,67,0,0.2239,35.94070695553022,0.37007784843444824,0.5562825855127921
QM9-gap-20k,GLOSS,67,1,0.2239,35.94070695553022,0.42478370666503906,0.807327666571665
QM9-gap-20k,GLOSS,67,2,0.2807,48.8939566704675,0.4080791473388672,0.8600139481335168
QM9-gap-20k,GLOSS,67,3,0.3501,64.72063854047892,0.4037301540374756,1.1624530757595497
QM9-gap-20k,GLOSS,67,4,0.379,71.31128848346636,0.422119140625,1.244399142780964
QM9-gap-20k,GLOSS,67,5,0.5048,100.0,0.43408989906311035,1.3672504671703485
QM9-gap-20k,GLOSS,67,6,0.5048,100.0,0.4288597106933594,1.4221685258522516
QM9-gap-20k,GLOSS,67,7,0.5048,100.0,0.4292027950286865,1.3897199420160344
QM9-gap-20k,GLOSS,67,8,0.5048,100.0,0.4363710880279541,1.3836988689877678
QM9-gap-20k,GLOSS,67,9,0.5048,100.0,0.4428718090057373,1.3787585537280571
QM9-gap-20k,GLOSS,67,10,0.5048,100.0,0.45898890495300293,1.378738559758701
QM9-gap-20k,GLOSS,67,11,0.5048,100.0,0.465487003326416,1.3590816041536018
QM9-gap-20k,GLOSS,67,12,0.5048,100.0,0.4696071147918701,1.3487421831017763
QM9-gap-20k,GLOSS,67,13,0.5048,100.0,0.46825218200683594,1.3304175143928627
QM9-gap-20k,GLOSS,67,14,0.5048,100.0,0.4679090976715088,1.3146683083360649
QM9-gap-20k,GLOSS,67,15,0.5048,100.0,0.47780394554138184,1.312881001859132
QM9-gap-20k,GLOSS,67,16,0.5048,100.0,0.49511289596557617,1.2892749533472943
QM9-gap-20k,GLOSS,67,17,0.5048,100.0,0.508385181427002,1.2804663195276806
QM9-gap-20k,GLOSS,67,18,0.5048,100.0,0.5018529891967773,1.274176684904439
QM9-gap-20k,GLOSS,67,19,0.5048,100.0,0.50543212890625,1.2881608294460587
QM9-gap-20k,UCB-BO,67,-1,0.1991,30.285062713797036,0.0,0.0
QM9-gap-20k,UCB-BO,67,0,0.2239,35.94070695553022,0.11080813407897949,0.36152668557345585
QM9-gap-20k,UCB-BO,67,1,0.2239,35.94070695553022,0.11823487281799316,0.41715948503456785
QM9-gap-20k,UCB-BO,67,2,0.2785,48.39224629418473,0.12059402465820312,0.7253759774811489
QM9-gap-20k,UCB-BO,67,3,0.2859,50.07981755986317,0.12606000900268555,0.9584097872352013
QM9-gap-20k,UCB-BO,67,4,0.2898,50.96921322690993,0.13376688957214355,1.1234348694769025
QM9-gap-20k,UCB-BO,67,5,0.3087,55.27936145952109,0.1403801441192627,1.15879756660561
QM9-gap-20k,UCB-BO,67,6,0.3087,55.27936145952109,0.1447620391845703,1.168124175371499
QM9-gap-20k,UCB-BO,67,7,0.322,58.312428734321564,0.14362001419067383,1.1482755168401375
QM9-gap-20k,UCB-BO,67,8,0.322,58.312428734321564,0.14847898483276367,1.1404093558442876
QM9-gap-20k,UCB-BO,67,9,0.3386,62.09806157354618,0.15093994140625,1.1122743407996782
QM9-gap-20k,UCB-BO,67,10,0.4128,79.0193842645382,0.15415096282958984,1.1324331846766718
QM9-gap-20k,UCB-BO,67,11,0.4128,79.0193842645382,0.15591096878051758,1.188630862443684
QM9-gap-20k,UCB-BO,67,12,0.462,90.23945267958952,0.1568739414215088,1.1944780207175212
QM9-gap-20k,UCB-BO,67,13,0.4802,94.38996579247436,0.16843271255493164,1.207871266456057
QM9-gap-20k,UCB-BO,67,14,0.5048,100.0,0.1689310073852539,1.252360501576746
QM9-gap-20k,UCB-BO,67,15,0.5048,100.0,0.16699600219726562,1.2598772006135261
QM9-gap-20k,UCB-BO,67,16,0.5048,100.0,0.16946196556091309,1.2692399989651957
QM9-gap-20k,UCB-BO,67,17,0.5048,100.0,0.17510485649108887,1.2537187177903246
QM9-gap-20k,UCB-BO,67,18,0.5048,100.0,0.1815779209136963,1.2377851046362218
QM9-gap-20k,UCB-BO,67,19,0.5048,100.0,0.1804640293121338,1.2496210496075502
QM9-gap-20k,BO(EI),67,-1,0.1991,30.285062713797036,0.0,0.0
QM9-gap-20k,BO(EI),67,0,0.2239,35.94070695553022,0.11347579956054688,0.38409034883636206
QM9-gap-20k,BO(EI),67,1,0.2239,35.94070695553022,0.11675810813903809,0.4144163072709228
QM9-gap-20k,BO(EI),67,2,0.2284,36.96693272519954,0.11986780166625977,0.4763769868527947
QM9-gap-20k,BO(EI),67,3,0.2538,42.75940706955531,0.12138915061950684,0.509604991804938
QM9-gap-20k,BO(EI),67,4,0.3186,57.537058152793605,0.12387895584106445,0.8435169498578255
QM9-gap-20k,BO(EI),67,5,0.3431,63.124287343215514,0.13167595863342285,1.114628931303432
QM9-gap-20k,BO(EI),67,6,0.3891,73.6145952109464,0.1298840045928955,1.3093077624493188
QM9-gap-20k,BO(EI),67,7,0.3891,73.6145952109464,0.14351797103881836,1.3463496056552362
QM9-gap-20k,BO(EI),67,8,0.3891,73.6145952109464,0.1441478729248047,1.325698557144584
QM9-gap-20k,BO(EI),67,9,0.3891,73.6145952109464,0.1492609977722168,1.3249297021333721
QM9-gap-20k,BO(EI),67,10,0.3891,73.6145952109464,0.15582275390625,1.3083372745173822
QM9-gap-20k,BO(EI),67,11,0.4128,79.0193842645382,0.160369873046875,1.3066593925520154
QM9-gap-20k,BO(EI),67,12,0.4802,94.38996579247436,0.16160202026367188,1.31773804527198
QM9-gap-20k,BO(EI),67,13,0.4802,94.38996579247436,0.17114806175231934,1.3180744354473304
QM9-gap-20k,BO(EI),67,14,0.4802,94.38996579247436,0.17211222648620605,1.3148398394266736
QM9-gap-20k,BO(EI),67,15,0.4802,94.38996579247436,0.174483060836792,1.3021761506841325
QM9-gap-20k,BO(EI),67,16,0.5048,100.0,0.18050312995910645,1.3519148138551478
QM9-gap-20k,BO(EI),67,17,0.5048,100.0,0.17693305015563965,1.3566135306830733
QM9-gap-20k,BO(EI),67,18,0.5048,100.0,0.19070696830749512,1.3387511207158602
QM9-gap-20k,BO(EI),67,19,0.5048,100.0,0.18581008911132812,1.3485334796811417
QM9-gap-20k,GA,67,-1,0.1991,30.285062713797036,0.0,0.0
QM9-gap-20k,GA,67,0,0.3235,58.65450399087799,0.13986992835998535,0.8181149324186234
QM9-gap-20k,GA,67,1,0.3429,63.07867730900797,0.15331196784973145,0.9447530138505622
QM9-gap-20k,GA,67,2,0.3429,63.07867730900797,0.16754770278930664,0.9114010397283708
QM9-gap-20k,GA,67,3,0.3429,63.07867730900797,0.17116808891296387,0.9046877628505191
QM9-gap-20k,GA,67,4,0.4128,79.0193842645382,0.17506003379821777,0.9031280529943674
QM9-gap-20k,GA,67,5,0.4128,79.0193842645382,0.18160295486450195,0.9170161152026063
QM9-gap-20k,GA,67,6,0.4128,79.0193842645382,0.18648624420166016,0.8942374458380129
QM9-gap-20k,GA,67,7,0.4128,79.0193842645382,0.18655014038085938,0.8817777533283391
QM9-gap-20k,GA,67,8,0.4128,79.0193842645382,0.19257307052612305,0.8982860039634958
QM9-gap-20k,GA,67,9,0.4128,79.0193842645382,0.19124674797058105,0.9081004965547861
QM9-gap-20k,GA,67,10,0.5048,100.0,0.19565105438232422,0.9339244394373353
QM9-gap-20k,GA,67,11,0.5048,100.0,0.20209407806396484,0.937622060023707
QM9-gap-20k,GA,67,12,0.5048,100.0,0.20815420150756836,0.9361549650513976
QM9-gap-20k,GA,67,13,0.5048,100.0,0.20789504051208496,0.9358706721108483
QM9-gap-20k,GA,67,14,0.5048,100.0,0.2162618637084961,0.9303272904200356
QM9-gap-20k,GA,67,15,0.5048,100.0,0.21986818313598633,0.9269946936078433
QM9-gap-20k,GA,67,16,0.5048,100.0,0.22220396995544434,0.932422854537943
QM9-gap-20k,GA,67,17,0.5048,100.0,0.21578502655029297,0.9282230844084397
QM9-gap-20k,GA,67,18,0.5048,100.0,0.22249174118041992,0.9264346120375051
QM9-gap-20k,GA,67,19,0.5048,100.0,0.22319483757019043,0.92352169083616
QM9-gap-20k,Random,67,-1,0.1991,30.285062713797036,0.0,0.0
QM9-gap-20k,Random,67,0,0.3042,54.253135689851774,0.06645798683166504,1.0225939384700533
QM9-gap-20k,Random,67,1,0.3042,54.253135689851774,0.0670008659362793,0.9375391860614184
QM9-gap-20k,Random,67,2,0.378,71.08323831242873,0.07036495208740234,0.9685701485901902
QM9-gap-20k,Random,67,3,0.378,71.08323831242873,0.07330894470214844,0.9543526624663066
QM9-gap-20k,Random,67,4,0.378,71.08323831242873,0.07586407661437988,0.9679011616630673
QM9-gap-20k,Random,67,5,0.378,71.08323831242873,0.07627320289611816,0.9485702241503272
QM9-gap-20k,Random,67,6,0.378,71.08323831242873,0.0749661922454834,0.9428446097691
QM9-gap-20k,Random,67,7,0.378,71.08323831242873,0.07724308967590332,0.917537457322149
QM9-gap-20k,Random,67,8,0.378,71.08323831242873,0.08052873611450195,0.9364115211035366
QM9-gap-20k,Random,67,9,0.378,71.08323831242873,0.0834040641784668,0.9141911946357782
QM9-gap-20k,Random,67,10,0.378,71.08323831242873,0.08614587783813477,0.8986912456931577
QM9-gap-20k,Random,67,11,0.378,71.08323831242873,0.08943700790405273,0.8827095724989504
QM9-gap-20k,Random,67,12,0.378,71.08323831242873,0.08973002433776855,0.8852596401780594
QM9-gap-20k,Random,67,13,0.378,71.08323831242873,0.09193992614746094,0.8896965623167846
QM9-gap-20k,Random,67,14,0.378,71.08323831242873,0.09382510185241699,0.8913585220254344
QM9-gap-20k,Random,67,15,0.378,71.08323831242873,0.0981450080871582,0.8910045850407693
QM9-gap-20k,Random,67,16,0.378,71.08323831242873,0.1011650562286377,0.8949328260510018
QM9-gap-20k,Random,67,17,0.378,71.08323831242873,0.10104608535766602,0.8863728338706475
QM9-gap-20k,Random,67,18,0.378,71.08323831242873,0.10426998138427734,0.880160720029378
QM9-gap-20k,Random,67,19,0.378,71.08323831242873,0.10624289512634277,0.8789191866114381
QM9-gap-25k,GLOSS,47,-1,0.206,35.43647363872082,0.0,0.0
QM9-gap-25k,GLOSS,47,0,0.3127,58.491789109766636,0.48650097846984863,0.6978275360792453
QM9-gap-25k,GLOSS,47,1,0.3347,63.245462402765774,0.5253372192382812,0.9224740335950714
QM9-gap-25k,GLOSS,47,2,0.3377,63.89369057908384,0.48097705841064453,0.9302436185687429
QM9-gap-25k,GLOSS,47,3,0.4117,79.88331892826275,0.5154459476470947,0.9530185792438947
QM9-gap-25k,GLOSS,47,4,0.462,90.75194468452895,0.4910106658935547,1.0020832949420337
QM9-gap-25k,GLOSS,47,5,0.462,90.75194468452895,0.5133366584777832,1.0326918379748367
QM9-gap-25k,GLOSS,47,6,0.4802,94.68452895419188,0.5352787971496582,1.085769096042877
QM9-gap-25k,GLOSS,47,7,0.5048,100.0,0.5274310111999512,1.1103380818480546
QM9-gap-25k,GLOSS,47,8,0.5048,100.0,0.5194752216339111,1.1282638223018784
QM9-gap-25k,GLOSS,47,9,0.5048,100.0,0.5271198749542236,1.1482063049290048
QM9-gap-25k,GLOSS,47,10,0.5048,100.0,0.5299410820007324,1.1693383824828185
QM9-gap-25k,GLOSS,47,11,0.5048,100.0,0.5495407581329346,1.1820984234663134
QM9-gap-25k,GLOSS,47,12,0.5048,100.0,0.5542337894439697,1.1835131799705918
QM9-gap-25k,GLOSS,47,13,0.5048,100.0,0.5597031116485596,1.1843411336041767
QM9-gap-25k,GLOSS,47,14,0.5048,100.0,0.5676248073577881,1.1762881018205007
QM9-gap-25k,GLOSS,47,15,0.5048,100.0,0.5881180763244629,1.1630193307867085
QM9-gap-25k,GLOSS,47,16,0.5048,100.0,0.5913801193237305,1.155961091968899
QM9-gap-25k,GLOSS,47,17,0.5048,100.0,0.6210386753082275,1.1528393558750254
QM9-gap-25k,GLOSS,47,18,0.5048,100.0,0.5998697280883789,1.139076655135932
QM9-gap-25k,GLOSS,47,19,0.5048,100.0,0.5969231128692627,1.1324619967561385
QM9-gap-25k,UCB-BO,47,-1,0.206,35.43647363872082,0.0,0.0
QM9-gap-25k,UCB-BO,47,0,0.282,51.8582541054451,0.13600683212280273,0.254996856954502
QM9-gap-25k,UCB-BO,47,1,0.282,51.8582541054451,0.13859295845031738,0.7463827143941536
QM9-gap-25k,UCB-BO,47,2,0.287,52.93863439930855,0.14493513107299805,0.6833811213264048
QM9-gap-25k,UCB-BO,47,3,0.287,52.93863439930855,0.14908623695373535,0.7272384155752865
QM9-gap-25k,UCB-BO,47,4,0.3456,65.60069144338807,0.15168309211730957,0.7509549784780507
QM9-gap-25k,UCB-BO,47,5,0.3456,65.60069144338807,0.15502285957336426,0.8162923140951783
QM9-gap-25k,UCB-BO,47,6,0.379,72.81763180639584,0.15584588050842285,0.8906836711514696
QM9-gap-25k,UCB-BO,47,7,0.379,72.81763180639584,0.16186213493347168,0.938485412994354
QM9-gap-25k,UCB-BO,47,8,0.379,72.81763180639584,0.16782283782958984,0.9231655659014468
QM9-gap-25k,UCB-BO,47,9,0.3809,73.22817631806396,0.17095303535461426,0.9101318126986597
QM9-gap-25k,UCB-BO,47,10,0.3809,73.22817631806396,0.17122101783752441,0.9129099767699681
QM9-gap-25k,UCB-BO,47,11,0.462,90.75194468452895,0.1768813133239746,0.9265897032191798
QM9-gap-25k,UCB-BO,47,12,0.4802,94.68452895419188,0.18155479431152344,0.9412009412083452
QM9-gap-25k,UCB-BO,47,13,0.5048,100.0,0.18407893180847168,1.0032338554047826
QM9-gap-25k,UCB-BO,47,14,0.5048,100.0,0.18575525283813477,1.0540683154933737
QM9-gap-25k,UCB-BO,47,15,0.5048,100.0,0.18889904022216797,1.0759606729430984
QM9-gap-25k,UCB-BO,47,16,0.5048,100.0,0.19314002990722656,1.1147783507033444
QM9-gap-25k,UCB-BO,47,17,0.5048,100.0,0.20439720153808594,1.112738895710614
QM9-gap-25k,UCB-BO,47,18,0.5048,100.0,0.2062091827392578,1.1106060351594127
QM9-gap-25k,UCB-BO,47,19,0.5048,100.0,0.20490121841430664,1.0911599681238173
QM9-gap-25k,BO(EI),47,-1,0.206,35.43647363872082,0.0,0.0
QM9-gap-25k,BO(EI),47,0,0.282,51.8582541054451,0.13811492919921875,0.4206501015293435
QM9-gap-25k,BO(EI),47,1,0.336,63.526361279170274,0.14487504959106445,0.6546035886616213
QM9-gap-25k,BO(EI),47,2,0.3401,64.41227312013828,0.14432525634765625,0.8188247609268411
QM9-gap-25k,BO(EI),47,3,0.3413,64.67156439066551,0.1524960994720459,0.8338609994749357
QM9-gap-25k,BO(EI),47,4,0.462,90.75194468452895,0.1577310562133789,0.8449897166834642
QM9-gap-25k,BO(EI),47,5,0.4802,94.68452895419188,0.16509294509887695,0.9239414257787824
QM9-gap-25k,BO(EI),47,6,0.4802,94.68452895419188,0.16671180725097656,1.0590562801867145
QM9-gap-25k,BO(EI),47,7,0.4802,94.68452895419188,0.17159485816955566,1.0995785350316247
QM9-gap-25k,BO(EI),47,8,0.5048,100.0,0.17781996726989746,1.1473441768413475
QM9-gap-25k,BO(EI),47,9,0.5048,100.0,0.17815804481506348,1.1972603613198691
QM9-gap-25k,BO(EI),47,10,0.5048,100.0,0.17862892150878906,1.206887911978067
QM9-gap-25k,BO(EI),47,11,0.5048,100.0,0.1848900318145752,1.2188273444643472
QM9-gap-25k,BO(EI),47,12,0.5048,100.0,0.1892850399017334,1.208615841855019
QM9-gap-25k,BO(EI),47,13,0.5048,100.0,0.19213104248046875,1.202126843279548
QM9-gap-25k,BO(EI),47,14,0.5048,100.0,0.19598102569580078,1.2693799388241713
QM9-gap-25k,BO(EI),47,15,0.5048,100.0,0.19512581825256348,1.2661542270277573
QM9-gap-25k,BO(EI),47,16,0.5048,100.0,0.1992659568786621,1.25886839598046
QM9-gap-25k,BO(EI),47,17,0.5048,100.0,0.20848512649536133,1.2481476722317233
QM9-gap-25k,BO(EI),47,18,0.5048,100.0,0.2096881866455078,1.2424508714251792
QM9-gap-25k,BO(EI),47,19,0.5048,100.0,0.21380901336669922,1.239938994265364
QM9-gap-25k,GA,47,-1,0.206,35.43647363872082,0.0,0.0
QM9-gap-25k,GA,47,0,0.3346,63.2238547968885,0.17165017127990723,0.6366594347924774
QM9-gap-25k,GA,47,1,0.3402,64.43388072601556,0.18422794342041016,0.6606844478084922
QM9-gap-25k,GA,47,2,0.3551,67.6534140017286,0.19282889366149902,0.7519324434624217
QM9-gap-25k,GA,47,3,0.361,68.92826274848747,0.19536995887756348,0.7528946838184752
QM9-gap-25k,GA,47,4,0.361,68.92826274848747,0.2075350284576416,0.7594312912910134
QM9-gap-25k,GA,47,5,0.361,68.92826274848747,0.20811915397644043,0.7620496802409219
QM9-gap-25k,GA,47,6,0.361,68.92826274848747,0.21929597854614258,0.7408381550272845
QM9-gap-25k,GA,47,7,0.462,90.75194468452895,0.22352218627929688,0.775262941672087
QM9-gap-25k,GA,47,8,0.462,90.75194468452895,0.22729706764221191,0.7600917124772828
QM9-gap-25k,GA,47,9,0.462,90.75194468452895,0.23055696487426758,0.7669054653228305
QM9-gap-25k,GA,47,10,0.462,90.75194468452895,0.23650383949279785,0.7687288287328273
QM9-gap-25k,GA,47,11,0.462,90.75194468452895,0.2332780361175537,0.8082911832025995
QM9-gap-25k,GA,47,12,0.462,90.75194468452895,0.24775099754333496,0.8000414354644664
QM9-gap-25k,GA,47,13,0.462,90.75194468452895,0.24216222763061523,0.7915546952347889
QM9-gap-25k,GA,47,14,0.462,90.75194468452895,0.24662184715270996,0.7968396194886177
QM9-gap-25k,GA,47,15,0.462,90.75194468452895,0.2455308437347412,0.7865421889460041
QM9-gap-25k,GA,47,16,0.462,90.75194468452895,0.24937200546264648,0.7791653364913862
QM9-gap-25k,GA,47,17,0.462,90.75194468452895,0.25117993354797363,0.7822049215664808
QM9-gap-25k,GA,47,18,0.462,90.75194468452895,0.2586631774902344,0.7792862126640995
QM9-gap-25k,GA,47,19,0.462,90.75194468452895,0.2585611343383789,0.7716616107597922
QM9-gap-25k,Random,47,-1,0.206,35.43647363872082,0.0,0.0
QM9-gap-25k,Random,47,0,0.3125,58.4485738980121,0.07683610916137695,0.5657187446052946
QM9-gap-25k,Random,47,1,0.3293,62.07865168539325,0.07561492919921875,0.7551729610832189
QM9-gap-25k,Random,47,2,0.3293,62.07865168539325,0.07877206802368164,0.8006745988373759
QM9-gap-25k,Random,47,3,0.3293,62.07865168539325,0.07947587966918945,0.8584336704920358
QM9-gap-25k,Random,47,4,0.3293,62.07865168539325,0.08671379089355469,0.8829208795536393
QM9-gap-25k,Random,47,5,0.3293,62.07865168539325,0.08569097518920898,0.8456625985112354
QM9-gap-25k,Random,47,6,0.3293,62.07865168539325,0.08709216117858887,0.8117371991800671
QM9-gap-25k,Random,47,7,0.3293,62.07865168539325,0.09046506881713867,0.8540721720610953
QM9-gap-25k,Random,47,8,0.3373,63.80726015557477,0.09190225601196289,0.8424735338986065
QM9-gap-25k,Random,47,9,0.3373,63.80726015557477,0.09283089637756348,0.8394788587355028
QM9-gap-25k,Random,47,10,0.3373,63.80726015557477,0.09882307052612305,0.8328150820718355
QM9-gap-25k,Random,47,11,0.3373,63.80726015557477,0.10131692886352539,0.8171616810516381
QM9-gap-25k,Random,47,12,0.3373,63.80726015557477,0.10514092445373535,0.8397659129809576
QM9-gap-25k,Random,47,13,0.3373,63.80726015557477,0.10125517845153809,0.8546539642809673
QM9-gap-25k,Random,47,14,0.3373,63.80726015557477,0.10497784614562988,0.8494488769024016
QM9-gap-25k,Random,47,15,0.3373,63.80726015557477,0.10565996170043945,0.8453042034023162
QM9-gap-25k,Random,47,16,0.3373,63.80726015557477,0.10874819755554199,0.8501996746426045
QM9-gap-25k,Random,47,17,0.3373,63.80726015557477,0.11232376098632812,0.8437365785712035
QM9-gap-25k,Random,47,18,0.3373,63.80726015557477,0.11406373977661133,0.8373725719715619
QM9-gap-25k,Random,47,19,0.3609,68.90665514261019,0.11556100845336914,0.8317872866547066
QM9-gap-25k,GLOSS,53,-1,0.2095,36.19273984442523,0.0,0.0
QM9-gap-25k,GLOSS,53,0,0.2896,53.50043215211754,0.5244216918945312,0.5198214406999498
QM9-gap-25k,GLOSS,53,1,0.3044,56.69835782195333,0.5154550075531006,0.5658930950107572
QM9-gap-25k,GLOSS,53,2,0.3044,56.69835782195333,0.4943068027496338,0.7914207825702544
QM9-gap-25k,GLOSS,53,3,0.3202,60.11235955056179,0.523392915725708,0.803742686527088
QM9-gap-25k,GLOSS,53,4,0.3207,60.220397579948134,0.530491828918457,0.8095385197836008
QM9-gap-25k,GLOSS,53,5,0.3207,60.220397579948134,0.5037546157836914,0.8527319557279398
QM9-gap-25k,GLOSS,53,6,0.3322,62.70527225583405,0.5422239303588867,0.8610957608497183
QM9-gap-25k,GLOSS,53,7,0.3322,62.70527225583405,0.5299568176269531,0.8849293583465071
QM9-gap-25k,GLOSS,53,8,0.3322,62.70527225583405,0.5546717643737793,0.9010526187474299
QM9-gap-25k,GLOSS,53,9,0.3392,64.21780466724287,0.5559968948364258,0.944416030843568
QM9-gap-25k,GLOSS,53,10,0.378,72.60155574762315,0.5607678890228271,0.9955331566316855
QM9-gap-25k,GLOSS,53,11,0.4298,83.7942955920484,0.5614571571350098,1.033685582256214
QM9-gap-25k,GLOSS,53,12,0.4298,83.7942955920484,0.5680418014526367,1.0620201493566432
QM9-gap-25k,GLOSS,53,13,0.5048,100.0,0.5746450424194336,1.1175567279500243
QM9-gap-25k,GLOSS,53,14,0.5048,100.0,0.5821089744567871,1.1484792533106614
QM9-gap-25k,GLOSS,53,15,0.5048,100.0,0.5833740234375,1.1577244927259238
QM9-gap-25k,GLOSS,53,16,0.5048,100.0,0.6085619926452637,1.1630543641989168
QM9-gap-25k,GLOSS,53,17,0.5048,100.0,0.6010801792144775,1.1806499233030787
QM9-gap-25k,GLOSS,53,18,0.5048,100.0,0.6352121829986572,1.1859105781942625
QM9-gap-25k,GLOSS,53,19,0.5048,100.0,0.6287961006164551,1.184717123090512
QM9-gap-25k,UCB-BO,53,-1,0.2095,36.19273984442523,0.0,0.0
QM9-gap-25k,UCB-BO,53,0,0.2896,53.50043215211754,0.1380760669708252,0.1291115323313187
QM9-gap-25k,UCB-BO,53,1,0.2896,53.50043215211754,0.149993896484375,0.7241269981971731
QM9-gap-25k,UCB-BO,53,2,0.2943,54.51598962834918,0.14865493774414062,0.7616659753227187
QM9-gap-25k,UCB-BO,53,3,0.3051,56.84961106309421,0.153228759765625,0.8017991665962293
QM9-gap-25k,UCB-BO,53,4,0.309,57.692307692307686,0.1531081199645996,0.8267753624431763
QM9-gap-25k,UCB-BO,53,5,0.3156,59.11840968020743,0.1648998260498047,0.8010263836441868
QM9-gap-25k,UCB-BO,53,6,0.3386,64.08815903197926,0.1680288314819336,0.7632339705965778
QM9-gap-25k,UCB-BO,53,7,0.3386,64.08815903197926,0.18135404586791992,0.7638682738553549
QM9-gap-25k,UCB-BO,53,8,0.3482,66.16248919619706,0.17077088356018066,0.7749544908254554
QM9-gap-25k,UCB-BO,53,9,0.3482,66.16248919619706,0.1743450164794922,0.8555374301622558
QM9-gap-25k,UCB-BO,53,10,0.3595,68.60414866032843,0.17472505569458008,0.8798264918598256
QM9-gap-25k,UCB-BO,53,11,0.3599,68.6905790838375,0.1795971393585205,0.9125012243202449
QM9-gap-25k,UCB-BO,53,12,0.5048,100.0,0.1826159954071045,0.9934808451029159
QM9-gap-25k,UCB-BO,53,13,0.5048,100.0,0.18801307678222656,1.0042828389801775
QM9-gap-25k,UCB-BO,53,14,0.5048,100.0,0.19237399101257324,1.0076807692459702
QM9-gap-25k,UCB-BO,53,15,0.5048,100.0,0.1940009593963623,1.0346946663698702
QM9-gap-25k,UCB-BO,53,16,0.5048,100.0,0.2018129825592041,1.0555902010418585
QM9-gap-25k,UCB-BO,53,17,0.5048,100.0,0.20708918571472168,1.0814751460785235
QM9-gap-25k,UCB-BO,53,18,0.5048,100.0,0.21483707427978516,1.0758097063116339
QM9-gap-25k,UCB-BO,53,19,0.5048,100.0,0.21816086769104004,1.0806304920464216
QM9-gap-25k,BO(EI),53,-1,0.2095,36.19273984442523,0.0,0.0
QM9-gap-25k,BO(EI),53,0,0.319,59.85306828003457,0.13216686248779297,0.3083381365659161
QM9-gap-25k,BO(EI),53,1,0.3358,63.48314606741573,0.1458911895751953,0.44758116336425535
QM9-gap-25k,BO(EI),53,2,0.3725,71.41313742437337,0.14870405197143555,0.7018550312162886
QM9-gap-25k,BO(EI),53,3,0.3754,72.03975799481417,0.1576240062713623,0.8014138114781226
QM9-gap-25k,BO(EI),53,4,0.3754,72.03975799481417,0.1645188331604004,0.8021840565635954
QM9-gap-25k,BO(EI),53,5,0.3799,73.01210025929127,0.16570019721984863,0.8164032138764787
QM9-gap-25k,BO(EI),53,6,0.5048,100.0,0.16514897346496582,0.9140409791526709
QM9-gap-25k,BO(EI),53,7,0.5048,100.0,0.1683189868927002,1.0213162626521322
QM9-gap-25k,BO(EI),53,8,0.5048,100.0,0.1719660758972168,1.1393923668887314
QM9-gap-25k,BO(EI),53,9,0.5048,100.0,0.17215585708618164,1.1100115526939722
QM9-gap-25k,BO(EI),53,10,0.5048,100.0,0.1741499900817871,1.12908887950273
QM9-gap-25k,BO(EI),53,11,0.5048,100.0,0.183074951171875,1.133588757526201
QM9-gap-25k,BO(EI),53,12,0.5048,100.0,0.18450307846069336,1.1284093260770187
QM9-gap-25k,BO(EI),53,13,0.5048,100.0,0.18881487846374512,1.1169285766843238
QM9-gap-25k,BO(EI),53,14,0.5048,100.0,0.18952417373657227,1.1119661287733513
QM9-gap-25k,BO(EI),53,15,0.5048,100.0,0.18932318687438965,1.106293930325347
QM9-gap-25k,BO(EI),53,16,0.5048,100.0,0.18928098678588867,1.0838074036909524
QM9-gap-25k,BO(EI),53,17,0.5048,100.0,0.19920086860656738,1.07936128542724
QM9-gap-25k,BO(EI),53,18,0.5048,100.0,0.20574402809143066,1.1072316158194382
QM9-gap-25k,BO(EI),53,19,0.5048,100.0,0.2070460319519043,1.1069844097483854
QM9-gap-25k,GA,53,-1,0.2095,36.19273984442523,0.0,0.0
QM9-gap-25k,GA,53,0,0.2833,52.1391529818496,0.17687582969665527,0.9429748918597752
QM9-gap-25k,GA,53,1,0.308,57.476231633535,0.1936659812927246,0.9502992604919466
QM9-gap-25k,GA,53,2,0.3316,62.57562662057043,0.20101404190063477,0.974541407461364
QM9-gap-25k,GA,53,3,0.3486,66.24891961970614,0.19401192665100098,0.9588288727238433
QM9-gap-25k,GA,53,4,0.3717,71.24027657735522,0.20478415489196777,0.9344556394740823
QM9-gap-25k,GA,53,5,0.3717,71.24027657735522,0.2046341896057129,0.9383746851729279
QM9-gap-25k,GA,53,6,0.3717,71.24027657735522,0.21098589897155762,0.9176562247237474
QM9-gap-25k,GA,53,7,0.3717,71.24027657735522,0.21243500709533691,0.9230246994121989
QM9-gap-25k,GA,53,8,0.3717,71.24027657735522,0.22356820106506348,0.9056590147612137
QM9-gap-25k,GA,53,9,0.3717,71.24027657735522,0.21616888046264648,0.8924595171411006
QM9-gap-25k,GA,53,10,0.4298,83.7942955920484,0.2237257957458496,0.8871143368824951
QM9-gap-25k,GA,53,11,0.4298,83.7942955920484,0.225877046585083,0.8807737497888886
QM9-gap-25k,GA,53,12,0.4298,83.7942955920484,0.23097705841064453,0.8659096394131561
QM9-gap-25k,GA,53,13,0.4298,83.7942955920484,0.22988009452819824,0.8646692879869712
QM9-gap-25k,GA,53,14,0.4298,83.7942955920484,0.23984003067016602,0.8657364012178467
QM9-gap-25k,GA,53,15,0.4298,83.7942955920484,0.24647212028503418,0.8603112823403606
QM9-gap-25k,GA,53,16,0.4298,83.7942955920484,0.2463679313659668,0.8512945897148054
QM9-gap-25k,GA,53,17,0.4298,83.7942955920484,0.2475452423095703,0.8516976582363803
QM9-gap-25k,GA,53,18,0.4298,83.7942955920484,0.24888229370117188,0.8536534575554633
QM9-gap-25k,GA,53,19,0.4298,83.7942955920484,0.25182008743286133,0.8447166268188339
QM9-gap-25k,Random,53,-1,0.2095,36.19273984442523,0.0,0.0
QM9-gap-25k,Random,53,0,0.334,63.09420916162489,0.07489728927612305,0.8228878313850764
QM9-gap-25k,Random,53,1,0.3371,63.76404494382022,0.08011078834533691,0.9990272952933448
QM9-gap-25k,Random,53,2,0.3371,63.76404494382022,0.07993292808532715,1.0070951803796149
QM9-gap-25k,Random,53,3,0.3439,65.2333621434745,0.08047699928283691,0.9950122021874854
QM9-gap-25k,Random,53,4,0.3439,65.2333621434745,0.08301711082458496,0.9806307937928599
QM9-gap-25k,Random,53,5,0.3439,65.2333621434745,0.08632087707519531,0.9844647986886803
QM9-gap-25k,Random,53,6,0.3439,65.2333621434745,0.08873510360717773,0.9615398418863057
QM9-gap-25k,Random,53,7,0.3439,65.2333621434745,0.08975815773010254,0.9462695179860449
QM9-gap-25k,Random,53,8,0.3439,65.2333621434745,0.09136104583740234,0.9592421101970463
QM9-gap-25k,Random,53,9,0.3549,67.61019878997406,0.09306979179382324,0.9473835097441095
QM9-gap-25k,Random,53,10,0.3549,67.61019878997406,0.0974118709564209,0.9350296804783695
QM9-gap-25k,Random,53,11,0.3549,67.61019878997406,0.09786009788513184,0.9323896529441128
QM9-gap-25k,Random,53,12,0.3549,67.61019878997406,0.10093808174133301,0.9278996952084907
QM9-gap-25k,Random,53,13,0.3549,67.61019878997406,0.10512995719909668,0.9160578463000842
QM9-gap-25k,Random,53,14,0.3549,67.61019878997406,0.10327601432800293,0.9090247939954488
QM9-gap-25k,Random,53,15,0.3549,67.61019878997406,0.10673809051513672,0.9027597365119102
QM9-gap-25k,Random,53,16,0.3549,67.61019878997406,0.11121988296508789,0.9025356064281471
QM9-gap-25k,Random,53,17,0.3549,67.61019878997406,0.11405086517333984,0.9072654876256742
QM9-gap-25k,Random,53,18,0.3549,67.61019878997406,0.1170659065246582,0.8935189633586698
QM9-gap-25k,Random,53,19,0.3549,67.61019878997406,0.11824297904968262,0.8926314603379105
QM9-gap-25k,GLOSS,59,-1,0.2059,35.414866032843555,0.0,0.0
QM9-gap-25k,GLOSS,59,0,0.3172,59.46413137424372,0.5778300762176514,0.6604177878668877
QM9-gap-25k,GLOSS,59,1,0.3216,60.41486603284356,0.5540201663970947,0.7106139078553894
QM9-gap-25k,GLOSS,59,2,0.3399,64.36905790838374,0.5375261306762695,0.8805759642191499
QM9-gap-25k,GLOSS,59,3,0.3527,67.13483146067416,0.5303761959075928,0.9878247953709399
QM9-gap-25k,GLOSS,59,4,0.5048,100.0,0.5538289546966553,1.07342177583873
QM9-gap-25k,GLOSS,59,5,0.5048,100.0,0.4938778877258301,1.1478876297997345
QM9-gap-25k,GLOSS,59,6,0.5048,100.0,0.5334489345550537,1.134971147012283
QM9-gap-25k,GLOSS,59,7,0.5048,100.0,0.5301859378814697,1.1399420151706432
QM9-gap-25k,GLOSS,59,8,0.5048,100.0,0.5386872291564941,1.1597743938469587
QM9-gap-25k,GLOSS,59,9,0.5048,100.0,0.52427077293396,1.1803682765004515
QM9-gap-25k,GLOSS,59,10,0.5048,100.0,0.5393640995025635,1.1965254776610619
QM9-gap-25k,GLOSS,59,11,0.5048,100.0,0.5592281818389893,1.2098704229672048
QM9-gap-25k,GLOSS,59,12,0.5048,100.0,0.5561730861663818,1.1893372609399673
QM9-gap-25k,GLOSS,59,13,0.5048,100.0,0.5539278984069824,1.1875075714890495
QM9-gap-25k,GLOSS,59,14,0.5048,100.0,0.5734326839447021,1.1767997690644523
QM9-gap-25k,GLOSS,59,15,0.5048,100.0,0.5871241092681885,1.1582627796296576
QM9-gap-25k,GLOSS,59,16,0.5048,100.0,0.5978238582611084,1.1554311980353682
QM9-gap-25k,GLOSS,59,17,0.5048,100.0,0.6054849624633789,1.1341310108641298
QM9-gap-25k,GLOSS,59,18,0.5048,100.0,0.5897049903869629,1.130317911519627
QM9-gap-25k,GLOSS,59,19,0.5048,100.0,0.6063899993896484,1.1274701985527071
QM9-gap-25k,UCB-BO,59,-1,0.2059,35.414866032843555,0.0,0.0
QM9-gap-25k,UCB-BO,59,0,0.2712,49.52463267070008,0.13577580451965332,0.27651690944144464
QM9-gap-25k,UCB-BO,59,1,0.3,55.7476231633535,0.14556384086608887,0.7236839559781151
QM9-gap-25k,UCB-BO,59,2,0.3,55.7476231633535,0.15547919273376465,0.99176530457211
QM9-gap-25k,UCB-BO,59,3,0.3344,63.18063958513396,0.16267704963684082,1.063609631087677
QM9-gap-25k,UCB-BO,59,4,0.3505,66.65946413137424,0.1663379669189453,1.1596677988071045
QM9-gap-25k,UCB-BO,59,5,0.3505,66.65946413137424,0.16504812240600586,1.1810988436155456
QM9-gap-25k,UCB-BO,59,6,0.3505,66.65946413137424,0.16692304611206055,1.175415740854308
QM9-gap-25k,UCB-BO,59,7,0.3891,75.0,0.1714029312133789,1.2218225675216328
QM9-gap-25k,UCB-BO,59,8,0.3891,75.0,0.17437219619750977,1.2508650444177292
QM9-gap-25k,UCB-BO,59,9,0.3891,75.0,0.1763930320739746,1.2952224648689399
QM9-gap-25k,UCB-BO,59,10,0.5048,100.0,0.187608003616333,1.2956929552591814
QM9-gap-25k,UCB-BO,59,11,0.5048,100.0,0.18004107475280762,1.299093424848053
QM9-gap-25k,UCB-BO,59,12,0.5048,100.0,0.18596196174621582,1.2849670671570987
QM9-gap-25k,UCB-BO,59,13,0.5048,100.0,0.1907672882080078,1.2732314454610578
QM9-gap-25k,UCB-BO,59,14,0.5048,100.0,0.19075298309326172,1.2549278840310851
QM9-gap-25k,UCB-BO,59,15,0.5048,100.0,0.195328950881958,1.2329098634384434
QM9-gap-25k,UCB-BO,59,16,0.5048,100.0,0.1956620216369629,1.244343327327815
QM9-gap-25k,UCB-BO,59,17,0.5048,100.0,0.19513201713562012,1.219994005095704
QM9-gap-25k,UCB-BO,59,18,0.5048,100.0,0.20165610313415527,1.2125076356133717
QM9-gap-25k,UCB-BO,59,19,0.5048,100.0,0.2038590908050537,1.2234475240092577
QM9-gap-25k,BO(EI),59,-1,0.2059,35.414866032843555,0.0,0.0
QM9-gap-25k,BO(EI),59,0,0.2757,50.49697493517718,0.13962101936340332,0.2585660728710897
QM9-gap-25k,BO(EI),59,1,0.2757,50.49697493517718,0.14974498748779297,0.7511284892607385
QM9-gap-25k,BO(EI),59,2,0.2773,50.84269662921348,0.14863801002502441,0.7420490723349978
QM9-gap-25k,BO(EI),59,3,0.2773,50.84269662921348,0.15463900566101074,0.7416108127377885
QM9-gap-25k,BO(EI),59,4,0.2844,52.376836646499555,0.16030478477478027,0.7180109941869887
QM9-gap-25k,BO(EI),59,5,0.2844,52.376836646499555,0.16342401504516602,0.8385162460915273
QM9-gap-25k,BO(EI),59,6,0.3362,63.5695764909248,0.17052507400512695,0.8634684480359714
QM9-gap-25k,BO(EI),59,7,0.3362,63.5695764909248,0.17768597602844238,0.900908128358392
QM9-gap-25k,BO(EI),59,8,0.3482,66.16248919619706,0.18429899215698242,0.9092445903392753
QM9-gap-25k,BO(EI),59,9,0.3482,66.16248919619706,0.18728113174438477,0.9520866021098435
QM9-gap-25k,BO(EI),59,10,0.3668,70.18150388936905,0.19140100479125977,0.954301796889494
QM9-gap-25k,BO(EI),59,11,0.3891,75.0,0.1934189796447754,0.9915688042078487
QM9-gap-25k,BO(EI),59,12,0.4128,80.1210025929127,0.19917583465576172,0.9987350535336059
QM9-gap-25k,BO(EI),59,13,0.462,90.75194468452895,0.19787979125976562,1.0317754502070142
QM9-gap-25k,BO(EI),59,14,0.4802,94.68452895419188,0.20030784606933594,1.0451225312659564
QM9-gap-25k,BO(EI),59,15,0.4802,94.68452895419188,0.20151305198669434,1.0543902471060078
QM9-gap-25k,BO(EI),59,16,0.4802,94.68452895419188,0.21236681938171387,1.0756799196899665
QM9-gap-25k,BO(EI),59,17,0.4802,94.68452895419188,0.2152869701385498,1.0867036752464618
QM9-gap-25k,BO(EI),59,18,0.5048,100.0,0.2182331085205078,1.1325181858199265
QM9-gap-25k,BO(EI),59,19,0.5048,100.0,0.22076201438903809,1.1334331212380448
QM9-gap-25k,GA,59,-1,0.2059,35.414866032843555,0.0,0.0
QM9-gap-25k,GA,59,0,0.2801,51.447709593777006,0.17519783973693848,0.7429521069451559
QM9-gap-25k,GA,59,1,0.3251,61.17113223854796,0.18846607208251953,0.8083374473713278
QM9-gap-25k,GA,59,2,0.3274,61.66810717372515,0.1940140724182129,0.889171940195057
QM9-gap-25k,GA,59,3,0.3274,61.66810717372515,0.20251679420471191,0.8187682736006653
QM9-gap-25k,GA,59,4,0.3389,64.15298184961105,0.20495295524597168,0.8817395028458546
QM9-gap-25k,GA,59,5,0.3389,64.15298184961105,0.2122209072113037,0.8992946606229727
QM9-gap-25k,GA,59,6,0.3389,64.15298184961105,0.21456289291381836,0.886477820898471
QM9-gap-25k,GA,59,7,0.3527,67.13483146067416,0.21937799453735352,0.8818064803595355
QM9-gap-25k,GA,59,8,0.3561,67.8694900605013,0.22304272651672363,0.8883726031747794
QM9-gap-25k,GA,59,9,0.3561,67.8694900605013,0.2285900115966797,0.8691620899960272
QM9-gap-25k,GA,59,10,0.3561,67.8694900605013,0.2306990623474121,0.8598846523713121
QM9-gap-25k,GA,59,11,0.4465,87.40276577355229,0.2393779754638672,0.8497350925236873
QM9-gap-25k,GA,59,12,0.4465,87.40276577355229,0.24184322357177734,0.857205887668805
QM9-gap-25k,GA,59,13,0.4465,87.40276577355229,0.24032092094421387,0.8453400004679548
QM9-gap-25k,GA,59,14,0.4465,87.40276577355229,0.2448282241821289,0.8443662669207529
QM9-gap-25k,GA,59,15,0.4465,87.40276577355229,0.25229525566101074,0.8440730986738002
QM9-gap-25k,GA,59,16,0.4465,87.40276577355229,0.24971389770507812,0.8396704128266006
QM9-gap-25k,GA,59,17,0.4465,87.40276577355229,0.24776101112365723,0.8420706221709754
QM9-gap-25k,GA,59,18,0.4465,87.40276577355229,0.2571561336517334,0.8326518036487547
QM9-gap-25k,GA,59,19,0.4465,87.40276577355229,0.25846123695373535,0.8282025206966906
QM9-gap-25k,Random,59,-1,0.2059,35.414866032843555,0.0,0.0
QM9-gap-25k,Random,59,0,0.3418,64.77960242005184,0.07590293884277344,1.1176826463869036
QM9-gap-25k,Random,59,1,0.3418,64.77960242005184,0.07694101333618164,1.0018262921577443
QM9-gap-25k,Random,59,2,0.3418,64.77960242005184,0.07950592041015625,1.0249568782473717
QM9-gap-25k,Random,59,3,0.3418,64.77960242005184,0.0809621810913086,1.0222977470921688
QM9-gap-25k,Random,59,4,0.3418,64.77960242005184,0.08182239532470703,1.012579852830425
QM9-gap-25k,Random,59,5,0.3418,64.77960242005184,0.08318805694580078,0.9697987641995232
QM9-gap-25k,Random,59,6,0.3418,64.77960242005184,0.0856020450592041,0.9628855218454876
QM9-gap-25k,Random,59,7,0.3418,64.77960242005184,0.08780694007873535,0.9556699686840283
QM9-gap-25k,Random,59,8,0.3418,64.77960242005184,0.09003281593322754,0.9554208102075964
QM9-gap-25k,Random,59,9,0.3418,64.77960242005184,0.09045600891113281,0.9423137921474026
QM9-gap-25k,Random,59,10,0.3418,64.77960242005184,0.09595584869384766,0.9470250041952425
QM9-gap-25k,Random,59,11,0.3418,64.77960242005184,0.09669375419616699,0.9275925675125865
QM9-gap-25k,Random,59,12,0.3418,64.77960242005184,0.09928202629089355,0.9303581675396458
QM9-gap-25k,Random,59,13,0.3418,64.77960242005184,0.10058903694152832,0.9215073626184083
QM9-gap-25k,Random,59,14,0.3418,64.77960242005184,0.10272812843322754,0.9156646126997141
QM9-gap-25k,Random,59,15,0.3418,64.77960242005184,0.10451197624206543,0.9196966285459333
QM9-gap-25k,Random,59,16,0.3418,64.77960242005184,0.10674524307250977,0.9276225740021253
QM9-gap-25k,Random,59,17,0.3418,64.77960242005184,0.10998988151550293,0.9099455404049641
QM9-gap-25k,Random,59,18,0.3418,64.77960242005184,0.11396312713623047,0.9079456499797971
QM9-gap-25k,Random,59,19,0.3418,64.77960242005184,0.11491084098815918,0.90131430422614
QM9-gap-25k,GLOSS,61,-1,0.2076,35.78219533275713,0.0,0.0
QM9-gap-25k,GLOSS,61,0,0.3087,57.627484874675886,0.4806199073791504,0.5083281337952699
QM9-gap-25k,GLOSS,61,1,0.3096,57.82195332757129,0.5233128070831299,0.6408500500686237
QM9-gap-25k,GLOSS,61,2,0.3322,62.70527225583405,0.5081210136413574,0.7947679362527246
QM9-gap-25k,GLOSS,61,3,0.3424,64.90924805531546,0.4935741424560547,0.8001344047827457
QM9-gap-25k,GLOSS,61,4,0.4802,94.68452895419188,0.49509406089782715,0.8762534935795167
QM9-gap-25k,GLOSS,61,5,0.4802,94.68452895419188,0.5193071365356445,0.9609284239975061
QM9-gap-25k,GLOSS,61,6,0.4802,94.68452895419188,0.5220258235931396,1.0297982858687065
QM9-gap-25k,GLOSS,61,7,0.5048,100.0,0.5658879280090332,1.1129122887135885
QM9-gap-25k,GLOSS,61,8,0.5048,100.0,0.569692850112915,1.1410771016681869
QM9-gap-25k,GLOSS,61,9,0.5048,100.0,0.5450410842895508,1.1693302581608447
QM9-gap-25k,GLOSS,61,10,0.5048,100.0,0.6106522083282471,1.1834503522720776
QM9-gap-25k,GLOSS,61,11,0.5048,100.0,0.5685100555419922,1.1798041860356732
QM9-gap-25k,GLOSS,61,12,0.5048,100.0,0.5615453720092773,1.205109745601135
QM9-gap-25k,GLOSS,61,13,0.5048,100.0,0.565911054611206,1.1998290273014753
QM9-gap-25k,GLOSS,61,14,0.5048,100.0,0.5740628242492676,1.2089698672301934
QM9-gap-25k,GLOSS,61,15,0.5048,100.0,0.5763540267944336,1.2042342904443573
QM9-gap-25k,GLOSS,61,16,0.5048,100.0,0.5897090435028076,1.2060258419453267
QM9-gap-25k,GLOSS,61,17,0.5048,100.0,0.5780189037322998,1.1910643456560766
QM9-gap-25k,GLOSS,61,18,0.5048,100.0,0.5847890377044678,1.185465078680011
QM9-gap-25k,GLOSS,61,19,0.5048,100.0,0.6087093353271484,1.1820545777152374
QM9-gap-25k,UCB-BO,61,-1,0.2076,35.78219533275713,0.0,0.0
QM9-gap-25k,UCB-BO,61,0,0.3087,57.627484874675886,0.13112092018127441,0.18331140584766809
QM9-gap-25k,UCB-BO,61,1,0.3173,59.485738980121006,0.1411130428314209,0.42479093711267457
QM9-gap-25k,UCB-BO,61,2,0.3173,59.485738980121006,0.1493070125579834,0.5604110827152465
QM9-gap-25k,UCB-BO,61,3,0.3426,64.95246326707,0.15987801551818848,0.7560957102290415
QM9-gap-25k,UCB-BO,61,4,0.4128,80.1210025929127,0.16608619689941406,0.8676593761957971
QM9-gap-25k,UCB-BO,61,5,0.4802,94.68452895419188,0.17051911354064941,0.9211571528097733
QM9-gap-25k,UCB-BO,61,6,0.4802,94.68452895419188,0.1752157211303711,0.9356522925189334
QM9-gap-25k,UCB-BO,61,7,0.4802,94.68452895419188,0.1773061752319336,1.097593049793052
QM9-gap-25k,UCB-BO,61,8,0.4802,94.68452895419188,0.18292593955993652,1.1090577992047916
QM9-gap-25k,UCB-BO,61,9,0.4802,94.68452895419188,0.17589187622070312,1.1062343064050089
QM9-gap-25k,UCB-BO,61,10,0.4802,94.68452895419188,0.18728923797607422,1.114067323731247
QM9-gap-25k,UCB-BO,61,11,0.5048,100.0,0.18314290046691895,1.1450096152387295
QM9-gap-25k,UCB-BO,61,12,0.5048,100.0,0.184798002243042,1.1354962655285874
QM9-gap-25k,UCB-BO,61,13,0.5048,100.0,0.18906116485595703,1.1504125881989813
QM9-gap-25k,UCB-BO,61,14,0.5048,100.0,0.1871330738067627,1.1472809180436245
QM9-gap-25k,UCB-BO,61,15,0.5048,100.0,0.19197797775268555,1.132003771068828
QM9-gap-25k,UCB-BO,61,16,0.5048,100.0,0.20447993278503418,1.1379613330095004
QM9-gap-25k,UCB-BO,61,17,0.5048,100.0,0.19268417358398438,1.1632432059613937
QM9-gap-25k,UCB-BO,61,18,0.5048,100.0,0.19698786735534668,1.1655622152008318
QM9-gap-25k,UCB-BO,61,19,0.5048,100.0,0.19976496696472168,1.1430636417283389
QM9-gap-25k,BO(EI),61,-1,0.2076,35.78219533275713,0.0,0.0
QM9-gap-25k,BO(EI),61,0,0.3162,59.248055315471035,0.12936997413635254,0.3655508737575625
QM9-gap-25k,BO(EI),61,1,0.3197,60.004321521175456,0.14516901969909668,0.3427130630344378
QM9-gap-25k,BO(EI),61,2,0.3364,63.61279170267934,0.1497359275817871,0.581135955674195
QM9-gap-25k,BO(EI),61,3,0.3512,66.81071737251513,0.15472722053527832,0.6924442795891381
QM9-gap-25k,BO(EI),61,4,0.3512,66.81071737251513,0.15666699409484863,0.7631946523130299
QM9-gap-25k,BO(EI),61,5,0.3512,66.81071737251513,0.16665434837341309,0.7383241210567955
QM9-gap-25k,BO(EI),61,6,0.364,69.57649092480553,0.17038393020629883,0.741576473378167
QM9-gap-25k,BO(EI),61,7,0.4802,94.68452895419188,0.17424798011779785,0.7724235008276692
QM9-gap-25k,BO(EI),61,8,0.5048,100.0,0.17529988288879395,0.8862223084658335
QM9-gap-25k,BO(EI),61,9,0.5048,100.0,0.1733710765838623,0.9390328676121095
QM9-gap-25k,BO(EI),61,10,0.5048,100.0,0.176832914352417,0.9374379583543873
QM9-gap-25k,BO(EI),61,11,0.5048,100.0,0.18184709548950195,1.0110423753970446
QM9-gap-25k,BO(EI),61,12,0.5048,100.0,0.1926431655883789,1.0736376695410101
QM9-gap-25k,BO(EI),61,13,0.5048,100.0,0.2001938819885254,1.0964451488993323
QM9-gap-25k,BO(EI),61,14,0.5048,100.0,0.19727826118469238,1.1012355717861557
QM9-gap-25k,BO(EI),61,15,0.5048,100.0,0.200455904006958,1.1138646818510352
QM9-gap-25k,BO(EI),61,16,0.5048,100.0,0.19763398170471191,1.1303810121998579
QM9-gap-25k,BO(EI),61,17,0.5048,100.0,0.21027803421020508,1.1512742085885876
QM9-gap-25k,BO(EI),61,18,0.5048,100.0,0.2150249481201172,1.1528581303747334
QM9-gap-25k,BO(EI),61,19,0.5048,100.0,0.21540617942810059,1.1493817522107654
QM9-gap-25k,GA,61,-1,0.2076,35.78219533275713,0.0,0.0
QM9-gap-25k,GA,61,0,0.3271,61.60328435609335,0.18783903121948242,0.8513861922145212
QM9-gap-25k,GA,61,1,0.3271,61.60328435609335,0.19178199768066406,0.8158873752852858
QM9-gap-25k,GA,61,2,0.3595,68.60414866032843,0.19471263885498047,0.7575780629245059
QM9-gap-25k,GA,61,3,0.3595,68.60414866032843,0.20228290557861328,0.7385184518347275
QM9-gap-25k,GA,61,4,0.3595,68.60414866032843,0.207716703414917,0.7463395020992555
QM9-gap-25k,GA,61,5,0.3595,68.60414866032843,0.21456193923950195,0.7532147343299996
QM9-gap-25k,GA,61,6,0.3734,71.6076058772688,0.219559907913208,0.7577234522602119
QM9-gap-25k,GA,61,7,0.3734,71.6076058772688,0.21472716331481934,0.7531196877015818
QM9-gap-25k,GA,61,8,0.3734,71.6076058772688,0.2206411361694336,0.7473355269390769
QM9-gap-25k,GA,61,9,0.3734,71.6076058772688,0.21976089477539062,0.7456455076825399
QM9-gap-25k,GA,61,10,0.3734,71.6076058772688,0.2272639274597168,0.7426750867950086
QM9-gap-25k,GA,61,11,0.3734,71.6076058772688,0.22926688194274902,0.7471607321303921
QM9-gap-25k,GA,61,12,0.3734,71.6076058772688,0.22755980491638184,0.7778689702117835
QM9-gap-25k,GA,61,13,0.3734,71.6076058772688,0.2357008457183838,0.7714120593886238
QM9-gap-25k,GA,61,14,0.3734,71.6076058772688,0.23421597480773926,0.7861481960650958
QM9-gap-25k,GA,61,15,0.3734,71.6076058772688,0.24091005325317383,0.7899732538058617
QM9-gap-25k,GA,61,16,0.3734,71.6076058772688,0.24079275131225586,0.798183607749864
QM9-gap-25k,GA,61,17,0.3734,71.6076058772688,0.24584603309631348,0.7959585174570836
QM9-gap-25k,GA,61,18,0.3734,71.6076058772688,0.25082826614379883,0.7849729016307784
QM9-gap-25k,GA,61,19,0.3734,71.6076058772688,0.250957727432251,0.7816306156705465
QM9-gap-25k,Random,61,-1,0.2076,35.78219533275713,0.0,0.0
QM9-gap-25k,Random,61,0,0.3327,62.81331028522039,0.07549309730529785,0.8566176144058523
QM9-gap-25k,Random,61,1,0.3327,62.81331028522039,0.07853102684020996,0.7581463760362438
QM9-gap-25k,Random,61,2,0.3417,64.7579948141746,0.07993817329406738,0.7583522525867272
QM9-gap-25k,Random,61,3,0.3419,64.80121002592912,0.08110594749450684,0.7851265899381735
QM9-gap-25k,Random,61,4,0.3419,64.80121002592912,0.08132505416870117,0.8952184927956847
QM9-gap-25k,Random,61,5,0.3419,64.80121002592912,0.08263587951660156,0.8769377093457354
QM9-gap-25k,Random,61,6,0.3419,64.80121002592912,0.08740782737731934,0.9093436585605695
QM9-gap-25k,Random,61,7,0.3419,64.80121002592912,0.08902311325073242,0.8873548320362162
QM9-gap-25k,Random,61,8,0.3419,64.80121002592912,0.09118199348449707,0.8920600518870869
QM9-gap-25k,Random,61,9,0.3419,64.80121002592912,0.09700918197631836,0.9014140657606875
QM9-gap-25k,Random,61,10,0.3419,64.80121002592912,0.0980827808380127,0.8926615072035934
QM9-gap-25k,Random,61,11,0.3744,71.82368193604148,0.0954899787902832,0.8855962419501832
QM9-gap-25k,Random,61,12,0.3744,71.82368193604148,0.09972310066223145,0.868353041579303
QM9-gap-25k,Random,61,13,0.3744,71.82368193604148,0.10069394111633301,0.8649346783850443
QM9-gap-25k,Random,61,14,0.3744,71.82368193604148,0.10502409934997559,0.869025028335391
QM9-gap-25k,Random,61,15,0.3744,71.82368193604148,0.10801291465759277,0.8691610110384769
QM9-gap-25k,Random,61,16,0.3744,71.82368193604148,0.1084449291229248,0.8789521673359817
QM9-gap-25k,Random,61,17,0.3744,71.82368193604148,0.11113286018371582,0.8932687253334721
QM9-gap-25k,Random,61,18,0.3744,71.82368193604148,0.11519408226013184,0.9064949217432652
QM9-gap-25k,Random,61,19,0.3744,71.82368193604148,0.11710095405578613,0.9003664829011563
QM9-gap-25k,GLOSS,67,-1,0.1953,33.124459809853064,0.0,0.0
QM9-gap-25k,GLOSS,67,0,0.2838,52.24719101123595,0.5161490440368652,0.964694481201769
QM9-gap-25k,GLOSS,67,1,0.3638,69.53327571305098,0.4818432331085205,1.0399453678074448
QM9-gap-25k,GLOSS,67,2,0.3729,71.49956784788245,0.4995272159576416,1.0324379263379166
QM9-gap-25k,GLOSS,67,3,0.373,71.52117545375972,0.5130460262298584,0.9619824077985936
QM9-gap-25k,GLOSS,67,4,0.418,81.24459809853067,0.5130398273468018,0.9268876496640063
QM9-gap-25k,GLOSS,67,5,0.4802,94.68452895419188,0.5030138492584229,0.9873732769361919
QM9-gap-25k,GLOSS,67,6,0.4802,94.68452895419188,0.5077929496765137,1.1076353320609285
QM9-gap-25k,GLOSS,67,7,0.5048,100.0,0.5391449928283691,1.1714556351540877
QM9-gap-25k,GLOSS,67,8,0.5048,100.0,0.5494799613952637,1.1972214749447716
QM9-gap-25k,GLOSS,67,9,0.5048,100.0,0.538877010345459,1.1873550863642623
QM9-gap-25k,GLOSS,67,10,0.5048,100.0,0.5440502166748047,1.1707657477622864
QM9-gap-25k,GLOSS,67,11,0.5048,100.0,0.5444350242614746,1.1810530820969336
QM9-gap-25k,GLOSS,67,12,0.5048,100.0,0.5498051643371582,1.1624407147879456
QM9-gap-25k,GLOSS,67,13,0.5048,100.0,0.5772731304168701,1.154577587338473
QM9-gap-25k,GLOSS,67,14,0.5048,100.0,0.5693681240081787,1.1442417113760108
QM9-gap-25k,GLOSS,67,15,0.5048,100.0,0.5814106464385986,1.1323372796764297
QM9-gap-25k,GLOSS,67,16,0.5048,100.0,0.6052079200744629,1.1227530293556818
QM9-gap-25k,GLOSS,67,17,0.5048,100.0,0.6024482250213623,1.1108191761937853
QM9-gap-25k,GLOSS,67,18,0.5048,100.0,0.5953700542449951,1.1033256275298815
QM9-gap-25k,GLOSS,67,19,0.5048,100.0,0.6068241596221924,1.102012359752571
QM9-gap-25k,UCB-BO,67,-1,0.1953,33.124459809853064,0.0,0.0
QM9-gap-25k,UCB-BO,67,0,0.2827,52.00950734658599,0.13293099403381348,0.691658793973147
QM9-gap-25k,UCB-BO,67,1,0.2827,52.00950734658599,0.1454639434814453,0.5984922355673946
QM9-gap-25k,UCB-BO,67,2,0.3426,64.95246326707,0.14590883255004883,0.845249698764508
QM9-gap-25k,UCB-BO,67,3,0.3426,64.95246326707,0.14916086196899414,0.8745320321235216
QM9-gap-25k,UCB-BO,67,4,0.3585,68.38807260155573,0.15145230293273926,0.8714299137919777
QM9-gap-25k,UCB-BO,67,5,0.3891,75.0,0.1529848575592041,0.9266999634605527
QM9-gap-25k,UCB-BO,67,6,0.3891,75.0,0.1582329273223877,0.9757798536830048
QM9-gap-25k,UCB-BO,67,7,0.3891,75.0,0.1618671417236328,1.0006681501611752
QM9-gap-25k,UCB-BO,67,8,0.4465,87.40276577355229,0.1668388843536377,1.025790582043829
QM9-gap-25k,UCB-BO,67,9,0.5048,100.0,0.16193199157714844,1.0855254041928284
QM9-gap-25k,UCB-BO,67,10,0.5048,100.0,0.17014718055725098,1.1107899584608112
QM9-gap-25k,UCB-BO,67,11,0.5048,100.0,0.17679476737976074,1.125680035421327
QM9-gap-25k,UCB-BO,67,12,0.5048,100.0,0.18595218658447266,1.1150101824899046
QM9-gap-25k,UCB-BO,67,13,0.5048,100.0,0.18584203720092773,1.1397977726918063
QM9-gap-25k,UCB-BO,67,14,0.5048,100.0,0.1840200424194336,1.1257851368080236
QM9-gap-25k,UCB-BO,67,15,0.5048,100.0,0.18445611000061035,1.1082051674659374
QM9-gap-25k,UCB-BO,67,16,0.5048,100.0,0.18435406684875488,1.0804171747984994
QM9-gap-25k,UCB-BO,67,17,0.5048,100.0,0.18814897537231445,1.0671454678010828
QM9-gap-25k,UCB-BO,67,18,0.5048,100.0,0.19147896766662598,1.0420386497647671
QM9-gap-25k,UCB-BO,67,19,0.5048,100.0,0.19402432441711426,1.0247379964793473
QM9-gap-25k,BO(EI),67,-1,0.1953,33.124459809853064,0.0,0.0
QM9-gap-25k,BO(EI),67,0,0.2759,50.54019014693171,0.13269519805908203,0.4178286375363701
QM9-gap-25k,BO(EI),67,1,0.3104,57.99481417458946,0.14407896995544434,0.6399791108654949
QM9-gap-25k,BO(EI),67,2,0.3348,63.26707000864303,0.14572477340698242,0.782129929339492
QM9-gap-25k,BO(EI),67,3,0.379,72.81763180639584,0.1476881504058838,0.8927254461007433
QM9-gap-25k,BO(EI),67,4,0.379,72.81763180639584,0.15222978591918945,1.0103927498574552
QM9-gap-25k,BO(EI),67,5,0.379,72.81763180639584,0.15684986114501953,1.0707867758542389
QM9-gap-25k,BO(EI),67,6,0.379,72.81763180639584,0.15795612335205078,1.0621347802711907
QM9-gap-25k,BO(EI),67,7,0.379,72.81763180639584,0.1595158576965332,1.0388990737224857
QM9-gap-25k,BO(EI),67,8,0.379,72.81763180639584,0.16826295852661133,1.006178495150454
QM9-gap-25k,BO(EI),67,9,0.379,72.81763180639584,0.16706514358520508,0.9832777060323158
QM9-gap-25k,BO(EI),67,10,0.418,81.24459809853067,0.17020082473754883,0.9980596471301635
QM9-gap-25k,BO(EI),67,11,0.4802,94.68452895419188,0.1775221824645996,1.0236532570256967
QM9-gap-25k,BO(EI),67,12,0.4802,94.68452895419188,0.17770123481750488,1.040317914301971
QM9-gap-25k,BO(EI),67,13,0.4802,94.68452895419188,0.17944025993347168,1.09201178105342
QM9-gap-25k,BO(EI),67,14,0.4802,94.68452895419188,0.1885221004486084,1.0800803648521287
QM9-gap-25k,BO(EI),67,15,0.4802,94.68452895419188,0.19080805778503418,1.1454513334372407
QM9-gap-25k,BO(EI),67,16,0.4802,94.68452895419188,0.19056415557861328,1.1381483710887947
QM9-gap-25k,BO(EI),67,17,0.4802,94.68452895419188,0.19405698776245117,1.131419588975318
QM9-gap-25k,BO(EI),67,18,0.4802,94.68452895419188,0.1970071792602539,1.1211189351640471
QM9-gap-25k,BO(EI),67,19,0.4802,94.68452895419188,0.20226311683654785,1.124521890243647
QM9-gap-25k,GA,67,-1,0.1953,33.124459809853064,0.0,0.0
QM9-gap-25k,GA,67,0,0.2772,50.82108902333621,0.18290281295776367,0.754044658583842
QM9-gap-25k,GA,67,1,0.355,67.63180639585133,0.18309617042541504,0.8639119363987116
QM9-gap-25k,GA,67,2,0.355,67.63180639585133,0.20502686500549316,0.8449210747549485
QM9-gap-25k,GA,67,3,0.355,67.63180639585133,0.20322418212890625,0.860419563178051
QM9-gap-25k,GA,67,4,0.355,67.63180639585133,0.2058701515197754,0.8552919931972325
QM9-gap-25k,GA,67,5,0.355,67.63180639585133,0.20517301559448242,0.8286226878747185
QM9-gap-25k,GA,67,6,0.3637,69.51166810717373,0.21294069290161133,0.802659583770211
QM9-gap-25k,GA,67,7,0.3637,69.51166810717373,0.21863198280334473,0.8063126698758988
QM9-gap-25k,GA,67,8,0.3637,69.51166810717373,0.22428202629089355,0.7920473697595706
QM9-gap-25k,GA,67,9,0.3637,69.51166810717373,0.2239387035369873,0.7820033551335219
QM9-gap-25k,GA,67,10,0.3637,69.51166810717373,0.22790288925170898,0.7803947097696852
QM9-gap-25k,GA,67,11,0.3669,70.20311149524633,0.2269299030303955,0.7729400371105553
QM9-gap-25k,GA,67,12,0.3698,70.82973206568712,0.2305753231048584,0.7764170179651381
QM9-gap-25k,GA,67,13,0.3698,70.82973206568712,0.24414491653442383,0.783844612753712
QM9-gap-25k,GA,67,14,0.3698,70.82973206568712,0.24750089645385742,0.7745366537319156
QM9-gap-25k,GA,67,15,0.3698,70.82973206568712,0.24564504623413086,0.7685118047392627
QM9-gap-25k,GA,67,16,0.3698,70.82973206568712,0.2464277744293213,0.7628525678128832
QM9-gap-25k,GA,67,17,0.3698,70.82973206568712,0.24546265602111816,0.7701059786381192
QM9-gap-25k,GA,67,18,0.3698,70.82973206568712,0.25212693214416504,0.7753776645764486
QM9-gap-25k,GA,67,19,0.3729,71.49956784788245,0.2588200569152832,0.775380730240487
QM9-gap-25k,Random,67,-1,0.1953,33.124459809853064,0.0,0.0
QM9-gap-25k,Random,67,0,0.3515,66.87554019014692,0.07730793952941895,0.8220458560661175
QM9-gap-25k,Random,67,1,0.3515,66.87554019014692,0.07752013206481934,0.9576808683682244
QM9-gap-25k,Random,67,2,0.3515,66.87554019014692,0.07761693000793457,1.0003989732155263
QM9-gap-25k,Random,67,3,0.3515,66.87554019014692,0.07981586456298828,0.9662285500404038
QM9-gap-25k,Random,67,4,0.3692,70.7000864304235,0.08237981796264648,0.9817506554789867
QM9-gap-25k,Random,67,5,0.3692,70.7000864304235,0.08289384841918945,1.0008046359019311
QM9-gap-25k,Random,67,6,0.3692,70.7000864304235,0.0877377986907959,1.0301534672246928
QM9-gap-25k,Random,67,7,0.3697,70.80812445980985,0.08856487274169922,1.0111313232889705
QM9-gap-25k,Random,67,8,0.3697,70.80812445980985,0.09049582481384277,0.998540041319552
QM9-gap-25k,Random,67,9,0.3697,70.80812445980985,0.0925741195678711,1.001288485504861
QM9-gap-25k,Random,67,10,0.3697,70.80812445980985,0.09438276290893555,0.9849687677464366
QM9-gap-25k,Random,67,11,0.3697,70.80812445980985,0.09703207015991211,0.9779478842813338
QM9-gap-25k,Random,67,12,0.3697,70.80812445980985,0.09759306907653809,0.9681467092035784
QM9-gap-25k,Random,67,13,0.3697,70.80812445980985,0.10089278221130371,0.9635159399808799
QM9-gap-25k,Random,67,14,0.3697,70.80812445980985,0.10473799705505371,0.967565074801561
QM9-gap-25k,Random,67,15,0.3697,70.80812445980985,0.10477089881896973,0.9622197374455351
QM9-gap-25k,Random,67,16,0.3697,70.80812445980985,0.10763216018676758,0.9748693637826896
QM9-gap-25k,Random,67,17,0.3697,70.80812445980985,0.11090683937072754,0.9824191830332122
QM9-gap-25k,Random,67,18,0.3697,70.80812445980985,0.1155550479888916,0.9741991572830242
QM9-gap-25k,Random,67,19,0.3697,70.80812445980985,0.11695408821105957,0.9730773116001245
QM9-gap-30k,GLOSS,47,-1,0.2013,34.42091616248919,0.0,0.0
QM9-gap-30k,GLOSS,47,0,0.2994,55.61797752808989,0.6338229179382324,0.6249312797883932
QM9-gap-30k,GLOSS,47,1,0.3172,59.46413137424372,0.637988805770874,0.6213882037134132
QM9-gap-30k,GLOSS,47,2,0.3172,59.46413137424372,0.7378048896789551,0.6267006434069641
QM9-gap-30k,GLOSS,47,3,0.3301,62.25151253241141,0.7390010356903076,0.6165792207002004
QM9-gap-30k,GLOSS,47,4,0.3339,63.07260155574762,0.6211400032043457,0.7845983179578726
QM9-gap-30k,GLOSS,47,5,0.3368,63.69922212618842,0.6692497730255127,0.8064092742552611
QM9-gap-30k,GLOSS,47,6,0.3368,63.69922212618842,0.6864991188049316,0.8078774054385484
QM9-gap-30k,GLOSS,47,7,0.3368,63.69922212618842,0.6734049320220947,0.853575905500404
QM9-gap-30k,GLOSS,47,8,0.3824,73.55229040622298,0.673687219619751,0.8557832654670666
QM9-gap-30k,GLOSS,47,9,0.3891,75.0,0.6318109035491943,0.9127552748278583
QM9-gap-30k,GLOSS,47,10,0.5048,100.0,0.6509449481964111,0.9821517634991718
QM9-gap-30k,GLOSS,47,11,0.5048,100.0,0.6672370433807373,1.0381076138890253
QM9-gap-30k,GLOSS,47,12,0.5048,100.0,0.6556041240692139,1.036998519643524
QM9-gap-30k,GLOSS,47,13,0.5048,100.0,0.6692643165588379,1.048328628671675
QM9-gap-30k,GLOSS,47,14,0.5048,100.0,0.680556058883667,1.0614089604357564
QM9-gap-30k,GLOSS,47,15,0.5048,100.0,0.6820993423461914,1.0918671847210935
QM9-gap-30k,GLOSS,47,16,0.5048,100.0,0.6763579845428467,1.0920597971862729
QM9-gap-30k,GLOSS,47,17,0.5048,100.0,0.7128829956054688,1.0939506440267268
QM9-gap-30k,GLOSS,47,18,0.5048,100.0,0.7078108787536621,1.101883221507554
QM9-gap-30k,GLOSS,47,19,0.5048,100.0,0.7466318607330322,1.0954089748420381
QM9-gap-30k,UCB-BO,47,-1,0.2013,34.42091616248919,0.0,0.0
QM9-gap-30k,UCB-BO,47,0,0.2717,49.63267070008642,0.1524958610534668,0.45389519969267594
QM9-gap-30k,UCB-BO,47,1,0.2759,50.54019014693171,0.1644129753112793,0.7857889060405553
QM9-gap-30k,UCB-BO,47,2,0.2759,50.54019014693171,0.16834712028503418,0.9386689013030753
QM9-gap-30k,UCB-BO,47,3,0.2993,55.59636992221262,0.16955995559692383,0.937912964396641
QM9-gap-30k,UCB-BO,47,4,0.3129,58.53500432152118,0.17566609382629395,0.9408049123047396
QM9-gap-30k,UCB-BO,47,5,0.3129,58.53500432152118,0.1796867847442627,0.9479065111071769
QM9-gap-30k,UCB-BO,47,6,0.3129,58.53500432152118,0.19362378120422363,0.9281206169783117
QM9-gap-30k,UCB-BO,47,7,0.3129,58.53500432152118,0.19399404525756836,0.9075081627388628
QM9-gap-30k,UCB-BO,47,8,0.3129,58.53500432152118,0.1982882022857666,0.8781603449750338
QM9-gap-30k,UCB-BO,47,9,0.3411,64.62834917891098,0.19520211219787598,0.9093623266028867
QM9-gap-30k,UCB-BO,47,10,0.3426,64.95246326707,0.20100975036621094,0.9704262449636187
QM9-gap-30k,UCB-BO,47,11,0.3426,64.95246326707,0.20819616317749023,1.0194414880900682
QM9-gap-30k,UCB-BO,47,12,0.3426,64.95246326707,0.20812082290649414,1.0044749086717393
QM9-gap-30k,UCB-BO,47,13,0.3426,64.95246326707,0.22029972076416016,1.004033050358454
QM9-gap-30k,UCB-BO,47,14,0.3426,64.95246326707,0.21579527854919434,1.0378425693415396
QM9-gap-30k,UCB-BO,47,15,0.3426,64.95246326707,0.22728705406188965,1.0660455159628632
QM9-gap-30k,UCB-BO,47,16,0.3426,64.95246326707,0.22899889945983887,1.0902502637624265
QM9-gap-30k,UCB-BO,47,17,0.4465,87.40276577355229,0.23159122467041016,1.0914796258204178
QM9-gap-30k,UCB-BO,47,18,0.4465,87.40276577355229,0.23446202278137207,1.1162701527205368
QM9-gap-30k,UCB-BO,47,19,0.4802,94.68452895419188,0.23217391967773438,1.1341545141880407
QM9-gap-30k,BO(EI),47,-1,0.2013,34.42091616248919,0.0,0.0
QM9-gap-30k,BO(EI),47,0,0.2787,51.14520311149524,0.1529369354248047,0.3853934347552365
QM9-gap-30k,BO(EI),47,1,0.32,60.069144338807256,0.16471195220947266,0.3948974407368001
QM9-gap-30k,BO(EI),47,2,0.3242,60.97666378565254,0.17561817169189453,0.4719574712621361
QM9-gap-30k,BO(EI),47,3,0.3242,60.97666378565254,0.18817925453186035,0.5308558490229573
QM9-gap-30k,BO(EI),47,4,0.3242,60.97666378565254,0.20285582542419434,0.5268302432187122
QM9-gap-30k,BO(EI),47,5,0.3386,64.08815903197926,0.19675493240356445,0.532628157340631
QM9-gap-30k,BO(EI),47,6,0.3386,64.08815903197926,0.2040700912475586,0.5473603415237832
QM9-gap-30k,BO(EI),47,7,0.364,69.57649092480553,0.203369140625,0.5759056243694204
QM9-gap-30k,BO(EI),47,8,0.364,69.57649092480553,0.20285701751708984,0.6470165150840225
QM9-gap-30k,BO(EI),47,9,0.4802,94.68452895419188,0.20867466926574707,0.7194701368658434
QM9-gap-30k,BO(EI),47,10,0.4802,94.68452895419188,0.21604609489440918,0.823643042962517
QM9-gap-30k,BO(EI),47,11,0.4802,94.68452895419188,0.21468210220336914,0.8683140104793071
QM9-gap-30k,BO(EI),47,12,0.5048,100.0,0.22232913970947266,0.89495021533681
QM9-gap-30k,BO(EI),47,13,0.5048,100.0,0.22127199172973633,0.9662065865782892
QM9-gap-30k,BO(EI),47,14,0.5048,100.0,0.22261691093444824,1.0107128659304014
QM9-gap-30k,BO(EI),47,15,0.5048,100.0,0.2270219326019287,1.0092146616059061
QM9-gap-30k,BO(EI),47,16,0.5048,100.0,0.23080682754516602,1.0239613534958936
QM9-gap-30k,BO(EI),47,17,0.5048,100.0,0.23821520805358887,1.0262109185316677
QM9-gap-30k,BO(EI),47,18,0.5048,100.0,0.24331402778625488,1.0380006116224811
QM9-gap-30k,BO(EI),47,19,0.5048,100.0,0.24390602111816406,1.0399652405001518
QM9-gap-30k,GA,47,-1,0.2013,34.42091616248919,0.0,0.0
QM9-gap-30k,GA,47,0,0.3371,63.76404494382022,0.20174121856689453,0.871213200999159
QM9-gap-30k,GA,47,1,0.373,71.52117545375972,0.2146310806274414,0.8604698719277106
QM9-gap-30k,GA,47,2,0.373,71.52117545375972,0.22779393196105957,0.8301148666411902
QM9-gap-30k,GA,47,3,0.3749,71.93171996542783,0.23128890991210938,0.8393100067220106
QM9-gap-30k,GA,47,4,0.3749,71.93171996542783,0.23266291618347168,0.7911496055923848
QM9-gap-30k,GA,47,5,0.3749,71.93171996542783,0.23786401748657227,0.7938651254965703
QM9-gap-30k,GA,47,6,0.3749,71.93171996542783,0.2450239658355713,0.7757940854772027
QM9-gap-30k,GA,47,7,0.3749,71.93171996542783,0.253140926361084,0.7696741352976803
QM9-gap-30k,GA,47,8,0.3749,71.93171996542783,0.25758790969848633,0.7457080886625821
QM9-gap-30k,GA,47,9,0.3749,71.93171996542783,0.27941083908081055,0.7523036114023798
QM9-gap-30k,GA,47,10,0.3749,71.93171996542783,0.26348328590393066,0.7419567933087028
QM9-gap-30k,GA,47,11,0.3749,71.93171996542783,0.2622499465942383,0.738505132741177
QM9-gap-30k,GA,47,12,0.3749,71.93171996542783,0.2694101333618164,0.7349635512977377
QM9-gap-30k,GA,47,13,0.3749,71.93171996542783,0.26886987686157227,0.7365486033061899
QM9-gap-30k,GA,47,14,0.3749,71.93171996542783,0.27368998527526855,0.7329284932876208
QM9-gap-30k,GA,47,15,0.3749,71.93171996542783,0.27640700340270996,0.7272792756184583
QM9-gap-30k,GA,47,16,0.379,72.81763180639584,0.2734057903289795,0.7461247017375798
QM9-gap-30k,GA,47,17,0.379,72.81763180639584,0.2790379524230957,0.7493042588996349
QM9-gap-30k,GA,47,18,0.379,72.81763180639584,0.2843179702758789,0.7406945062097681
QM9-gap-30k,GA,47,19,0.379,72.81763180639584,0.29407429695129395,0.744360394008318
QM9-gap-30k,Random,47,-1,0.2013,34.42091616248919,0.0,0.0
QM9-gap-30k,Random,47,0,0.3257,61.300777873811576,0.08379602432250977,0.8280182390784381
QM9-gap-30k,Random,47,1,0.3257,61.300777873811576,0.08748602867126465,0.7776728576166749
QM9-gap-30k,Random,47,2,0.3257,61.300777873811576,0.08772993087768555,0.941330924315945
QM9-gap-30k,Random,47,3,0.3498,66.50821089023336,0.09081220626831055,0.929983508352215
QM9-gap-30k,Random,47,4,0.3498,66.50821089023336,0.11276912689208984,0.9149180882156298
QM9-gap-30k,Random,47,5,0.3498,66.50821089023336,0.09590005874633789,0.9052434462866541
QM9-gap-30k,Random,47,6,0.3498,66.50821089023336,0.09435009956359863,0.9174534137392552
QM9-gap-30k,Random,47,7,0.3499,66.52981849611062,0.09828400611877441,0.9014737676822491
QM9-gap-30k,Random,47,8,0.3499,66.52981849611062,0.09974288940429688,0.895104480159396
QM9-gap-30k,Random,47,9,0.3499,66.52981849611062,0.10167908668518066,0.9101302362618449
QM9-gap-30k,Random,47,10,0.3499,66.52981849611062,0.10170507431030273,0.9044877917530483
QM9-gap-30k,Random,47,11,0.3499,66.52981849611062,0.10454678535461426,0.892219010854982
QM9-gap-30k,Random,47,12,0.3499,66.52981849611062,0.10814785957336426,0.8833912514178232
QM9-gap-30k,Random,47,13,0.3499,66.52981849611062,0.1107029914855957,0.8866369602646753
QM9-gap-30k,Random,47,14,0.3499,66.52981849611062,0.11183786392211914,0.8704391001805705
QM9-gap-30k,Random,47,15,0.3499,66.52981849611062,0.11264991760253906,0.8588457523808645
QM9-gap-30k,Random,47,16,0.3499,66.52981849611062,0.11567807197570801,0.8689558940128727
QM9-gap-30k,Random,47,17,0.3499,66.52981849611062,0.12024092674255371,0.8640564467159758
QM9-gap-30k,Random,47,18,0.3499,66.52981849611062,0.12112879753112793,0.8787452309538133
QM9-gap-30k,Random,47,19,0.3499,66.52981849611062,0.12445807456970215,0.8822224563077501
QM9-gap-30k,GLOSS,53,-1,0.2076,35.78219533275713,0.0,0.0
QM9-gap-30k,GLOSS,53,0,0.4802,94.68452895419188,0.611975908279419,1.1235235691527925
QM9-gap-30k,GLOSS,53,1,0.5048,100.0,0.5302541255950928,1.2379083842447545
QM9-gap-30k,GLOSS,53,2,0.5048,100.0,0.5295429229736328,1.3321452610738487
QM9-gap-30k,GLOSS,53,3,0.5048,100.0,0.5438308715820312,1.2397747180216527
QM9-gap-30k,GLOSS,53,4,0.5048,100.0,0.5518112182617188,1.2098224882004385
QM9-gap-30k,GLOSS,53,5,0.5048,100.0,0.5606677532196045,1.2279933262479514
QM9-gap-30k,GLOSS,53,6,0.5048,100.0,0.5670099258422852,1.2494953858083457
QM9-gap-30k,GLOSS,53,7,0.5048,100.0,0.584650993347168,1.218390547043085
QM9-gap-30k,GLOSS,53,8,0.5048,100.0,0.5889542102813721,1.2346001410698277
QM9-gap-30k,GLOSS,53,9,0.5048,100.0,0.6268308162689209,1.2142868149029582
QM9-gap-30k,GLOSS,53,10,0.5048,100.0,0.6169722080230713,1.2162994636734892
QM9-gap-30k,GLOSS,53,11,0.5048,100.0,0.6308698654174805,1.2042528223594609
QM9-gap-30k,GLOSS,53,12,0.5048,100.0,0.6595981121063232,1.237627909962806
QM9-gap-30k,GLOSS,53,13,0.5048,100.0,0.6545619964599609,1.2374689865699982
QM9-gap-30k,GLOSS,53,14,0.5048,100.0,0.6760067939758301,1.2306430534259838
QM9-gap-30k,GLOSS,53,15,0.5048,100.0,0.6575207710266113,1.2135945657795317
QM9-gap-30k,GLOSS,53,16,0.5048,100.0,0.6796169281005859,1.1998334950417007
QM9-gap-30k,GLOSS,53,17,0.5048,100.0,0.6844689846038818,1.190587429884803
QM9-gap-30k,GLOSS,53,18,0.5048,100.0,0.68955397605896,1.1818864551800534
QM9-gap-30k,GLOSS,53,19,0.5048,100.0,0.7000842094421387,1.1711522086125898
QM9-gap-30k,UCB-BO,53,-1,0.2076,35.78219533275713,0.0,0.0
QM9-gap-30k,UCB-BO,53,0,0.4802,94.68452895419188,0.1515498161315918,0.9919507411582845
QM9-gap-30k,UCB-BO,53,1,0.4802,94.68452895419188,0.1699378490447998,1.0793778388867186
QM9-gap-30k,UCB-BO,53,2,0.5048,100.0,0.17181706428527832,1.2452967727421633
QM9-gap-30k,UCB-BO,53,3,0.5048,100.0,0.1751689910888672,1.275995486216487
QM9-gap-30k,UCB-BO,53,4,0.5048,100.0,0.18164825439453125,1.3152842096669841
QM9-gap-30k,UCB-BO,53,5,0.5048,100.0,0.18433833122253418,1.317080072999322
QM9-gap-30k,UCB-BO,53,6,0.5048,100.0,0.18337512016296387,1.2688966294639885
QM9-gap-30k,UCB-BO,53,7,0.5048,100.0,0.1871023178100586,1.2874341296685383
QM9-gap-30k,UCB-BO,53,8,0.5048,100.0,0.19272994995117188,1.2736844846104394
QM9-gap-30k,UCB-BO,53,9,0.5048,100.0,0.20005416870117188,1.2594900650495175
QM9-gap-30k,UCB-BO,53,10,0.5048,100.0,0.20292925834655762,1.2511236705840374
QM9-gap-30k,UCB-BO,53,11,0.5048,100.0,0.20229697227478027,1.226598895290371
QM9-gap-30k,UCB-BO,53,12,0.5048,100.0,0.20853400230407715,1.2461199903282005
QM9-gap-30k,UCB-BO,53,13,0.5048,100.0,0.21492505073547363,1.2243543857044366
QM9-gap-30k,UCB-BO,53,14,0.5048,100.0,0.21271991729736328,1.2122803117015695
QM9-gap-30k,UCB-BO,53,15,0.5048,100.0,0.21560907363891602,1.1899466035324098
QM9-gap-30k,UCB-BO,53,16,0.5048,100.0,0.21877813339233398,1.162321374146842
QM9-gap-30k,UCB-BO,53,17,0.5048,100.0,0.24114370346069336,1.1415204336140816
QM9-gap-30k,UCB-BO,53,18,0.5048,100.0,0.22244596481323242,1.1202660643160331
QM9-gap-30k,UCB-BO,53,19,0.5048,100.0,0.22180390357971191,1.0980326961392286
QM9-gap-30k,BO(EI),53,-1,0.2076,35.78219533275713,0.0,0.0
QM9-gap-30k,BO(EI),53,0,0.4465,87.40276577355229,0.15680480003356934,0.45531465674583244
QM9-gap-30k,BO(EI),53,1,0.4465,87.40276577355229,0.16294097900390625,0.9863932971610568
QM9-gap-30k,BO(EI),53,2,0.4465,87.40276577355229,0.16700387001037598,1.2975351802290893
QM9-gap-30k,BO(EI),53,3,0.4802,94.68452895419188,0.17614388465881348,1.2698273655796093
QM9-gap-30k,BO(EI),53,4,0.4802,94.68452895419188,0.1770339012145996,1.3092636850011095
QM9-gap-30k,BO(EI),53,5,0.4802,94.68452895419188,0.19362521171569824,1.2719608596399214
QM9-gap-30k,BO(EI),53,6,0.4802,94.68452895419188,0.1962728500366211,1.333201264199205
QM9-gap-30k,BO(EI),53,7,0.4802,94.68452895419188,0.19742608070373535,1.321657151542021
QM9-gap-30k,BO(EI),53,8,0.4802,94.68452895419188,0.20499491691589355,1.3271727632954446
QM9-gap-30k,BO(EI),53,9,0.4802,94.68452895419188,0.20699429512023926,1.3041114032191368
QM9-gap-30k,BO(EI),53,10,0.4802,94.68452895419188,0.20899486541748047,1.2780532607426136
QM9-gap-30k,BO(EI),53,11,0.4802,94.68452895419188,0.21605205535888672,1.27341427273973
QM9-gap-30k,BO(EI),53,12,0.4802,94.68452895419188,0.21383881568908691,1.2474978182979681
QM9-gap-30k,BO(EI),53,13,0.4802,94.68452895419188,0.22007989883422852,1.2420052021549186
QM9-gap-30k,BO(EI),53,14,0.5048,100.0,0.21201825141906738,1.2504545343597897
QM9-gap-30k,BO(EI),53,15,0.5048,100.0,0.2266848087310791,1.2330682096105938
QM9-gap-30k,BO(EI),53,16,0.5048,100.0,0.22931718826293945,1.2100571165699587
QM9-gap-30k,BO(EI),53,17,0.5048,100.0,0.22964930534362793,1.202751058839842
QM9-gap-30k,BO(EI),53,18,0.5048,100.0,0.23270821571350098,1.1874322543531863
QM9-gap-30k,BO(EI),53,19,0.5048,100.0,0.24338698387145996,1.1842753901555436
QM9-gap-30k,GA,53,-1,0.2076,35.78219533275713,0.0,0.0
QM9-gap-30k,GA,53,0,0.3426,64.95246326707,0.20437192916870117,1.2001804374661447
QM9-gap-30k,GA,53,1,0.3426,64.95246326707,0.2210218906402588,1.0341390213368458
QM9-gap-30k,GA,53,2,0.3656,69.92221261884183,0.22188615798950195,0.9566908662112598
QM9-gap-30k,GA,53,3,0.3656,69.92221261884183,0.23000025749206543,0.9317698092558335
QM9-gap-30k,GA,53,4,0.3656,69.92221261884183,0.23429608345031738,0.8993067189102012
QM9-gap-30k,GA,53,5,0.3656,69.92221261884183,0.23911571502685547,0.8649931161756488
QM9-gap-30k,GA,53,6,0.3656,69.92221261884183,0.24826312065124512,0.8679429862834576
QM9-gap-30k,GA,53,7,0.3656,69.92221261884183,0.25779104232788086,0.8523662868600472
QM9-gap-30k,GA,53,8,0.3656,69.92221261884183,0.2611551284790039,0.8430996498128758
QM9-gap-30k,GA,53,9,0.3656,69.92221261884183,0.2665526866912842,0.8363353680871457
QM9-gap-30k,GA,53,10,0.3656,69.92221261884183,0.2607138156890869,0.8166020189634488
QM9-gap-30k,GA,53,11,0.3656,69.92221261884183,0.2571749687194824,0.7978055734344921
QM9-gap-30k,GA,53,12,0.374,71.73725151253241,0.26301097869873047,0.7948291086430234
QM9-gap-30k,GA,53,13,0.374,71.73725151253241,0.28690481185913086,0.7875783132057547
QM9-gap-30k,GA,53,14,0.375,71.9533275713051,0.26903676986694336,0.7713872738863453
QM9-gap-30k,GA,53,15,0.4298,83.7942955920484,0.2763540744781494,0.7705162342689095
QM9-gap-30k,GA,53,16,0.4298,83.7942955920484,0.2836129665374756,0.764610518268117
QM9-gap-30k,GA,53,17,0.4298,83.7942955920484,0.28249406814575195,0.7725193680285388
QM9-gap-30k,GA,53,18,0.4298,83.7942955920484,0.2850668430328369,0.7701523176011401
QM9-gap-30k,GA,53,19,0.4298,83.7942955920484,0.2839319705963135,0.7646779754314091
QM9-gap-30k,Random,53,-1,0.2076,35.78219533275713,0.0,0.0
QM9-gap-30k,Random,53,0,0.3347,63.245462402765774,0.08375000953674316,1.1094605034264604
QM9-gap-30k,Random,53,1,0.3478,66.07605877268799,0.08532309532165527,0.9934862960922926
QM9-gap-30k,Random,53,2,0.3478,66.07605877268799,0.08701109886169434,0.9169586879518787
QM9-gap-30k,Random,53,3,0.3478,66.07605877268799,0.08768820762634277,0.9509934363529271
QM9-gap-30k,Random,53,4,0.3478,66.07605877268799,0.09018611907958984,0.9615992304413122
QM9-gap-30k,Random,53,5,0.3478,66.07605877268799,0.09296679496765137,0.9360716738406218
QM9-gap-30k,Random,53,6,0.3478,66.07605877268799,0.09591197967529297,0.9185545206675623
QM9-gap-30k,Random,53,7,0.3478,66.07605877268799,0.11659598350524902,0.9182031022260128
QM9-gap-30k,Random,53,8,0.3478,66.07605877268799,0.09959006309509277,0.9030195003416183
QM9-gap-30k,Random,53,9,0.3478,66.07605877268799,0.10050415992736816,0.8865876059638375
QM9-gap-30k,Random,53,10,0.3478,66.07605877268799,0.10144591331481934,0.8861896914508212
QM9-gap-30k,Random,53,11,0.3478,66.07605877268799,0.10746407508850098,0.8760317888049296
QM9-gap-30k,Random,53,12,0.3478,66.07605877268799,0.10950398445129395,0.8810359901203172
QM9-gap-30k,Random,53,13,0.3478,66.07605877268799,0.11043596267700195,0.8761827466792784
QM9-gap-30k,Random,53,14,0.3478,66.07605877268799,0.11278891563415527,0.8733115592332396
QM9-gap-30k,Random,53,15,0.3478,66.07605877268799,0.11674189567565918,0.8727549448335301
QM9-gap-30k,Random,53,16,0.3478,66.07605877268799,0.1199941635131836,0.8977498030807808
QM9-gap-30k,Random,53,17,0.3478,66.07605877268799,0.1226191520690918,0.8927187244349017
QM9-gap-30k,Random,53,18,0.3478,66.07605877268799,0.12520694732666016,0.8945229450507411
QM9-gap-30k,Random,53,19,0.3557,67.78305963699222,0.12627196311950684,0.898320936905811
QM9-gap-30k,GLOSS,59,-1,0.2095,36.19273984442523,0.0,0.0
QM9-gap-30k,GLOSS,59,0,0.3339,63.07260155574762,0.5174610614776611,0.5844739090305316
QM9-gap-30k,GLOSS,59,1,0.4128,80.1210025929127,0.5316972732543945,0.8451290683014145
QM9-gap-30k,GLOSS,59,2,0.4802,94.68452895419188,0.5395629405975342,0.8922164436167532
QM9-gap-30k,GLOSS,59,3,0.4802,94.68452895419188,0.5512189865112305,0.9904662413983725
QM9-gap-30k,GLOSS,59,4,0.4802,94.68452895419188,0.5736689567565918,1.0706265642354291
QM9-gap-30k,GLOSS,59,5,0.5048,100.0,0.5897281169891357,1.201372772833838
QM9-gap-30k,GLOSS,59,6,0.5048,100.0,0.6187641620635986,1.240155160294977
QM9-gap-30k,GLOSS,59,7,0.5048,100.0,0.612231969833374,1.226517688830348
QM9-gap-30k,GLOSS,59,8,0.5048,100.0,0.607733964920044,1.1948537657376028
QM9-gap-30k,GLOSS,59,9,0.5048,100.0,0.6172449588775635,1.19760100425988
QM9-gap-30k,GLOSS,59,10,0.5048,100.0,0.6176581382751465,1.1765255006145559
QM9-gap-30k,GLOSS,59,11,0.5048,100.0,0.6257522106170654,1.1557424920673243
QM9-gap-30k,GLOSS,59,12,0.5048,100.0,0.6373691558837891,1.1723589163121415
QM9-gap-30k,GLOSS,59,13,0.5048,100.0,0.6470639705657959,1.1627857541176934
QM9-gap-30k,GLOSS,59,14,0.5048,100.0,0.6501777172088623,1.1614708631904809
QM9-gap-30k,GLOSS,59,15,0.5048,100.0,0.6492841243743896,1.159559546773608
QM9-gap-30k,GLOSS,59,16,0.5048,100.0,0.677832841873169,1.1478270022082846
QM9-gap-30k,GLOSS,59,17,0.5048,100.0,0.6764717102050781,1.1389307158318902
QM9-gap-30k,GLOSS,59,18,0.5048,100.0,0.6937968730926514,1.1220612580925742
QM9-gap-30k,GLOSS,59,19,0.5048,100.0,0.6871230602264404,1.107047369584746
QM9-gap-30k,UCB-BO,59,-1,0.2095,36.19273984442523,0.0,0.0
QM9-gap-30k,UCB-BO,59,0,0.2848,52.463267070008634,0.1492469310760498,0.3594639207122654
QM9-gap-30k,UCB-BO,59,1,0.2848,52.463267070008634,0.15674996376037598,0.5058523028421082
QM9-gap-30k,UCB-BO,59,2,0.3001,55.76923076923076,0.1602771282196045,0.5710206273662939
QM9-gap-30k,UCB-BO,59,3,0.3241,60.95505617977528,0.16026997566223145,0.6487686692552507
QM9-gap-30k,UCB-BO,59,4,0.3241,60.95505617977528,0.16825509071350098,0.7393185217033786
QM9-gap-30k,UCB-BO,59,5,0.3319,62.64044943820224,0.1751880645751953,0.7497574860188145
QM9-gap-30k,UCB-BO,59,6,0.3319,62.64044943820224,0.20931291580200195,0.7311619724421052
QM9-gap-30k,UCB-BO,59,7,0.351,66.76750216076059,0.17708802223205566,0.7372965410543525
QM9-gap-30k,UCB-BO,59,8,0.4802,94.68452895419188,0.18293023109436035,0.7712307244380121
QM9-gap-30k,UCB-BO,59,9,0.4802,94.68452895419188,0.18626904487609863,0.8722364622355547
QM9-gap-30k,UCB-BO,59,10,0.4802,94.68452895419188,0.1884140968322754,0.9323905068855168
QM9-gap-30k,UCB-BO,59,11,0.4802,94.68452895419188,0.19847607612609863,1.02061890141431
QM9-gap-30k,UCB-BO,59,12,0.4802,94.68452895419188,0.19974970817565918,1.042763706956018
QM9-gap-30k,UCB-BO,59,13,0.4802,94.68452895419188,0.20062708854675293,1.0618595268246083
QM9-gap-30k,UCB-BO,59,14,0.4802,94.68452895419188,0.19938206672668457,1.0686909083702147
QM9-gap-30k,UCB-BO,59,15,0.4802,94.68452895419188,0.20404672622680664,1.0733710268073555
QM9-gap-30k,UCB-BO,59,16,0.4802,94.68452895419188,0.2064359188079834,1.071635938218161
QM9-gap-30k,UCB-BO,59,17,0.5048,100.0,0.2144308090209961,1.1048063974036006
QM9-gap-30k,UCB-BO,59,18,0.5048,100.0,0.21030211448669434,1.1182489928363504
QM9-gap-30k,UCB-BO,59,19,0.5048,100.0,0.21720504760742188,1.113662823751138
QM9-gap-30k,BO(EI),59,-1,0.2095,36.19273984442523,0.0,0.0
QM9-gap-30k,BO(EI),59,0,0.3031,56.41745894554882,0.15423011779785156,0.3629277515582276
QM9-gap-30k,BO(EI),59,1,0.3031,56.41745894554882,0.1607959270477295,0.4448252206899181
QM9-gap-30k,BO(EI),59,2,0.3044,56.69835782195333,0.1647779941558838,0.46783990993698904
QM9-gap-30k,BO(EI),59,3,0.3348,63.26707000864303,0.16971087455749512,0.6104947382247755
QM9-gap-30k,BO(EI),59,4,0.3824,73.55229040622298,0.16950297355651855,0.6895679058934967
QM9-gap-30k,BO(EI),59,5,0.3824,73.55229040622298,0.17284297943115234,0.8104171709670906
QM9-gap-30k,BO(EI),59,6,0.3824,73.55229040622298,0.1795210838317871,0.8934884788808118
QM9-gap-30k,BO(EI),59,7,0.3891,75.0,0.1838541030883789,0.9392841893217081
QM9-gap-30k,BO(EI),59,8,0.3891,75.0,0.1844179630279541,1.0144089691935236
QM9-gap-30k,BO(EI),59,9,0.4128,80.1210025929127,0.18973803520202637,1.0545872284821178
QM9-gap-30k,BO(EI),59,10,0.4802,94.68452895419188,0.19116497039794922,1.0736721000352212
QM9-gap-30k,BO(EI),59,11,0.4802,94.68452895419188,0.19253993034362793,1.1007764329181347
QM9-gap-30k,BO(EI),59,12,0.4802,94.68452895419188,0.19443392753601074,1.1101363199803074
QM9-gap-30k,BO(EI),59,13,0.4802,94.68452895419188,0.20528006553649902,1.1061457367474783
QM9-gap-30k,BO(EI),59,14,0.4802,94.68452895419188,0.20935702323913574,1.1074131782600127
QM9-gap-30k,BO(EI),59,15,0.4802,94.68452895419188,0.21065878868103027,1.1079599770636857
QM9-gap-30k,BO(EI),59,16,0.4802,94.68452895419188,0.21802902221679688,1.1125552895154562
QM9-gap-30k,BO(EI),59,17,0.4802,94.68452895419188,0.22668170928955078,1.1090819130702332
QM9-gap-30k,BO(EI),59,18,0.5048,100.0,0.23525094985961914,1.1540805481118948
QM9-gap-30k,BO(EI),59,19,0.5048,100.0,0.23744726181030273,1.1871698796702044
QM9-gap-30k,GA,59,-1,0.2095,36.19273984442523,0.0,0.0
QM9-gap-30k,GA,59,0,0.2747,50.28089887640449,0.22072100639343262,1.0705925704038217
QM9-gap-30k,GA,59,1,0.2991,55.553154710458074,0.21652817726135254,0.9910431522697534
QM9-gap-30k,GA,59,2,0.3231,60.7389801210026,0.23802995681762695,1.020339004183111
QM9-gap-30k,GA,59,3,0.3231,60.7389801210026,0.2366161346435547,1.0173528991183864
QM9-gap-30k,GA,59,4,0.3464,65.77355229040622,0.2406611442565918,0.994490733258241
QM9-gap-30k,GA,59,5,0.3464,65.77355229040622,0.24880003929138184,1.002345953809279
QM9-gap-30k,GA,59,6,0.3656,69.92221261884183,0.25556397438049316,1.014540050919878
QM9-gap-30k,GA,59,7,0.3697,70.80812445980985,0.25784921646118164,1.0039736590231498
QM9-gap-30k,GA,59,8,0.3697,70.80812445980985,0.2591578960418701,0.9853700401226689
QM9-gap-30k,GA,59,9,0.3697,70.80812445980985,0.2628810405731201,0.9559991488403565
QM9-gap-30k,GA,59,10,0.3697,70.80812445980985,0.26798009872436523,0.939180673155677
QM9-gap-30k,GA,59,11,0.3697,70.80812445980985,0.26799702644348145,0.9240015849267423
QM9-gap-30k,GA,59,12,0.3697,70.80812445980985,0.2753441333770752,0.9128809929532521
QM9-gap-30k,GA,59,13,0.3697,70.80812445980985,0.28528904914855957,0.8984523322703788
QM9-gap-30k,GA,59,14,0.3697,70.80812445980985,0.2907228469848633,0.8892885165500691
QM9-gap-30k,GA,59,15,0.3702,70.91616248919618,0.29373788833618164,0.8909284043301856
QM9-gap-30k,GA,59,16,0.462,90.75194468452895,0.2973170280456543,0.9021590995173694
QM9-gap-30k,GA,59,17,0.462,90.75194468452895,0.2956233024597168,0.8945313426073599
QM9-gap-30k,GA,59,18,0.462,90.75194468452895,0.33504414558410645,0.8848515252270508
QM9-gap-30k,GA,59,19,0.462,90.75194468452895,0.3159060478210449,0.881388844396149
QM9-gap-30k,Random,59,-1,0.2095,36.19273984442523,0.0,0.0
QM9-gap-30k,Random,59,0,0.3042,56.655142610198794,0.08901095390319824,0.8896021760178631
QM9-gap-30k,Random,59,1,0.3388,64.13137424373379,0.08576297760009766,0.9392040439094076
QM9-gap-30k,Random,59,2,0.3388,64.13137424373379,0.08838415145874023,0.9038540258948932
QM9-gap-30k,Random,59,3,0.3388,64.13137424373379,0.08928298950195312,0.8802111384865912
QM9-gap-30k,Random,59,4,0.3388,64.13137424373379,0.09186291694641113,0.9357003550353584
QM9-gap-30k,Random,59,5,0.3388,64.13137424373379,0.09373211860656738,0.9258691839527824
QM9-gap-30k,Random,59,6,0.3388,64.13137424373379,0.09601211547851562,0.9505012090332043
QM9-gap-30k,Random,59,7,0.3388,64.13137424373379,0.09888601303100586,0.9401782190381575
QM9-gap-30k,Random,59,8,0.3388,64.13137424373379,0.09708881378173828,0.9473655070792205
QM9-gap-30k,Random,59,9,0.3388,64.13137424373379,0.10570430755615234,0.9398966999214903
QM9-gap-30k,Random,59,10,0.3388,64.13137424373379,0.10636091232299805,0.9547656120434722
QM9-gap-30k,Random,59,11,0.3388,64.13137424373379,0.11888694763183594,0.9496155759573404
QM9-gap-30k,Random,59,12,0.3388,64.13137424373379,0.11253094673156738,0.9278509917201311
QM9-gap-30k,Random,59,13,0.3388,64.13137424373379,0.10823488235473633,0.9176329754288788
QM9-gap-30k,Random,59,14,0.3388,64.13137424373379,0.1111898422241211,0.9175176479468058
QM9-gap-30k,Random,59,15,0.3388,64.13137424373379,0.1112971305847168,0.9138773615804722
QM9-gap-30k,Random,59,16,0.3388,64.13137424373379,0.11554408073425293,0.9082691994430202
QM9-gap-30k,Random,59,17,0.3388,64.13137424373379,0.11713194847106934,0.903717312821308
QM9-gap-30k,Random,59,18,0.3388,64.13137424373379,0.12197589874267578,0.9021015834167221
QM9-gap-30k,Random,59,19,0.3388,64.13137424373379,0.12602519989013672,0.9080976819757731
QM9-gap-30k,GLOSS,61,-1,0.2084,35.955056179775276,0.0,0.0
QM9-gap-30k,GLOSS,61,0,0.2278,40.14693171996542,0.5430738925933838,0.5705853021587937
QM9-gap-30k,GLOSS,61,1,0.3348,63.26707000864303,0.5742180347442627,0.8162431179634599
QM9-gap-30k,GLOSS,61,2,0.3643,69.64131374243733,0.5970859527587891,1.0568760268286967
QM9-gap-30k,GLOSS,61,3,0.3749,71.93171996542783,0.5998537540435791,1.1883557678548016
QM9-gap-30k,GLOSS,61,4,0.379,72.81763180639584,0.606997013092041,1.1915645474806233
QM9-gap-30k,GLOSS,61,5,0.5048,100.0,0.624948263168335,1.282397544893301
QM9-gap-30k,GLOSS,61,6,0.5048,100.0,0.6378002166748047,1.3352935922413238
QM9-gap-30k,GLOSS,61,7,0.5048,100.0,0.649306058883667,1.3112114834709343
QM9-gap-30k,GLOSS,61,8,0.5048,100.0,0.6645760536193848,1.2697856379515053
QM9-gap-30k,GLOSS,61,9,0.5048,100.0,0.6330797672271729,1.237794657235117
QM9-gap-30k,GLOSS,61,10,0.5048,100.0,0.6361069679260254,1.2309395012773447
QM9-gap-30k,GLOSS,61,11,0.5048,100.0,0.6420478820800781,1.2382326378002821
QM9-gap-30k,GLOSS,61,12,0.5048,100.0,0.6580121517181396,1.2587546436802286
QM9-gap-30k,GLOSS,61,13,0.5048,100.0,0.6645162105560303,1.2540302856542591
QM9-gap-30k,GLOSS,61,14,0.5048,100.0,0.6763081550598145,1.2503861985039866
QM9-gap-30k,GLOSS,61,15,0.5048,100.0,0.698516845703125,1.232844027141284
QM9-gap-30k,GLOSS,61,16,0.5048,100.0,0.6967611312866211,1.2396466755222928
QM9-gap-30k,GLOSS,61,17,0.5048,100.0,0.6943550109863281,1.2323951311537793
QM9-gap-30k,GLOSS,61,18,0.5048,100.0,0.7034327983856201,1.2231364150052855
QM9-gap-30k,GLOSS,61,19,0.5048,100.0,0.6899387836456299,1.217415079424394
QM9-gap-30k,UCB-BO,61,-1,0.2084,35.955056179775276,0.0,0.0
QM9-gap-30k,UCB-BO,61,0,0.2408,42.95592048401036,0.14698505401611328,0.2180787358327903
QM9-gap-30k,UCB-BO,61,1,0.3335,62.98617113223855,0.15901899337768555,1.101795517561795
QM9-gap-30k,UCB-BO,61,2,0.3339,63.07260155574762,0.16260695457458496,1.0864876186578993
QM9-gap-30k,UCB-BO,61,3,0.3434,65.12532411408816,0.16744327545166016,0.9845337776912639
QM9-gap-30k,UCB-BO,61,4,0.418,81.24459809853067,0.173292875289917,1.0184814162195825
QM9-gap-30k,UCB-BO,61,5,0.418,81.24459809853067,0.18007206916809082,1.0987442389782178
QM9-gap-30k,UCB-BO,61,6,0.4802,94.68452895419188,0.18831896781921387,1.1458363580684285
QM9-gap-30k,UCB-BO,61,7,0.4802,94.68452895419188,0.19415688514709473,1.1535003967302482
QM9-gap-30k,UCB-BO,61,8,0.4802,94.68452895419188,0.20478415489196777,1.1623213879681864
QM9-gap-30k,UCB-BO,61,9,0.4802,94.68452895419188,0.2039470672607422,1.1534593396651842
QM9-gap-30k,UCB-BO,61,10,0.5048,100.0,0.2122969627380371,1.2259416727239016
QM9-gap-30k,UCB-BO,61,11,0.5048,100.0,0.21209311485290527,1.2359795628649368
QM9-gap-30k,UCB-BO,61,12,0.5048,100.0,0.21108293533325195,1.2241320171582937
QM9-gap-30k,UCB-BO,61,13,0.5048,100.0,0.22520184516906738,1.2337340571502642
QM9-gap-30k,UCB-BO,61,14,0.5048,100.0,0.23194408416748047,1.2317499189616972
QM9-gap-30k,UCB-BO,61,15,0.5048,100.0,0.23379206657409668,1.2239617185769232
QM9-gap-30k,UCB-BO,61,16,0.5048,100.0,0.23009324073791504,1.2117400850638087
QM9-gap-30k,UCB-BO,61,17,0.5048,100.0,0.2350151538848877,1.1964097151097686
QM9-gap-30k,UCB-BO,61,18,0.5048,100.0,0.2298450469970703,1.1837498492086742
QM9-gap-30k,UCB-BO,61,19,0.5048,100.0,0.23239398002624512,1.1681829281956513
QM9-gap-30k,BO(EI),61,-1,0.2084,35.955056179775276,0.0,0.0
QM9-gap-30k,BO(EI),61,0,0.2147,37.31633535004321,0.14924335479736328,0.11866022662114732
QM9-gap-30k,BO(EI),61,1,0.2147,37.31633535004321,0.15300202369689941,0.27090770479681037
QM9-gap-30k,BO(EI),61,2,0.2147,37.31633535004321,0.15971779823303223,0.3446943246038313
QM9-gap-30k,BO(EI),61,3,0.2286,40.31979256698357,0.1647019386291504,0.3745954890657326
QM9-gap-30k,BO(EI),61,4,0.2467,44.230769230769226,0.169083833694458,0.6400231772398302
QM9-gap-30k,BO(EI),61,5,0.2764,50.64822817631806,0.17971301078796387,0.7606433194577251
QM9-gap-30k,BO(EI),61,6,0.3562,67.89109766637857,0.18033671379089355,0.8850290815287369
QM9-gap-30k,BO(EI),61,7,0.3602,68.75540190146931,0.19784116744995117,0.9874154743365785
QM9-gap-30k,BO(EI),61,8,0.3778,72.55834053586862,0.20241880416870117,1.056428889481724
QM9-gap-30k,BO(EI),61,9,0.3778,72.55834053586862,0.2030930519104004,1.0682358131632204
QM9-gap-30k,BO(EI),61,10,0.5048,100.0,0.2045750617980957,1.131614349429573
QM9-gap-30k,BO(EI),61,11,0.5048,100.0,0.2061629295349121,1.2069496717620098
QM9-gap-30k,BO(EI),61,12,0.5048,100.0,0.20881104469299316,1.1876656929966123
QM9-gap-30k,BO(EI),61,13,0.5048,100.0,0.21844196319580078,1.2007369779022443
QM9-gap-30k,BO(EI),61,14,0.5048,100.0,0.2176666259765625,1.2208244130797472
QM9-gap-30k,BO(EI),61,15,0.5048,100.0,0.21834087371826172,1.2123606789647667
QM9-gap-30k,BO(EI),61,16,0.5048,100.0,0.223099946975708,1.2494150322309883
QM9-gap-30k,BO(EI),61,17,0.5048,100.0,0.2290949821472168,1.2574631283689979
QM9-gap-30k,BO(EI),61,18,0.5048,100.0,0.23407530784606934,1.2668338489444413
QM9-gap-30k,BO(EI),61,19,0.5048,100.0,0.23528599739074707,1.2721929607525322
QM9-gap-30k,GA,61,-1,0.2084,35.955056179775276,0.0,0.0
QM9-gap-30k,GA,61,0,0.3504,66.63785652549697,0.20342087745666504,1.1106621113266546
QM9-gap-30k,GA,61,1,0.3504,66.63785652549697,0.21883416175842285,1.0464778526474774
QM9-gap-30k,GA,61,2,0.3504,66.63785652549697,0.23225688934326172,0.9819728335911734
QM9-gap-30k,GA,61,3,0.3541,67.43733794295592,0.23623394966125488,0.9296501276631456
QM9-gap-30k,GA,61,4,0.3596,68.6257562662057,0.2397911548614502,0.9352528377929796
QM9-gap-30k,GA,61,5,0.3596,68.6257562662057,0.2446591854095459,0.8994721181312209
QM9-gap-30k,GA,61,6,0.3596,68.6257562662057,0.2509651184082031,0.8927121048589645
QM9-gap-30k,GA,61,7,0.3599,68.6905790838375,0.25742006301879883,0.9010590069077755
QM9-gap-30k,GA,61,8,0.3599,68.6905790838375,0.2559800148010254,0.8942990692036626
QM9-gap-30k,GA,61,9,0.3599,68.6905790838375,0.26174211502075195,0.8899168619092921
QM9-gap-30k,GA,61,10,0.3599,68.6905790838375,0.26352405548095703,0.8662442868911276
QM9-gap-30k,GA,61,11,0.3685,70.54883318928262,0.2693817615509033,0.8639327714867493
QM9-gap-30k,GA,61,12,0.3685,70.54883318928262,0.2725670337677002,0.8641664617470339
QM9-gap-30k,GA,61,13,0.3685,70.54883318928262,0.2798728942871094,0.8532173074713223
QM9-gap-30k,GA,61,14,0.3879,74.74070872947277,0.2770850658416748,0.858047382759038
QM9-gap-30k,GA,61,15,0.3879,74.74070872947277,0.2843508720397949,0.8803106210778117
QM9-gap-30k,GA,61,16,0.3879,74.74070872947277,0.2828328609466553,0.8784966105457718
QM9-gap-30k,GA,61,17,0.3879,74.74070872947277,0.2834889888763428,0.8781996588957179
QM9-gap-30k,GA,61,18,0.3879,74.74070872947277,0.28609704971313477,0.8818892766622837
QM9-gap-30k,GA,61,19,0.3879,74.74070872947277,0.29552626609802246,0.8762673392407698
QM9-gap-30k,Random,61,-1,0.2084,35.955056179775276,0.0,0.0
QM9-gap-30k,Random,61,0,0.3014,56.05012964563526,0.08393502235412598,1.1395007512144817
QM9-gap-30k,Random,61,1,0.3176,59.55056179775281,0.08530521392822266,0.9412480525464446
QM9-gap-30k,Random,61,2,0.3222,60.54451166810717,0.0863809585571289,0.9626903113396481
QM9-gap-30k,Random,61,3,0.3222,60.54451166810717,0.08881402015686035,0.9283747578525873
QM9-gap-30k,Random,61,4,0.3222,60.54451166810717,0.09249067306518555,0.9286556816969652
QM9-gap-30k,Random,61,5,0.3222,60.54451166810717,0.09269976615905762,0.9063157380402137
QM9-gap-30k,Random,61,6,0.3496,66.46499567847883,0.0969228744506836,0.9069599618320048
QM9-gap-30k,Random,61,7,0.3496,66.46499567847883,0.09752798080444336,0.9113055226269166
QM9-gap-30k,Random,61,8,0.3496,66.46499567847883,0.0991830825805664,0.9283986792687952
QM9-gap-30k,Random,61,9,0.3496,66.46499567847883,0.1020960807800293,0.9398789567808364
QM9-gap-30k,Random,61,10,0.3496,66.46499567847883,0.10415887832641602,0.9376588648871669
QM9-gap-30k,Random,61,11,0.3496,66.46499567847883,0.10506296157836914,0.9224046798319162
QM9-gap-30k,Random,61,12,0.3496,66.46499567847883,0.10781216621398926,0.9112569341954087
QM9-gap-30k,Random,61,13,0.3496,66.46499567847883,0.10850095748901367,0.9049630923260114
QM9-gap-30k,Random,61,14,0.3496,66.46499567847883,0.11312198638916016,0.8981659457459906
QM9-gap-30k,Random,61,15,0.3496,66.46499567847883,0.1151888370513916,0.8892171795305611
QM9-gap-30k,Random,61,16,0.3496,66.46499567847883,0.11727404594421387,0.8878841241555492
QM9-gap-30k,Random,61,17,0.3496,66.46499567847883,0.11771607398986816,0.8813554466734249
QM9-gap-30k,Random,61,18,0.3496,66.46499567847883,0.11912703514099121,0.8723540169641019
QM9-gap-30k,Random,61,19,0.3496,66.46499567847883,0.12196779251098633,0.8796795955911186
QM9-gap-30k,GLOSS,67,-1,0.2077,35.80380293863439,0.0,0.0
QM9-gap-30k,GLOSS,67,0,0.2546,45.93777009507346,0.5304319858551025,0.4841251136481229
QM9-gap-30k,GLOSS,67,1,0.2598,47.06136560069143,0.5514669418334961,0.45234671395037274
QM9-gap-30k,GLOSS,67,2,0.2609,47.299049265341395,0.5522401332855225,0.6235123734320426
QM9-gap-30k,GLOSS,67,3,0.2609,47.299049265341395,0.5753610134124756,0.7059497051601236
QM9-gap-30k,GLOSS,67,4,0.3059,57.02247191011236,0.5837888717651367,0.7941553716652844
QM9-gap-30k,GLOSS,67,5,0.346,65.68712186689713,0.5989489555358887,0.956689065029633
QM9-gap-30k,GLOSS,67,6,0.3534,67.28608470181503,0.6188039779663086,1.0902984973975367
QM9-gap-30k,GLOSS,67,7,0.3534,67.28608470181503,0.6038217544555664,1.1274304575572598
QM9-gap-30k,GLOSS,67,8,0.3534,67.28608470181503,0.6267399787902832,1.1394087468544347
QM9-gap-30k,GLOSS,67,9,0.3796,72.94727744165947,0.6520800590515137,1.1889654302913504
QM9-gap-30k,GLOSS,67,10,0.5048,100.0,0.6600019931793213,1.214193648644153
QM9-gap-30k,GLOSS,67,11,0.5048,100.0,0.6581120491027832,1.2274586832721572
QM9-gap-30k,GLOSS,67,12,0.5048,100.0,0.6703710556030273,1.219024820927266
QM9-gap-30k,GLOSS,67,13,0.5048,100.0,0.7036716938018799,1.2334600360323968
QM9-gap-30k,GLOSS,67,14,0.5048,100.0,0.7031638622283936,1.2482277924513958
QM9-gap-30k,GLOSS,67,15,0.5048,100.0,0.7066323757171631,1.2593712538772077
QM9-gap-30k,GLOSS,67,16,0.5048,100.0,0.6971659660339355,1.2623832735923781
QM9-gap-30k,GLOSS,67,17,0.5048,100.0,0.6751699447631836,1.2641309486396357
QM9-gap-30k,GLOSS,67,18,0.5048,100.0,0.7042579650878906,1.2618082000562183
QM9-gap-30k,GLOSS,67,19,0.5048,100.0,0.7167387008666992,1.26715148495864
QM9-gap-30k,UCB-BO,67,-1,0.2077,35.80380293863439,0.0,0.0
QM9-gap-30k,UCB-BO,67,0,0.2499,44.922212618841826,0.15259218215942383,0.33514356995109434
QM9-gap-30k,UCB-BO,67,1,0.2842,52.33362143474503,0.1579279899597168,0.5104059757489511
QM9-gap-30k,UCB-BO,67,2,0.2842,52.33362143474503,0.1560978889465332,0.5427514554556079
QM9-gap-30k,UCB-BO,67,3,0.2842,52.33362143474503,0.15902495384216309,0.6226461083718187
QM9-gap-30k,UCB-BO,67,4,0.2842,52.33362143474503,0.16622686386108398,0.6720693986327321
QM9-gap-30k,UCB-BO,67,5,0.3058,57.00086430423509,0.17055797576904297,0.8104037663379956
QM9-gap-30k,UCB-BO,67,6,0.357,68.0639585133967,0.17299795150756836,0.9870042080764884
QM9-gap-30k,UCB-BO,67,7,0.3891,75.0,0.18405604362487793,1.2215104398174301
QM9-gap-30k,UCB-BO,67,8,0.4465,87.40276577355229,0.18707704544067383,1.3027926601036244
QM9-gap-30k,UCB-BO,67,9,0.4802,94.68452895419188,0.18631291389465332,1.3373572972329442
QM9-gap-30k,UCB-BO,67,10,0.5048,100.0,0.192612886428833,1.3802759339023263
QM9-gap-30k,UCB-BO,67,11,0.5048,100.0,0.19575095176696777,1.3993360649602438
QM9-gap-30k,UCB-BO,67,12,0.5048,100.0,0.19923901557922363,1.40436625647932
QM9-gap-30k,UCB-BO,67,13,0.5048,100.0,0.2091372013092041,1.4127042359604363
QM9-gap-30k,UCB-BO,67,14,0.5048,100.0,0.21673870086669922,1.3940426825700583
QM9-gap-30k,UCB-BO,67,15,0.5048,100.0,0.21730804443359375,1.3974893220391646
QM9-gap-30k,UCB-BO,67,16,0.5048,100.0,0.2208268642425537,1.385307211839841
QM9-gap-30k,UCB-BO,67,17,0.5048,100.0,0.22223377227783203,1.3830646600985586
QM9-gap-30k,UCB-BO,67,18,0.5048,100.0,0.23337078094482422,1.3742897855359977
QM9-gap-30k,UCB-BO,67,19,0.5048,100.0,0.23177528381347656,1.3653346520407181
QM9-gap-30k,BO(EI),67,-1,0.2077,35.80380293863439,0.0,0.0
QM9-gap-30k,BO(EI),67,0,0.2499,44.922212618841826,0.15437006950378418,0.3884233434165466
QM9-gap-30k,BO(EI),67,1,0.2499,44.922212618841826,0.1606462001800537,0.4764949864525421
QM9-gap-30k,BO(EI),67,2,0.2818,51.81503889369057,0.1560230255126953,0.568827797582347
QM9-gap-30k,BO(EI),67,3,0.2968,55.0561797752809,0.16249608993530273,0.6954164825680134
QM9-gap-30k,BO(EI),67,4,0.2968,55.0561797752809,0.16799378395080566,0.81367753676402
QM9-gap-30k,BO(EI),67,5,0.2968,55.0561797752809,0.17059683799743652,0.868009567554239
QM9-gap-30k,BO(EI),67,6,0.2968,55.0561797752809,0.17698311805725098,0.9026332851144849
QM9-gap-30k,BO(EI),67,7,0.3366,63.65600691443388,0.1807861328125,0.9855679614064448
QM9-gap-30k,BO(EI),67,8,0.3405,64.49870354364737,0.1916639804840088,1.066108594704048
QM9-gap-30k,BO(EI),67,9,0.3405,64.49870354364737,0.19678425788879395,1.1047445134557476
QM9-gap-30k,BO(EI),67,10,0.3464,65.77355229040622,0.2067430019378662,1.1473333876708995
QM9-gap-30k,BO(EI),67,11,0.4465,87.40276577355229,0.2058558464050293,1.1776591099247171
QM9-gap-30k,BO(EI),67,12,0.5048,100.0,0.21170711517333984,1.232043102319917
QM9-gap-30k,BO(EI),67,13,0.5048,100.0,0.21817898750305176,1.2740440797828707
QM9-gap-30k,BO(EI),67,14,0.5048,100.0,0.21263575553894043,1.2886542465297013
QM9-gap-30k,BO(EI),67,15,0.5048,100.0,0.22139477729797363,1.2805477906404805
QM9-gap-30k,BO(EI),67,16,0.5048,100.0,0.21918296813964844,1.2825400817432182
QM9-gap-30k,BO(EI),67,17,0.5048,100.0,0.22623324394226074,1.2707287646200585
QM9-gap-30k,BO(EI),67,18,0.5048,100.0,0.22990012168884277,1.2723621640490672
QM9-gap-30k,BO(EI),67,19,0.5048,100.0,0.23793506622314453,1.2836729073055346
QM9-gap-30k,GA,67,-1,0.2077,35.80380293863439,0.0,0.0
QM9-gap-30k,GA,67,0,0.3206,60.19878997407086,0.19455790519714355,0.8517256651954791
QM9-gap-30k,GA,67,1,0.3627,69.29559204840105,0.21288084983825684,0.9345639089261408
QM9-gap-30k,GA,67,2,0.3627,69.29559204840105,0.21805095672607422,0.8789435797914563
QM9-gap-30k,GA,67,3,0.3627,69.29559204840105,0.22733807563781738,0.8127978751319709
QM9-gap-30k,GA,67,4,0.3627,69.29559204840105,0.2304399013519287,0.8191084815802698
QM9-gap-30k,GA,67,5,0.3627,69.29559204840105,0.2342829704284668,0.8118644875516361
QM9-gap-30k,GA,67,6,0.3627,69.29559204840105,0.23576021194458008,0.8140533665508608
QM9-gap-30k,GA,67,7,0.3627,69.29559204840105,0.24403882026672363,0.7964335698769422
QM9-gap-30k,GA,67,8,0.3627,69.29559204840105,0.2406022548675537,0.7822430959100709
QM9-gap-30k,GA,67,9,0.3627,69.29559204840105,0.2451918125152588,0.7703827336616409
QM9-gap-30k,GA,67,10,0.3627,69.29559204840105,0.2578239440917969,0.7609009485127022
QM9-gap-30k,GA,67,11,0.3627,69.29559204840105,0.26168084144592285,0.7561725309976043
QM9-gap-30k,GA,67,12,0.3627,69.29559204840105,0.26293182373046875,0.7553992124555102
QM9-gap-30k,GA,67,13,0.3675,70.33275713050993,0.268373966217041,0.7427219786076977
QM9-gap-30k,GA,67,14,0.3749,71.93171996542783,0.27040791511535645,0.750480895204162
QM9-gap-30k,GA,67,15,0.3749,71.93171996542783,0.27309107780456543,0.751762896219459
QM9-gap-30k,GA,67,16,0.3749,71.93171996542783,0.27898287773132324,0.7525451166623365
QM9-gap-30k,GA,67,17,0.3749,71.93171996542783,0.27480316162109375,0.7395955520070457
QM9-gap-30k,GA,67,18,0.3749,71.93171996542783,0.28205299377441406,0.7371219690496319
QM9-gap-30k,GA,67,19,0.3749,71.93171996542783,0.2851419448852539,0.7433758899428783
QM9-gap-30k,Random,67,-1,0.2077,35.80380293863439,0.0,0.0
QM9-gap-30k,Random,67,0,0.3284,61.88418323249785,0.08551812171936035,0.7784253964332363
QM9-gap-30k,Random,67,1,0.3284,61.88418323249785,0.08299493789672852,0.7907839825945948
QM9-gap-30k,Random,67,2,0.3284,61.88418323249785,0.08680295944213867,0.7694462304297671
QM9-gap-30k,Random,67,3,0.3284,61.88418323249785,0.0887610912322998,0.8549440578535521
QM9-gap-30k,Random,67,4,0.3284,61.88418323249785,0.08943986892700195,0.8794516222556014
QM9-gap-30k,Random,67,5,0.3284,61.88418323249785,0.0929269790649414,0.9067143749739432
QM9-gap-30k,Random,67,6,0.3284,61.88418323249785,0.09503507614135742,0.909684927752109
QM9-gap-30k,Random,67,7,0.3284,61.88418323249785,0.09630799293518066,0.9133478796070783
QM9-gap-30k,Random,67,8,0.3284,61.88418323249785,0.09992694854736328,0.9222487460006865
QM9-gap-30k,Random,67,9,0.3284,61.88418323249785,0.10038328170776367,0.9014796819447005
QM9-gap-30k,Random,67,10,0.3284,61.88418323249785,0.1028139591217041,0.913416801257625
QM9-gap-30k,Random,67,11,0.3284,61.88418323249785,0.1029207706451416,0.9107884925430819
QM9-gap-30k,Random,67,12,0.3284,61.88418323249785,0.10368204116821289,0.8987658222123207
QM9-gap-30k,Random,67,13,0.3635,69.46845289541919,0.10782384872436523,0.8976792356372068
QM9-gap-30k,Random,67,14,0.3635,69.46845289541919,0.11057305335998535,0.8969358261975063
QM9-gap-30k,Random,67,15,0.3635,69.46845289541919,0.1115729808807373,0.8978892090546031
QM9-gap-30k,Random,67,16,0.3635,69.46845289541919,0.11365103721618652,0.9037659915846904
QM9-gap-30k,Random,67,17,0.3635,69.46845289541919,0.11600089073181152,0.8970293620422569
QM9-gap-30k,Random,67,18,0.3635,69.46845289541919,0.12050700187683105,0.900028169723181
QM9-gap-30k,Random,67,19,0.3635,69.46845289541919,0.12369418144226074,0.8955017709333639
QM9-gap-35k,GLOSS,47,-1,0.2083,35.933448573898005,0.0,0.0
QM9-gap-35k,GLOSS,47,0,0.2238,39.28262748487467,0.6804780960083008,0.4801111187107286
QM9-gap-35k,GLOSS,47,1,0.3599,68.6905790838375,0.7023618221282959,0.6928317804762016
QM9-gap-35k,GLOSS,47,2,0.5048,100.0,0.6860442161560059,1.0151739477902137
QM9-gap-35k,GLOSS,47,3,0.5048,100.0,0.7668588161468506,1.0330651285581893
QM9-gap-35k,GLOSS,47,4,0.5048,100.0,0.6765303611755371,1.1060037818443194
QM9-gap-35k,GLOSS,47,5,0.5048,100.0,0.7009310722351074,1.1214155546855102
QM9-gap-35k,GLOSS,47,6,0.5048,100.0,0.7588798999786377,1.091855961523361
QM9-gap-35k,GLOSS,47,7,0.5048,100.0,0.7563331127166748,1.151823766864791
QM9-gap-35k,GLOSS,47,8,0.5048,100.0,0.7577488422393799,1.164008398220952
QM9-gap-35k,GLOSS,47,9,0.5048,100.0,0.7470002174377441,1.162641563252102
QM9-gap-35k,GLOSS,47,10,0.5048,100.0,0.7385361194610596,1.1629707845733328
QM9-gap-35k,GLOSS,47,11,0.5048,100.0,0.7636821269989014,1.1610841420514788
QM9-gap-35k,GLOSS,47,12,0.5048,100.0,0.7631640434265137,1.1649792752275339
QM9-gap-35k,GLOSS,47,13,0.5048,100.0,0.7549691200256348,1.1681085478450666
QM9-gap-35k,GLOSS,47,14,0.5048,100.0,0.7501239776611328,1.1666691256354265
QM9-gap-35k,GLOSS,47,15,0.5048,100.0,0.7638051509857178,1.1952954406120275
QM9-gap-35k,GLOSS,47,16,0.5048,100.0,0.8302991390228271,1.1919377109858216
QM9-gap-35k,GLOSS,47,17,0.5048,100.0,0.7968990802764893,1.1861142884395786
QM9-gap-35k,GLOSS,47,18,0.5048,100.0,0.7983660697937012,1.1889985451487184
QM9-gap-35k,GLOSS,47,19,0.5048,100.0,0.8120079040527344,1.187144940180124
QM9-gap-35k,UCB-BO,47,-1,0.2083,35.933448573898005,0.0,0.0
QM9-gap-35k,UCB-BO,47,0,0.2351,41.72428694900604,0.17315912246704102,0.20015184509243014
QM9-gap-35k,UCB-BO,47,1,0.3557,67.78305963699222,0.19099116325378418,0.7135690163068186
QM9-gap-35k,UCB-BO,47,2,0.3557,67.78305963699222,0.19577598571777344,0.9217158447130365
QM9-gap-35k,UCB-BO,47,3,0.4802,94.68452895419188,0.19962310791015625,1.0284359550991575
QM9-gap-35k,UCB-BO,47,4,0.4802,94.68452895419188,0.20237326622009277,1.0657717235002073
QM9-gap-35k,UCB-BO,47,5,0.4802,94.68452895419188,0.20776915550231934,1.100427817939342
QM9-gap-35k,UCB-BO,47,6,0.4802,94.68452895419188,0.21282410621643066,1.1009219227184899
QM9-gap-35k,UCB-BO,47,7,0.4802,94.68452895419188,0.22257184982299805,1.0995194598939757
QM9-gap-35k,UCB-BO,47,8,0.5048,100.0,0.22528719902038574,1.1408707784957217
QM9-gap-35k,UCB-BO,47,9,0.5048,100.0,0.22609305381774902,1.1634070963870133
QM9-gap-35k,UCB-BO,47,10,0.5048,100.0,0.22939324378967285,1.1737928976416834
QM9-gap-35k,UCB-BO,47,11,0.5048,100.0,0.2297673225402832,1.1485320256336844
QM9-gap-35k,UCB-BO,47,12,0.5048,100.0,0.23262500762939453,1.1461012729563405
QM9-gap-35k,UCB-BO,47,13,0.5048,100.0,0.25250792503356934,1.164760131560277
QM9-gap-35k,UCB-BO,47,14,0.5048,100.0,0.2444133758544922,1.1633364893194191
QM9-gap-35k,UCB-BO,47,15,0.5048,100.0,0.24140501022338867,1.14758519835431
QM9-gap-35k,UCB-BO,47,16,0.5048,100.0,0.24040889739990234,1.1317581220275867
QM9-gap-35k,UCB-BO,47,17,0.5048,100.0,0.24395322799682617,1.1341656875278776
QM9-gap-35k,UCB-BO,47,18,0.5048,100.0,0.2461991310119629,1.1239678810403642
QM9-gap-35k,UCB-BO,47,19,0.5048,100.0,0.25107502937316895,1.1238128944890216
QM9-gap-35k,BO(EI),47,-1,0.2083,35.933448573898005,0.0,0.0
QM9-gap-35k,BO(EI),47,0,0.3046,56.74157303370786,0.16911888122558594,0.24578746519822564
QM9-gap-35k,BO(EI),47,1,0.3046,56.74157303370786,0.19577980041503906,0.3604772575487535
QM9-gap-35k,BO(EI),47,2,0.3046,56.74157303370786,0.19750094413757324,0.4178308845430542
QM9-gap-35k,BO(EI),47,3,0.3217,60.43647363872082,0.19820690155029297,0.5952189220783256
QM9-gap-35k,BO(EI),47,4,0.364,69.57649092480553,0.20844268798828125,0.6851967637057841
QM9-gap-35k,BO(EI),47,5,0.4802,94.68452895419188,0.21342802047729492,0.7970589778539536
QM9-gap-35k,BO(EI),47,6,0.4802,94.68452895419188,0.21910810470581055,0.8824847612655056
QM9-gap-35k,BO(EI),47,7,0.4802,94.68452895419188,0.22638797760009766,0.991846653360902
QM9-gap-35k,BO(EI),47,8,0.4802,94.68452895419188,0.22848987579345703,1.0450387816890765
QM9-gap-35k,BO(EI),47,9,0.4802,94.68452895419188,0.22844386100769043,1.0562537110491894
QM9-gap-35k,BO(EI),47,10,0.4802,94.68452895419188,0.2322239875793457,1.0599876272452204
QM9-gap-35k,BO(EI),47,11,0.4802,94.68452895419188,0.23056507110595703,1.0999627771896976
QM9-gap-35k,BO(EI),47,12,0.4802,94.68452895419188,0.23440980911254883,1.0956278425296886
QM9-gap-35k,BO(EI),47,13,0.5048,100.0,0.23831486701965332,1.1434932910415114
QM9-gap-35k,BO(EI),47,14,0.5048,100.0,0.23864293098449707,1.1456652247596848
QM9-gap-35k,BO(EI),47,15,0.5048,100.0,0.24594688415527344,1.179959660282352
QM9-gap-35k,BO(EI),47,16,0.5048,100.0,0.2461988925933838,1.1857859011670933
QM9-gap-35k,BO(EI),47,17,0.5048,100.0,0.24955296516418457,1.1780016081311386
QM9-gap-35k,BO(EI),47,18,0.5048,100.0,0.24721121788024902,1.1691414094450705
QM9-gap-35k,BO(EI),47,19,0.5048,100.0,0.2505838871002197,1.1862944729365354
QM9-gap-35k,GA,47,-1,0.2083,35.933448573898005,0.0,0.0
QM9-gap-35k,GA,47,0,0.3138,58.7294727744166,0.2281191349029541,0.6805177110020886
QM9-gap-35k,GA,47,1,0.3578,68.23681936041487,0.2574889659881592,0.7892657751937566
QM9-gap-35k,GA,47,2,0.3578,68.23681936041487,0.25588488578796387,0.8526817624817733
QM9-gap-35k,GA,47,3,0.3578,68.23681936041487,0.26548314094543457,0.7952804426156801
QM9-gap-35k,GA,47,4,0.3578,68.23681936041487,0.27913880348205566,0.8160770438345506
QM9-gap-35k,GA,47,5,0.3578,68.23681936041487,0.2791438102722168,0.8045999663295902
QM9-gap-35k,GA,47,6,0.3578,68.23681936041487,0.2780590057373047,0.808040907260933
QM9-gap-35k,GA,47,7,0.3578,68.23681936041487,0.28069305419921875,0.8138292205980446
QM9-gap-35k,GA,47,8,0.3578,68.23681936041487,0.2861480712890625,0.8045473731203308
QM9-gap-35k,GA,47,9,0.3578,68.23681936041487,0.2867920398712158,0.8352765880361774
QM9-gap-35k,GA,47,10,0.3578,68.23681936041487,0.29444408416748047,0.8650690756391842
QM9-gap-35k,GA,47,11,0.3578,68.23681936041487,0.2992241382598877,0.8610816399519898
QM9-gap-35k,GA,47,12,0.3728,71.4779602420052,0.3017399311065674,0.8673975147188934
QM9-gap-35k,GA,47,13,0.3728,71.4779602420052,0.3024008274078369,0.8606191136815253
QM9-gap-35k,GA,47,14,0.3729,71.49956784788245,0.3043079376220703,0.8574216742427293
QM9-gap-35k,GA,47,15,0.373,71.52117545375972,0.31126928329467773,0.8550000107204957
QM9-gap-35k,GA,47,16,0.373,71.52117545375972,0.31787705421447754,0.8514865811211558
QM9-gap-35k,GA,47,17,0.373,71.52117545375972,0.31655406951904297,0.8494399444990494
QM9-gap-35k,GA,47,18,0.373,71.52117545375972,0.3273143768310547,0.8560274678448954
QM9-gap-35k,GA,47,19,0.373,71.52117545375972,0.3362891674041748,0.856615568443621
QM9-gap-35k,Random,47,-1,0.2083,35.933448573898005,0.0,0.0
QM9-gap-35k,Random,47,0,0.3148,58.945548833189285,0.09481191635131836,0.9157195052153032
QM9-gap-35k,Random,47,1,0.3222,60.54451166810717,0.0949869155883789,0.9329653247317256
QM9-gap-35k,Random,47,2,0.3272,61.624891961970604,0.09595990180969238,0.9408896562288647
QM9-gap-35k,Random,47,3,0.3272,61.624891961970604,0.09792590141296387,0.8829580255271963
QM9-gap-35k,Random,47,4,0.337,63.74243733794296,0.09842681884765625,0.8705254930474378
QM9-gap-35k,Random,47,5,0.3382,64.00172860847017,0.09909987449645996,0.8771508168075417
QM9-gap-35k,Random,47,6,0.3382,64.00172860847017,0.10393381118774414,0.8874318606286781
QM9-gap-35k,Random,47,7,0.3382,64.00172860847017,0.10389208793640137,0.9112500091568301
QM9-gap-35k,Random,47,8,0.3382,64.00172860847017,0.10875701904296875,0.9024550103822315
QM9-gap-35k,Random,47,9,0.3382,64.00172860847017,0.1088261604309082,0.9053578656107778
QM9-gap-35k,Random,47,10,0.3382,64.00172860847017,0.11125993728637695,0.9353869001183381
QM9-gap-35k,Random,47,11,0.3382,64.00172860847017,0.1130218505859375,0.9368693166081935
QM9-gap-35k,Random,47,12,0.3382,64.00172860847017,0.11752796173095703,0.939184522518212
QM9-gap-35k,Random,47,13,0.3382,64.00172860847017,0.11898612976074219,0.9374327138932445
QM9-gap-35k,Random,47,14,0.3382,64.00172860847017,0.1208810806274414,0.9317441651169991
QM9-gap-35k,Random,47,15,0.3382,64.00172860847017,0.12270402908325195,0.926468524139725
QM9-gap-35k,Random,47,16,0.3699,70.85133967156439,0.12423300743103027,0.9252570931169063
QM9-gap-35k,Random,47,17,0.3699,70.85133967156439,0.12843894958496094,0.918656037073954
QM9-gap-35k,Random,47,18,0.3699,70.85133967156439,0.1302340030670166,0.9121091822488036
QM9-gap-35k,Random,47,19,0.3699,70.85133967156439,0.13103628158569336,0.9125500402427877
QM9-gap-35k,GLOSS,53,-1,0.2086,35.99827139152981,0.0,0.0
QM9-gap-35k,GLOSS,53,0,0.3042,56.655142610198794,0.6897931098937988,0.7141261491504095
QM9-gap-35k,GLOSS,53,1,0.3409,64.58513396715642,0.7119710445404053,0.8180115045891879
QM9-gap-35k,GLOSS,53,2,0.3409,64.58513396715642,0.7676830291748047,0.9643505267965615
QM9-gap-35k,GLOSS,53,3,0.3824,73.55229040622298,0.6698832511901855,0.9669702571635248
QM9-gap-35k,GLOSS,53,4,0.4128,80.1210025929127,0.6497538089752197,1.027868860990795
QM9-gap-35k,GLOSS,53,5,0.4128,80.1210025929127,0.6734530925750732,1.0246503627792032
QM9-gap-35k,GLOSS,53,6,0.4802,94.68452895419188,0.6819329261779785,1.0570897869494917
QM9-gap-35k,GLOSS,53,7,0.4802,94.68452895419188,0.6791927814483643,1.0672164515232812
QM9-gap-35k,GLOSS,53,8,0.5048,100.0,0.6785728931427002,1.1856657359536422
QM9-gap-35k,GLOSS,53,9,0.5048,100.0,0.7141580581665039,1.1719795373500062
QM9-gap-35k,GLOSS,53,10,0.5048,100.0,0.7636888027191162,1.1612873543909978
QM9-gap-35k,GLOSS,53,11,0.5048,100.0,0.758148193359375,1.1454215255114302
QM9-gap-35k,GLOSS,53,12,0.5048,100.0,0.7351911067962646,1.2176867778745717
QM9-gap-35k,GLOSS,53,13,0.5048,100.0,0.7278671264648438,1.2162434594995273
QM9-gap-35k,GLOSS,53,14,0.5048,100.0,0.7686970233917236,1.2090362520725508
QM9-gap-35k,GLOSS,53,15,0.5048,100.0,0.7732789516448975,1.2200377142156755
QM9-gap-35k,GLOSS,53,16,0.5048,100.0,0.7814381122589111,1.220899070093743
QM9-gap-35k,GLOSS,53,17,0.5048,100.0,0.7777969837188721,1.2146531975190382
QM9-gap-35k,GLOSS,53,18,0.5048,100.0,0.7916901111602783,1.2139036891650603
QM9-gap-35k,GLOSS,53,19,0.5048,100.0,0.8087401390075684,1.2038373348422333
QM9-gap-35k,UCB-BO,53,-1,0.2086,35.99827139152981,0.0,0.0
QM9-gap-35k,UCB-BO,53,0,0.3042,56.655142610198794,0.17196011543273926,0.35367363798536344
QM9-gap-35k,UCB-BO,53,1,0.3082,57.519446845289536,0.1904299259185791,0.43686294539924436
QM9-gap-35k,UCB-BO,53,2,0.3152,59.03197925669835,0.1917591094970703,0.6082896769483912
QM9-gap-35k,UCB-BO,53,3,0.3152,59.03197925669835,0.20150184631347656,0.6587019627514805
QM9-gap-35k,UCB-BO,53,4,0.3152,59.03197925669835,0.20595598220825195,0.706046583501597
QM9-gap-35k,UCB-BO,53,5,0.3152,59.03197925669835,0.20954012870788574,0.7074729988918744
QM9-gap-35k,UCB-BO,53,6,0.3152,59.03197925669835,0.21186494827270508,0.7321313966339131
QM9-gap-35k,UCB-BO,53,7,0.3152,59.03197925669835,0.2235722541809082,0.766135908773381
QM9-gap-35k,UCB-BO,53,8,0.3152,59.03197925669835,0.2534780502319336,0.8069773896111667
QM9-gap-35k,UCB-BO,53,9,0.3369,63.720829732065674,0.23525404930114746,0.8499599939540444
QM9-gap-35k,UCB-BO,53,10,0.3369,63.720829732065674,0.2397618293762207,0.9198886522674724
QM9-gap-35k,UCB-BO,53,11,0.5048,100.0,0.24669265747070312,1.0137253090351714
QM9-gap-35k,UCB-BO,53,12,0.5048,100.0,0.24643373489379883,1.0778772628738322
QM9-gap-35k,UCB-BO,53,13,0.5048,100.0,0.24810504913330078,1.1056855659157125
QM9-gap-35k,UCB-BO,53,14,0.5048,100.0,0.2490851879119873,1.1208188501521388
QM9-gap-35k,UCB-BO,53,15,0.5048,100.0,0.2577989101409912,1.15315990859125
QM9-gap-35k,UCB-BO,53,16,0.5048,100.0,0.2644360065460205,1.174193453918263
QM9-gap-35k,UCB-BO,53,17,0.5048,100.0,0.2658541202545166,1.182504319030624
QM9-gap-35k,UCB-BO,53,18,0.5048,100.0,0.2716701030731201,1.1846085670443933
QM9-gap-35k,UCB-BO,53,19,0.5048,100.0,0.273176908493042,1.1800994921493606
QM9-gap-35k,BO(EI),53,-1,0.2086,35.99827139152981,0.0,0.0
QM9-gap-35k,BO(EI),53,0,0.3282,61.840968020743304,0.17015719413757324,0.23580643178967425
QM9-gap-35k,BO(EI),53,1,0.3312,62.48919619706136,0.17644309997558594,0.5907949995960388
QM9-gap-35k,BO(EI),53,2,0.3361,63.54796888504753,0.18068718910217285,0.62491928146246
QM9-gap-35k,BO(EI),53,3,0.348,66.11927398444251,0.18822073936462402,0.6643816500422494
QM9-gap-35k,BO(EI),53,4,0.348,66.11927398444251,0.18813395500183105,0.6309511528323903
QM9-gap-35k,BO(EI),53,5,0.348,66.11927398444251,0.1945641040802002,0.7367221642173137
QM9-gap-35k,BO(EI),53,6,0.348,66.11927398444251,0.20111632347106934,0.8240119164359373
QM9-gap-35k,BO(EI),53,7,0.4802,94.68452895419188,0.20655393600463867,0.9013025686348461
QM9-gap-35k,BO(EI),53,8,0.4802,94.68452895419188,0.21498489379882812,0.8919436986104928
QM9-gap-35k,BO(EI),53,9,0.4802,94.68452895419188,0.22399497032165527,0.9683718315059374
QM9-gap-35k,BO(EI),53,10,0.4802,94.68452895419188,0.22653985023498535,0.9602451069412298
QM9-gap-35k,BO(EI),53,11,0.4802,94.68452895419188,0.23941493034362793,0.9443825187202423
QM9-gap-35k,BO(EI),53,12,0.4802,94.68452895419188,0.24559998512268066,0.9551564436024088
QM9-gap-35k,BO(EI),53,13,0.4802,94.68452895419188,0.2445518970489502,0.9832978113115811
QM9-gap-35k,BO(EI),53,14,0.4802,94.68452895419188,0.2525041103363037,0.9707335588669512
QM9-gap-35k,BO(EI),53,15,0.4802,94.68452895419188,0.26419830322265625,0.9847736198433406
QM9-gap-35k,BO(EI),53,16,0.4802,94.68452895419188,0.26293110847473145,0.9877781245536689
QM9-gap-35k,BO(EI),53,17,0.4802,94.68452895419188,0.25405001640319824,1.019184979622017
QM9-gap-35k,BO(EI),53,18,0.4802,94.68452895419188,0.258206844329834,1.0485816635098648
QM9-gap-35k,BO(EI),53,19,0.4802,94.68452895419188,0.26613903045654297,1.04455627250304
QM9-gap-35k,GA,53,-1,0.2086,35.99827139152981,0.0,0.0
QM9-gap-35k,GA,53,0,0.351,66.76750216076059,0.23545122146606445,0.9694256132780746
QM9-gap-35k,GA,53,1,0.351,66.76750216076059,0.25585508346557617,0.909623434906602
QM9-gap-35k,GA,53,2,0.351,66.76750216076059,0.2560288906097412,0.9287705917953595
QM9-gap-35k,GA,53,3,0.3588,68.45289541918756,0.26377224922180176,0.8784711974467796
QM9-gap-35k,GA,53,4,0.3656,69.92221261884183,0.2698507308959961,0.8935013924721054
QM9-gap-35k,GA,53,5,0.3656,69.92221261884183,0.27699899673461914,0.8763227465634408
QM9-gap-35k,GA,53,6,0.3656,69.92221261884183,0.28174495697021484,0.8720566666586855
QM9-gap-35k,GA,53,7,0.4465,87.40276577355229,0.28474903106689453,0.8753744940155603
QM9-gap-35k,GA,53,8,0.4465,87.40276577355229,0.290086030960083,0.8481301920271377
QM9-gap-35k,GA,53,9,0.4465,87.40276577355229,0.2938690185546875,0.833512918299987
QM9-gap-35k,GA,53,10,0.4465,87.40276577355229,0.29340314865112305,0.8228586111486592
QM9-gap-35k,GA,53,11,0.4465,87.40276577355229,0.2998080253601074,0.8150880404078967
QM9-gap-35k,GA,53,12,0.4465,87.40276577355229,0.30401182174682617,0.8125823646575467
QM9-gap-35k,GA,53,13,0.4465,87.40276577355229,0.3131418228149414,0.7992413850087783
QM9-gap-35k,GA,53,14,0.4465,87.40276577355229,0.307995080947876,0.7963042551232603
QM9-gap-35k,GA,53,15,0.4465,87.40276577355229,0.31441593170166016,0.8114965581074909
QM9-gap-35k,GA,53,16,0.4465,87.40276577355229,0.3135950565338135,0.8178686041840649
QM9-gap-35k,GA,53,17,0.4465,87.40276577355229,0.31642889976501465,0.8238109195008869
QM9-gap-35k,GA,53,18,0.4465,87.40276577355229,0.31877779960632324,0.8127055709850505
QM9-gap-35k,GA,53,19,0.4465,87.40276577355229,0.320544958114624,0.808332492025636
QM9-gap-35k,Random,53,-1,0.2086,35.99827139152981,0.0,0.0
QM9-gap-35k,Random,53,0,0.3498,66.50821089023336,0.09290790557861328,0.8765984994295801
QM9-gap-35k,Random,53,1,0.3498,66.50821089023336,0.09303808212280273,0.8618677080705454
QM9-gap-35k,Random,53,2,0.3498,66.50821089023336,0.09525871276855469,0.846588438793646
QM9-gap-35k,Random,53,3,0.3498,66.50821089023336,0.09696173667907715,0.89198977579095
QM9-gap-35k,Random,53,4,0.3498,66.50821089023336,0.09832501411437988,0.8509743432407113
QM9-gap-35k,Random,53,5,0.3498,66.50821089023336,0.10271787643432617,0.8665029859910414
QM9-gap-35k,Random,53,6,0.375,71.9533275713051,0.1045379638671875,0.8708942669292598
QM9-gap-35k,Random,53,7,0.375,71.9533275713051,0.10526084899902344,0.865994392854215
QM9-gap-35k,Random,53,8,0.375,71.9533275713051,0.10880899429321289,0.8574351779125664
QM9-gap-35k,Random,53,9,0.375,71.9533275713051,0.11128878593444824,0.8585885613003864
QM9-gap-35k,Random,53,10,0.375,71.9533275713051,0.11090087890625,0.8661992704506274
QM9-gap-35k,Random,53,11,0.375,71.9533275713051,0.11324501037597656,0.8715084580981717
QM9-gap-35k,Random,53,12,0.375,71.9533275713051,0.11568284034729004,0.8820476897570294
QM9-gap-35k,Random,53,13,0.375,71.9533275713051,0.11950492858886719,0.883703709366162
QM9-gap-35k,Random,53,14,0.375,71.9533275713051,0.12150406837463379,0.897847588268359
QM9-gap-35k,Random,53,15,0.375,71.9533275713051,0.12457275390625,0.8969228444389388
QM9-gap-35k,Random,53,16,0.375,71.9533275713051,0.12549614906311035,0.893767928622948
QM9-gap-35k,Random,53,17,0.375,71.9533275713051,0.12779903411865234,0.8905522998024804
QM9-gap-35k,Random,53,18,0.375,71.9533275713051,0.13257694244384766,0.8892510292615575
QM9-gap-35k,Random,53,19,0.375,71.9533275713051,0.13046693801879883,0.8908686407762278
QM9-gap-35k,GLOSS,59,-1,0.2084,35.955056179775276,0.0,0.0
QM9-gap-35k,GLOSS,59,0,0.2968,55.0561797752809,0.6743941307067871,0.4167491498429982
QM9-gap-35k,GLOSS,59,1,0.3419,64.80121002592912,0.718419075012207,0.7166348183302256
QM9-gap-35k,GLOSS,59,2,0.3625,69.25237683664649,0.661250114440918,0.8194922035157745
QM9-gap-35k,GLOSS,59,3,0.4465,87.40276577355229,0.6473798751831055,1.0578890437808743
QM9-gap-35k,GLOSS,59,4,0.5048,100.0,0.6514377593994141,1.1468740514566997
QM9-gap-35k,GLOSS,59,5,0.5048,100.0,0.6673541069030762,1.1791659213248815
QM9-gap-35k,GLOSS,59,6,0.5048,100.0,0.6752157211303711,1.1905443539108214
QM9-gap-35k,GLOSS,59,7,0.5048,100.0,0.7082967758178711,1.163608257561461
QM9-gap-35k,GLOSS,59,8,0.5048,100.0,0.6888458728790283,1.1687034710616666
QM9-gap-35k,GLOSS,59,9,0.5048,100.0,0.6876640319824219,1.1801078662326736
QM9-gap-35k,GLOSS,59,10,0.5048,100.0,0.7402241230010986,1.1766932996152086
QM9-gap-35k,GLOSS,59,11,0.5048,100.0,0.7363500595092773,1.1983102495812221
QM9-gap-35k,GLOSS,59,12,0.5048,100.0,0.7273502349853516,1.184329517361334
QM9-gap-35k,GLOSS,59,13,0.5048,100.0,0.7549450397491455,1.1819930867970472
QM9-gap-35k,GLOSS,59,14,0.5048,100.0,0.7409889698028564,1.1682496597565866
QM9-gap-35k,GLOSS,59,15,0.5048,100.0,0.7480440139770508,1.1529333769851833
QM9-gap-35k,GLOSS,59,16,0.5048,100.0,0.7610979080200195,1.148521913403643
QM9-gap-35k,GLOSS,59,17,0.5048,100.0,0.7913899421691895,1.147315117434931
QM9-gap-35k,GLOSS,59,18,0.5048,100.0,0.7863368988037109,1.1439630652062769
QM9-gap-35k,GLOSS,59,19,0.5048,100.0,0.7955231666564941,1.1319258066120483
QM9-gap-35k,UCB-BO,59,-1,0.2084,35.955056179775276,0.0,0.0
QM9-gap-35k,UCB-BO,59,0,0.2874,53.025064822817626,0.1730508804321289,0.27633694461082187
QM9-gap-35k,UCB-BO,59,1,0.3215,60.39325842696629,0.1863851547241211,0.43000388787712857
QM9-gap-35k,UCB-BO,59,2,0.3556,67.76145203111496,0.19503021240234375,0.5892013229241919
QM9-gap-35k,UCB-BO,59,3,0.3556,67.76145203111496,0.20053911209106445,0.612367297632675
QM9-gap-35k,UCB-BO,59,4,0.3556,67.76145203111496,0.23302721977233887,0.7471299558581806
QM9-gap-35k,UCB-BO,59,5,0.3556,67.76145203111496,0.2147977352142334,0.7905577699581662
QM9-gap-35k,UCB-BO,59,6,0.3556,67.76145203111496,0.21002912521362305,0.776419369186794
QM9-gap-35k,UCB-BO,59,7,0.364,69.57649092480553,0.21567392349243164,0.79985869013402
QM9-gap-35k,UCB-BO,59,8,0.4802,94.68452895419188,0.2186129093170166,0.8654252477767818
QM9-gap-35k,UCB-BO,59,9,0.4802,94.68452895419188,0.21884894371032715,0.9412656362546363
QM9-gap-35k,UCB-BO,59,10,0.5048,100.0,0.22593426704406738,1.0227764186408776
QM9-gap-35k,UCB-BO,59,11,0.5048,100.0,0.22713017463684082,1.0569763964119931
QM9-gap-35k,UCB-BO,59,12,0.5048,100.0,0.22828006744384766,1.0495318707579737
QM9-gap-35k,UCB-BO,59,13,0.5048,100.0,0.23505282402038574,1.0722861318141261
QM9-gap-35k,UCB-BO,59,14,0.5048,100.0,0.23231124877929688,1.1106392773032203
QM9-gap-35k,UCB-BO,59,15,0.5048,100.0,0.23411011695861816,1.1196558922799433
QM9-gap-35k,UCB-BO,59,16,0.5048,100.0,0.23613381385803223,1.1082201555507811
QM9-gap-35k,UCB-BO,59,17,0.5048,100.0,0.2382340431213379,1.108478211389487
QM9-gap-35k,UCB-BO,59,18,0.5048,100.0,0.24021506309509277,1.1117617507483424
QM9-gap-35k,UCB-BO,59,19,0.5048,100.0,0.24710512161254883,1.096763460000731
QM9-gap-35k,BO(EI),59,-1,0.2084,35.955056179775276,0.0,0.0
QM9-gap-35k,BO(EI),59,0,0.2874,53.025064822817626,0.17147088050842285,0.2986818854355599
QM9-gap-35k,BO(EI),59,1,0.3215,60.39325842696629,0.18533825874328613,0.44865720640488327
QM9-gap-35k,BO(EI),59,2,0.3799,73.01210025929127,0.19423675537109375,0.6818346787006244
QM9-gap-35k,BO(EI),59,3,0.3799,73.01210025929127,0.19659018516540527,0.9796680890143923
QM9-gap-35k,BO(EI),59,4,0.3799,73.01210025929127,0.19920992851257324,1.027722040263864
QM9-gap-35k,BO(EI),59,5,0.4128,80.1210025929127,0.21233892440795898,1.0193272458291958
QM9-gap-35k,BO(EI),59,6,0.4802,94.68452895419188,0.21471691131591797,1.0444943471148118
QM9-gap-35k,BO(EI),59,7,0.4802,94.68452895419188,0.21482586860656738,1.1851375922003118
QM9-gap-35k,BO(EI),59,8,0.4802,94.68452895419188,0.2179419994354248,1.1827808674302616
QM9-gap-35k,BO(EI),59,9,0.4802,94.68452895419188,0.22300100326538086,1.1803616567187574
QM9-gap-35k,BO(EI),59,10,0.5048,100.0,0.2250688076019287,1.2118708121785575
QM9-gap-35k,BO(EI),59,11,0.5048,100.0,0.22541403770446777,1.2344874552600267
QM9-gap-35k,BO(EI),59,12,0.5048,100.0,0.22983312606811523,1.227709269951795
QM9-gap-35k,BO(EI),59,13,0.5048,100.0,0.23795199394226074,1.2178629089230417
QM9-gap-35k,BO(EI),59,14,0.5048,100.0,0.23866581916809082,1.2262620302445226
QM9-gap-35k,BO(EI),59,15,0.5048,100.0,0.24135208129882812,1.2127657975690997
QM9-gap-35k,BO(EI),59,16,0.5048,100.0,0.24845314025878906,1.2059504961106189
QM9-gap-35k,BO(EI),59,17,0.5048,100.0,0.24338722229003906,1.2020615457317545
QM9-gap-35k,BO(EI),59,18,0.5048,100.0,0.24703526496887207,1.2026353489487633
QM9-gap-35k,BO(EI),59,19,0.5048,100.0,0.249464750289917,1.2142062779981535
QM9-gap-35k,GA,59,-1,0.2084,35.955056179775276,0.0,0.0
QM9-gap-35k,GA,59,0,0.3599,68.6905790838375,0.23844623565673828,0.6237932879003864
QM9-gap-35k,GA,59,1,0.3599,68.6905790838375,0.25244784355163574,0.7563690516208211
QM9-gap-35k,GA,59,2,0.3599,68.6905790838375,0.25223302841186523,0.7818197080973384
QM9-gap-35k,GA,59,3,0.3602,68.75540190146931,0.2614121437072754,0.7732810046392449
QM9-gap-35k,GA,59,4,0.3602,68.75540190146931,0.26820993423461914,0.811970496962369
QM9-gap-35k,GA,59,5,0.5048,100.0,0.2760341167449951,0.9087300053133199
QM9-gap-35k,GA,59,6,0.5048,100.0,0.2880561351776123,0.8986130450977396
QM9-gap-35k,GA,59,7,0.5048,100.0,0.2855799198150635,0.8749957948086899
QM9-gap-35k,GA,59,8,0.5048,100.0,0.28589320182800293,0.8575407961487147
QM9-gap-35k,GA,59,9,0.5048,100.0,0.2921609878540039,0.841281754517852
QM9-gap-35k,GA,59,10,0.5048,100.0,0.288189172744751,0.8414182402463927
QM9-gap-35k,GA,59,11,0.5048,100.0,0.29686713218688965,0.8362505091444842
QM9-gap-35k,GA,59,12,0.5048,100.0,0.30400800704956055,0.8280507898205061
QM9-gap-35k,GA,59,13,0.5048,100.0,0.3167269229888916,0.8283879287836315
QM9-gap-35k,GA,59,14,0.5048,100.0,0.312122106552124,0.8299163182982667
QM9-gap-35k,GA,59,15,0.5048,100.0,0.32234621047973633,0.8311316450452977
QM9-gap-35k,GA,59,16,0.5048,100.0,0.3194890022277832,0.8328501959100328
QM9-gap-35k,GA,59,17,0.5048,100.0,0.3231029510498047,0.8303656700203524
QM9-gap-35k,GA,59,18,0.5048,100.0,0.3279900550842285,0.8286177337480936
QM9-gap-35k,GA,59,19,0.5048,100.0,0.33513617515563965,0.8244353497128266
QM9-gap-35k,Random,59,-1,0.2084,35.955056179775276,0.0,0.0
QM9-gap-35k,Random,59,0,0.3312,62.48919619706136,0.09464716911315918,0.8165362138680072
QM9-gap-35k,Random,59,1,0.3312,62.48919619706136,0.09455394744873047,0.8141613229580372
QM9-gap-35k,Random,59,2,0.3312,62.48919619706136,0.09743809700012207,0.924587528191742
QM9-gap-35k,Random,59,3,0.3312,62.48919619706136,0.09878778457641602,0.9462587621989801
QM9-gap-35k,Random,59,4,0.3312,62.48919619706136,0.10030293464660645,0.9146077902862331
QM9-gap-35k,Random,59,5,0.3312,62.48919619706136,0.10274624824523926,0.8980036425820407
QM9-gap-35k,Random,59,6,0.3312,62.48919619706136,0.10270905494689941,0.9025042497056579
QM9-gap-35k,Random,59,7,0.3312,62.48919619706136,0.10530805587768555,0.8942355109066507
QM9-gap-35k,Random,59,8,0.3312,62.48919619706136,0.1110687255859375,0.8895758836040268
QM9-gap-35k,Random,59,9,0.3312,62.48919619706136,0.10862493515014648,0.9060705513436483
QM9-gap-35k,Random,59,10,0.3312,62.48919619706136,0.12026500701904297,0.8991092130006435
QM9-gap-35k,Random,59,11,0.3325,62.77009507346586,0.11464214324951172,0.9034768064458805
QM9-gap-35k,Random,59,12,0.3426,64.95246326707,0.11485910415649414,0.9103206707567822
QM9-gap-35k,Random,59,13,0.3426,64.95246326707,0.11607193946838379,0.905087013700075
QM9-gap-35k,Random,59,14,0.3426,64.95246326707,0.11893916130065918,0.9054210760436974
QM9-gap-35k,Random,59,15,0.3426,64.95246326707,0.12173700332641602,0.9111690922494801
QM9-gap-35k,Random,59,16,0.343,65.03889369057909,0.12666583061218262,0.9066852313830226
QM9-gap-35k,Random,59,17,0.343,65.03889369057909,0.13211894035339355,0.9106712348900292
QM9-gap-35k,Random,59,18,0.343,65.03889369057909,0.13271093368530273,0.9095414052953623
QM9-gap-35k,Random,59,19,0.343,65.03889369057909,0.13168907165527344,0.9134288208624556
QM9-gap-35k,GLOSS,61,-1,0.2098,36.25756266205703,0.0,0.0
QM9-gap-35k,GLOSS,61,0,0.2393,42.631806395851335,0.6807060241699219,0.580105550826042
QM9-gap-35k,GLOSS,61,1,0.2509,45.13828867761452,0.6608569622039795,0.6151630101119924
QM9-gap-35k,GLOSS,61,2,0.2528,45.548833189282625,0.7125582695007324,0.6086059624160967
QM9-gap-35k,GLOSS,61,3,0.2528,45.548833189282625,0.7180638313293457,0.5935523573542452
QM9-gap-35k,GLOSS,61,4,0.2617,47.47191011235954,0.7477860450744629,0.5778561736775615
QM9-gap-35k,GLOSS,61,5,0.2631,47.77441659464131,0.7563488483428955,0.5762241815591059
QM9-gap-35k,GLOSS,61,6,0.2631,47.77441659464131,0.74851393699646,0.5935687265000026
QM9-gap-35k,GLOSS,61,7,0.2993,55.59636992221262,0.7394659519195557,0.611933899622844
QM9-gap-35k,GLOSS,61,8,0.3326,62.79170267934313,0.8560969829559326,0.679783840654196
QM9-gap-35k,GLOSS,61,9,0.3643,69.64131374243733,0.8160800933837891,0.7681314350977595
QM9-gap-35k,GLOSS,61,10,0.3824,73.55229040622298,0.7913949489593506,0.8747223042743183
QM9-gap-35k,GLOSS,61,11,0.3891,75.0,0.7591598033905029,0.9698841761141689
QM9-gap-35k,GLOSS,61,12,0.5048,100.0,0.7597498893737793,1.0609832497974685
QM9-gap-35k,GLOSS,61,13,0.5048,100.0,0.7542910575866699,1.1375791796219914
QM9-gap-35k,GLOSS,61,14,0.5048,100.0,0.7407841682434082,1.1787796385722384
QM9-gap-35k,GLOSS,61,15,0.5048,100.0,0.8291318416595459,1.1881024339611381
QM9-gap-35k,GLOSS,61,16,0.5048,100.0,0.8015429973602295,1.2095381674248946
QM9-gap-35k,GLOSS,61,17,0.5048,100.0,0.7711241245269775,1.2129145713688116
QM9-gap-35k,GLOSS,61,18,0.5048,100.0,0.7922139167785645,1.21128408432068
QM9-gap-35k,GLOSS,61,19,0.5048,100.0,0.8534557819366455,1.215767971288084
QM9-gap-35k,UCB-BO,61,-1,0.2098,36.25756266205703,0.0,0.0
QM9-gap-35k,UCB-BO,61,0,0.2505,45.05185825410544,0.17933106422424316,0.26740279846011733
QM9-gap-35k,UCB-BO,61,1,0.2505,45.05185825410544,0.1958909034729004,0.5613419849405717
QM9-gap-35k,UCB-BO,61,2,0.364,69.57649092480553,0.1970980167388916,0.8069232095891341
QM9-gap-35k,UCB-BO,61,3,0.3882,74.80553154710458,0.20200014114379883,1.1146264218697741
QM9-gap-35k,UCB-BO,61,4,0.3891,75.0,0.20872187614440918,1.1615495287421809
QM9-gap-35k,UCB-BO,61,5,0.3891,75.0,0.22086119651794434,1.2776534004116136
QM9-gap-35k,UCB-BO,61,6,0.3891,75.0,0.22481584548950195,1.2034277682252736
QM9-gap-35k,UCB-BO,61,7,0.3891,75.0,0.22751832008361816,1.153653176241731
QM9-gap-35k,UCB-BO,61,8,0.5048,100.0,0.21957826614379883,1.1787802929402666
QM9-gap-35k,UCB-BO,61,9,0.5048,100.0,0.22377872467041016,1.2049321069587924
QM9-gap-35k,UCB-BO,61,10,0.5048,100.0,0.23369312286376953,1.2379702777647896
QM9-gap-35k,UCB-BO,61,11,0.5048,100.0,0.23868799209594727,1.2226718115630113
QM9-gap-35k,UCB-BO,61,12,0.5048,100.0,0.24515199661254883,1.2156965950027114
QM9-gap-35k,UCB-BO,61,13,0.5048,100.0,0.24484491348266602,1.1896628895848937
QM9-gap-35k,UCB-BO,61,14,0.5048,100.0,0.24616098403930664,1.1557601762125034
QM9-gap-35k,UCB-BO,61,15,0.5048,100.0,0.24607300758361816,1.1340089085147815
QM9-gap-35k,UCB-BO,61,16,0.5048,100.0,0.2471780776977539,1.112718598157832
QM9-gap-35k,UCB-BO,61,17,0.5048,100.0,0.2569289207458496,1.1019588347128084
QM9-gap-35k,UCB-BO,61,18,0.5048,100.0,0.25377392768859863,1.102276784780437
QM9-gap-35k,UCB-BO,61,19,0.5048,100.0,0.26711106300354004,1.0893820722814378
QM9-gap-35k,BO(EI),61,-1,0.2098,36.25756266205703,0.0,0.0
QM9-gap-35k,BO(EI),61,0,0.2556,46.153846153846146,0.18092584609985352,0.39482885994931405
QM9-gap-35k,BO(EI),61,1,0.2832,52.11754537597234,0.194382905960083,0.4474233238555749
QM9-gap-35k,BO(EI),61,2,0.2832,52.11754537597234,0.19596505165100098,0.5816770245586941
QM9-gap-35k,BO(EI),61,3,0.2832,52.11754537597234,0.20505094528198242,0.6567735283276431
QM9-gap-35k,BO(EI),61,4,0.2832,52.11754537597234,0.21070194244384766,0.6711694548491038
QM9-gap-35k,BO(EI),61,5,0.2832,52.11754537597234,0.21745586395263672,0.8083899849658763
QM9-gap-35k,BO(EI),61,6,0.2949,54.64563526361279,0.21823620796203613,0.8668527380188636
QM9-gap-35k,BO(EI),61,7,0.3144,58.859118409680214,0.2175447940826416,0.8811953972850161
QM9-gap-35k,BO(EI),61,8,0.3144,58.859118409680214,0.22946596145629883,0.8768920556651408
QM9-gap-35k,BO(EI),61,9,0.3144,58.859118409680214,0.23666691780090332,0.8741315312887676
QM9-gap-35k,BO(EI),61,10,0.3144,58.859118409680214,0.24546504020690918,0.8640401122003241
QM9-gap-35k,BO(EI),61,11,0.3144,58.859118409680214,0.2586550712585449,0.8594132540343287
QM9-gap-35k,BO(EI),61,12,0.3144,58.859118409680214,0.25919103622436523,0.8734229529792011
QM9-gap-35k,BO(EI),61,13,0.3144,58.859118409680214,0.26183485984802246,0.8558187070959866
QM9-gap-35k,BO(EI),61,14,0.3144,58.859118409680214,0.2596311569213867,0.8434965869701346
QM9-gap-35k,BO(EI),61,15,0.3144,58.859118409680214,0.2598762512207031,0.832983829678042
QM9-gap-35k,BO(EI),61,16,0.3144,58.859118409680214,0.262923002243042,0.8364653611532527
QM9-gap-35k,BO(EI),61,17,0.3144,58.859118409680214,0.2753281593322754,0.824821779269879
QM9-gap-35k,BO(EI),61,18,0.3144,58.859118409680214,0.2748420238494873,0.8209193297688885
QM9-gap-35k,BO(EI),61,19,0.3144,58.859118409680214,0.28018999099731445,0.8114329910260419
QM9-gap-35k,GA,61,-1,0.2098,36.25756266205703,0.0,0.0
QM9-gap-35k,GA,61,0,0.2974,55.18582541054451,0.23964309692382812,0.9185172307563524
QM9-gap-35k,GA,61,1,0.3441,65.27657735522904,0.25449275970458984,1.1028654490560028
QM9-gap-35k,GA,61,2,0.3502,66.59464131374244,0.2757740020751953,1.0216075430744067
QM9-gap-35k,GA,61,3,0.3502,66.59464131374244,0.278378963470459,1.0059750843946313
QM9-gap-35k,GA,61,4,0.3502,66.59464131374244,0.27629613876342773,0.964526284374593
QM9-gap-35k,GA,61,5,0.3502,66.59464131374244,0.3086819648742676,0.9597308473126811
QM9-gap-35k,GA,61,6,0.3502,66.59464131374244,0.2932109832763672,0.9401744359881454
QM9-gap-35k,GA,61,7,0.3502,66.59464131374244,0.3073232173919678,0.9122775956901755
QM9-gap-35k,GA,61,8,0.3502,66.59464131374244,0.2945899963378906,0.8966329029549561
QM9-gap-35k,GA,61,9,0.3502,66.59464131374244,0.3032870292663574,0.8996163054577695
QM9-gap-35k,GA,61,10,0.3502,66.59464131374244,0.3097388744354248,0.8909117855929889
QM9-gap-35k,GA,61,11,0.462,90.75194468452895,0.32451796531677246,0.8927335429112527
QM9-gap-35k,GA,61,12,0.462,90.75194468452895,0.32837986946105957,0.880397167367027
QM9-gap-35k,GA,61,13,0.462,90.75194468452895,0.32181692123413086,0.8757529883789127
QM9-gap-35k,GA,61,14,0.462,90.75194468452895,0.3346061706542969,0.8799975912379702
QM9-gap-35k,GA,61,15,0.462,90.75194468452895,0.33718419075012207,0.8944540371949223
QM9-gap-35k,GA,61,16,0.462,90.75194468452895,0.33573412895202637,0.8869254252043038
QM9-gap-35k,GA,61,17,0.462,90.75194468452895,0.34510087966918945,0.8890329151819211
QM9-gap-35k,GA,61,18,0.462,90.75194468452895,0.3451387882232666,0.8964336278681925
QM9-gap-35k,GA,61,19,0.462,90.75194468452895,0.3579699993133545,0.8936345005893823
QM9-gap-35k,Random,61,-1,0.2098,36.25756266205703,0.0,0.0
QM9-gap-35k,Random,61,0,0.3195,59.96110630942092,0.09389495849609375,0.635143846199312
QM9-gap-35k,Random,61,1,0.3359,63.50475367329299,0.09311890602111816,0.646533657604303
QM9-gap-35k,Random,61,2,0.3359,63.50475367329299,0.09394288063049316,0.7224112832244463
QM9-gap-35k,Random,61,3,0.3359,63.50475367329299,0.0980527400970459,0.7859639761099921
QM9-gap-35k,Random,61,4,0.3359,63.50475367329299,0.10508918762207031,0.8212533447648337
QM9-gap-35k,Random,61,5,0.3359,63.50475367329299,0.10346126556396484,0.8163784017290079
QM9-gap-35k,Random,61,6,0.3359,63.50475367329299,0.10689973831176758,0.8128767933886126
QM9-gap-35k,Random,61,7,0.3359,63.50475367329299,0.10468006134033203,0.8367120730178919
QM9-gap-35k,Random,61,8,0.3359,63.50475367329299,0.10364484786987305,0.8330096284300199
QM9-gap-35k,Random,61,9,0.3595,68.60414866032843,0.10777997970581055,0.8396712928184101
QM9-gap-35k,Random,61,10,0.3595,68.60414866032843,0.11359572410583496,0.8270458883975083
QM9-gap-35k,Random,61,11,0.3595,68.60414866032843,0.11700320243835449,0.8494270953449605
QM9-gap-35k,Random,61,12,0.3595,68.60414866032843,0.11760187149047852,0.8394760400732878
QM9-gap-35k,Random,61,13,0.3595,68.60414866032843,0.11603307723999023,0.8265406956415472
QM9-gap-35k,Random,61,14,0.364,69.57649092480553,0.11818695068359375,0.8358062302508567
QM9-gap-35k,Random,61,15,0.364,69.57649092480553,0.12423896789550781,0.8358614707446549
QM9-gap-35k,Random,61,16,0.364,69.57649092480553,0.13805389404296875,0.856607469859293
QM9-gap-35k,Random,61,17,0.364,69.57649092480553,0.13171100616455078,0.8733370998677165
QM9-gap-35k,Random,61,18,0.364,69.57649092480553,0.13289284706115723,0.8794222081824823
QM9-gap-35k,Random,61,19,0.364,69.57649092480553,0.13610529899597168,0.8770195565827358
QM9-gap-35k,GLOSS,67,-1,0.2056,35.35004321521175,0.0,0.0
QM9-gap-35k,GLOSS,67,0,0.3288,61.97061365600691,0.6952118873596191,0.6170220441652322
QM9-gap-35k,GLOSS,67,1,0.3546,67.54537597234227,0.6911919116973877,0.8513838337372369
QM9-gap-35k,GLOSS,67,2,0.3824,73.55229040622298,0.7179298400878906,0.902707953139723
QM9-gap-35k,GLOSS,67,3,0.3891,75.0,0.6965618133544922,0.9238599884886977
QM9-gap-35k,GLOSS,67,4,0.5048,100.0,0.6696691513061523,1.0394394905868607
QM9-gap-35k,GLOSS,67,5,0.5048,100.0,0.6820380687713623,1.1914581552199819
QM9-gap-35k,GLOSS,67,6,0.5048,100.0,0.68650221824646,1.1708626345085071
QM9-gap-35k,GLOSS,67,7,0.5048,100.0,0.7169618606567383,1.1707038230443818
QM9-gap-35k,GLOSS,67,8,0.5048,100.0,0.7030167579650879,1.181361689108827
QM9-gap-35k,GLOSS,67,9,0.5048,100.0,0.71390700340271,1.177044351524316
QM9-gap-35k,GLOSS,67,10,0.5048,100.0,0.735382080078125,1.1665198242177504
QM9-gap-35k,GLOSS,67,11,0.5048,100.0,0.7461590766906738,1.1742743664475335
QM9-gap-35k,GLOSS,67,12,0.5048,100.0,0.747750997543335,1.167059647106904
QM9-gap-35k,GLOSS,67,13,0.5048,100.0,0.7447388172149658,1.1775762331335107
QM9-gap-35k,GLOSS,67,14,0.5048,100.0,0.7584230899810791,1.1771405034000257
QM9-gap-35k,GLOSS,67,15,0.5048,100.0,0.7685387134552002,1.1821761570468203
QM9-gap-35k,GLOSS,67,16,0.5048,100.0,0.7885861396789551,1.2060803535737536
QM9-gap-35k,GLOSS,67,17,0.5048,100.0,0.7906267642974854,1.2001062536142615
QM9-gap-35k,GLOSS,67,18,0.5048,100.0,0.7982761859893799,1.194982923641912
QM9-gap-35k,GLOSS,67,19,0.5048,100.0,0.8125181198120117,1.1850715596885018
QM9-gap-35k,UCB-BO,67,-1,0.2056,35.35004321521175,0.0,0.0
QM9-gap-35k,UCB-BO,67,0,0.2477,44.44684528954191,0.18608498573303223,0.2348268727831497
QM9-gap-35k,UCB-BO,67,1,0.2871,52.96024200518582,0.19245600700378418,0.5169995395161802
QM9-gap-35k,UCB-BO,67,2,0.33,62.22990492653414,0.1925501823425293,0.6592154558317801
QM9-gap-35k,UCB-BO,67,3,0.33,62.22990492653414,0.2093651294708252,0.8433700216064185
QM9-gap-35k,UCB-BO,67,4,0.3411,64.62834917891098,0.20880579948425293,0.8807004306341136
QM9-gap-35k,UCB-BO,67,5,0.3411,64.62834917891098,0.22820782661437988,0.9641135349160957
QM9-gap-35k,UCB-BO,67,6,0.3446,65.38461538461539,0.21962594985961914,0.9726051437970189
QM9-gap-35k,UCB-BO,67,7,0.4802,94.68452895419188,0.22722792625427246,0.9724973887959443
QM9-gap-35k,UCB-BO,67,8,0.5048,100.0,0.22775602340698242,1.0695933190697278
QM9-gap-35k,UCB-BO,67,9,0.5048,100.0,0.22549033164978027,1.1230730909881397
QM9-gap-35k,UCB-BO,67,10,0.5048,100.0,0.2589120864868164,1.1042792473206293
QM9-gap-35k,UCB-BO,67,11,0.5048,100.0,0.23550820350646973,1.1204853826680088
QM9-gap-35k,UCB-BO,67,12,0.5048,100.0,0.24489974975585938,1.1473658074204227
QM9-gap-35k,UCB-BO,67,13,0.5048,100.0,0.25101375579833984,1.143537775816117
QM9-gap-35k,UCB-BO,67,14,0.5048,100.0,0.2584869861602783,1.1380894344421895
QM9-gap-35k,UCB-BO,67,15,0.5048,100.0,0.2594289779663086,1.125108979876075
QM9-gap-35k,UCB-BO,67,16,0.5048,100.0,0.25746798515319824,1.116231911563584
QM9-gap-35k,UCB-BO,67,17,0.5048,100.0,0.26297593116760254,1.1018517582111775
QM9-gap-35k,UCB-BO,67,18,0.5048,100.0,0.27224183082580566,1.1149376212806386
QM9-gap-35k,UCB-BO,67,19,0.5048,100.0,0.2735590934753418,1.1048238637737477
QM9-gap-35k,BO(EI),67,-1,0.2056,35.35004321521175,0.0,0.0
QM9-gap-35k,BO(EI),67,0,0.2566,46.36992221261884,0.18529105186462402,0.2526976508021702
QM9-gap-35k,BO(EI),67,1,0.3133,58.62143474503026,0.18334507942199707,0.6704329582481122
QM9-gap-35k,BO(EI),67,2,0.3152,59.03197925669835,0.206193208694458,0.6805543056273976
QM9-gap-35k,BO(EI),67,3,0.3152,59.03197925669835,0.20209503173828125,0.7792122356831582
QM9-gap-35k,BO(EI),67,4,0.3152,59.03197925669835,0.21068906784057617,0.7673560662467708
QM9-gap-35k,BO(EI),67,5,0.3152,59.03197925669835,0.21590900421142578,0.7377086993035626
QM9-gap-35k,BO(EI),67,6,0.3152,59.03197925669835,0.21860384941101074,0.7641747076459463
QM9-gap-35k,BO(EI),67,7,0.3152,59.03197925669835,0.22853922843933105,0.7720576509178251
QM9-gap-35k,BO(EI),67,8,0.3152,59.03197925669835,0.23237109184265137,0.7433939685459994
QM9-gap-35k,BO(EI),67,9,0.3152,59.03197925669835,0.2258450984954834,0.7573140652755378
QM9-gap-35k,BO(EI),67,10,0.3152,59.03197925669835,0.22942900657653809,0.7498664257699653
QM9-gap-35k,BO(EI),67,11,0.3152,59.03197925669835,0.24126720428466797,0.7623677669026496
QM9-gap-35k,BO(EI),67,12,0.3152,59.03197925669835,0.24840211868286133,0.7636617438287483
QM9-gap-35k,BO(EI),67,13,0.3152,59.03197925669835,0.2490689754486084,0.7584130684864864
QM9-gap-35k,BO(EI),67,14,0.3152,59.03197925669835,0.2511889934539795,0.7668083788463855
QM9-gap-35k,BO(EI),67,15,0.3152,59.03197925669835,0.25844597816467285,0.7705080266112554
QM9-gap-35k,BO(EI),67,16,0.3152,59.03197925669835,0.2621021270751953,0.7684761814234067
QM9-gap-35k,BO(EI),67,17,0.3152,59.03197925669835,0.2693917751312256,0.7643599867399512
QM9-gap-35k,BO(EI),67,18,0.3444,65.34140017286084,0.2764742374420166,0.7927050627907558
QM9-gap-35k,BO(EI),67,19,0.3554,67.71823681936041,0.2841818332672119,0.8322464988434489
QM9-gap-35k,GA,67,-1,0.2056,35.35004321521175,0.0,0.0
QM9-gap-35k,GA,67,0,0.3109,58.1028522039758,0.2361760139465332,0.8558198118530183
QM9-gap-35k,GA,67,1,0.3126,58.470181503889364,0.25649094581604004,0.7743088646922265
QM9-gap-35k,GA,67,2,0.3778,72.55834053586862,0.26639485359191895,0.7681259777173204
QM9-gap-35k,GA,67,3,0.3778,72.55834053586862,0.2675020694732666,0.7401831158484612
QM9-gap-35k,GA,67,4,0.3778,72.55834053586862,0.2803339958190918,0.7560449413719831
QM9-gap-35k,GA,67,5,0.3778,72.55834053586862,0.2774770259857178,0.742446005393819
QM9-gap-35k,GA,67,6,0.3778,72.55834053586862,0.27671217918395996,0.738513012260977
QM9-gap-35k,GA,67,7,0.3778,72.55834053586862,0.28440213203430176,0.75907535673708
QM9-gap-35k,GA,67,8,0.3778,72.55834053586862,0.28955912590026855,0.7638549399188997
QM9-gap-35k,GA,67,9,0.3778,72.55834053586862,0.2962167263031006,0.7574097089492076
QM9-gap-35k,GA,67,10,0.3778,72.55834053586862,0.29981184005737305,0.7462980984162406
QM9-gap-35k,GA,67,11,0.3778,72.55834053586862,0.32137227058410645,0.7725643238214228
QM9-gap-35k,GA,67,12,0.4063,78.71650821089023,0.30672502517700195,0.7957682461131993
QM9-gap-35k,GA,67,13,0.4063,78.71650821089023,0.3204219341278076,0.8002025937100493
QM9-gap-35k,GA,67,14,0.4063,78.71650821089023,0.32689905166625977,0.8083789610555
QM9-gap-35k,GA,67,15,0.4063,78.71650821089023,0.31256914138793945,0.8091714574954297
QM9-gap-35k,GA,67,16,0.4063,78.71650821089023,0.33004188537597656,0.8138385179402181
QM9-gap-35k,GA,67,17,0.4063,78.71650821089023,0.34213924407958984,0.8112699829496568
QM9-gap-35k,GA,67,18,0.4063,78.71650821089023,0.33297085762023926,0.8159971960823044
QM9-gap-35k,GA,67,19,0.4063,78.71650821089023,0.3394138813018799,0.8251539967702352
QM9-gap-35k,Random,67,-1,0.2056,35.35004321521175,0.0,0.0
QM9-gap-35k,Random,67,0,0.2974,55.18582541054451,0.09195089340209961,0.7896583674301665
QM9-gap-35k,Random,67,1,0.3069,57.238547968885044,0.09332704544067383,0.7534523414491737
QM9-gap-35k,Random,67,2,0.3189,59.8314606741573,0.09392118453979492,0.8639227305790904
QM9-gap-35k,Random,67,3,0.3189,59.8314606741573,0.09595513343811035,0.8540925567115785
QM9-gap-35k,Random,67,4,0.3311,62.4675885911841,0.09893202781677246,0.8653408927544506
QM9-gap-35k,Random,67,5,0.3311,62.4675885911841,0.09910106658935547,0.844766260072768
QM9-gap-35k,Random,67,6,0.3364,63.61279170267934,0.10246491432189941,0.8589044837020166
QM9-gap-35k,Random,67,7,0.3364,63.61279170267934,0.10300207138061523,0.8653380059143917
QM9-gap-35k,Random,67,8,0.3364,63.61279170267934,0.10505175590515137,0.8455523412189899
QM9-gap-35k,Random,67,9,0.3596,68.6257562662057,0.10669803619384766,0.8798047682728329
QM9-gap-35k,Random,67,10,0.3596,68.6257562662057,0.10958528518676758,0.8905481112270138
QM9-gap-35k,Random,67,11,0.3596,68.6257562662057,0.1119532585144043,0.8719433804564581
QM9-gap-35k,Random,67,12,0.3596,68.6257562662057,0.11273193359375,0.8843823678332459
QM9-gap-35k,Random,67,13,0.3596,68.6257562662057,0.11412715911865234,0.8837555243755981
QM9-gap-35k,Random,67,14,0.3596,68.6257562662057,0.11758303642272949,0.8774925840680106
QM9-gap-35k,Random,67,15,0.3596,68.6257562662057,0.11902832984924316,0.8882411838951869
QM9-gap-35k,Random,67,16,0.3596,68.6257562662057,0.12408280372619629,0.8897486116299638
QM9-gap-35k,Random,67,17,0.3596,68.6257562662057,0.12399888038635254,0.8994582979427006
QM9-gap-35k,Random,67,18,0.3596,68.6257562662057,0.12589502334594727,0.8987635448800385
QM9-gap-35k,Random,67,19,0.3596,68.6257562662057,0.13083100318908691,0.9066657900303475
QM9-gap-40k,GLOSS,47,-1,0.2078,35.82541054451166,0.0,0.0
QM9-gap-40k,GLOSS,47,0,0.2515,45.267934312878126,0.7369799613952637,0.7876930469808452
QM9-gap-40k,GLOSS,47,1,0.3291,62.03543647363872,0.7551119327545166,0.8667836077756826
QM9-gap-40k,GLOSS,47,2,0.3702,70.91616248919618,0.7609038352966309,0.973885477210008
QM9-gap-40k,GLOSS,47,3,0.3824,73.55229040622298,0.7451999187469482,1.0852191192448246
QM9-gap-40k,GLOSS,47,4,0.3891,75.0,0.7227098941802979,1.1554520425313504
QM9-gap-40k,GLOSS,47,5,0.4298,83.7942955920484,0.716292142868042,1.1607072016551112
QM9-gap-40k,GLOSS,47,6,0.4802,94.68452895419188,0.7486701011657715,1.1717586275942873
QM9-gap-40k,GLOSS,47,7,0.4802,94.68452895419188,0.7697768211364746,1.180954185140994
QM9-gap-40k,GLOSS,47,8,0.5048,100.0,0.8010838031768799,1.22487907898283
QM9-gap-40k,GLOSS,47,9,0.5048,100.0,0.7920958995819092,1.2547951297104254
QM9-gap-40k,GLOSS,47,10,0.5048,100.0,0.7785227298736572,1.2844311774120134
QM9-gap-40k,GLOSS,47,11,0.5048,100.0,0.7972490787506104,1.2829765915473963
QM9-gap-40k,GLOSS,47,12,0.5048,100.0,0.8340470790863037,1.2767266886785316
QM9-gap-40k,GLOSS,47,13,0.5048,100.0,0.8674130439758301,1.2715355650457643
QM9-gap-40k,GLOSS,47,14,0.5048,100.0,0.8484420776367188,1.2776745208109457
QM9-gap-40k,GLOSS,47,15,0.5048,100.0,0.8685801029205322,1.2656955922692052
QM9-gap-40k,GLOSS,47,16,0.5048,100.0,0.9190797805786133,1.2514684287774507
QM9-gap-40k,GLOSS,47,17,0.5048,100.0,0.8868899345397949,1.2363141965685085
QM9-gap-40k,GLOSS,47,18,0.5048,100.0,0.9066591262817383,1.2404326090707614
QM9-gap-40k,GLOSS,47,19,0.5048,100.0,0.9022679328918457,1.2299389098912075
QM9-gap-40k,UCB-BO,47,-1,0.2078,35.82541054451166,0.0,0.0
QM9-gap-40k,UCB-BO,47,0,0.2418,43.171996542783056,0.18863272666931152,0.17696935057911217
QM9-gap-40k,UCB-BO,47,1,0.2418,43.171996542783056,0.20477008819580078,0.5386314160860629
QM9-gap-40k,UCB-BO,47,2,0.3151,59.01037165082108,0.21127700805664062,0.6527848428798328
QM9-gap-40k,UCB-BO,47,3,0.3151,59.01037165082108,0.22044801712036133,0.8683386367709347
QM9-gap-40k,UCB-BO,47,4,0.462,90.75194468452895,0.21879196166992188,0.99806762755941
QM9-gap-40k,UCB-BO,47,5,0.462,90.75194468452895,0.22798585891723633,1.1915448363080618
QM9-gap-40k,UCB-BO,47,6,0.4802,94.68452895419188,0.23729801177978516,1.261170344102088
QM9-gap-40k,UCB-BO,47,7,0.4802,94.68452895419188,0.2343151569366455,1.301431433523844
QM9-gap-40k,UCB-BO,47,8,0.4802,94.68452895419188,0.2423548698425293,1.2841402105563489
QM9-gap-40k,UCB-BO,47,9,0.4802,94.68452895419188,0.2581360340118408,1.2676579034093685
QM9-gap-40k,UCB-BO,47,10,0.4802,94.68452895419188,0.25095415115356445,1.3105252798861176
QM9-gap-40k,UCB-BO,47,11,0.4802,94.68452895419188,0.2505371570587158,1.3069158875399711
QM9-gap-40k,UCB-BO,47,12,0.4802,94.68452895419188,0.2556920051574707,1.3021338236112474
QM9-gap-40k,UCB-BO,47,13,0.5048,100.0,0.26371002197265625,1.302121046083198
QM9-gap-40k,UCB-BO,47,14,0.5048,100.0,0.26520490646362305,1.3028872418274564
QM9-gap-40k,UCB-BO,47,15,0.5048,100.0,0.2650737762451172,1.3027832193414248
QM9-gap-40k,UCB-BO,47,16,0.5048,100.0,0.27245116233825684,1.311611511798627
QM9-gap-40k,UCB-BO,47,17,0.5048,100.0,0.2859072685241699,1.287573209336359
QM9-gap-40k,UCB-BO,47,18,0.5048,100.0,0.2899739742279053,1.2860545683012448
QM9-gap-40k,UCB-BO,47,19,0.5048,100.0,0.2904980182647705,1.27367480716971
QM9-gap-40k,BO(EI),47,-1,0.2078,35.82541054451166,0.0,0.0
QM9-gap-40k,BO(EI),47,0,0.2471,44.3171996542783,0.18986296653747559,0.1300661340098599
QM9-gap-40k,BO(EI),47,1,0.2471,44.3171996542783,0.1978449821472168,0.28488790188932805
QM9-gap-40k,BO(EI),47,2,0.2471,44.3171996542783,0.20227575302124023,0.3350787223705983
QM9-gap-40k,BO(EI),47,3,0.2631,47.77441659464131,0.21854305267333984,0.5909804554770071
QM9-gap-40k,BO(EI),47,4,0.3002,55.790838375108045,0.2343909740447998,0.8214653919319613
QM9-gap-40k,BO(EI),47,5,0.3163,59.26966292134832,0.2364799976348877,0.920091965290703
QM9-gap-40k,BO(EI),47,6,0.3309,62.42437337942957,0.24440884590148926,1.0091511550964092
QM9-gap-40k,BO(EI),47,7,0.3599,68.6905790838375,0.24234604835510254,1.089783731464466
QM9-gap-40k,BO(EI),47,8,0.3599,68.6905790838375,0.24364781379699707,1.1063245151138104
QM9-gap-40k,BO(EI),47,9,0.4128,80.1210025929127,0.2620570659637451,1.1160967851483194
QM9-gap-40k,BO(EI),47,10,0.418,81.24459809853067,0.2614152431488037,1.1629107337930262
QM9-gap-40k,BO(EI),47,11,0.462,90.75194468452895,0.26627421379089355,1.1665522842670946
QM9-gap-40k,BO(EI),47,12,0.4802,94.68452895419188,0.26325178146362305,1.1781451231846338
QM9-gap-40k,BO(EI),47,13,0.5048,100.0,0.2745189666748047,1.221366187647554
QM9-gap-40k,BO(EI),47,14,0.5048,100.0,0.2676069736480713,1.2585893577924616
QM9-gap-40k,BO(EI),47,15,0.5048,100.0,0.2661170959472656,1.2796618536966375
QM9-gap-40k,BO(EI),47,16,0.5048,100.0,0.27755188941955566,1.2696315305811527
QM9-gap-40k,BO(EI),47,17,0.5048,100.0,0.27731990814208984,1.2572351324551179
QM9-gap-40k,BO(EI),47,18,0.5048,100.0,0.2877631187438965,1.2298163874882104
QM9-gap-40k,BO(EI),47,19,0.5048,100.0,0.30216193199157715,1.2206374252146475
QM9-gap-40k,GA,47,-1,0.2078,35.82541054451166,0.0,0.0
QM9-gap-40k,GA,47,0,0.2475,44.403630077787376,0.24815678596496582,0.6151898010137569
QM9-gap-40k,GA,47,1,0.3201,60.09075194468453,0.26751017570495605,0.9202389079300952
QM9-gap-40k,GA,47,2,0.3361,63.54796888504753,0.2799973487854004,0.9663440121438667
QM9-gap-40k,GA,47,3,0.3412,64.64995678478824,0.2851834297180176,0.9692941472949298
QM9-gap-40k,GA,47,4,0.3412,64.64995678478824,0.2976198196411133,0.9315853850205668
QM9-gap-40k,GA,47,5,0.3473,65.96802074330164,0.30725598335266113,0.8882226157664258
QM9-gap-40k,GA,47,6,0.3602,68.75540190146931,0.3243839740753174,0.8976541062187771
QM9-gap-40k,GA,47,7,0.3734,71.6076058772688,0.32687997817993164,0.8819236159986374
QM9-gap-40k,GA,47,8,0.3734,71.6076058772688,0.3383758068084717,0.8844839643347131
QM9-gap-40k,GA,47,9,0.3734,71.6076058772688,0.33710384368896484,0.8854248151317776
QM9-gap-40k,GA,47,10,0.3734,71.6076058772688,0.34584975242614746,0.8861195029650721
QM9-gap-40k,GA,47,11,0.3734,71.6076058772688,0.3464338779449463,0.8878285701026494
QM9-gap-40k,GA,47,12,0.3734,71.6076058772688,0.35019588470458984,0.8869623301613969
QM9-gap-40k,GA,47,13,0.3734,71.6076058772688,0.3471038341522217,0.8853577717450805
QM9-gap-40k,GA,47,14,0.3734,71.6076058772688,0.34556007385253906,0.8843687074619938
QM9-gap-40k,GA,47,15,0.418,81.24459809853067,0.35996174812316895,0.8965075377048484
QM9-gap-40k,GA,47,16,0.418,81.24459809853067,0.3487849235534668,0.8936690804774075
QM9-gap-40k,GA,47,17,0.4802,94.68452895419188,0.35926318168640137,0.9092658038851152
QM9-gap-40k,GA,47,18,0.4802,94.68452895419188,0.3793778419494629,0.9058944383411198
QM9-gap-40k,GA,47,19,0.4802,94.68452895419188,0.3781571388244629,0.9010144259347859
QM9-gap-40k,Random,47,-1,0.2078,35.82541054451166,0.0,0.0
QM9-gap-40k,Random,47,0,0.3228,60.67415730337078,0.10361385345458984,1.0865751886476531
QM9-gap-40k,Random,47,1,0.3236,60.847018150388934,0.10111212730407715,0.9887721368165386
QM9-gap-40k,Random,47,2,0.3236,60.847018150388934,0.10378384590148926,0.9015437042580366
QM9-gap-40k,Random,47,3,0.3236,60.847018150388934,0.10483002662658691,0.8838307794428328
QM9-gap-40k,Random,47,4,0.3361,63.54796888504753,0.10771298408508301,0.9257588819510513
QM9-gap-40k,Random,47,5,0.3361,63.54796888504753,0.10784101486206055,0.9332361353018074
QM9-gap-40k,Random,47,6,0.3361,63.54796888504753,0.11067485809326172,0.9108804070808655
QM9-gap-40k,Random,47,7,0.3361,63.54796888504753,0.11172914505004883,0.9081439670229258
QM9-gap-40k,Random,47,8,0.3361,63.54796888504753,0.11379313468933105,0.8889462504825437
QM9-gap-40k,Random,47,9,0.3361,63.54796888504753,0.1172480583190918,0.8944207793079421
QM9-gap-40k,Random,47,10,0.3361,63.54796888504753,0.11949372291564941,0.9026280478001831
QM9-gap-40k,Random,47,11,0.3361,63.54796888504753,0.1227562427520752,0.8753073240196826
QM9-gap-40k,Random,47,12,0.3361,63.54796888504753,0.12111592292785645,0.8831239076637836
QM9-gap-40k,Random,47,13,0.3361,63.54796888504753,0.12284994125366211,0.8932868536260047
QM9-gap-40k,Random,47,14,0.3361,63.54796888504753,0.12518095970153809,0.8833812096451277
QM9-gap-40k,Random,47,15,0.3361,63.54796888504753,0.12942790985107422,0.8761266931822674
QM9-gap-40k,Random,47,16,0.3361,63.54796888504753,0.12921786308288574,0.8831984033576424
QM9-gap-40k,Random,47,17,0.3361,63.54796888504753,0.13197994232177734,0.8954673816483775
QM9-gap-40k,Random,47,18,0.3361,63.54796888504753,0.1335310935974121,0.8932473292519658
QM9-gap-40k,Random,47,19,0.3361,63.54796888504753,0.14097905158996582,0.8799867754831244
QM9-gap-40k,GLOSS,53,-1,0.2064,35.5229040622299,0.0,0.0
QM9-gap-40k,GLOSS,53,0,0.3059,57.02247191011236,0.8564810752868652,0.5509363548355328
QM9-gap-40k,GLOSS,53,1,0.3446,65.38461538461539,0.8428590297698975,0.8180267723374246
QM9-gap-40k,GLOSS,53,2,0.373,71.52117545375972,0.7121798992156982,0.9663420849562138
QM9-gap-40k,GLOSS,53,3,0.4117,79.88331892826275,0.6957821846008301,0.9966612492829074
QM9-gap-40k,GLOSS,53,4,0.4128,80.1210025929127,0.702113151550293,0.9979488854786327
QM9-gap-40k,GLOSS,53,5,0.4298,83.7942955920484,0.7308309078216553,0.9950871558504533
QM9-gap-40k,GLOSS,53,6,0.5048,100.0,0.7705299854278564,1.065692780317506
QM9-gap-40k,GLOSS,53,7,0.5048,100.0,0.7556478977203369,1.111959017289536
QM9-gap-40k,GLOSS,53,8,0.5048,100.0,0.7519741058349609,1.1081332474323051
QM9-gap-40k,GLOSS,53,9,0.5048,100.0,0.7498538494110107,1.1417324894275191
QM9-gap-40k,GLOSS,53,10,0.5048,100.0,0.7689881324768066,1.1785023809099964
QM9-gap-40k,GLOSS,53,11,0.5048,100.0,0.7571368217468262,1.1849895173877916
QM9-gap-40k,GLOSS,53,12,0.5048,100.0,0.8013467788696289,1.171525477355481
QM9-gap-40k,GLOSS,53,13,0.5048,100.0,0.8210258483886719,1.1657448474539052
QM9-gap-40k,GLOSS,53,14,0.5048,100.0,0.83732008934021,1.1495250155841785
QM9-gap-40k,GLOSS,53,15,0.5048,100.0,0.7959461212158203,1.1434622272928245
QM9-gap-40k,GLOSS,53,16,0.5048,100.0,0.8684759140014648,1.156170311321979
QM9-gap-40k,GLOSS,53,17,0.5048,100.0,0.8504631519317627,1.1588863641296387
QM9-gap-40k,GLOSS,53,18,0.5048,100.0,0.8655571937561035,1.1508336714983396
QM9-gap-40k,GLOSS,53,19,0.5048,100.0,0.8790566921234131,1.1477292123761256
QM9-gap-40k,UCB-BO,53,-1,0.2064,35.5229040622299,0.0,0.0
QM9-gap-40k,UCB-BO,53,0,0.3075,57.36819360414865,0.19522809982299805,0.30883509142770293
QM9-gap-40k,UCB-BO,53,1,0.318,59.636992221261885,0.20497894287109375,0.40303051912373095
QM9-gap-40k,UCB-BO,53,2,0.3382,64.00172860847017,0.21802401542663574,0.44726650819865754
QM9-gap-40k,UCB-BO,53,3,0.3404,64.47709593777009,0.21605801582336426,0.5344771156245071
QM9-gap-40k,UCB-BO,53,4,0.3548,67.5885911840968,0.2222278118133545,0.6142891513540333
QM9-gap-40k,UCB-BO,53,5,0.4802,94.68452895419188,0.23220133781433105,0.7389264147091142
QM9-gap-40k,UCB-BO,53,6,0.4802,94.68452895419188,0.23113703727722168,0.8265032034793256
QM9-gap-40k,UCB-BO,53,7,0.4802,94.68452895419188,0.2335062026977539,0.9256434731570885
QM9-gap-40k,UCB-BO,53,8,0.4802,94.68452895419188,0.24237513542175293,0.9672916259734203
QM9-gap-40k,UCB-BO,53,9,0.4802,94.68452895419188,0.24699711799621582,0.9717722992783955
QM9-gap-40k,UCB-BO,53,10,0.5048,100.0,0.24634695053100586,0.9930871472441446
QM9-gap-40k,UCB-BO,53,11,0.5048,100.0,0.2490248680114746,1.121473491408219
QM9-gap-40k,UCB-BO,53,12,0.5048,100.0,0.2695779800415039,1.125106147260997
QM9-gap-40k,UCB-BO,53,13,0.5048,100.0,0.2807290554046631,1.1357097484251966
QM9-gap-40k,UCB-BO,53,14,0.5048,100.0,0.3165738582611084,1.1292615259774184
QM9-gap-40k,UCB-BO,53,15,0.5048,100.0,0.27096033096313477,1.1123231249444112
QM9-gap-40k,UCB-BO,53,16,0.5048,100.0,0.2669246196746826,1.0935396312351524
QM9-gap-40k,UCB-BO,53,17,0.5048,100.0,0.2750248908996582,1.1377803009807812
QM9-gap-40k,UCB-BO,53,18,0.5048,100.0,0.26517724990844727,1.1289516877974837
QM9-gap-40k,UCB-BO,53,19,0.5048,100.0,0.2804090976715088,1.1208368163611442
QM9-gap-40k,BO(EI),53,-1,0.2064,35.5229040622299,0.0,0.0
QM9-gap-40k,BO(EI),53,0,0.3075,57.36819360414865,0.20795130729675293,0.18737872553650184
QM9-gap-40k,BO(EI),53,1,0.3114,58.21089023336214,0.20720624923706055,0.3161104131700847
QM9-gap-40k,BO(EI),53,2,0.3485,66.22731201382886,0.21518301963806152,0.3193303599160935
QM9-gap-40k,BO(EI),53,3,0.3511,66.78910976663785,0.20818305015563965,0.3830778960917322
QM9-gap-40k,BO(EI),53,4,0.3511,66.78910976663785,0.21347379684448242,0.5220926480872187
QM9-gap-40k,BO(EI),53,5,0.3511,66.78910976663785,0.2141411304473877,0.525603279919235
QM9-gap-40k,BO(EI),53,6,0.3642,69.61970613656007,0.22164487838745117,0.5342922732001619
QM9-gap-40k,BO(EI),53,7,0.379,72.81763180639584,0.2203822135925293,0.6083718712427468
QM9-gap-40k,BO(EI),53,8,0.5048,100.0,0.23308730125427246,0.787079658508048
QM9-gap-40k,BO(EI),53,9,0.5048,100.0,0.22679805755615234,0.8937118124586129
QM9-gap-40k,BO(EI),53,10,0.5048,100.0,0.23415088653564453,0.9249030171285949
QM9-gap-40k,BO(EI),53,11,0.5048,100.0,0.23529601097106934,0.9846861752333257
QM9-gap-40k,BO(EI),53,12,0.5048,100.0,0.2551150321960449,0.9970407694007613
QM9-gap-40k,BO(EI),53,13,0.5048,100.0,0.25168728828430176,1.015137510613697
QM9-gap-40k,BO(EI),53,14,0.5048,100.0,0.257565975189209,1.0388388524526717
QM9-gap-40k,BO(EI),53,15,0.5048,100.0,0.2694981098175049,1.0464732928082563
QM9-gap-40k,BO(EI),53,16,0.5048,100.0,0.2744450569152832,1.045620860696413
QM9-gap-40k,BO(EI),53,17,0.5048,100.0,0.2851881980895996,1.0346204783431014
QM9-gap-40k,BO(EI),53,18,0.5048,100.0,0.2868528366088867,1.0393189716915399
QM9-gap-40k,BO(EI),53,19,0.5048,100.0,0.28630995750427246,1.076297187887126
QM9-gap-40k,GA,53,-1,0.2064,35.5229040622299,0.0,0.0
QM9-gap-40k,GA,53,0,0.3388,64.13137424373379,0.2577080726623535,0.6369657286885992
QM9-gap-40k,GA,53,1,0.3388,64.13137424373379,0.2777080535888672,0.6736615780379539
QM9-gap-40k,GA,53,2,0.3411,64.62834917891098,0.28745508193969727,0.7265648092883524
QM9-gap-40k,GA,53,3,0.4063,78.71650821089023,0.28105902671813965,0.7501113255420926
QM9-gap-40k,GA,53,4,0.4063,78.71650821089023,0.2883419990539551,0.7819820593176288
QM9-gap-40k,GA,53,5,0.4063,78.71650821089023,0.2935950756072998,0.7969799599341328
QM9-gap-40k,GA,53,6,0.4063,78.71650821089023,0.2945220470428467,0.783477862373135
QM9-gap-40k,GA,53,7,0.4063,78.71650821089023,0.3090379238128662,0.829601839025258
QM9-gap-40k,GA,53,8,0.4063,78.71650821089023,0.3106698989868164,0.813845973501875
QM9-gap-40k,GA,53,9,0.4063,78.71650821089023,0.3114030361175537,0.8002960380246389
QM9-gap-40k,GA,53,10,0.4063,78.71650821089023,0.3144259452819824,0.7931718391926995
QM9-gap-40k,GA,53,11,0.4063,78.71650821089023,0.32494091987609863,0.795419470741887
QM9-gap-40k,GA,53,12,0.4063,78.71650821089023,0.3277897834777832,0.8014479143624534
QM9-gap-40k,GA,53,13,0.4063,78.71650821089023,0.3428661823272705,0.8151401036201364
QM9-gap-40k,GA,53,14,0.4063,78.71650821089023,0.3458099365234375,0.8090948802667026
QM9-gap-40k,GA,53,15,0.4063,78.71650821089023,0.3459148406982422,0.8074034801967707
QM9-gap-40k,GA,53,16,0.4063,78.71650821089023,0.3413989543914795,0.799751214650668
QM9-gap-40k,GA,53,17,0.4063,78.71650821089023,0.3507089614868164,0.7924870705017754
QM9-gap-40k,GA,53,18,0.4063,78.71650821089023,0.3745908737182617,0.7971228971392482
QM9-gap-40k,GA,53,19,0.4063,78.71650821089023,0.3731510639190674,0.8019811979556681
QM9-gap-40k,Random,53,-1,0.2064,35.5229040622299,0.0,0.0
QM9-gap-40k,Random,53,0,0.3176,59.55056179775281,0.10479497909545898,1.2002358071516979
QM9-gap-40k,Random,53,1,0.3337,63.02938634399309,0.10304808616638184,1.0072524407426675
QM9-gap-40k,Random,53,2,0.3337,63.02938634399309,0.10404801368713379,0.9999493051795675
QM9-gap-40k,Random,53,3,0.3443,65.31979256698357,0.10376930236816406,0.9851578277001894
QM9-gap-40k,Random,53,4,0.3443,65.31979256698357,0.10647416114807129,1.0038060526716415
QM9-gap-40k,Random,53,5,0.3443,65.31979256698357,0.10912179946899414,1.007701445324284
QM9-gap-40k,Random,53,6,0.3443,65.31979256698357,0.11116218566894531,1.0054454746936985
QM9-gap-40k,Random,53,7,0.3443,65.31979256698357,0.11209774017333984,0.9830230391433175
QM9-gap-40k,Random,53,8,0.3443,65.31979256698357,0.11656308174133301,0.9496443063767295
QM9-gap-40k,Random,53,9,0.3446,65.38461538461539,0.11777210235595703,0.9514790080178085
QM9-gap-40k,Random,53,10,0.3546,67.54537597234227,0.11944079399108887,0.942744141020577
QM9-gap-40k,Random,53,11,0.3546,67.54537597234227,0.1210789680480957,0.9531921505870875
QM9-gap-40k,Random,53,12,0.3546,67.54537597234227,0.1222391128540039,0.9466377501787987
QM9-gap-40k,Random,53,13,0.3546,67.54537597234227,0.12387323379516602,0.9313098934700216
QM9-gap-40k,Random,53,14,0.3546,67.54537597234227,0.12790679931640625,0.9358667959035653
QM9-gap-40k,Random,53,15,0.3546,67.54537597234227,0.12906908988952637,0.9263539917708397
QM9-gap-40k,Random,53,16,0.3546,67.54537597234227,0.13498401641845703,0.9410760825202894
QM9-gap-40k,Random,53,17,0.3546,67.54537597234227,0.13593792915344238,0.9290089281200676
QM9-gap-40k,Random,53,18,0.3546,67.54537597234227,0.13986921310424805,0.9253810455748668
QM9-gap-40k,Random,53,19,0.3546,67.54537597234227,0.13994503021240234,0.9334532049481492
QM9-gap-40k,GLOSS,59,-1,0.2081,35.89023336214347,0.0,0.0
QM9-gap-40k,GLOSS,59,0,0.3054,56.91443388072601,0.7711758613586426,0.599416892313001
QM9-gap-40k,GLOSS,59,1,0.338,63.958513396715645,0.815493106842041,0.8303309205925588
QM9-gap-40k,GLOSS,59,2,0.338,63.958513396715645,0.7533540725708008,0.8677001577365624
QM9-gap-40k,GLOSS,59,3,0.3511,66.78910976663785,0.7800180912017822,0.8590839691375687
QM9-gap-40k,GLOSS,59,4,0.3824,73.55229040622298,0.7851369380950928,0.9832570221097879
QM9-gap-40k,GLOSS,59,5,0.3824,73.55229040622298,0.7914481163024902,1.0211149698662205
QM9-gap-40k,GLOSS,59,6,0.4465,87.40276577355229,0.783581018447876,1.0578737793045834
QM9-gap-40k,GLOSS,59,7,0.4802,94.68452895419188,0.7892422676086426,1.0561047758150643
QM9-gap-40k,GLOSS,59,8,0.4802,94.68452895419188,0.7697780132293701,1.0930396616528837
QM9-gap-40k,GLOSS,59,9,0.5048,100.0,0.7790398597717285,1.1823986126115065
QM9-gap-40k,GLOSS,59,10,0.5048,100.0,0.779890775680542,1.1640362304354304
QM9-gap-40k,GLOSS,59,11,0.5048,100.0,0.7882230281829834,1.2067512335751407
QM9-gap-40k,GLOSS,59,12,0.5048,100.0,0.8582770824432373,1.1924344317836268
QM9-gap-40k,GLOSS,59,13,0.5048,100.0,0.8809521198272705,1.201131089396911
QM9-gap-40k,GLOSS,59,14,0.5048,100.0,0.9017171859741211,1.1967535678681376
QM9-gap-40k,GLOSS,59,15,0.5048,100.0,0.9329478740692139,1.1883255063989107
QM9-gap-40k,GLOSS,59,16,0.5048,100.0,0.9540419578552246,1.1766143655102053
QM9-gap-40k,GLOSS,59,17,0.5048,100.0,0.9250531196594238,1.1654529242919895
QM9-gap-40k,GLOSS,59,18,0.5048,100.0,0.96213698387146,1.1559484890337548
QM9-gap-40k,GLOSS,59,19,0.5048,100.0,0.9060790538787842,1.1507601929151168
QM9-gap-40k,UCB-BO,59,-1,0.2081,35.89023336214347,0.0,0.0
QM9-gap-40k,UCB-BO,59,0,0.3054,56.91443388072601,0.1936628818511963,0.4873811929002346
QM9-gap-40k,UCB-BO,59,1,0.3165,59.312878133102856,0.21239805221557617,0.5535070059722761
QM9-gap-40k,UCB-BO,59,2,0.3252,61.19273984442523,0.22458410263061523,0.6581808281144513
QM9-gap-40k,UCB-BO,59,3,0.3256,61.27917026793431,0.22664284706115723,0.7123779444774977
QM9-gap-40k,UCB-BO,59,4,0.3338,63.050993949870346,0.2330172061920166,0.7532499966883798
QM9-gap-40k,UCB-BO,59,5,0.3338,63.050993949870346,0.23332619667053223,0.7591648393056811
QM9-gap-40k,UCB-BO,59,6,0.3338,63.050993949870346,0.24578428268432617,0.8156116786671724
QM9-gap-40k,UCB-BO,59,7,0.4465,87.40276577355229,0.2513389587402344,0.8557661316887796
QM9-gap-40k,UCB-BO,59,8,0.4465,87.40276577355229,0.2570629119873047,0.9483724989092659
QM9-gap-40k,UCB-BO,59,9,0.4465,87.40276577355229,0.2612919807434082,0.9998621456537352
QM9-gap-40k,UCB-BO,59,10,0.4802,94.68452895419188,0.26177501678466797,1.0214919904916422
QM9-gap-40k,UCB-BO,59,11,0.4802,94.68452895419188,0.26795172691345215,1.0263881019152319
QM9-gap-40k,UCB-BO,59,12,0.4802,94.68452895419188,0.2741219997406006,1.040296824581311
QM9-gap-40k,UCB-BO,59,13,0.4802,94.68452895419188,0.27521204948425293,1.0574141240957893
QM9-gap-40k,UCB-BO,59,14,0.4802,94.68452895419188,0.2767658233642578,1.0612719182013097
QM9-gap-40k,UCB-BO,59,15,0.4802,94.68452895419188,0.2731659412384033,1.0602052418759187
QM9-gap-40k,UCB-BO,59,16,0.4802,94.68452895419188,0.28058886528015137,1.0493927565894878
QM9-gap-40k,UCB-BO,59,17,0.5048,100.0,0.2872622013092041,1.091361537120452
QM9-gap-40k,UCB-BO,59,18,0.5048,100.0,0.28224825859069824,1.1017626111214938
QM9-gap-40k,UCB-BO,59,19,0.5048,100.0,0.29351329803466797,1.0871933080534686
QM9-gap-40k,BO(EI),59,-1,0.2081,35.89023336214347,0.0,0.0
QM9-gap-40k,BO(EI),59,0,0.3054,56.91443388072601,0.20280218124389648,0.48263104576832744
QM9-gap-40k,BO(EI),59,1,0.3654,69.8789974070873,0.21553730964660645,0.8106572789719931
QM9-gap-40k,BO(EI),59,2,0.3762,72.21261884183232,0.22978925704956055,0.866999001287074
QM9-gap-40k,BO(EI),59,3,0.3762,72.21261884183232,0.232774019241333,0.8432782061857759
QM9-gap-40k,BO(EI),59,4,0.3762,72.21261884183232,0.2417309284210205,0.779109680060747
QM9-gap-40k,BO(EI),59,5,0.3762,72.21261884183232,0.24837779998779297,0.8705467235159249
QM9-gap-40k,BO(EI),59,6,0.3891,75.0,0.2578141689300537,0.8786497581392344
QM9-gap-40k,BO(EI),59,7,0.3891,75.0,0.25970983505249023,0.8995251388589819
QM9-gap-40k,BO(EI),59,8,0.3922,75.66983578219532,0.2484591007232666,0.9205994377389694
QM9-gap-40k,BO(EI),59,9,0.5048,100.0,0.24921298027038574,0.9989172454927544
QM9-gap-40k,BO(EI),59,10,0.5048,100.0,0.2513730525970459,1.011347289667356
QM9-gap-40k,BO(EI),59,11,0.5048,100.0,0.2608809471130371,1.070634514476965
QM9-gap-40k,BO(EI),59,12,0.5048,100.0,0.2602348327636719,1.0652887343311115
QM9-gap-40k,BO(EI),59,13,0.5048,100.0,0.2698080539703369,1.0527741984620491
QM9-gap-40k,BO(EI),59,14,0.5048,100.0,0.26279306411743164,1.0673067972354369
QM9-gap-40k,BO(EI),59,15,0.5048,100.0,0.26969408988952637,1.105235138468316
QM9-gap-40k,BO(EI),59,16,0.5048,100.0,0.27366089820861816,1.1230611449516799
QM9-gap-40k,BO(EI),59,17,0.5048,100.0,0.28894710540771484,1.1074620893452112
QM9-gap-40k,BO(EI),59,18,0.5048,100.0,0.28497815132141113,1.1146095185525533
QM9-gap-40k,BO(EI),59,19,0.5048,100.0,0.2998771667480469,1.1044838978948208
QM9-gap-40k,GA,59,-1,0.2081,35.89023336214347,0.0,0.0
QM9-gap-40k,GA,59,0,0.2696,49.17891097666378,0.26216602325439453,0.6711033328802944
QM9-gap-40k,GA,59,1,0.3422,64.86603284356093,0.2801969051361084,0.906071673136484
QM9-gap-40k,GA,59,2,0.3443,65.31979256698357,0.29289984703063965,0.9157134120406063
QM9-gap-40k,GA,59,3,0.3527,67.13483146067416,0.3010241985321045,0.925231706334287
QM9-gap-40k,GA,59,4,0.3527,67.13483146067416,0.30651211738586426,0.912392546600256
QM9-gap-40k,GA,59,5,0.3527,67.13483146067416,0.30971384048461914,0.8911263523588536
QM9-gap-40k,GA,59,6,0.3527,67.13483146067416,0.3110377788543701,0.8806003754196068
QM9-gap-40k,GA,59,7,0.3527,67.13483146067416,0.31174612045288086,0.8638800330817707
QM9-gap-40k,GA,59,8,0.3625,69.25237683664649,0.31583619117736816,0.8669935916583048
QM9-gap-40k,GA,59,9,0.3625,69.25237683664649,0.32879114151000977,0.8717449405081369
QM9-gap-40k,GA,59,10,0.3625,69.25237683664649,0.33561205863952637,0.8551819387285743
QM9-gap-40k,GA,59,11,0.375,71.9533275713051,0.3389461040496826,0.8496020242405904
QM9-gap-40k,GA,59,12,0.375,71.9533275713051,0.33939409255981445,0.8497009220391273
QM9-gap-40k,GA,59,13,0.375,71.9533275713051,0.3479130268096924,0.846543531937701
QM9-gap-40k,GA,59,14,0.375,71.9533275713051,0.3514060974121094,0.8526351021112655
QM9-gap-40k,GA,59,15,0.375,71.9533275713051,0.3568239212036133,0.844013223058535
QM9-gap-40k,GA,59,16,0.375,71.9533275713051,0.35445308685302734,0.840196267437087
QM9-gap-40k,GA,59,17,0.375,71.9533275713051,0.3610360622406006,0.8454365337188113
QM9-gap-40k,GA,59,18,0.375,71.9533275713051,0.36562204360961914,0.8439992010032613
QM9-gap-40k,GA,59,19,0.375,71.9533275713051,0.3684539794921875,0.8439926861255531
QM9-gap-40k,Random,59,-1,0.2081,35.89023336214347,0.0,0.0
QM9-gap-40k,Random,59,0,0.3165,59.312878133102856,0.10034894943237305,0.9018410922150092
QM9-gap-40k,Random,59,1,0.336,63.526361279170274,0.10149621963500977,0.8989296768102538
QM9-gap-40k,Random,59,2,0.336,63.526361279170274,0.10458922386169434,0.8521372645214178
QM9-gap-40k,Random,59,3,0.336,63.526361279170274,0.10550498962402344,0.9085548745889005
QM9-gap-40k,Random,59,4,0.336,63.526361279170274,0.10823774337768555,0.94088176055334
QM9-gap-40k,Random,59,5,0.336,63.526361279170274,0.10989117622375488,0.9038770184597518
QM9-gap-40k,Random,59,6,0.336,63.526361279170274,0.11280679702758789,0.9033815032824798
QM9-gap-40k,Random,59,7,0.336,63.526361279170274,0.11652779579162598,0.9251460748951301
QM9-gap-40k,Random,59,8,0.336,63.526361279170274,0.11654806137084961,0.9055290300924944
QM9-gap-40k,Random,59,9,0.336,63.526361279170274,0.11620926856994629,0.8882184979466846
QM9-gap-40k,Random,59,10,0.336,63.526361279170274,0.12068319320678711,0.901840809102056
QM9-gap-40k,Random,59,11,0.336,63.526361279170274,0.12347698211669922,0.8943557939029656
QM9-gap-40k,Random,59,12,0.336,63.526361279170274,0.12404298782348633,0.8912209264887732
QM9-gap-40k,Random,59,13,0.336,63.526361279170274,0.12428498268127441,0.8847225263082655
QM9-gap-40k,Random,59,14,0.336,63.526361279170274,0.12678003311157227,0.8876533460324895
QM9-gap-40k,Random,59,15,0.336,63.526361279170274,0.1310112476348877,0.8844124251147893
QM9-gap-40k,Random,59,16,0.336,63.526361279170274,0.13358426094055176,0.8881460847011318
QM9-gap-40k,Random,59,17,0.336,63.526361279170274,0.13318896293640137,0.8729136757121482
QM9-gap-40k,Random,59,18,0.336,63.526361279170274,0.1389760971069336,0.874140848895001
QM9-gap-40k,Random,59,19,0.336,63.526361279170274,0.1409740447998047,0.8709670745207834
QM9-gap-40k,GLOSS,61,-1,0.2096,36.214347450302505,0.0,0.0
QM9-gap-40k,GLOSS,61,0,0.3194,59.93949870354365,0.7934839725494385,0.6687541443728632
QM9-gap-40k,GLOSS,61,1,0.3578,68.23681936041487,0.7929692268371582,0.7665293407283624
QM9-gap-40k,GLOSS,61,2,0.5048,100.0,0.761246919631958,1.012778933177353
QM9-gap-40k,GLOSS,61,3,0.5048,100.0,0.7429859638214111,1.2147848966243562
QM9-gap-40k,GLOSS,61,4,0.5048,100.0,0.7819581031799316,1.24725457121218
QM9-gap-40k,GLOSS,61,5,0.5048,100.0,0.8332681655883789,1.2408464129168169
QM9-gap-40k,GLOSS,61,6,0.5048,100.0,0.7673609256744385,1.2211126742387062
QM9-gap-40k,GLOSS,61,7,0.5048,100.0,0.7671937942504883,1.203205658766748
QM9-gap-40k,GLOSS,61,8,0.5048,100.0,0.8090031147003174,1.1834316197545143
QM9-gap-40k,GLOSS,61,9,0.5048,100.0,0.8132040500640869,1.199590384676895
QM9-gap-40k,GLOSS,61,10,0.5048,100.0,0.8147227764129639,1.225040412725734
QM9-gap-40k,GLOSS,61,11,0.5048,100.0,0.8070127964019775,1.2096280559114077
QM9-gap-40k,GLOSS,61,12,0.5048,100.0,0.8209738731384277,1.2086801907517537
QM9-gap-40k,GLOSS,61,13,0.5048,100.0,0.8438980579376221,1.2048657892864583
QM9-gap-40k,GLOSS,61,14,0.5048,100.0,0.8466079235076904,1.1877644500627746
QM9-gap-40k,GLOSS,61,15,0.5048,100.0,0.8539140224456787,1.175579029585468
QM9-gap-40k,GLOSS,61,16,0.5048,100.0,0.8682129383087158,1.16606755595295
QM9-gap-40k,GLOSS,61,17,0.5048,100.0,0.861358642578125,1.1735977778035387
QM9-gap-40k,GLOSS,61,18,0.5048,100.0,0.8938870429992676,1.1795390667027255
QM9-gap-40k,GLOSS,61,19,0.5048,100.0,0.8814327716827393,1.180197633031536
QM9-gap-40k,UCB-BO,61,-1,0.2096,36.214347450302505,0.0,0.0
QM9-gap-40k,UCB-BO,61,0,0.2657,48.336214347450294,0.19614291191101074,0.3993863216109625
QM9-gap-40k,UCB-BO,61,1,0.2736,50.043215211754536,0.20835399627685547,0.4884092841248128
QM9-gap-40k,UCB-BO,61,2,0.2886,53.284356093344854,0.2114109992980957,0.6895891412122818
QM9-gap-40k,UCB-BO,61,3,0.2886,53.284356093344854,0.21590089797973633,0.8094665346764348
QM9-gap-40k,UCB-BO,61,4,0.2886,53.284356093344854,0.2254040241241455,0.8413698520976682
QM9-gap-40k,UCB-BO,61,5,0.354,67.41573033707866,0.22784733772277832,0.9126617608593655
QM9-gap-40k,UCB-BO,61,6,0.3922,75.66983578219532,0.2301192283630371,1.0595333745961166
QM9-gap-40k,UCB-BO,61,7,0.4465,87.40276577355229,0.2302861213684082,1.094011436129407
QM9-gap-40k,UCB-BO,61,8,0.4802,94.68452895419188,0.24431300163269043,1.13049591910364
QM9-gap-40k,UCB-BO,61,9,0.4802,94.68452895419188,0.25109195709228516,1.139485180171232
QM9-gap-40k,UCB-BO,61,10,0.4802,94.68452895419188,0.25513219833374023,1.171348311952097
QM9-gap-40k,UCB-BO,61,11,0.4802,94.68452895419188,0.2674129009246826,1.1980846414607185
QM9-gap-40k,UCB-BO,61,12,0.4802,94.68452895419188,0.2671220302581787,1.1981050610402806
QM9-gap-40k,UCB-BO,61,13,0.5048,100.0,0.27416491508483887,1.2423772146832741
QM9-gap-40k,UCB-BO,61,14,0.5048,100.0,0.2758500576019287,1.2620106729604732
QM9-gap-40k,UCB-BO,61,15,0.5048,100.0,0.27524304389953613,1.265146521299158
QM9-gap-40k,UCB-BO,61,16,0.5048,100.0,0.28579187393188477,1.2510991355151233
QM9-gap-40k,UCB-BO,61,17,0.5048,100.0,0.29355406761169434,1.240885092244657
QM9-gap-40k,UCB-BO,61,18,0.5048,100.0,0.3159208297729492,1.2297357926453238
QM9-gap-40k,UCB-BO,61,19,0.5048,100.0,0.2997267246246338,1.2176260494744588
QM9-gap-40k,BO(EI),61,-1,0.2096,36.214347450302505,0.0,0.0
QM9-gap-40k,BO(EI),61,0,0.324,60.933448573898005,0.2039790153503418,0.25814754614283936
QM9-gap-40k,BO(EI),61,1,0.3345,63.20224719101124,0.22526788711547852,0.2960178706927792
QM9-gap-40k,BO(EI),61,2,0.3379,63.936905790838374,0.22934794425964355,0.36274464940332757
QM9-gap-40k,BO(EI),61,3,0.3405,64.49870354364737,0.2353990077972412,0.34768196973023846
QM9-gap-40k,BO(EI),61,4,0.3411,64.62834917891098,0.23951196670532227,0.385350957558603
QM9-gap-40k,BO(EI),61,5,0.462,90.75194468452895,0.2413949966430664,0.5358351303940351
QM9-gap-40k,BO(EI),61,6,0.4802,94.68452895419188,0.24081897735595703,0.6682294088774172
QM9-gap-40k,BO(EI),61,7,0.5048,100.0,0.25348901748657227,0.8052499781582323
QM9-gap-40k,BO(EI),61,8,0.5048,100.0,0.24658203125,0.9329067607760027
QM9-gap-40k,BO(EI),61,9,0.5048,100.0,0.25424790382385254,0.9750291522713983
QM9-gap-40k,BO(EI),61,10,0.5048,100.0,0.25859498977661133,1.0416309644628756
QM9-gap-40k,BO(EI),61,11,0.5048,100.0,0.26158618927001953,1.0734517832044146
QM9-gap-40k,BO(EI),61,12,0.5048,100.0,0.2728147506713867,1.0531182139262465
QM9-gap-40k,BO(EI),61,13,0.5048,100.0,0.2904670238494873,1.0501744501332986
QM9-gap-40k,BO(EI),61,14,0.5048,100.0,0.28585290908813477,1.0554131358288652
QM9-gap-40k,BO(EI),61,15,0.5048,100.0,0.28225183486938477,1.0554708639492996
QM9-gap-40k,BO(EI),61,16,0.5048,100.0,0.27494215965270996,1.0466444199509162
QM9-gap-40k,BO(EI),61,17,0.5048,100.0,0.2917308807373047,1.0637204709523516
QM9-gap-40k,BO(EI),61,18,0.5048,100.0,0.30372190475463867,1.0648708470557446
QM9-gap-40k,BO(EI),61,19,0.5048,100.0,0.2863459587097168,1.1423824932034985
QM9-gap-40k,GA,61,-1,0.2096,36.214347450302505,0.0,0.0
QM9-gap-40k,GA,61,0,0.3395,64.28262748487468,0.2601449489593506,0.810940582021778
QM9-gap-40k,GA,61,1,0.3395,64.28262748487468,0.27730369567871094,0.7741051977200974
QM9-gap-40k,GA,61,2,0.3525,67.09161624891962,0.28733110427856445,0.7512842534971397
QM9-gap-40k,GA,61,3,0.3657,69.9438202247191,0.28453707695007324,0.7569198573053981
QM9-gap-40k,GA,61,4,0.3657,69.9438202247191,0.29668498039245605,0.7521941068077007
QM9-gap-40k,GA,61,5,0.3657,69.9438202247191,0.3126249313354492,0.7379512005624971
QM9-gap-40k,GA,61,6,0.3771,72.40708729472773,0.31764888763427734,0.7332365578015684
QM9-gap-40k,GA,61,7,0.3771,72.40708729472773,0.31226611137390137,0.7547883931266304
QM9-gap-40k,GA,61,8,0.3771,72.40708729472773,0.3238661289215088,0.7614667098470228
QM9-gap-40k,GA,61,9,0.3771,72.40708729472773,0.31688594818115234,0.7622247636257383
QM9-gap-40k,GA,61,10,0.3771,72.40708729472773,0.3189418315887451,0.7504773353007081
QM9-gap-40k,GA,61,11,0.4128,80.1210025929127,0.3285801410675049,0.7612285882568036
QM9-gap-40k,GA,61,12,0.4128,80.1210025929127,0.32793188095092773,0.7506747306131826
QM9-gap-40k,GA,61,13,0.4128,80.1210025929127,0.3300008773803711,0.7413519067184065
QM9-gap-40k,GA,61,14,0.4128,80.1210025929127,0.334993839263916,0.7425633622529886
QM9-gap-40k,GA,61,15,0.4128,80.1210025929127,0.3395419120788574,0.7514168139854354
QM9-gap-40k,GA,61,16,0.4128,80.1210025929127,0.34596872329711914,0.7484458616814461
QM9-gap-40k,GA,61,17,0.4128,80.1210025929127,0.357684850692749,0.7523446435676332
QM9-gap-40k,GA,61,18,0.4128,80.1210025929127,0.35291028022766113,0.7639112999794797
QM9-gap-40k,GA,61,19,0.4802,94.68452895419188,0.36131882667541504,0.7815441633247255
QM9-gap-40k,Random,61,-1,0.2096,36.214347450302505,0.0,0.0
QM9-gap-40k,Random,61,0,0.2829,52.05272255834053,0.10048198699951172,1.050740768544158
QM9-gap-40k,Random,61,1,0.3211,60.30682800345721,0.10147619247436523,0.9246900353373789
QM9-gap-40k,Random,61,2,0.3342,63.137424373379424,0.10190629959106445,0.9190271239040685
QM9-gap-40k,Random,61,3,0.3342,63.137424373379424,0.10499906539916992,0.8864592179373606
QM9-gap-40k,Random,61,4,0.3342,63.137424373379424,0.10783624649047852,0.9269448145814688
QM9-gap-40k,Random,61,5,0.3572,68.10717372515126,0.10987114906311035,0.931907245234093
QM9-gap-40k,Random,61,6,0.3572,68.10717372515126,0.11180806159973145,0.942273599730841
QM9-gap-40k,Random,61,7,0.3572,68.10717372515126,0.11353302001953125,0.9514840095653151
QM9-gap-40k,Random,61,8,0.3572,68.10717372515126,0.11572670936584473,0.9479235329866165
QM9-gap-40k,Random,61,9,0.3572,68.10717372515126,0.11558699607849121,0.9632567431156335
QM9-gap-40k,Random,61,10,0.3572,68.10717372515126,0.12090277671813965,0.9627672047541509
QM9-gap-40k,Random,61,11,0.3572,68.10717372515126,0.12199592590332031,0.9560837786598806
QM9-gap-40k,Random,61,12,0.3572,68.10717372515126,0.12374496459960938,0.9590777448816117
QM9-gap-40k,Random,61,13,0.3572,68.10717372515126,0.12672781944274902,0.9574465504717466
QM9-gap-40k,Random,61,14,0.3572,68.10717372515126,0.1282789707183838,0.9434694047432443
QM9-gap-40k,Random,61,15,0.3572,68.10717372515126,0.13109278678894043,0.9246196905688012
QM9-gap-40k,Random,61,16,0.3572,68.10717372515126,0.13546299934387207,0.9139586580225205
QM9-gap-40k,Random,61,17,0.3572,68.10717372515126,0.13552522659301758,0.917890158674356
QM9-gap-40k,Random,61,18,0.3572,68.10717372515126,0.13663506507873535,0.9117876941318644
QM9-gap-40k,Random,61,19,0.3572,68.10717372515126,0.13887476921081543,0.9089198134127067
QM9-gap-40k,GLOSS,67,-1,0.2068,35.60933448573898,0.0,0.0
QM9-gap-40k,GLOSS,67,0,0.3259,61.34399308556612,0.7283380031585693,0.8129420335768138
QM9-gap-40k,GLOSS,67,1,0.5048,100.0,0.7097270488739014,1.0042041409662448
QM9-gap-40k,GLOSS,67,2,0.5048,100.0,0.7232530117034912,1.2256725007761857
QM9-gap-40k,GLOSS,67,3,0.5048,100.0,0.6793851852416992,1.3006515586851994
QM9-gap-40k,GLOSS,67,4,0.5048,100.0,0.7051100730895996,1.2837528537638112
QM9-gap-40k,GLOSS,67,5,0.5048,100.0,0.6993169784545898,1.2642041795037378
QM9-gap-40k,GLOSS,67,6,0.5048,100.0,0.751338005065918,1.242578273258209
QM9-gap-40k,GLOSS,67,7,0.5048,100.0,0.7517499923706055,1.2083999914433905
QM9-gap-40k,GLOSS,67,8,0.5048,100.0,0.7659482955932617,1.203385179668777
QM9-gap-40k,GLOSS,67,9,0.5048,100.0,0.7732720375061035,1.2210747781256865
QM9-gap-40k,GLOSS,67,10,0.5048,100.0,0.8009319305419922,1.223788139816655
QM9-gap-40k,GLOSS,67,11,0.5048,100.0,0.8008151054382324,1.2421640538203151
QM9-gap-40k,GLOSS,67,12,0.5048,100.0,0.8117709159851074,1.2196324054207797
QM9-gap-40k,GLOSS,67,13,0.5048,100.0,0.8446331024169922,1.198652269369086
QM9-gap-40k,GLOSS,67,14,0.5048,100.0,0.8285350799560547,1.195373160114134
QM9-gap-40k,GLOSS,67,15,0.5048,100.0,0.8488719463348389,1.189991866430435
QM9-gap-40k,GLOSS,67,16,0.5048,100.0,0.8740432262420654,1.1863451971225485
QM9-gap-40k,GLOSS,67,17,0.5048,100.0,0.8633589744567871,1.1808163306359698
QM9-gap-40k,GLOSS,67,18,0.5048,100.0,0.8863749504089355,1.177998581571839
QM9-gap-40k,GLOSS,67,19,0.5048,100.0,0.9036259651184082,1.1679205511419148
QM9-gap-40k,UCB-BO,67,-1,0.2068,35.60933448573898,0.0,0.0
QM9-gap-40k,UCB-BO,67,0,0.3302,62.273120138288675,0.19044828414916992,0.9821293206596761
QM9-gap-40k,UCB-BO,67,1,0.3302,62.273120138288675,0.19918489456176758,0.8540087334119572
QM9-gap-40k,UCB-BO,67,2,0.3302,62.273120138288675,0.21060705184936523,0.8175857827679903
QM9-gap-40k,UCB-BO,67,3,0.4465,87.40276577355229,0.21479511260986328,0.9003476682910011
QM9-gap-40k,UCB-BO,67,4,0.4465,87.40276577355229,0.21407222747802734,1.0142023501883988
QM9-gap-40k,UCB-BO,67,5,0.4465,87.40276577355229,0.2178819179534912,1.059615727575626
QM9-gap-40k,UCB-BO,67,6,0.4465,87.40276577355229,0.2286210060119629,1.0605795280464057
QM9-gap-40k,UCB-BO,67,7,0.4465,87.40276577355229,0.22727513313293457,1.056823461014982
QM9-gap-40k,UCB-BO,67,8,0.4802,94.68452895419188,0.23171401023864746,1.0993999166213413
QM9-gap-40k,UCB-BO,67,9,0.4802,94.68452895419188,0.23036575317382812,1.0871547994475066
QM9-gap-40k,UCB-BO,67,10,0.4802,94.68452895419188,0.2364509105682373,1.065431016187981
QM9-gap-40k,UCB-BO,67,11,0.4802,94.68452895419188,0.23665499687194824,1.1009835530882504
QM9-gap-40k,UCB-BO,67,12,0.5048,100.0,0.24598908424377441,1.1642557466713053
QM9-gap-40k,UCB-BO,67,13,0.5048,100.0,0.2543799877166748,1.1566867223209423
QM9-gap-40k,UCB-BO,67,14,0.5048,100.0,0.25259995460510254,1.1307930391628223
QM9-gap-40k,UCB-BO,67,15,0.5048,100.0,0.2606167793273926,1.1041931043563342
QM9-gap-40k,UCB-BO,67,16,0.5048,100.0,0.2589561939239502,1.0818926130823512
QM9-gap-40k,UCB-BO,67,17,0.5048,100.0,0.26644182205200195,1.0791528734294291
QM9-gap-40k,UCB-BO,67,18,0.5048,100.0,0.2584519386291504,1.0555519437277128
QM9-gap-40k,UCB-BO,67,19,0.5048,100.0,0.26508092880249023,1.045922770658297
QM9-gap-40k,BO(EI),67,-1,0.2068,35.60933448573898,0.0,0.0
QM9-gap-40k,BO(EI),67,0,0.3302,62.273120138288675,0.18492698669433594,0.8031945576122664
QM9-gap-40k,BO(EI),67,1,0.3302,62.273120138288675,0.20496797561645508,0.7248096941269604
QM9-gap-40k,BO(EI),67,2,0.3604,68.79861711322384,0.21286487579345703,0.6948081071482458
QM9-gap-40k,BO(EI),67,3,0.3656,69.92221261884183,0.2151927947998047,0.7422501072788069
QM9-gap-40k,BO(EI),67,4,0.4298,83.7942955920484,0.21726489067077637,0.8130961568981583
QM9-gap-40k,BO(EI),67,5,0.4802,94.68452895419188,0.222609281539917,0.9049039486506462
QM9-gap-40k,BO(EI),67,6,0.4802,94.68452895419188,0.22066688537597656,0.9943788289896682
QM9-gap-40k,BO(EI),67,7,0.4802,94.68452895419188,0.23622775077819824,0.9989245926673568
QM9-gap-40k,BO(EI),67,8,0.4802,94.68452895419188,0.24204683303833008,0.9996070578120752
QM9-gap-40k,BO(EI),67,9,0.4802,94.68452895419188,0.25304102897644043,1.0078303977952918
QM9-gap-40k,BO(EI),67,10,0.5048,100.0,0.2457442283630371,1.0742191053824306
QM9-gap-40k,BO(EI),67,11,0.5048,100.0,0.25089120864868164,1.095909737642741
QM9-gap-40k,BO(EI),67,12,0.5048,100.0,0.25163793563842773,1.0966577476080686
QM9-gap-40k,BO(EI),67,13,0.5048,100.0,0.2605760097503662,1.0857830230773964
QM9-gap-40k,BO(EI),67,14,0.5048,100.0,0.257936954498291,1.0938107664230854
QM9-gap-40k,BO(EI),67,15,0.5048,100.0,0.2622859477996826,1.1262543021208897
QM9-gap-40k,BO(EI),67,16,0.5048,100.0,0.26592111587524414,1.152645880598736
QM9-gap-40k,BO(EI),67,17,0.5048,100.0,0.27110910415649414,1.1665865268448106
QM9-gap-40k,BO(EI),67,18,0.5048,100.0,0.26808881759643555,1.1694405490677655
QM9-gap-40k,BO(EI),67,19,0.5048,100.0,0.2717289924621582,1.150756956538825
QM9-gap-40k,GA,67,-1,0.2068,35.60933448573898,0.0,0.0
QM9-gap-40k,GA,67,0,0.3435,65.14693171996542,0.253917932510376,1.0715022888011678
QM9-gap-40k,GA,67,1,0.3435,65.14693171996542,0.2735939025878906,1.0786726030398257
QM9-gap-40k,GA,67,2,0.3455,65.5790838375108,0.2813403606414795,0.9842256056640364
QM9-gap-40k,GA,67,3,0.3455,65.5790838375108,0.2894458770751953,0.9699642980515712
QM9-gap-40k,GA,67,4,0.3512,66.81071737251513,0.2877650260925293,0.900495153856295
QM9-gap-40k,GA,67,5,0.3512,66.81071737251513,0.2861440181732178,0.8781923299845976
QM9-gap-40k,GA,67,6,0.3512,66.81071737251513,0.2884671688079834,0.8698342371468339
QM9-gap-40k,GA,67,7,0.3512,66.81071737251513,0.2956509590148926,0.8609543507850587
QM9-gap-40k,GA,67,8,0.374,71.73725151253241,0.30536484718322754,0.8448288827327523
QM9-gap-40k,GA,67,9,0.374,71.73725151253241,0.3140408992767334,0.8325703926842144
QM9-gap-40k,GA,67,10,0.374,71.73725151253241,0.3118913173675537,0.8170279261675778
QM9-gap-40k,GA,67,11,0.374,71.73725151253241,0.31650471687316895,0.8240548011121838
QM9-gap-40k,GA,67,12,0.374,71.73725151253241,0.3201889991760254,0.8214625154787935
QM9-gap-40k,GA,67,13,0.374,71.73725151253241,0.32222604751586914,0.8258528512031902
QM9-gap-40k,GA,67,14,0.374,71.73725151253241,0.3269660472869873,0.8241886107996146
QM9-gap-40k,GA,67,15,0.374,71.73725151253241,0.3353087902069092,0.8318925593678725
QM9-gap-40k,GA,67,16,0.374,71.73725151253241,0.33666181564331055,0.8331043578466275
QM9-gap-40k,GA,67,17,0.374,71.73725151253241,0.33889102935791016,0.8310895850084624
QM9-gap-40k,GA,67,18,0.374,71.73725151253241,0.3487100601196289,0.83311788183815
QM9-gap-40k,GA,67,19,0.374,71.73725151253241,0.34541797637939453,0.8343047091185535
QM9-gap-40k,Random,67,-1,0.2068,35.60933448573898,0.0,0.0
QM9-gap-40k,Random,67,0,0.3112,58.1676750216076,0.1011800765991211,0.8249501861164089
QM9-gap-40k,Random,67,1,0.3419,64.80121002592912,0.10093402862548828,0.8132431524902621
QM9-gap-40k,Random,67,2,0.3419,64.80121002592912,0.10408186912536621,0.8218183291700233
QM9-gap-40k,Random,67,3,0.3419,64.80121002592912,0.10643410682678223,0.832155140734387
QM9-gap-40k,Random,67,4,0.3419,64.80121002592912,0.10754013061523438,0.8186420344978567
QM9-gap-40k,Random,67,5,0.3599,68.6905790838375,0.1106412410736084,0.8368476758811544
QM9-gap-40k,Random,67,6,0.3599,68.6905790838375,0.11103987693786621,0.8555023630581321
QM9-gap-40k,Random,67,7,0.3599,68.6905790838375,0.11463189125061035,0.8751841011594889
QM9-gap-40k,Random,67,8,0.3599,68.6905790838375,0.11515212059020996,0.8741849773016307
QM9-gap-40k,Random,67,9,0.3599,68.6905790838375,0.11566805839538574,0.8535987095238369
QM9-gap-40k,Random,67,10,0.3599,68.6905790838375,0.11889910697937012,0.8483655490815776
QM9-gap-40k,Random,67,11,0.3599,68.6905790838375,0.120330810546875,0.8474148290205002
QM9-gap-40k,Random,67,12,0.3599,68.6905790838375,0.1229391098022461,0.8528562924167868
QM9-gap-40k,Random,67,13,0.3599,68.6905790838375,0.12728381156921387,0.8490427003890804
QM9-gap-40k,Random,67,14,0.3599,68.6905790838375,0.12909507751464844,0.8453868411261051
QM9-gap-40k,Random,67,15,0.3599,68.6905790838375,0.1299738883972168,0.8409866424564927
QM9-gap-40k,Random,67,16,0.3599,68.6905790838375,0.1364903450012207,0.8444525413533731
QM9-gap-40k,Random,67,17,0.3599,68.6905790838375,0.13800311088562012,0.8356678893026155
QM9-gap-40k,Random,67,18,0.3599,68.6905790838375,0.1414649486541748,0.8442307463687929
QM9-gap-40k,Random,67,19,0.3599,68.6905790838375,0.1403510570526123,0.8429341530657284
QM9-gap-45k,GLOSS,47,-1,0.2066,35.566119273984434,0.0,0.0
QM9-gap-45k,GLOSS,47,0,0.3083,57.541054451166815,0.8967149257659912,0.5447499579079056
QM9-gap-45k,GLOSS,47,1,0.3083,57.541054451166815,0.8354499340057373,0.8263322682997877
QM9-gap-45k,GLOSS,47,2,0.3312,62.48919619706136,0.8986008167266846,0.7987144699079146
QM9-gap-45k,GLOSS,47,3,0.3422,64.86603284356093,0.8263747692108154,0.9443429432296139
QM9-gap-45k,GLOSS,47,4,0.3427,64.97407087294728,0.8094179630279541,0.9902526539587266
QM9-gap-45k,GLOSS,47,5,0.3548,67.5885911840968,0.8145811557769775,1.0296624009182225
QM9-gap-45k,GLOSS,47,6,0.4802,94.68452895419188,0.844702959060669,1.04306710892277
QM9-gap-45k,GLOSS,47,7,0.4802,94.68452895419188,0.8375558853149414,1.0627407741720951
QM9-gap-45k,GLOSS,47,8,0.5048,100.0,0.8357658386230469,1.1227697594597803
QM9-gap-45k,GLOSS,47,9,0.5048,100.0,0.8505008220672607,1.1189230143736901
QM9-gap-45k,GLOSS,47,10,0.5048,100.0,0.8582160472869873,1.1417519317305145
QM9-gap-45k,GLOSS,47,11,0.5048,100.0,0.8713130950927734,1.1518676716978347
QM9-gap-45k,GLOSS,47,12,0.5048,100.0,0.8580489158630371,1.1865347831426
QM9-gap-45k,GLOSS,47,13,0.5048,100.0,0.8730709552764893,1.2168368621828591
QM9-gap-45k,GLOSS,47,14,0.5048,100.0,0.9018969535827637,1.2411726109261167
QM9-gap-45k,GLOSS,47,15,0.5048,100.0,0.905458927154541,1.2261242248259725
QM9-gap-45k,GLOSS,47,16,0.5048,100.0,0.9431188106536865,1.211498623522156
QM9-gap-45k,GLOSS,47,17,0.5048,100.0,0.9604461193084717,1.2012361785248404
QM9-gap-45k,GLOSS,47,18,0.5048,100.0,0.9794900417327881,1.191307660518318
QM9-gap-45k,GLOSS,47,19,0.5048,100.0,1.0059518814086914,1.1803692390558436
QM9-gap-45k,UCB-BO,47,-1,0.2066,35.566119273984434,0.0,0.0
QM9-gap-45k,UCB-BO,47,0,0.2227,39.04494382022472,0.23157978057861328,0.28677063080876347
QM9-gap-45k,UCB-BO,47,1,0.294,54.45116681071737,0.22372913360595703,0.6098953319488138
QM9-gap-45k,UCB-BO,47,2,0.294,54.45116681071737,0.23380112648010254,0.7089298772457733
QM9-gap-45k,UCB-BO,47,3,0.3082,57.519446845289536,0.23855113983154297,0.6908068700747072
QM9-gap-45k,UCB-BO,47,4,0.3129,58.53500432152118,0.24606990814208984,0.9723346647749299
QM9-gap-45k,UCB-BO,47,5,0.3129,58.53500432152118,0.25274014472961426,1.0449112821372604
QM9-gap-45k,UCB-BO,47,6,0.3129,58.53500432152118,0.25710105895996094,1.009407474295144
QM9-gap-45k,UCB-BO,47,7,0.3129,58.53500432152118,0.26203179359436035,0.9619179164310047
QM9-gap-45k,UCB-BO,47,8,0.3129,58.53500432152118,0.2595639228820801,0.926518093968708
QM9-gap-45k,UCB-BO,47,9,0.3344,63.18063958513396,0.2618870735168457,0.9436730728718571
QM9-gap-45k,UCB-BO,47,10,0.3891,75.0,0.2664649486541748,0.9750066181895617
QM9-gap-45k,UCB-BO,47,11,0.3891,75.0,0.27754902839660645,1.032513889432922
QM9-gap-45k,UCB-BO,47,12,0.3891,75.0,0.28450679779052734,1.0446259793804633
QM9-gap-45k,UCB-BO,47,13,0.5048,100.0,0.2933311462402344,1.109378095648222
QM9-gap-45k,UCB-BO,47,14,0.5048,100.0,0.2929401397705078,1.1327972290562986
QM9-gap-45k,UCB-BO,47,15,0.5048,100.0,0.2985541820526123,1.1413578246120575
QM9-gap-45k,UCB-BO,47,16,0.5048,100.0,0.2980220317840576,1.154689686746547
QM9-gap-45k,UCB-BO,47,17,0.5048,100.0,0.3008599281311035,1.1713246200390464
QM9-gap-45k,UCB-BO,47,18,0.5048,100.0,0.30302000045776367,1.1721686683806074
QM9-gap-45k,UCB-BO,47,19,0.5048,100.0,0.30302000045776367,1.173870533432367
QM9-gap-45k,BO(EI),47,-1,0.2066,35.566119273984434,0.0,0.0
QM9-gap-45k,BO(EI),47,0,0.2227,39.04494382022472,0.2129671573638916,0.28677063080876347
QM9-gap-45k,BO(EI),47,1,0.294,54.45116681071737,0.2160661220550537,0.6632629271756835
QM9-gap-45k,BO(EI),47,2,0.294,54.45116681071737,0.22821807861328125,0.7420883363072115
QM9-gap-45k,BO(EI),47,3,0.294,54.45116681071737,0.236037015914917,0.7155774405948103
QM9-gap-45k,BO(EI),47,4,0.2994,55.61797752808989,0.2410261631011963,0.7301108492342173
QM9-gap-45k,BO(EI),47,5,0.2994,55.61797752808989,0.24323391914367676,0.748182067557344
QM9-gap-45k,BO(EI),47,6,0.3291,62.03543647363872,0.25174403190612793,0.7979868474733148
QM9-gap-45k,BO(EI),47,7,0.3291,62.03543647363872,0.26083993911743164,0.8376863450454205
QM9-gap-45k,BO(EI),47,8,0.3345,63.20224719101124,0.2659728527069092,0.8981986417149593
QM9-gap-45k,BO(EI),47,9,0.3345,63.20224719101124,0.27614688873291016,0.8809994016655659
QM9-gap-45k,BO(EI),47,10,0.4128,80.1210025929127,0.2849259376525879,0.8999573922398897
QM9-gap-45k,BO(EI),47,11,0.462,90.75194468452895,0.28162717819213867,0.9451265334928601
QM9-gap-45k,BO(EI),47,12,0.4802,94.68452895419188,0.28581976890563965,0.9794132545194761
QM9-gap-45k,BO(EI),47,13,0.5048,100.0,0.2915000915527344,1.018440348998607
QM9-gap-45k,BO(EI),47,14,0.5048,100.0,0.29163312911987305,1.0591945052932468
QM9-gap-45k,BO(EI),47,15,0.5048,100.0,0.2860291004180908,1.0565069636545867
QM9-gap-45k,BO(EI),47,16,0.5048,100.0,0.29940295219421387,1.0742576736425185
QM9-gap-45k,BO(EI),47,17,0.5048,100.0,0.3030097484588623,1.080301177439149
QM9-gap-45k,BO(EI),47,18,0.5048,100.0,0.3096330165863037,1.071351221763272
QM9-gap-45k,BO(EI),47,19,0.5048,100.0,0.3180580139160156,1.063816495695073
QM9-gap-45k,GA,47,-1,0.2066,35.566119273984434,0.0,0.0
QM9-gap-45k,GA,47,0,0.2792,51.25324114088159,0.28199315071105957,1.137459713214738
QM9-gap-45k,GA,47,1,0.3577,68.21521175453759,0.2943880558013916,1.1327112765189782
QM9-gap-45k,GA,47,2,0.3577,68.21521175453759,0.30786585807800293,1.1346212697360245
QM9-gap-45k,GA,47,3,0.3577,68.21521175453759,0.3136403560638428,1.1035903872700503
QM9-gap-45k,GA,47,4,0.3577,68.21521175453759,0.32239484786987305,1.087085262408988
QM9-gap-45k,GA,47,5,0.3577,68.21521175453759,0.3280060291290283,1.053332966148211
QM9-gap-45k,GA,47,6,0.3577,68.21521175453759,0.3319978713989258,1.0279428900919867
QM9-gap-45k,GA,47,7,0.4298,83.7942955920484,0.350006103515625,1.0271020085466607
QM9-gap-45k,GA,47,8,0.4298,83.7942955920484,0.35573673248291016,1.0132100360579441
QM9-gap-45k,GA,47,9,0.4298,83.7942955920484,0.3570737838745117,0.9906551948312006
QM9-gap-45k,GA,47,10,0.4298,83.7942955920484,0.35950517654418945,0.982319981668579
QM9-gap-45k,GA,47,11,0.4298,83.7942955920484,0.36981701850891113,0.9729968168751075
QM9-gap-45k,GA,47,12,0.4298,83.7942955920484,0.38431811332702637,0.9620309401242528
QM9-gap-45k,GA,47,13,0.4298,83.7942955920484,0.3718910217285156,0.9653900125361248
QM9-gap-45k,GA,47,14,0.4298,83.7942955920484,0.37190675735473633,0.9567024778808955
QM9-gap-45k,GA,47,15,0.4298,83.7942955920484,0.3788168430328369,0.9506372433245693
QM9-gap-45k,GA,47,16,0.4298,83.7942955920484,0.38588595390319824,0.9465194647865415
QM9-gap-45k,GA,47,17,0.4298,83.7942955920484,0.39055299758911133,0.945772827179632
QM9-gap-45k,GA,47,18,0.4298,83.7942955920484,0.3915839195251465,0.9522445771325626
QM9-gap-45k,GA,47,19,0.4298,83.7942955920484,0.39539504051208496,0.9514776311179641
QM9-gap-45k,Random,47,-1,0.2066,35.566119273984434,0.0,0.0
QM9-gap-45k,Random,47,0,0.4117,79.88331892826275,0.11015725135803223,0.9974197949352318
QM9-gap-45k,Random,47,1,0.4117,79.88331892826275,0.1117851734161377,1.0030904073091906
QM9-gap-45k,Random,47,2,0.4117,79.88331892826275,0.11240887641906738,0.9557130402378873
QM9-gap-45k,Random,47,3,0.4117,79.88331892826275,0.11418700218200684,0.9487007831051678
QM9-gap-45k,Random,47,4,0.4117,79.88331892826275,0.11555814743041992,0.9585047587034586
QM9-gap-45k,Random,47,5,0.4117,79.88331892826275,0.11968016624450684,0.9399581054099251
QM9-gap-45k,Random,47,6,0.4117,79.88331892826275,0.11900687217712402,0.9360058697957876
QM9-gap-45k,Random,47,7,0.4117,79.88331892826275,0.1222689151763916,0.9387642085820589
QM9-gap-45k,Random,47,8,0.4117,79.88331892826275,0.12683582305908203,0.9108406123176047
QM9-gap-45k,Random,47,9,0.4117,79.88331892826275,0.12630009651184082,0.899955579686303
QM9-gap-45k,Random,47,10,0.4117,79.88331892826275,0.1284501552581787,0.8959960653959457
QM9-gap-45k,Random,47,11,0.4117,79.88331892826275,0.13135480880737305,0.9034394877693841
QM9-gap-45k,Random,47,12,0.4117,79.88331892826275,0.13252496719360352,0.9170750118114385
QM9-gap-45k,Random,47,13,0.4117,79.88331892826275,0.13425111770629883,0.9078291230436816
QM9-gap-45k,Random,47,14,0.4117,79.88331892826275,0.13674688339233398,0.9135325405687948
QM9-gap-45k,Random,47,15,0.4117,79.88331892826275,0.13956117630004883,0.9174180484717658
QM9-gap-45k,Random,47,16,0.4117,79.88331892826275,0.14139604568481445,0.9068009585970505
QM9-gap-45k,Random,47,17,0.4117,79.88331892826275,0.1444869041442871,0.9111399863821681
QM9-gap-45k,Random,47,18,0.4117,79.88331892826275,0.14602899551391602,0.9229477107576278
QM9-gap-45k,Random,47,19,0.4117,79.88331892826275,0.14826202392578125,0.935727067430996
QM9-gap-45k,GLOSS,53,-1,0.2077,35.80380293863439,0.0,0.0
QM9-gap-45k,GLOSS,53,0,0.2423,43.2800345721694,0.7139408588409424,0.688007338665439
QM9-gap-45k,GLOSS,53,1,0.2426,43.344857389801206,0.7415139675140381,0.8275208966125434
QM9-gap-45k,GLOSS,53,2,0.2482,44.554883318928255,0.7677469253540039,0.7780545292464018
QM9-gap-45k,GLOSS,53,3,0.3249,61.12791702679343,0.7857117652893066,0.8439187641005271
QM9-gap-45k,GLOSS,53,4,0.3249,61.12791702679343,0.7671840190887451,1.0007000405083488
QM9-gap-45k,GLOSS,53,5,0.462,90.75194468452895,0.8059651851654053,1.1035017727529146
QM9-gap-45k,GLOSS,53,6,0.462,90.75194468452895,0.7755482196807861,1.3308747250890955
QM9-gap-45k,GLOSS,53,7,0.4802,94.68452895419188,0.8222041130065918,1.4106789971616143
QM9-gap-45k,GLOSS,53,8,0.5048,100.0,0.8581922054290771,1.502889825172359
QM9-gap-45k,GLOSS,53,9,0.5048,100.0,0.875648021697998,1.5649401230571665
QM9-gap-45k,GLOSS,53,10,0.5048,100.0,0.8771870136260986,1.546290460776088
QM9-gap-45k,GLOSS,53,11,0.5048,100.0,0.8611090183258057,1.5299068560465297
QM9-gap-45k,GLOSS,53,12,0.5048,100.0,0.8832817077636719,1.548045285162696
QM9-gap-45k,GLOSS,53,13,0.5048,100.0,0.9216639995574951,1.553268232500445
QM9-gap-45k,GLOSS,53,14,0.5048,100.0,0.9478330612182617,1.5463129981689065
QM9-gap-45k,GLOSS,53,15,0.5048,100.0,0.9691870212554932,1.532531523847477
QM9-gap-45k,GLOSS,53,16,0.5048,100.0,0.9759232997894287,1.5219172838182267
QM9-gap-45k,GLOSS,53,17,0.5048,100.0,0.9713437557220459,1.500940439570265
QM9-gap-45k,GLOSS,53,18,0.5048,100.0,1.2101447582244873,1.4829669788676498
QM9-gap-45k,GLOSS,53,19,0.5048,100.0,1.0148022174835205,1.4690423694200945
QM9-gap-45k,UCB-BO,53,-1,0.2077,35.80380293863439,0.0,0.0
QM9-gap-45k,UCB-BO,53,0,0.2573,46.52117545375971,0.2154231071472168,0.42061395613833913
QM9-gap-45k,UCB-BO,53,1,0.2573,46.52117545375971,0.21995019912719727,0.6640612965262888
QM9-gap-45k,UCB-BO,53,2,0.2704,49.35177182368192,0.23200392723083496,0.8541213171780901
QM9-gap-45k,UCB-BO,53,3,0.2704,49.35177182368192,0.2484569549560547,0.9440570313430426
QM9-gap-45k,UCB-BO,53,4,0.2704,49.35177182368192,0.23697209358215332,0.9682221602721698
QM9-gap-45k,UCB-BO,53,5,0.2762,50.60501296456352,0.24194693565368652,0.9744800011771002
QM9-gap-45k,UCB-BO,53,6,0.2836,52.20397579948142,0.2452712059020996,0.9913822391585894
QM9-gap-45k,UCB-BO,53,7,0.2844,52.376836646499555,0.25667309761047363,1.0356010692667827
QM9-gap-45k,UCB-BO,53,8,0.354,67.41573033707866,0.25853991508483887,1.118618832068528
QM9-gap-45k,UCB-BO,53,9,0.3582,68.32324978392394,0.26204419136047363,1.2057266070861987
QM9-gap-45k,UCB-BO,53,10,0.3594,68.58254105445116,0.2671229839324951,1.2400972716591083
QM9-gap-45k,UCB-BO,53,11,0.3594,68.58254105445116,0.2749519348144531,1.24186827084725
QM9-gap-45k,UCB-BO,53,12,0.3594,68.58254105445116,0.28173112869262695,1.251636202038612
QM9-gap-45k,UCB-BO,53,13,0.3707,71.02420051858253,0.2834959030151367,1.2594342386632926
QM9-gap-45k,UCB-BO,53,14,0.3795,72.92566983578219,0.28735899925231934,1.2595912945766563
QM9-gap-45k,UCB-BO,53,15,0.3795,72.92566983578219,0.2920260429382324,1.252794106923365
QM9-gap-45k,UCB-BO,53,16,0.3809,73.22817631806396,0.2857999801635742,1.242662933046166
QM9-gap-45k,UCB-BO,53,17,0.3809,73.22817631806396,0.2939269542694092,1.2340136484885722
QM9-gap-45k,UCB-BO,53,18,0.3809,73.22817631806396,0.29989194869995117,1.2251914146859413
QM9-gap-45k,UCB-BO,53,19,0.4128,80.1210025929127,0.3063201904296875,1.2248950794920015
QM9-gap-45k,BO(EI),53,-1,0.2077,35.80380293863439,0.0,0.0
QM9-gap-45k,BO(EI),53,0,0.2573,46.52117545375971,0.21562504768371582,0.44132026566581734
QM9-gap-45k,BO(EI),53,1,0.2573,46.52117545375971,0.22404193878173828,0.5950055606400805
QM9-gap-45k,BO(EI),53,2,0.3521,67.00518582541055,0.22995424270629883,0.9175510460387549
QM9-gap-45k,BO(EI),53,3,0.418,81.24459809853067,0.23781609535217285,1.2043119161801956
QM9-gap-45k,BO(EI),53,4,0.418,81.24459809853067,0.2533249855041504,1.2986251971004357
QM9-gap-45k,BO(EI),53,5,0.418,81.24459809853067,0.2543480396270752,1.3389651813072811
QM9-gap-45k,BO(EI),53,6,0.462,90.75194468452895,0.2562408447265625,1.32537896876316
QM9-gap-45k,BO(EI),53,7,0.4802,94.68452895419188,0.26969003677368164,1.3420022069546842
QM9-gap-45k,BO(EI),53,8,0.4802,94.68452895419188,0.2749190330505371,1.3638574476265317
QM9-gap-45k,BO(EI),53,9,0.4802,94.68452895419188,0.26833009719848633,1.361526875453083
QM9-gap-45k,BO(EI),53,10,0.4802,94.68452895419188,0.2743496894836426,1.3620125390907651
QM9-gap-45k,BO(EI),53,11,0.4802,94.68452895419188,0.283217191696167,1.3812205086279299
QM9-gap-45k,BO(EI),53,12,0.4802,94.68452895419188,0.2794642448425293,1.3540749552121085
QM9-gap-45k,BO(EI),53,13,0.5048,100.0,0.2857670783996582,1.3874161231009101
QM9-gap-45k,BO(EI),53,14,0.5048,100.0,0.288654088973999,1.3906110728747656
QM9-gap-45k,BO(EI),53,15,0.5048,100.0,0.2921628952026367,1.3746193086781764
QM9-gap-45k,BO(EI),53,16,0.5048,100.0,0.29560089111328125,1.3615125342578023
QM9-gap-45k,BO(EI),53,17,0.5048,100.0,0.30283093452453613,1.3555522905235093
QM9-gap-45k,BO(EI),53,18,0.5048,100.0,0.307636022567749,1.3388080525652484
QM9-gap-45k,BO(EI),53,19,0.5048,100.0,0.31342482566833496,1.333808795748819
QM9-gap-45k,GA,53,-1,0.2077,35.80380293863439,0.0,0.0
QM9-gap-45k,GA,53,0,0.2692,49.09248055315471,0.2919621467590332,0.8301219801057517
QM9-gap-45k,GA,53,1,0.3417,64.7579948141746,0.3068809509277344,0.9130968877705133
QM9-gap-45k,GA,53,2,0.3696,70.78651685393258,0.31644511222839355,0.9455018869455715
QM9-gap-45k,GA,53,3,0.3696,70.78651685393258,0.3224668502807617,0.908551737290291
QM9-gap-45k,GA,53,4,0.3696,70.78651685393258,0.3301429748535156,0.8952644063639695
QM9-gap-45k,GA,53,5,0.3696,70.78651685393258,0.3358619213104248,0.8474255815350001
QM9-gap-45k,GA,53,6,0.3696,70.78651685393258,0.34606480598449707,0.8159067174645213
QM9-gap-45k,GA,53,7,0.3696,70.78651685393258,0.34558987617492676,0.7995226161114466
QM9-gap-45k,GA,53,8,0.3696,70.78651685393258,0.3579418659210205,0.8031980097483105
QM9-gap-45k,GA,53,9,0.3696,70.78651685393258,0.3727231025695801,0.7778709995143241
QM9-gap-45k,GA,53,10,0.3696,70.78651685393258,0.37026405334472656,0.7751948346587458
QM9-gap-45k,GA,53,11,0.3696,70.78651685393258,0.3724100589752197,0.751751952325852
QM9-gap-45k,GA,53,12,0.3696,70.78651685393258,0.37324976921081543,0.7402375380264772
QM9-gap-45k,GA,53,13,0.3696,70.78651685393258,0.37670087814331055,0.7379965099003504
QM9-gap-45k,GA,53,14,0.3734,71.6076058772688,0.38987207412719727,0.7400461844779633
QM9-gap-45k,GA,53,15,0.3734,71.6076058772688,0.3681919574737549,0.7312770556674008
QM9-gap-45k,GA,53,16,0.3734,71.6076058772688,0.3861112594604492,0.728462358654543
QM9-gap-45k,GA,53,17,0.3734,71.6076058772688,0.39038896560668945,0.7163457463040932
QM9-gap-45k,GA,53,18,0.3734,71.6076058772688,0.3982529640197754,0.7242558391338654
QM9-gap-45k,GA,53,19,0.3734,71.6076058772688,0.38588404655456543,0.7115158235081364
QM9-gap-45k,Random,53,-1,0.2077,35.80380293863439,0.0,0.0
QM9-gap-45k,Random,53,0,0.3144,58.859118409680214,0.11064481735229492,0.6261062306928252
QM9-gap-45k,Random,53,1,0.3145,58.88072601555747,0.1089010238647461,0.7830446978709008
QM9-gap-45k,Random,53,2,0.3145,58.88072601555747,0.1120600700378418,0.8956393325572084
QM9-gap-45k,Random,53,3,0.3145,58.88072601555747,0.11386919021606445,0.9880484925797008
QM9-gap-45k,Random,53,4,0.3145,58.88072601555747,0.1167449951171875,0.9721497404782468
QM9-gap-45k,Random,53,5,0.3189,59.8314606741573,0.12013077735900879,0.9875586910205124
QM9-gap-45k,Random,53,6,0.3189,59.8314606741573,0.12453889846801758,1.0060693663572104
QM9-gap-45k,Random,53,7,0.3189,59.8314606741573,0.12418317794799805,0.9856676529409665
QM9-gap-45k,Random,53,8,0.3189,59.8314606741573,0.1261301040649414,0.983542885881805
QM9-gap-45k,Random,53,9,0.3189,59.8314606741573,0.1260993480682373,0.9690067871635375
QM9-gap-45k,Random,53,10,0.3219,60.47968885047537,0.12664508819580078,0.9657870821807256
QM9-gap-45k,Random,53,11,0.3651,69.81417458945548,0.1288318634033203,0.959279702584495
QM9-gap-45k,Random,53,12,0.3651,69.81417458945548,0.12997102737426758,0.9560522237837304
QM9-gap-45k,Random,53,13,0.3651,69.81417458945548,0.13389992713928223,0.964061525056269
QM9-gap-45k,Random,53,14,0.3651,69.81417458945548,0.1377429962158203,0.9526739208026198
QM9-gap-45k,Random,53,15,0.3651,69.81417458945548,0.16290998458862305,0.9508062716166886
QM9-gap-45k,Random,53,16,0.3651,69.81417458945548,0.14696192741394043,0.9394485470292857
QM9-gap-45k,Random,53,17,0.3651,69.81417458945548,0.15025806427001953,0.9426802014486237
QM9-gap-45k,Random,53,18,0.3651,69.81417458945548,0.15135884284973145,0.9386271616157457
QM9-gap-45k,Random,53,19,0.3651,69.81417458945548,0.15222406387329102,0.9480946409908106
QM9-gap-45k,GLOSS,59,-1,0.2082,35.911840968020734,0.0,0.0
QM9-gap-45k,GLOSS,59,0,0.3205,60.177182368193606,1.0441560745239258,0.6145753861841345
QM9-gap-45k,GLOSS,59,1,0.4128,80.1210025929127,1.000532865524292,0.9298852485195775
QM9-gap-45k,GLOSS,59,2,0.4802,94.68452895419188,0.8669140338897705,1.0297551873683493
QM9-gap-45k,GLOSS,59,3,0.4802,94.68452895419188,0.8120951652526855,1.2307225323961415
QM9-gap-45k,GLOSS,59,4,0.4802,94.68452895419188,0.8659536838531494,1.198638004003846
QM9-gap-45k,GLOSS,59,5,0.4802,94.68452895419188,0.874258279800415,1.186328750381872
QM9-gap-45k,GLOSS,59,6,0.5048,100.0,0.8541388511657715,1.2068251933932028
QM9-gap-45k,GLOSS,59,7,0.5048,100.0,0.8797450065612793,1.2084330305940805
QM9-gap-45k,GLOSS,59,8,0.5048,100.0,0.8875148296356201,1.2007523781176634
QM9-gap-45k,GLOSS,59,9,0.5048,100.0,0.9153759479522705,1.1794886157479687
QM9-gap-45k,GLOSS,59,10,0.5048,100.0,0.9201641082763672,1.1734359828021763
QM9-gap-45k,GLOSS,59,11,0.5048,100.0,0.912520170211792,1.1914223878483963
QM9-gap-45k,GLOSS,59,12,0.5048,100.0,0.941802978515625,1.1961791288069488
QM9-gap-45k,GLOSS,59,13,0.5048,100.0,0.9548361301422119,1.1790439102144534
QM9-gap-45k,GLOSS,59,14,0.5048,100.0,0.9736409187316895,1.1743282037745246
QM9-gap-45k,GLOSS,59,15,0.5048,100.0,0.9718680381774902,1.174838871113685
QM9-gap-45k,GLOSS,59,16,0.5048,100.0,1.006742000579834,1.163758009399437
QM9-gap-45k,GLOSS,59,17,0.5048,100.0,1.0330569744110107,1.1685432134974147
QM9-gap-45k,GLOSS,59,18,0.5048,100.0,1.0126311779022217,1.1774969622699816
QM9-gap-45k,GLOSS,59,19,0.5048,100.0,1.0476140975952148,1.1722141535348591
QM9-gap-45k,UCB-BO,59,-1,0.2082,35.911840968020734,0.0,0.0
QM9-gap-45k,UCB-BO,59,0,0.256,46.240276577355225,0.22573280334472656,0.21698812298818054
QM9-gap-45k,UCB-BO,59,1,0.2842,52.33362143474503,0.23305392265319824,0.6917552052569998
QM9-gap-45k,UCB-BO,59,2,0.2842,52.33362143474503,0.23234200477600098,0.716633228151634
QM9-gap-45k,UCB-BO,59,3,0.3034,56.482281763180644,0.23785781860351562,0.9261408114971651
QM9-gap-45k,UCB-BO,59,4,0.3439,65.2333621434745,0.24122190475463867,1.096733162132457
QM9-gap-45k,UCB-BO,59,5,0.3824,73.55229040622298,0.24907302856445312,1.3013194457444823
QM9-gap-45k,UCB-BO,59,6,0.3824,73.55229040622298,0.2531006336212158,1.4074315271943052
QM9-gap-45k,UCB-BO,59,7,0.4128,80.1210025929127,0.26134800910949707,1.4095737066415053
QM9-gap-45k,UCB-BO,59,8,0.4128,80.1210025929127,0.2646758556365967,1.3828969255005727
QM9-gap-45k,UCB-BO,59,9,0.4128,80.1210025929127,0.2634291648864746,1.3432200243519732
QM9-gap-45k,UCB-BO,59,10,0.4128,80.1210025929127,0.27651309967041016,1.3015185477202604
QM9-gap-45k,UCB-BO,59,11,0.4128,80.1210025929127,0.2884511947631836,1.2942932100342894
QM9-gap-45k,UCB-BO,59,12,0.4128,80.1210025929127,0.29076099395751953,1.3214873522523845
QM9-gap-45k,UCB-BO,59,13,0.462,90.75194468452895,0.3031749725341797,1.2946230303228676
QM9-gap-45k,UCB-BO,59,14,0.4802,94.68452895419188,0.2994389533996582,1.3032468179145018
QM9-gap-45k,UCB-BO,59,15,0.4802,94.68452895419188,0.30338478088378906,1.293795774848542
QM9-gap-45k,UCB-BO,59,16,0.4802,94.68452895419188,0.31477808952331543,1.2825875621750569
QM9-gap-45k,UCB-BO,59,17,0.4802,94.68452895419188,0.3184239864349365,1.2702907945565498
QM9-gap-45k,UCB-BO,59,18,0.5048,100.0,0.3003709316253662,1.270452275445017
QM9-gap-45k,UCB-BO,59,19,0.5048,100.0,0.3034019470214844,1.281142945364793
QM9-gap-45k,BO(EI),59,-1,0.2082,35.911840968020734,0.0,0.0
QM9-gap-45k,BO(EI),59,0,0.2636,47.88245462402765,0.2179548740386963,0.5260433456369047
QM9-gap-45k,BO(EI),59,1,0.2774,50.86430423509074,0.23023414611816406,0.5912351153271286
QM9-gap-45k,BO(EI),59,2,0.2774,50.86430423509074,0.22838687896728516,0.6318508906473346
QM9-gap-45k,BO(EI),59,3,0.2774,50.86430423509074,0.23505806922912598,0.6149833487292141
QM9-gap-45k,BO(EI),59,4,0.2774,50.86430423509074,0.24219274520874023,0.6468646326293204
QM9-gap-45k,BO(EI),59,5,0.2774,50.86430423509074,0.26801085472106934,0.6287587441205464
QM9-gap-45k,BO(EI),59,6,0.287,52.93863439930855,0.2675509452819824,0.6077525321878796
QM9-gap-45k,BO(EI),59,7,0.3028,56.35263612791703,0.2529261112213135,0.5889808450307328
QM9-gap-45k,BO(EI),59,8,0.3028,56.35263612791703,0.2599680423736572,0.586443608250694
QM9-gap-45k,BO(EI),59,9,0.3028,56.35263612791703,0.2717552185058594,0.6507498890545123
QM9-gap-45k,BO(EI),59,10,0.3143,58.83751080380294,0.2759270668029785,0.6392287328229646
QM9-gap-45k,BO(EI),59,11,0.3291,62.03543647363872,0.28027820587158203,0.6255635683079798
QM9-gap-45k,BO(EI),59,12,0.338,63.958513396715645,0.2805469036102295,0.6697243390368921
QM9-gap-45k,BO(EI),59,13,0.338,63.958513396715645,0.294666051864624,0.7237004701126574
QM9-gap-45k,BO(EI),59,14,0.338,63.958513396715645,0.2968730926513672,0.7453154147375901
QM9-gap-45k,BO(EI),59,15,0.338,63.958513396715645,0.2911107540130615,0.7627132038506395
QM9-gap-45k,BO(EI),59,16,0.338,63.958513396715645,0.294003963470459,0.7779783921151493
QM9-gap-45k,BO(EI),59,17,0.338,63.958513396715645,0.29967308044433594,0.7804451350086045
QM9-gap-45k,BO(EI),59,18,0.338,63.958513396715645,0.2959160804748535,0.7952453379365075
QM9-gap-45k,BO(EI),59,19,0.338,63.958513396715645,0.30785608291625977,0.810981135933784
QM9-gap-45k,GA,59,-1,0.2082,35.911840968020734,0.0,0.0
QM9-gap-45k,GA,59,0,0.2946,54.580812445980975,0.2948179244995117,0.8421048042925243
QM9-gap-45k,GA,59,1,0.2946,54.580812445980975,0.30916309356689453,0.9570728372125075
QM9-gap-45k,GA,59,2,0.3423,64.8876404494382,0.3211987018585205,0.9505764709901399
QM9-gap-45k,GA,59,3,0.3424,64.90924805531546,0.33169007301330566,0.9740437815350199
QM9-gap-45k,GA,59,4,0.345,65.47104580812444,0.35036373138427734,0.9737592536716437
QM9-gap-45k,GA,59,5,0.345,65.47104580812444,0.36427927017211914,0.9572136433510939
QM9-gap-45k,GA,59,6,0.5048,100.0,0.37265801429748535,1.0076256786672275
QM9-gap-45k,GA,59,7,0.5048,100.0,0.37668466567993164,0.9803858285301358
QM9-gap-45k,GA,59,8,0.5048,100.0,0.38337206840515137,0.95724099209756
QM9-gap-45k,GA,59,9,0.5048,100.0,0.37758708000183105,0.9401951139159959
QM9-gap-45k,GA,59,10,0.5048,100.0,0.38101911544799805,0.9275464801076081
QM9-gap-45k,GA,59,11,0.5048,100.0,0.3838930130004883,0.9347847846342203
QM9-gap-45k,GA,59,12,0.5048,100.0,0.38541698455810547,0.9332196941781656
QM9-gap-45k,GA,59,13,0.5048,100.0,0.3914477825164795,0.92128246801086
QM9-gap-45k,GA,59,14,0.5048,100.0,0.4113352298736572,0.9185997428090192
QM9-gap-45k,GA,59,15,0.5048,100.0,0.4099698066711426,0.9059203841914217
QM9-gap-45k,GA,59,16,0.5048,100.0,0.4014899730682373,0.8941562826257589
QM9-gap-45k,GA,59,17,0.5048,100.0,0.4181969165802002,0.8946807162139762
QM9-gap-45k,GA,59,18,0.5048,100.0,0.42624521255493164,0.8878439842168757
QM9-gap-45k,GA,59,19,0.5048,100.0,0.416121244430542,0.8894688646648284
QM9-gap-45k,Random,59,-1,0.2082,35.911840968020734,0.0,0.0
QM9-gap-45k,Random,59,0,0.2458,44.036300777873805,0.1092989444732666,0.8341732359314242
QM9-gap-45k,Random,59,1,0.2949,54.64563526361279,0.11119198799133301,0.7638121426879757
QM9-gap-45k,Random,59,2,0.327,61.581676750216076,0.11088085174560547,0.7936073111843164
QM9-gap-45k,Random,59,3,0.327,61.581676750216076,0.11423182487487793,0.752229864946119
QM9-gap-45k,Random,59,4,0.327,61.581676750216076,0.1140589714050293,0.8146008438610995
QM9-gap-45k,Random,59,5,0.327,61.581676750216076,0.11693477630615234,0.7981549286986686
QM9-gap-45k,Random,59,6,0.327,61.581676750216076,0.1183171272277832,0.8115748527396127
QM9-gap-45k,Random,59,7,0.327,61.581676750216076,0.12270402908325195,0.8376923593927085
QM9-gap-45k,Random,59,8,0.327,61.581676750216076,0.12831902503967285,0.8276583788664699
QM9-gap-45k,Random,59,9,0.327,61.581676750216076,0.12705278396606445,0.8302378415863012
QM9-gap-45k,Random,59,10,0.327,61.581676750216076,0.12785077095031738,0.8250410431907036
QM9-gap-45k,Random,59,11,0.327,61.581676750216076,0.1284949779510498,0.8441497625100106
QM9-gap-45k,Random,59,12,0.327,61.581676750216076,0.13169217109680176,0.8519134404798253
QM9-gap-45k,Random,59,13,0.327,61.581676750216076,0.13448810577392578,0.8640651455514846
QM9-gap-45k,Random,59,14,0.3413,64.67156439066551,0.13934898376464844,0.863837193288243
QM9-gap-45k,Random,59,15,0.3413,64.67156439066551,0.14226913452148438,0.8690295997931391
QM9-gap-45k,Random,59,16,0.3413,64.67156439066551,0.14532923698425293,0.8714645817675741
QM9-gap-45k,Random,59,17,0.3413,64.67156439066551,0.14653372764587402,0.8588343565486558
QM9-gap-45k,Random,59,18,0.3413,64.67156439066551,0.1677260398864746,0.8554928651125335
QM9-gap-45k,Random,59,19,0.3413,64.67156439066551,0.15645408630371094,0.8548306716165965
QM9-gap-45k,GLOSS,61,-1,0.2051,35.242005185825406,0.0,0.0
QM9-gap-45k,GLOSS,61,0,0.2494,44.81417458945548,0.8549129962921143,0.673093919796482
QM9-gap-45k,GLOSS,61,1,0.3734,71.6076058772688,0.8149199485778809,0.7960343962984834
QM9-gap-45k,GLOSS,61,2,0.3891,75.0,0.8190929889678955,1.0232681403507686
QM9-gap-45k,GLOSS,61,3,0.3891,75.0,0.8466761112213135,1.049881979067958
QM9-gap-45k,GLOSS,61,4,0.5048,100.0,0.7911827564239502,1.1487988821974326
QM9-gap-45k,GLOSS,61,5,0.5048,100.0,0.8125870227813721,1.1506225368951208
QM9-gap-45k,GLOSS,61,6,0.5048,100.0,0.8626587390899658,1.1542638127936622
QM9-gap-45k,GLOSS,61,7,0.5048,100.0,0.838547945022583,1.1860593547075062
QM9-gap-45k,GLOSS,61,8,0.5048,100.0,0.8815319538116455,1.2426004714223384
QM9-gap-45k,GLOSS,61,9,0.5048,100.0,0.889484167098999,1.2395074110096072
QM9-gap-45k,GLOSS,61,10,0.5048,100.0,0.8844130039215088,1.2233537267793784
QM9-gap-45k,GLOSS,61,11,0.5048,100.0,0.9066970348358154,1.2074896325558269
QM9-gap-45k,GLOSS,61,12,0.5048,100.0,0.9063339233398438,1.227777752769759
QM9-gap-45k,GLOSS,61,13,0.5048,100.0,0.956960916519165,1.2159290622919916
QM9-gap-45k,GLOSS,61,14,0.5048,100.0,0.9095211029052734,1.211501771481218
QM9-gap-45k,GLOSS,61,15,0.5048,100.0,1.006781816482544,1.199244073483574
QM9-gap-45k,GLOSS,61,16,0.5048,100.0,0.9578020572662354,1.2000771825278649
QM9-gap-45k,GLOSS,61,17,0.5048,100.0,1.0107288360595703,1.1934391012912808
QM9-gap-45k,GLOSS,61,18,0.5048,100.0,0.9962952136993408,1.1813544168860757
QM9-gap-45k,GLOSS,61,19,0.5048,100.0,0.9972360134124756,1.1718666849284782
QM9-gap-45k,UCB-BO,61,-1,0.2051,35.242005185825406,0.0,0.0
QM9-gap-45k,UCB-BO,61,0,0.2484,44.5980985306828,0.21864867210388184,0.1854231866410594
QM9-gap-45k,UCB-BO,61,1,0.2579,46.65082108902333,0.23138809204101562,0.43546670642114815
QM9-gap-45k,UCB-BO,61,2,0.2713,49.54624027657735,0.2331399917602539,0.5862667938045959
QM9-gap-45k,UCB-BO,61,3,0.2785,51.101987899740706,0.24577879905700684,0.6250904476341556
QM9-gap-45k,UCB-BO,61,4,0.3046,56.74157303370786,0.25970005989074707,0.7194195527728758
QM9-gap-45k,UCB-BO,61,5,0.3046,56.74157303370786,0.26344776153564453,0.7551606651086578
QM9-gap-45k,UCB-BO,61,6,0.3138,58.7294727744166,0.2703361511230469,0.755681660799523
QM9-gap-45k,UCB-BO,61,7,0.3138,58.7294727744166,0.2751462459564209,0.7675414472186365
QM9-gap-45k,UCB-BO,61,8,0.4298,83.7942955920484,0.27204298973083496,0.8702314983623007
QM9-gap-45k,UCB-BO,61,9,0.4298,83.7942955920484,0.27251482009887695,0.9361827480193197
QM9-gap-45k,UCB-BO,61,10,0.4298,83.7942955920484,0.2719230651855469,1.0278940701243182
QM9-gap-45k,UCB-BO,61,11,0.4802,94.68452895419188,0.29399609565734863,1.0562822847589224
QM9-gap-45k,UCB-BO,61,12,0.4802,94.68452895419188,0.3033730983734131,1.0931595003275212
QM9-gap-45k,UCB-BO,61,13,0.4802,94.68452895419188,0.31321120262145996,1.123310129314089
QM9-gap-45k,UCB-BO,61,14,0.4802,94.68452895419188,0.296550989151001,1.1238181392654558
QM9-gap-45k,UCB-BO,61,15,0.4802,94.68452895419188,0.30196404457092285,1.1337609088479772
QM9-gap-45k,UCB-BO,61,16,0.4802,94.68452895419188,0.313427209854126,1.1171859543142746
QM9-gap-45k,UCB-BO,61,17,0.5048,100.0,0.31432390213012695,1.1471813481764475
QM9-gap-45k,UCB-BO,61,18,0.5048,100.0,0.3097658157348633,1.1383373489661373
QM9-gap-45k,UCB-BO,61,19,0.5048,100.0,0.3114659786224365,1.1427136315610673
QM9-gap-45k,BO(EI),61,-1,0.2051,35.242005185825406,0.0,0.0
QM9-gap-45k,BO(EI),61,0,0.3227,60.652549697493505,0.21422100067138672,0.5658974675129638
QM9-gap-45k,BO(EI),61,1,0.3227,60.652549697493505,0.2491440773010254,0.5251314913285356
QM9-gap-45k,BO(EI),61,2,0.3381,63.98012100259292,0.26325511932373047,0.5395825099145671
QM9-gap-45k,BO(EI),61,3,0.3551,67.6534140017286,0.25908470153808594,0.6687281456521211
QM9-gap-45k,BO(EI),61,4,0.3922,75.66983578219532,0.2623100280761719,0.8038094696870139
QM9-gap-45k,BO(EI),61,5,0.3922,75.66983578219532,0.2803671360015869,0.8562889945567583
QM9-gap-45k,BO(EI),61,6,0.5048,100.0,0.281735897064209,0.972130884622417
QM9-gap-45k,BO(EI),61,7,0.5048,100.0,0.28052806854248047,1.0370437848271232
QM9-gap-45k,BO(EI),61,8,0.5048,100.0,0.291917085647583,1.061701844423925
QM9-gap-45k,BO(EI),61,9,0.5048,100.0,0.2919909954071045,1.124683394839613
QM9-gap-45k,BO(EI),61,10,0.5048,100.0,0.29396677017211914,1.147566418126421
QM9-gap-45k,BO(EI),61,11,0.5048,100.0,0.2917478084564209,1.1227902803152288
QM9-gap-45k,BO(EI),61,12,0.5048,100.0,0.288956880569458,1.1515935301342495
QM9-gap-45k,BO(EI),61,13,0.5048,100.0,0.3083040714263916,1.1503750913998743
QM9-gap-45k,BO(EI),61,14,0.5048,100.0,0.31012606620788574,1.153178950791772
QM9-gap-45k,BO(EI),61,15,0.5048,100.0,0.3213639259338379,1.1334467413697513
QM9-gap-45k,BO(EI),61,16,0.5048,100.0,0.32386088371276855,1.1264980448040767
QM9-gap-45k,BO(EI),61,17,0.5048,100.0,0.32212018966674805,1.1270715669474243
QM9-gap-45k,BO(EI),61,18,0.5048,100.0,0.3273451328277588,1.156450511719929
QM9-gap-45k,BO(EI),61,19,0.5048,100.0,0.338364839553833,1.1549837927383058
QM9-gap-45k,GA,61,-1,0.2051,35.242005185825406,0.0,0.0
QM9-gap-45k,GA,61,0,0.3755,72.06136560069145,0.3005838394165039,0.8782223009903961
QM9-gap-45k,GA,61,1,0.3755,72.06136560069145,0.3247072696685791,1.009535413686435
QM9-gap-45k,GA,61,2,0.3755,72.06136560069145,0.3352341651916504,0.9640132127536581
QM9-gap-45k,GA,61,3,0.3755,72.06136560069145,0.3374667167663574,0.8933225753608833
QM9-gap-45k,GA,61,4,0.3755,72.06136560069145,0.34334707260131836,0.8879999072086472
QM9-gap-45k,GA,61,5,0.3755,72.06136560069145,0.340374231338501,0.8525481639216239
QM9-gap-45k,GA,61,6,0.3755,72.06136560069145,0.3450191020965576,0.8664729572941482
QM9-gap-45k,GA,61,7,0.3755,72.06136560069145,0.35692691802978516,0.8507965859796114
QM9-gap-45k,GA,61,8,0.3755,72.06136560069145,0.3643200397491455,0.8478633979655067
QM9-gap-45k,GA,61,9,0.3755,72.06136560069145,0.3765420913696289,0.8368245737812048
QM9-gap-45k,GA,61,10,0.3755,72.06136560069145,0.37716197967529297,0.8326470754631546
QM9-gap-45k,GA,61,11,0.3755,72.06136560069145,0.3809638023376465,0.8195414760364104
QM9-gap-45k,GA,61,12,0.3755,72.06136560069145,0.3766307830810547,0.8307422225803083
QM9-gap-45k,GA,61,13,0.3755,72.06136560069145,0.38463306427001953,0.8286223443595994
QM9-gap-45k,GA,61,14,0.3755,72.06136560069145,0.39196181297302246,0.8231700815876882
QM9-gap-45k,GA,61,15,0.3755,72.06136560069145,0.4012012481689453,0.8173228235273229
QM9-gap-45k,GA,61,16,0.3755,72.06136560069145,0.40281200408935547,0.8140615093343796
QM9-gap-45k,GA,61,17,0.3755,72.06136560069145,0.410297155380249,0.8037603062063717
QM9-gap-45k,GA,61,18,0.3755,72.06136560069145,0.4064812660217285,0.8010190055879679
QM9-gap-45k,GA,61,19,0.3755,72.06136560069145,0.4010322093963623,0.7980517166938701
QM9-gap-45k,Random,61,-1,0.2051,35.242005185825406,0.0,0.0
QM9-gap-45k,Random,61,0,0.335,63.310285220397574,0.10886716842651367,0.8764412079713801
QM9-gap-45k,Random,61,1,0.3371,63.76404494382022,0.11150908470153809,0.9327485436485493
QM9-gap-45k,Random,61,2,0.3371,63.76404494382022,0.11601400375366211,0.9419344553297215
QM9-gap-45k,Random,61,3,0.3371,63.76404494382022,0.1168828010559082,0.9311768576286737
QM9-gap-45k,Random,61,4,0.3371,63.76404494382022,0.11921191215515137,0.9118867324577012
QM9-gap-45k,Random,61,5,0.3371,63.76404494382022,0.11985397338867188,0.9293195867270885
QM9-gap-45k,Random,61,6,0.3371,63.76404494382022,0.12298989295959473,0.9694500533268274
QM9-gap-45k,Random,61,7,0.3371,63.76404494382022,0.1216897964477539,0.9468147150496896
QM9-gap-45k,Random,61,8,0.3381,63.98012100259292,0.12540817260742188,0.9606620225692236
QM9-gap-45k,Random,61,9,0.3381,63.98012100259292,0.12784504890441895,0.9539207354928262
QM9-gap-45k,Random,61,10,0.3381,63.98012100259292,0.1309359073638916,0.9429327176707782
QM9-gap-45k,Random,61,11,0.3381,63.98012100259292,0.13322019577026367,0.9559748841584912
QM9-gap-45k,Random,61,12,0.3381,63.98012100259292,0.1294269561767578,0.9543015310389665
QM9-gap-45k,Random,61,13,0.3381,63.98012100259292,0.13231182098388672,0.9487965681414452
QM9-gap-45k,Random,61,14,0.3381,63.98012100259292,0.13518095016479492,0.9507227923043317
QM9-gap-45k,Random,61,15,0.3407,64.5419187554019,0.13730287551879883,0.9443603747402115
QM9-gap-45k,Random,61,16,0.3407,64.5419187554019,0.14343500137329102,0.9519659912502044
QM9-gap-45k,Random,61,17,0.3407,64.5419187554019,0.14351177215576172,0.9476508162872532
QM9-gap-45k,Random,61,18,0.3437,65.19014693171997,0.14420366287231445,0.9430829116031827
QM9-gap-45k,Random,61,19,0.3437,65.19014693171997,0.1472640037536621,0.929860680621834
QM9-gap-45k,GLOSS,67,-1,0.2028,34.74503025064822,0.0,0.0
QM9-gap-45k,GLOSS,67,0,0.2929,54.21348314606741,0.847114086151123,0.5275053674512253
QM9-gap-45k,GLOSS,67,1,0.5048,100.0,0.8034460544586182,0.9067356127151293
QM9-gap-45k,GLOSS,67,2,0.5048,100.0,0.7722377777099609,1.1155420100277862
QM9-gap-45k,GLOSS,67,3,0.5048,100.0,0.7844479084014893,1.1485306453206572
QM9-gap-45k,GLOSS,67,4,0.5048,100.0,0.8000309467315674,1.2118120634881504
QM9-gap-45k,GLOSS,67,5,0.5048,100.0,0.7747631072998047,1.272846601709162
QM9-gap-45k,GLOSS,67,6,0.5048,100.0,0.8309400081634521,1.269942505555721
QM9-gap-45k,GLOSS,67,7,0.5048,100.0,0.8604669570922852,1.262588249995387
QM9-gap-45k,GLOSS,67,8,0.5048,100.0,0.8383407592773438,1.2627438780740496
QM9-gap-45k,GLOSS,67,9,0.5048,100.0,0.8491990566253662,1.2601848577966475
QM9-gap-45k,GLOSS,67,10,0.5048,100.0,0.8816103935241699,1.2502875993142444
QM9-gap-45k,GLOSS,67,11,0.5048,100.0,0.9158337116241455,1.2467556604824108
QM9-gap-45k,GLOSS,67,12,0.5048,100.0,0.9288139343261719,1.2265880073656976
QM9-gap-45k,GLOSS,67,13,0.5048,100.0,0.9391098022460938,1.213582160055207
QM9-gap-45k,GLOSS,67,14,0.5048,100.0,0.950005054473877,1.2071755771057122
QM9-gap-45k,GLOSS,67,15,0.5048,100.0,0.9759559631347656,1.2021320720086974
QM9-gap-45k,GLOSS,67,16,0.5048,100.0,0.9475481510162354,1.1877681450685118
QM9-gap-45k,GLOSS,67,17,0.5048,100.0,0.9722890853881836,1.1741302662743647
QM9-gap-45k,GLOSS,67,18,0.5048,100.0,1.0071098804473877,1.1630736812278235
QM9-gap-45k,GLOSS,67,19,0.5048,100.0,1.00285005569458,1.1671008522567485
QM9-gap-45k,UCB-BO,67,-1,0.2028,34.74503025064822,0.0,0.0
QM9-gap-45k,UCB-BO,67,0,0.2852,52.54969749351771,0.2090139389038086,0.3039106567988431
QM9-gap-45k,UCB-BO,67,1,0.3179,59.61538461538461,0.22726893424987793,0.7269078245108633
QM9-gap-45k,UCB-BO,67,2,0.355,67.63180639585133,0.23582196235656738,0.9958838759733039
QM9-gap-45k,UCB-BO,67,3,0.3799,73.01210025929127,0.24356603622436523,1.1079323184687582
QM9-gap-45k,UCB-BO,67,4,0.3799,73.01210025929127,0.24646711349487305,1.0874774684923074
QM9-gap-45k,UCB-BO,67,5,0.4051,78.45721694036301,0.24918866157531738,1.0906395494384291
QM9-gap-45k,UCB-BO,67,6,0.4051,78.45721694036301,0.25309300422668457,1.0854465003802811
QM9-gap-45k,UCB-BO,67,7,0.4051,78.45721694036301,0.2721719741821289,1.0973060468300966
QM9-gap-45k,UCB-BO,67,8,0.4128,80.1210025929127,0.2795751094818115,1.083787251502334
QM9-gap-45k,UCB-BO,67,9,0.4128,80.1210025929127,0.2779562473297119,1.0897336008138334
QM9-gap-45k,UCB-BO,67,10,0.4128,80.1210025929127,0.29158997535705566,1.0677751288036754
QM9-gap-45k,UCB-BO,67,11,0.4128,80.1210025929127,0.2912027835845947,1.0420076905563285
QM9-gap-45k,UCB-BO,67,12,0.4128,80.1210025929127,0.2948768138885498,1.0193570472932278
QM9-gap-45k,UCB-BO,67,13,0.4465,87.40276577355229,0.2920949459075928,1.0126695954009606
QM9-gap-45k,UCB-BO,67,14,0.4802,94.68452895419188,0.2911992073059082,1.0127463180539185
QM9-gap-45k,UCB-BO,67,15,0.4802,94.68452895419188,0.2854878902435303,1.0358017672873756
QM9-gap-45k,UCB-BO,67,16,0.4802,94.68452895419188,0.2961089611053467,1.0835335208780934
QM9-gap-45k,UCB-BO,67,17,0.4802,94.68452895419188,0.30206799507141113,1.1313579016828204
QM9-gap-45k,UCB-BO,67,18,0.5048,100.0,0.3158540725708008,1.1545657809668641
QM9-gap-45k,UCB-BO,67,19,0.5048,100.0,0.3176419734954834,1.245981756275318
QM9-gap-45k,BO(EI),67,-1,0.2028,34.74503025064822,0.0,0.0
QM9-gap-45k,BO(EI),67,0,0.2704,49.35177182368192,0.22203588485717773,0.2428763313237936
QM9-gap-45k,BO(EI),67,1,0.3636,69.49006050129644,0.23340582847595215,0.5274442053171917
QM9-gap-45k,BO(EI),67,2,0.3752,71.99654278305962,0.24640202522277832,0.8407731928371489
QM9-gap-45k,BO(EI),67,3,0.3891,75.0,0.24325227737426758,0.8373245611224216
QM9-gap-45k,BO(EI),67,4,0.3891,75.0,0.24355578422546387,0.9433979686410566
QM9-gap-45k,BO(EI),67,5,0.3891,75.0,0.24783897399902344,0.8978627724261717
QM9-gap-45k,BO(EI),67,6,0.4117,79.88331892826275,0.2595069408416748,0.9551173484213553
QM9-gap-45k,BO(EI),67,7,0.4802,94.68452895419188,0.2539958953857422,0.9780144224802619
QM9-gap-45k,BO(EI),67,8,0.4802,94.68452895419188,0.2702913284301758,1.0069539716189126
QM9-gap-45k,BO(EI),67,9,0.4802,94.68452895419188,0.27678632736206055,1.0635957463070242
QM9-gap-45k,BO(EI),67,10,0.4802,94.68452895419188,0.28446412086486816,1.0763109294388606
QM9-gap-45k,BO(EI),67,11,0.4802,94.68452895419188,0.28633809089660645,1.0629080322953302
QM9-gap-45k,BO(EI),67,12,0.5048,100.0,0.29076409339904785,1.109121661185181
QM9-gap-45k,BO(EI),67,13,0.5048,100.0,0.30664491653442383,1.1268445883403853
QM9-gap-45k,BO(EI),67,14,0.5048,100.0,0.28966283798217773,1.1686107883401509
QM9-gap-45k,BO(EI),67,15,0.5048,100.0,0.2987239360809326,1.150421768593027
QM9-gap-45k,BO(EI),67,16,0.5048,100.0,0.2919449806213379,1.1726938312323776
QM9-gap-45k,BO(EI),67,17,0.5048,100.0,0.2971808910369873,1.1770187436669584
QM9-gap-45k,BO(EI),67,18,0.5048,100.0,0.306384801864624,1.1801704969973725
QM9-gap-45k,BO(EI),67,19,0.5048,100.0,0.3204770088195801,1.1773622179163035
QM9-gap-45k,GA,67,-1,0.2028,34.74503025064822,0.0,0.0
QM9-gap-45k,GA,67,0,0.3208,60.2420051858254,0.2934153079986572,1.081353130255002
QM9-gap-45k,GA,67,1,0.3208,60.2420051858254,0.318192720413208,1.071520129171535
QM9-gap-45k,GA,67,2,0.3578,68.23681936041487,0.3273458480834961,1.038775331032986
QM9-gap-45k,GA,67,3,0.3641,69.59809853068279,0.34179091453552246,0.9838718095980451
QM9-gap-45k,GA,67,4,0.3641,69.59809853068279,0.3321866989135742,0.9328507211783132
QM9-gap-45k,GA,67,5,0.3641,69.59809853068279,0.3355100154876709,0.9104851506437448
QM9-gap-45k,GA,67,6,0.3641,69.59809853068279,0.3419301509857178,0.8800886782688179
QM9-gap-45k,GA,67,7,0.3641,69.59809853068279,0.3471341133117676,0.8731038650589614
QM9-gap-45k,GA,67,8,0.3672,70.26793431287814,0.35671281814575195,0.8576794866110633
QM9-gap-45k,GA,67,9,0.3891,75.0,0.36316704750061035,0.8496991471233047
QM9-gap-45k,GA,67,10,0.3891,75.0,0.367218017578125,0.832054745652824
QM9-gap-45k,GA,67,11,0.3891,75.0,0.36101698875427246,0.8189562000753535
QM9-gap-45k,GA,67,12,0.3891,75.0,0.361361026763916,0.8111018573936732
QM9-gap-45k,GA,67,13,0.3922,75.66983578219532,0.3605949878692627,0.8112255483164157
QM9-gap-45k,GA,67,14,0.3922,75.66983578219532,0.36912989616394043,0.8001503912684296
QM9-gap-45k,GA,67,15,0.3922,75.66983578219532,0.3775360584259033,0.7950263577884354
QM9-gap-45k,GA,67,16,0.3922,75.66983578219532,0.38361287117004395,0.7968733588031712
QM9-gap-45k,GA,67,17,0.3922,75.66983578219532,0.3767848014831543,0.7916786223518848
QM9-gap-45k,GA,67,18,0.3922,75.66983578219532,0.3781278133392334,0.7893844220052034
QM9-gap-45k,GA,67,19,0.3922,75.66983578219532,0.3837738037109375,0.785505086623642
QM9-gap-45k,Random,67,-1,0.2028,34.74503025064822,0.0,0.0
QM9-gap-45k,Random,67,0,0.3289,61.99222126188418,0.10864710807800293,0.8912296378502743
QM9-gap-45k,Random,67,1,0.3289,61.99222126188418,0.1101222038269043,0.8880174719370849
QM9-gap-45k,Random,67,2,0.3289,61.99222126188418,0.11288690567016602,0.8816955687545514
QM9-gap-45k,Random,67,3,0.3289,61.99222126188418,0.1163179874420166,0.9412320893697524
QM9-gap-45k,Random,67,4,0.3289,61.99222126188418,0.11762833595275879,0.9122145695288514
QM9-gap-45k,Random,67,5,0.3289,61.99222126188418,0.11956095695495605,0.8926415036347821
QM9-gap-45k,Random,67,6,0.3289,61.99222126188418,0.12687110900878906,0.8817428849494089
QM9-gap-45k,Random,67,7,0.3289,61.99222126188418,0.12657713890075684,0.87845581604943
QM9-gap-45k,Random,67,8,0.3379,63.936905790838374,0.12889790534973145,0.8741539655343946
QM9-gap-45k,Random,67,9,0.3379,63.936905790838374,0.13215994834899902,0.8870345164621765
QM9-gap-45k,Random,67,10,0.3379,63.936905790838374,0.13261008262634277,0.8752253928115653
QM9-gap-45k,Random,67,11,0.3379,63.936905790838374,0.13513398170471191,0.8729156587107081
QM9-gap-45k,Random,67,12,0.3379,63.936905790838374,0.13632607460021973,0.8684807343744834
QM9-gap-45k,Random,67,13,0.3379,63.936905790838374,0.136430025100708,0.8765600977533525
QM9-gap-45k,Random,67,14,0.3385,64.066551426102,0.1389319896697998,0.8779934418770359
QM9-gap-45k,Random,67,15,0.3434,65.12532411408816,0.1421520709991455,0.8684397941907279
QM9-gap-45k,Random,67,16,0.3434,65.12532411408816,0.1438279151916504,0.8608561656328922
QM9-gap-45k,Random,67,17,0.3434,65.12532411408816,0.14231300354003906,0.8591793875828087
QM9-gap-45k,Random,67,18,0.3434,65.12532411408816,0.14333271980285645,0.8526672145572542
QM9-gap-45k,Random,67,19,0.3434,65.12532411408816,0.14747095108032227,0.8557423965877484
QM9-gap-50k,GLOSS,47,-1,0.2089,36.06309420916162,0.0,0.0
QM9-gap-50k,GLOSS,47,0,0.2539,45.78651685393258,1.0146381855010986,0.5079488331339415
QM9-gap-50k,GLOSS,47,1,0.3824,73.55229040622298,0.9694979190826416,0.6495692446455661
QM9-gap-50k,GLOSS,47,2,0.3824,73.55229040622298,0.8540971279144287,0.9376951213209681
QM9-gap-50k,GLOSS,47,3,0.4128,80.1210025929127,0.9382448196411133,0.943351921397538
QM9-gap-50k,GLOSS,47,4,0.418,81.24459809853067,0.9137790203094482,0.954682728843449
QM9-gap-50k,GLOSS,47,5,0.462,90.75194468452895,0.9920949935913086,0.9743546621972714
QM9-gap-50k,GLOSS,47,6,0.4802,94.68452895419188,0.9316868782043457,0.9847707456662609
QM9-gap-50k,GLOSS,47,7,0.5048,100.0,0.9660999774932861,1.1392623107840125
QM9-gap-50k,GLOSS,47,8,0.5048,100.0,0.9712100028991699,1.229683699493324
QM9-gap-50k,GLOSS,47,9,0.5048,100.0,0.9334380626678467,1.208909158341308
QM9-gap-50k,GLOSS,47,10,0.5048,100.0,1.050858974456787,1.1933173103152421
QM9-gap-50k,GLOSS,47,11,0.5048,100.0,1.0131218433380127,1.1892570332248242
QM9-gap-50k,GLOSS,47,12,0.5048,100.0,0.9986438751220703,1.191505283223497
QM9-gap-50k,GLOSS,47,13,0.5048,100.0,1.0504720211029053,1.1986717959343387
QM9-gap-50k,GLOSS,47,14,0.5048,100.0,1.0402491092681885,1.2206947105634387
QM9-gap-50k,GLOSS,47,15,0.5048,100.0,1.0712850093841553,1.2190247915682906
QM9-gap-50k,GLOSS,47,16,0.5048,100.0,1.0772550106048584,1.208593769483383
QM9-gap-50k,GLOSS,47,17,0.5048,100.0,1.0753870010375977,1.2050107145434998
QM9-gap-50k,GLOSS,47,18,0.5048,100.0,1.155987024307251,1.2224160585057695
QM9-gap-50k,GLOSS,47,19,0.5048,100.0,1.1317551136016846,1.2089495973632174
QM9-gap-50k,UCB-BO,47,-1,0.2089,36.06309420916162,0.0,0.0
QM9-gap-50k,UCB-BO,47,0,0.2491,44.749351771823676,0.25125789642333984,0.3338932521176372
QM9-gap-50k,UCB-BO,47,1,0.2734,49.999999999999986,0.27046918869018555,1.00812811961336
QM9-gap-50k,UCB-BO,47,2,0.2746,50.259291270527214,0.2737600803375244,0.998010859949966
QM9-gap-50k,UCB-BO,47,3,0.3244,61.0198789974071,0.27262067794799805,1.0719360813643632
QM9-gap-50k,UCB-BO,47,4,0.3244,61.0198789974071,0.27101588249206543,1.1088604428225288
QM9-gap-50k,UCB-BO,47,5,0.5048,100.0,0.2621328830718994,1.2091901628560258
QM9-gap-50k,UCB-BO,47,6,0.5048,100.0,0.2787032127380371,1.2614557363847325
QM9-gap-50k,UCB-BO,47,7,0.5048,100.0,0.2843649387359619,1.3040766559388508
QM9-gap-50k,UCB-BO,47,8,0.5048,100.0,0.28699803352355957,1.30798392442182
QM9-gap-50k,UCB-BO,47,9,0.5048,100.0,0.29650211334228516,1.3136742651964457
QM9-gap-50k,UCB-BO,47,10,0.5048,100.0,0.3018028736114502,1.313436263466085
QM9-gap-50k,UCB-BO,47,11,0.5048,100.0,0.30326390266418457,1.3088020548802408
QM9-gap-50k,UCB-BO,47,12,0.5048,100.0,0.3092639446258545,1.2923097948107416
QM9-gap-50k,UCB-BO,47,13,0.5048,100.0,0.30510616302490234,1.2836976111871723
QM9-gap-50k,UCB-BO,47,14,0.5048,100.0,0.3123180866241455,1.29568850984549
QM9-gap-50k,UCB-BO,47,15,0.5048,100.0,0.30741381645202637,1.2928385088572643
QM9-gap-50k,UCB-BO,47,16,0.5048,100.0,0.32204604148864746,1.281259743593626
QM9-gap-50k,UCB-BO,47,17,0.5048,100.0,0.32943105697631836,1.261595525854133
QM9-gap-50k,UCB-BO,47,18,0.5048,100.0,0.3346271514892578,1.2549810655068971
QM9-gap-50k,UCB-BO,47,19,0.5048,100.0,0.33536624908447266,1.231303635059741
QM9-gap-50k,BO(EI),47,-1,0.2089,36.06309420916162,0.0,0.0
QM9-gap-50k,BO(EI),47,0,0.2679,48.811581676750215,0.22774314880371094,0.22559860034712798
QM9-gap-50k,BO(EI),47,1,0.2771,50.799481417458935,0.25438404083251953,0.27307496676665594
QM9-gap-50k,BO(EI),47,2,0.2771,50.799481417458935,0.26398372650146484,0.3891628544696796
QM9-gap-50k,BO(EI),47,3,0.3436,65.1685393258427,0.27281713485717773,0.497671587880667
QM9-gap-50k,BO(EI),47,4,0.3879,74.74070872947277,0.2626049518585205,0.5932567664660365
QM9-gap-50k,BO(EI),47,5,0.3879,74.74070872947277,0.27343106269836426,0.6985718600199035
QM9-gap-50k,BO(EI),47,6,0.3879,74.74070872947277,0.2871670722961426,0.7106702426288404
QM9-gap-50k,BO(EI),47,7,0.3879,74.74070872947277,0.2938811779022217,0.7222425094719054
QM9-gap-50k,BO(EI),47,8,0.3879,74.74070872947277,0.29757118225097656,0.7796203332935426
QM9-gap-50k,BO(EI),47,9,0.3879,74.74070872947277,0.30380797386169434,0.7811870119781545
QM9-gap-50k,BO(EI),47,10,0.4802,94.68452895419188,0.2922990322113037,0.8356861314180152
QM9-gap-50k,BO(EI),47,11,0.4802,94.68452895419188,0.2948019504547119,0.9719088817604784
QM9-gap-50k,BO(EI),47,12,0.4802,94.68452895419188,0.3085179328918457,1.056613799607816
QM9-gap-50k,BO(EI),47,13,0.4802,94.68452895419188,0.3201408386230469,1.0355529750614518
QM9-gap-50k,BO(EI),47,14,0.4802,94.68452895419188,0.3196678161621094,1.060850662931067
QM9-gap-50k,BO(EI),47,15,0.4802,94.68452895419188,0.33512282371520996,1.0904681978912811
QM9-gap-50k,BO(EI),47,16,0.4802,94.68452895419188,0.33710384368896484,1.14564803974999
QM9-gap-50k,BO(EI),47,17,0.4802,94.68452895419188,0.33409881591796875,1.182771302758443
QM9-gap-50k,BO(EI),47,18,0.4802,94.68452895419188,0.33233118057250977,1.1762937697758908
QM9-gap-50k,BO(EI),47,19,0.4802,94.68452895419188,0.3536970615386963,1.1749586565541041
QM9-gap-50k,GA,47,-1,0.2089,36.06309420916162,0.0,0.0
QM9-gap-50k,GA,47,0,0.3588,68.45289541918756,0.32903599739074707,0.5990320933998795
QM9-gap-50k,GA,47,1,0.3625,69.25237683664649,0.348646879196167,0.9970611531783197
QM9-gap-50k,GA,47,2,0.3625,69.25237683664649,0.3474149703979492,0.9301238832109354
QM9-gap-50k,GA,47,3,0.369,70.65687121866897,0.3548922538757324,0.9201051583725505
QM9-gap-50k,GA,47,4,0.369,70.65687121866897,0.37861084938049316,0.9777444130729654
QM9-gap-50k,GA,47,5,0.369,70.65687121866897,0.39405298233032227,0.9586863627747106
QM9-gap-50k,GA,47,6,0.369,70.65687121866897,0.3943049907684326,0.9757882454937916
QM9-gap-50k,GA,47,7,0.4117,79.88331892826275,0.4021878242492676,0.9543149152610961
QM9-gap-50k,GA,47,8,0.4117,79.88331892826275,0.3810560703277588,0.928993299571958
QM9-gap-50k,GA,47,9,0.4117,79.88331892826275,0.3874690532684326,0.9238155342605139
QM9-gap-50k,GA,47,10,0.4117,79.88331892826275,0.3930320739746094,0.9178484620127239
QM9-gap-50k,GA,47,11,0.4117,79.88331892826275,0.40184879302978516,0.9044904726600846
QM9-gap-50k,GA,47,12,0.4117,79.88331892826275,0.424468994140625,0.8970111106944983
QM9-gap-50k,GA,47,13,0.4117,79.88331892826275,0.43212103843688965,0.8945260860739666
QM9-gap-50k,GA,47,14,0.4117,79.88331892826275,0.4217250347137451,0.8881797022044157
QM9-gap-50k,GA,47,15,0.4117,79.88331892826275,0.42134594917297363,0.8825583906471482
QM9-gap-50k,GA,47,16,0.4117,79.88331892826275,0.4118459224700928,0.8885138382980673
QM9-gap-50k,GA,47,17,0.4117,79.88331892826275,0.44929003715515137,0.888306217965894
QM9-gap-50k,GA,47,18,0.418,81.24459809853067,0.46218180656433105,0.8844298562295656
QM9-gap-50k,GA,47,19,0.418,81.24459809853067,0.45976901054382324,0.8806520919813615
QM9-gap-50k,Random,47,-1,0.2089,36.06309420916162,0.0,0.0
QM9-gap-50k,Random,47,0,0.3418,64.77960242005184,0.12230587005615234,1.017596278286222
QM9-gap-50k,Random,47,1,0.3418,64.77960242005184,0.12147116661071777,0.8672942924854835
QM9-gap-50k,Random,47,2,0.3418,64.77960242005184,0.12051510810852051,0.8908320288122787
QM9-gap-50k,Random,47,3,0.3418,64.77960242005184,0.12327408790588379,0.9155336296086989
QM9-gap-50k,Random,47,4,0.3418,64.77960242005184,0.12363100051879883,0.9121859417932916
QM9-gap-50k,Random,47,5,0.3418,64.77960242005184,0.1276569366455078,0.9285521990288998
QM9-gap-50k,Random,47,6,0.3418,64.77960242005184,0.12736797332763672,0.9135518791479154
QM9-gap-50k,Random,47,7,0.3418,64.77960242005184,0.13074207305908203,0.9155067354851258
QM9-gap-50k,Random,47,8,0.3418,64.77960242005184,0.13669919967651367,0.9084486197139509
QM9-gap-50k,Random,47,9,0.3418,64.77960242005184,0.13522815704345703,0.9064703232002583
QM9-gap-50k,Random,47,10,0.3496,66.46499567847883,0.13633418083190918,0.8940204417652134
QM9-gap-50k,Random,47,11,0.3496,66.46499567847883,0.14337587356567383,0.9073232571719221
QM9-gap-50k,Random,47,12,0.3496,66.46499567847883,0.14626789093017578,0.9067649865937303
QM9-gap-50k,Random,47,13,0.3496,66.46499567847883,0.14638900756835938,0.9061192315403442
QM9-gap-50k,Random,47,14,0.3496,66.46499567847883,0.15027403831481934,0.8927760969660258
QM9-gap-50k,Random,47,15,0.3496,66.46499567847883,0.15053486824035645,0.8945017361994685
QM9-gap-50k,Random,47,16,0.3496,66.46499567847883,0.15222787857055664,0.896092304021173
QM9-gap-50k,Random,47,17,0.3496,66.46499567847883,0.1539299488067627,0.8893528863502222
QM9-gap-50k,Random,47,18,0.3496,66.46499567847883,0.15828514099121094,0.8806772272866648
QM9-gap-50k,Random,47,19,0.3496,66.46499567847883,0.1596519947052002,0.8820113199615258
QM9-gap-50k,GLOSS,53,-1,0.2063,35.501296456352634,0.0,0.0
QM9-gap-50k,GLOSS,53,0,0.2846,52.420051858254105,0.7821331024169922,1.1015176914570712
QM9-gap-50k,GLOSS,53,1,0.317,59.42091616248919,0.8560299873352051,1.0096043915239952
QM9-gap-50k,GLOSS,53,2,0.3392,64.21780466724287,0.9449670314788818,1.0648985642913247
QM9-gap-50k,GLOSS,53,3,0.3661,70.03025064822816,0.8606269359588623,1.1473572340404004
QM9-gap-50k,GLOSS,53,4,0.3661,70.03025064822816,0.9767348766326904,1.1866831285504278
QM9-gap-50k,GLOSS,53,5,0.3882,74.80553154710458,0.960939884185791,1.1930378177809002
QM9-gap-50k,GLOSS,53,6,0.4802,94.68452895419188,0.9356207847595215,1.2155966546797063
QM9-gap-50k,GLOSS,53,7,0.4802,94.68452895419188,0.9997010231018066,1.1996410840612288
QM9-gap-50k,GLOSS,53,8,0.5048,100.0,1.0022778511047363,1.2731641574844517
QM9-gap-50k,GLOSS,53,9,0.5048,100.0,1.0313351154327393,1.3035583950383256
QM9-gap-50k,GLOSS,53,10,0.5048,100.0,1.0274722576141357,1.29173706736476
QM9-gap-50k,GLOSS,53,11,0.5048,100.0,1.1060891151428223,1.2688189066070228
QM9-gap-50k,GLOSS,53,12,0.5048,100.0,1.0143637657165527,1.2560193110104079
QM9-gap-50k,GLOSS,53,13,0.5048,100.0,1.024359941482544,1.2406301172676049
QM9-gap-50k,GLOSS,53,14,0.5048,100.0,1.0432848930358887,1.215114535228962
QM9-gap-50k,GLOSS,53,15,0.5048,100.0,1.0538051128387451,1.2066700399167234
QM9-gap-50k,GLOSS,53,16,0.5048,100.0,1.0564820766448975,1.2031828182301436
QM9-gap-50k,GLOSS,53,17,0.5048,100.0,1.062049150466919,1.1872668678149387
QM9-gap-50k,GLOSS,53,18,0.5048,100.0,1.0620322227478027,1.1945318708028914
QM9-gap-50k,GLOSS,53,19,0.5048,100.0,1.1002099514007568,1.1962412737748922
QM9-gap-50k,UCB-BO,53,-1,0.2063,35.501296456352634,0.0,0.0
QM9-gap-50k,UCB-BO,53,0,0.286,52.722558340535855,0.21214628219604492,0.4725845722671513
QM9-gap-50k,UCB-BO,53,1,0.2916,53.93258426966292,0.2413480281829834,0.7507649933104658
QM9-gap-50k,UCB-BO,53,2,0.2916,53.93258426966292,0.2621190547943115,0.6875930847578704
QM9-gap-50k,UCB-BO,53,3,0.3094,57.778738115816765,0.28064918518066406,0.653283267777003
QM9-gap-50k,UCB-BO,53,4,0.3094,57.778738115816765,0.2874181270599365,0.6163613940654545
QM9-gap-50k,UCB-BO,53,5,0.3094,57.778738115816765,0.2828340530395508,0.6026085653094064
QM9-gap-50k,UCB-BO,53,6,0.3094,57.778738115816765,0.29715394973754883,0.5790638533710354
QM9-gap-50k,UCB-BO,53,7,0.3094,57.778738115816765,0.3010129928588867,0.5814634884355773
QM9-gap-50k,UCB-BO,53,8,0.314,58.772687986171135,0.31278109550476074,0.5842755359097515
QM9-gap-50k,UCB-BO,53,9,0.3255,61.25756266205704,0.3233819007873535,0.6442052579667447
QM9-gap-50k,UCB-BO,53,10,0.3255,61.25756266205704,0.32207703590393066,0.6873630589172965
QM9-gap-50k,UCB-BO,53,11,0.3255,61.25756266205704,0.32499217987060547,0.6772884822234355
QM9-gap-50k,UCB-BO,53,12,0.3255,61.25756266205704,0.333845853805542,0.7204195554997137
QM9-gap-50k,UCB-BO,53,13,0.3255,61.25756266205704,0.34475016593933105,0.7352947835524286
QM9-gap-50k,UCB-BO,53,14,0.3379,63.936905790838374,0.3415980339050293,0.7358228525468619
QM9-gap-50k,UCB-BO,53,15,0.3379,63.936905790838374,0.34758925437927246,0.7383557261089715
QM9-gap-50k,UCB-BO,53,16,0.3379,63.936905790838374,0.3617839813232422,0.7382491396916094
QM9-gap-50k,UCB-BO,53,17,0.3379,63.936905790838374,0.36943507194519043,0.7385382889375782
QM9-gap-50k,UCB-BO,53,18,0.3379,63.936905790838374,0.3652782440185547,0.7452259324563771
QM9-gap-50k,UCB-BO,53,19,0.3379,63.936905790838374,0.3468642234802246,0.7533702787643703
QM9-gap-50k,BO(EI),53,-1,0.2063,35.501296456352634,0.0,0.0
QM9-gap-50k,BO(EI),53,0,0.286,52.722558340535855,0.22153115272521973,0.5444469447453697
QM9-gap-50k,BO(EI),53,1,0.3762,72.21261884183232,0.24439716339111328,0.7715477640824738
QM9-gap-50k,BO(EI),53,2,0.379,72.81763180639584,0.26889920234680176,0.9325982514762363
QM9-gap-50k,BO(EI),53,3,0.3799,73.01210025929127,0.2723720073699951,0.8959451855257275
QM9-gap-50k,BO(EI),53,4,0.3799,73.01210025929127,0.27773022651672363,0.9112976431557195
QM9-gap-50k,BO(EI),53,5,0.3882,74.80553154710458,0.2818770408630371,0.9277394800456893
QM9-gap-50k,BO(EI),53,6,0.5048,100.0,0.2746737003326416,1.0386988808969435
QM9-gap-50k,BO(EI),53,7,0.5048,100.0,0.29616475105285645,1.2066508129630016
QM9-gap-50k,BO(EI),53,8,0.5048,100.0,0.2998979091644287,1.2028802604264552
QM9-gap-50k,BO(EI),53,9,0.5048,100.0,0.30547618865966797,1.1839223628261726
QM9-gap-50k,BO(EI),53,10,0.5048,100.0,0.3107430934906006,1.1820552092322658
QM9-gap-50k,BO(EI),53,11,0.5048,100.0,0.3106989860534668,1.2164485356454435
QM9-gap-50k,BO(EI),53,12,0.5048,100.0,0.3270149230957031,1.1963084591287696
QM9-gap-50k,BO(EI),53,13,0.5048,100.0,0.32714223861694336,1.1847779237513116
QM9-gap-50k,BO(EI),53,14,0.5048,100.0,0.3312408924102783,1.1602763398373086
QM9-gap-50k,BO(EI),53,15,0.5048,100.0,0.3325998783111572,1.1698999964562988
QM9-gap-50k,BO(EI),53,16,0.5048,100.0,0.3393528461456299,1.1634238752251533
QM9-gap-50k,BO(EI),53,17,0.5048,100.0,0.33756470680236816,1.1534301794367625
QM9-gap-50k,BO(EI),53,18,0.5048,100.0,0.34347081184387207,1.1973353272402019
QM9-gap-50k,BO(EI),53,19,0.5048,100.0,0.3604311943054199,1.204747022401898
QM9-gap-50k,GA,53,-1,0.2063,35.501296456352634,0.0,0.0
QM9-gap-50k,GA,53,0,0.345,65.47104580812444,0.34226202964782715,0.818104905360198
QM9-gap-50k,GA,53,1,0.3489,66.31374243733794,0.3494880199432373,0.9093437427904649
QM9-gap-50k,GA,53,2,0.3489,66.31374243733794,0.36490607261657715,0.9187650387387479
QM9-gap-50k,GA,53,3,0.3737,71.67242869490059,0.3897268772125244,0.9222063228162154
QM9-gap-50k,GA,53,4,0.3737,71.67242869490059,0.39273691177368164,0.9258640798791508
QM9-gap-50k,GA,53,5,0.3822,73.50907519446844,0.42237305641174316,0.9177441466652758
QM9-gap-50k,GA,53,6,0.3822,73.50907519446844,0.39476823806762695,0.9108139311476059
QM9-gap-50k,GA,53,7,0.4063,78.71650821089023,0.38356709480285645,0.9282656721401549
QM9-gap-50k,GA,53,8,0.4063,78.71650821089023,0.390186071395874,0.9068514804736166
QM9-gap-50k,GA,53,9,0.4063,78.71650821089023,0.39222121238708496,0.9065509176660153
QM9-gap-50k,GA,53,10,0.4063,78.71650821089023,0.3923830986022949,0.8917939488342134
QM9-gap-50k,GA,53,11,0.4063,78.71650821089023,0.40234804153442383,0.8828667835295079
QM9-gap-50k,GA,53,12,0.4063,78.71650821089023,0.4089930057525635,0.8785675105974593
QM9-gap-50k,GA,53,13,0.4063,78.71650821089023,0.4147682189941406,0.8745330386139003
QM9-gap-50k,GA,53,14,0.4063,78.71650821089023,0.4162628650665283,0.8791884835275999
QM9-gap-50k,GA,53,15,0.4063,78.71650821089023,0.4322319030761719,0.8685741842275706
QM9-gap-50k,GA,53,16,0.4063,78.71650821089023,0.42919111251831055,0.859364183690194
QM9-gap-50k,GA,53,17,0.4117,79.88331892826275,0.42548680305480957,0.8633983409496595
QM9-gap-50k,GA,53,18,0.4117,79.88331892826275,0.42735886573791504,0.850729455914426
QM9-gap-50k,GA,53,19,0.4117,79.88331892826275,0.4334259033203125,0.8498652991406065
QM9-gap-50k,Random,53,-1,0.2063,35.501296456352634,0.0,0.0
QM9-gap-50k,Random,53,0,0.3009,55.94209161624892,0.12041926383972168,0.8520497032493448
QM9-gap-50k,Random,53,1,0.3175,59.52895419187554,0.12142419815063477,0.8432930637786106
QM9-gap-50k,Random,53,2,0.3175,59.52895419187554,0.12316107749938965,0.8304294370811259
QM9-gap-50k,Random,53,3,0.3425,64.93085566119274,0.12366604804992676,0.8807998906696176
QM9-gap-50k,Random,53,4,0.3425,64.93085566119274,0.1265702247619629,0.8788695236571655
QM9-gap-50k,Random,53,5,0.3566,67.97752808988763,0.12738823890686035,0.867025218541045
QM9-gap-50k,Random,53,6,0.3566,67.97752808988763,0.12920498847961426,0.8512872217248798
QM9-gap-50k,Random,53,7,0.3566,67.97752808988763,0.1290750503540039,0.8497910680010023
QM9-gap-50k,Random,53,8,0.3566,67.97752808988763,0.13273406028747559,0.88736237710667
QM9-gap-50k,Random,53,9,0.3566,67.97752808988763,0.13538002967834473,0.8707416615177801
QM9-gap-50k,Random,53,10,0.3566,67.97752808988763,0.13471198081970215,0.8798015449602292
QM9-gap-50k,Random,53,11,0.3566,67.97752808988763,0.13908982276916504,0.8717278241030941
QM9-gap-50k,Random,53,12,0.3566,67.97752808988763,0.14266586303710938,0.861509992441973
QM9-gap-50k,Random,53,13,0.3566,67.97752808988763,0.14149999618530273,0.8717640741945994
QM9-gap-50k,Random,53,14,0.3566,67.97752808988763,0.1456599235534668,0.8890908864400814
QM9-gap-50k,Random,53,15,0.3566,67.97752808988763,0.14843106269836426,0.8974276848712428
QM9-gap-50k,Random,53,16,0.3566,67.97752808988763,0.15111422538757324,0.9014341854033254
QM9-gap-50k,Random,53,17,0.3566,67.97752808988763,0.16890907287597656,0.8984615134616722
QM9-gap-50k,Random,53,18,0.3566,67.97752808988763,0.1590430736541748,0.8892441627418712
QM9-gap-50k,Random,53,19,0.3566,67.97752808988763,0.15833306312561035,0.8978656614358952
QM9-gap-50k,GLOSS,59,-1,0.2056,35.35004321521175,0.0,0.0
QM9-gap-50k,GLOSS,59,0,0.2819,51.83664649956784,0.9378957748413086,0.5659274151782896
QM9-gap-50k,GLOSS,59,1,0.355,67.63180639585133,0.9761831760406494,0.8614837680699216
QM9-gap-50k,GLOSS,59,2,0.3796,72.94727744165947,0.901015043258667,1.184436982255612
QM9-gap-50k,GLOSS,59,3,0.5048,100.0,0.9660580158233643,1.2541181752781227
QM9-gap-50k,GLOSS,59,4,0.5048,100.0,0.9055840969085693,1.2399610588740682
QM9-gap-50k,GLOSS,59,5,0.5048,100.0,0.9064180850982666,1.2365641241746799
QM9-gap-50k,GLOSS,59,6,0.5048,100.0,0.9255111217498779,1.258950945528379
QM9-gap-50k,GLOSS,59,7,0.5048,100.0,0.9492921829223633,1.2635495064665254
QM9-gap-50k,GLOSS,59,8,0.5048,100.0,0.9744648933410645,1.3051880649439316
QM9-gap-50k,GLOSS,59,9,0.5048,100.0,0.9456579685211182,1.283021281540438
QM9-gap-50k,GLOSS,59,10,0.5048,100.0,0.9579570293426514,1.2861634999845382
QM9-gap-50k,GLOSS,59,11,0.5048,100.0,0.9719376564025879,1.2765804908241312
QM9-gap-50k,GLOSS,59,12,0.5048,100.0,0.98978590965271,1.2597378710075338
QM9-gap-50k,GLOSS,59,13,0.5048,100.0,0.9970440864562988,1.2575533421615257
QM9-gap-50k,GLOSS,59,14,0.5048,100.0,1.0315818786621094,1.2490286874494596
QM9-gap-50k,GLOSS,59,15,0.5048,100.0,1.0046749114990234,1.2339056770724997
QM9-gap-50k,GLOSS,59,16,0.5048,100.0,1.027298927307129,1.2249694052709936
QM9-gap-50k,GLOSS,59,17,0.5048,100.0,1.0840609073638916,1.218750122329622
QM9-gap-50k,GLOSS,59,18,0.5048,100.0,1.066720962524414,1.2167306388571342
QM9-gap-50k,GLOSS,59,19,0.5048,100.0,1.113058090209961,1.2088085200666279
QM9-gap-50k,UCB-BO,59,-1,0.2056,35.35004321521175,0.0,0.0
QM9-gap-50k,UCB-BO,59,0,0.2283,40.254969749351766,0.23387694358825684,0.1209785414438899
QM9-gap-50k,UCB-BO,59,1,0.2901,53.60847018150389,0.24250411987304688,0.34234493008101013
QM9-gap-50k,UCB-BO,59,2,0.2901,53.60847018150389,0.24954795837402344,0.384311473698135
QM9-gap-50k,UCB-BO,59,3,0.2901,53.60847018150389,0.26262521743774414,0.5832044965928962
QM9-gap-50k,UCB-BO,59,4,0.2901,53.60847018150389,0.27360105514526367,0.5610141979044087
QM9-gap-50k,UCB-BO,59,5,0.2901,53.60847018150389,0.2756171226501465,0.5380377471079736
QM9-gap-50k,UCB-BO,59,6,0.2901,53.60847018150389,0.28887081146240234,0.5313806812169026
QM9-gap-50k,UCB-BO,59,7,0.3217,60.43647363872082,0.2886238098144531,0.5569105710132216
QM9-gap-50k,UCB-BO,59,8,0.3243,60.99827139152981,0.3159918785095215,0.556491069996645
QM9-gap-50k,UCB-BO,59,9,0.3243,60.99827139152981,0.3216869831085205,0.5521515691109683
QM9-gap-50k,UCB-BO,59,10,0.3566,67.97752808988763,0.315338134765625,0.6072818549422091
QM9-gap-50k,UCB-BO,59,11,0.4117,79.88331892826275,0.3051340579986572,0.6963811220154466
QM9-gap-50k,UCB-BO,59,12,0.418,81.24459809853067,0.3065359592437744,0.7385673142312295
QM9-gap-50k,UCB-BO,59,13,0.4802,94.68452895419188,0.32555627822875977,0.7840189055199548
QM9-gap-50k,UCB-BO,59,14,0.4802,94.68452895419188,0.32704615592956543,0.8018713700841975
QM9-gap-50k,UCB-BO,59,15,0.5048,100.0,0.338137149810791,0.8736654108094559
QM9-gap-50k,UCB-BO,59,16,0.5048,100.0,0.3270070552825928,0.910547099084322
QM9-gap-50k,UCB-BO,59,17,0.5048,100.0,0.3217458724975586,0.9233652115416916
QM9-gap-50k,UCB-BO,59,18,0.5048,100.0,0.3248939514160156,0.9361086151786675
QM9-gap-50k,UCB-BO,59,19,0.5048,100.0,0.33309388160705566,0.9498515178602224
QM9-gap-50k,BO(EI),59,-1,0.2056,35.35004321521175,0.0,0.0
QM9-gap-50k,BO(EI),59,0,0.2733,49.97839239412272,0.23129892349243164,0.19454667282219987
QM9-gap-50k,BO(EI),59,1,0.2733,49.97839239412272,0.2531778812408447,0.3864470370476011
QM9-gap-50k,BO(EI),59,2,0.2984,55.401901469317195,0.24977517127990723,0.4056757785802974
QM9-gap-50k,BO(EI),59,3,0.3161,59.22644770959378,0.266524076461792,0.4141012842072463
QM9-gap-50k,BO(EI),59,4,0.3161,59.22644770959378,0.2773869037628174,0.5805142216689787
QM9-gap-50k,BO(EI),59,5,0.3161,59.22644770959378,0.27655982971191406,0.5941777636054623
QM9-gap-50k,BO(EI),59,6,0.3161,59.22644770959378,0.2879140377044678,0.6013616731414189
QM9-gap-50k,BO(EI),59,7,0.3161,59.22644770959378,0.2900381088256836,0.5791796096769605
QM9-gap-50k,BO(EI),59,8,0.3211,60.30682800345721,0.31546878814697266,0.5613548603200232
QM9-gap-50k,BO(EI),59,9,0.3211,60.30682800345721,0.31823086738586426,0.5488840026739283
QM9-gap-50k,BO(EI),59,10,0.3239,60.91184096802075,0.3434278964996338,0.5375617715307568
QM9-gap-50k,BO(EI),59,11,0.3239,60.91184096802075,0.3312950134277344,0.528827238332502
QM9-gap-50k,BO(EI),59,12,0.3242,60.97666378565254,0.3321259021759033,0.5600271543430374
QM9-gap-50k,BO(EI),59,13,0.3303,62.29472774416595,0.33722972869873047,0.5928181518322239
QM9-gap-50k,BO(EI),59,14,0.3379,63.936905790838374,0.33360791206359863,0.6194702461008479
QM9-gap-50k,BO(EI),59,15,0.3379,63.936905790838374,0.3573136329650879,0.625578320398619
QM9-gap-50k,BO(EI),59,16,0.3379,63.936905790838374,0.32460594177246094,0.6260249291677985
QM9-gap-50k,BO(EI),59,17,0.3379,63.936905790838374,0.3327960968017578,0.6470684715840409
QM9-gap-50k,BO(EI),59,18,0.3379,63.936905790838374,0.3498091697692871,0.659251855068323
QM9-gap-50k,BO(EI),59,19,0.3379,63.936905790838374,0.3539869785308838,0.699142487393963
QM9-gap-50k,GA,59,-1,0.2056,35.35004321521175,0.0,0.0
QM9-gap-50k,GA,59,0,0.3641,69.59809853068279,0.30659914016723633,0.9319588390668556
QM9-gap-50k,GA,59,1,0.3641,69.59809853068279,0.34435510635375977,1.0710900892318336
QM9-gap-50k,GA,59,2,0.3641,69.59809853068279,0.35074496269226074,1.0638281002921726
QM9-gap-50k,GA,59,3,0.3641,69.59809853068279,0.36383914947509766,0.9943441178462256
QM9-gap-50k,GA,59,4,0.3641,69.59809853068279,0.3663370609283447,0.9754696457328027
QM9-gap-50k,GA,59,5,0.3641,69.59809853068279,0.375560998916626,0.9340102427320321
QM9-gap-50k,GA,59,6,0.3669,70.20311149524633,0.3748970031738281,0.9098677184194971
QM9-gap-50k,GA,59,7,0.3669,70.20311149524633,0.38314294815063477,0.8859475230916329
QM9-gap-50k,GA,59,8,0.378,72.60155574762315,0.39555883407592773,0.8888405023728484
QM9-gap-50k,GA,59,9,0.378,72.60155574762315,0.40630292892456055,0.875375171217149
QM9-gap-50k,GA,59,10,0.378,72.60155574762315,0.4220280647277832,0.8596083619591589
QM9-gap-50k,GA,59,11,0.378,72.60155574762315,0.407106876373291,0.8576343147289803
QM9-gap-50k,GA,59,12,0.378,72.60155574762315,0.41000914573669434,0.8555881351051835
QM9-gap-50k,GA,59,13,0.378,72.60155574762315,0.40749192237854004,0.8612157206034986
QM9-gap-50k,GA,59,14,0.378,72.60155574762315,0.429002046585083,0.8611545419876646
QM9-gap-50k,GA,59,15,0.378,72.60155574762315,0.43538999557495117,0.8663587926508027
QM9-gap-50k,GA,59,16,0.378,72.60155574762315,0.42989397048950195,0.861738918507405
QM9-gap-50k,GA,59,17,0.378,72.60155574762315,0.42990684509277344,0.8699993078221403
QM9-gap-50k,GA,59,18,0.378,72.60155574762315,0.43369579315185547,0.8657012586144069
QM9-gap-50k,GA,59,19,0.378,72.60155574762315,0.4503202438354492,0.8723393101890666
QM9-gap-50k,Random,59,-1,0.2056,35.35004321521175,0.0,0.0
QM9-gap-50k,Random,59,0,0.3396,64.30423509075194,0.12259364128112793,0.9032904163524833
QM9-gap-50k,Random,59,1,0.3396,64.30423509075194,0.12468600273132324,0.8700322771051889
QM9-gap-50k,Random,59,2,0.3501,66.57303370786516,0.12492179870605469,0.9172804294337921
QM9-gap-50k,Random,59,3,0.3501,66.57303370786516,0.12768793106079102,0.9371341187916306
QM9-gap-50k,Random,59,4,0.3656,69.92221261884183,0.13066387176513672,0.9440270159559283
QM9-gap-50k,Random,59,5,0.3656,69.92221261884183,0.1293787956237793,0.9393494017981951
QM9-gap-50k,Random,59,6,0.3656,69.92221261884183,0.1327650547027588,0.9473583188621537
QM9-gap-50k,Random,59,7,0.3656,69.92221261884183,0.1328110694885254,0.9533656299491994
QM9-gap-50k,Random,59,8,0.3656,69.92221261884183,0.13930606842041016,0.9636586416158421
QM9-gap-50k,Random,59,9,0.3656,69.92221261884183,0.14032578468322754,0.9570430064657991
QM9-gap-50k,Random,59,10,0.3656,69.92221261884183,0.13899517059326172,0.9649832264283836
QM9-gap-50k,Random,59,11,0.3656,69.92221261884183,0.1484527587890625,0.9564844974560824
QM9-gap-50k,Random,59,12,0.3656,69.92221261884183,0.1475999355316162,0.9575474717873828
QM9-gap-50k,Random,59,13,0.3656,69.92221261884183,0.15011286735534668,0.9478213573029748
QM9-gap-50k,Random,59,14,0.3656,69.92221261884183,0.15517902374267578,0.949891842279601
QM9-gap-50k,Random,59,15,0.3656,69.92221261884183,0.18210291862487793,0.9456189171055335
QM9-gap-50k,Random,59,16,0.3656,69.92221261884183,0.15915679931640625,0.9450598363107087
QM9-gap-50k,Random,59,17,0.3656,69.92221261884183,0.1565999984741211,0.93730117336847
QM9-gap-50k,Random,59,18,0.3656,69.92221261884183,0.1574690341949463,0.9308842360756182
QM9-gap-50k,Random,59,19,0.3656,69.92221261884183,0.1612539291381836,0.9281207028751718
QM9-gap-50k,GLOSS,61,-1,0.2064,35.5229040622299,0.0,0.0
QM9-gap-50k,GLOSS,61,0,0.2975,55.20743301642178,1.016545057296753,0.7320753842856276
QM9-gap-50k,GLOSS,61,1,0.3152,59.03197925669835,0.8452572822570801,0.8511377710885044
QM9-gap-50k,GLOSS,61,2,0.3152,59.03197925669835,0.8650732040405273,0.8213348545857712
QM9-gap-50k,GLOSS,61,3,0.3152,59.03197925669835,0.918241024017334,0.842194646748256
QM9-gap-50k,GLOSS,61,4,0.3799,73.01210025929127,0.8970110416412354,0.9196506171317185
QM9-gap-50k,GLOSS,61,5,0.4051,78.45721694036301,0.8739650249481201,1.0086728500287407
QM9-gap-50k,GLOSS,61,6,0.4051,78.45721694036301,0.87388014793396,1.0692264751137988
QM9-gap-50k,GLOSS,61,7,0.4298,83.7942955920484,0.9137909412384033,1.0954210476573796
QM9-gap-50k,GLOSS,61,8,0.5048,100.0,0.9818499088287354,1.169160895886284
QM9-gap-50k,GLOSS,61,9,0.5048,100.0,0.9429090023040771,1.2202657324692296
QM9-gap-50k,GLOSS,61,10,0.5048,100.0,0.9725651741027832,1.2423176863851355
QM9-gap-50k,GLOSS,61,11,0.5048,100.0,0.9795708656311035,1.2486888124461317
QM9-gap-50k,GLOSS,61,12,0.5048,100.0,1.016528844833374,1.2660222936541181
QM9-gap-50k,GLOSS,61,13,0.5048,100.0,1.0276589393615723,1.2532541462656506
QM9-gap-50k,GLOSS,61,14,0.5048,100.0,1.030656099319458,1.2511782780153715
QM9-gap-50k,GLOSS,61,15,0.5048,100.0,1.056199312210083,1.2476547958847402
QM9-gap-50k,GLOSS,61,16,0.5048,100.0,1.0874371528625488,1.2524626210281753
QM9-gap-50k,GLOSS,61,17,0.5048,100.0,1.086928129196167,1.2527778513175263
QM9-gap-50k,GLOSS,61,18,0.5048,100.0,1.1054399013519287,1.2526013079384188
QM9-gap-50k,GLOSS,61,19,0.5048,100.0,1.0934360027313232,1.2451331925768019
QM9-gap-50k,UCB-BO,61,-1,0.2064,35.5229040622299,0.0,0.0
QM9-gap-50k,UCB-BO,61,0,0.2064,35.5229040622299,0.2276449203491211,0.20652661437467715
QM9-gap-50k,UCB-BO,61,1,0.3041,56.63353500432151,0.2388761043548584,0.8031254416026551
QM9-gap-50k,UCB-BO,61,2,0.3393,64.23941227312014,0.2604691982269287,0.9202937532649735
QM9-gap-50k,UCB-BO,61,3,0.3393,64.23941227312014,0.2625741958618164,0.8714140248486728
QM9-gap-50k,UCB-BO,61,4,0.3393,64.23941227312014,0.26991796493530273,0.8168359821111186
QM9-gap-50k,UCB-BO,61,5,0.3393,64.23941227312014,0.29070210456848145,0.7612440905932564
QM9-gap-50k,UCB-BO,61,6,0.3393,64.23941227312014,0.296173095703125,0.744602666928079
QM9-gap-50k,UCB-BO,61,7,0.3477,66.05445116681071,0.29444098472595215,0.7376682595557026
QM9-gap-50k,UCB-BO,61,8,0.3477,66.05445116681071,0.30266690254211426,0.7145592474331198
QM9-gap-50k,UCB-BO,61,9,0.3477,66.05445116681071,0.3094630241394043,0.68867774807494
QM9-gap-50k,UCB-BO,61,10,0.3477,66.05445116681071,0.31052184104919434,0.6706818442111345
QM9-gap-50k,UCB-BO,61,11,0.3477,66.05445116681071,0.30620384216308594,0.6520007181453749
QM9-gap-50k,UCB-BO,61,12,0.3477,66.05445116681071,0.3097810745239258,0.6378248566564709
QM9-gap-50k,UCB-BO,61,13,0.3497,66.4866032843561,0.32647180557250977,0.6269083226975617
QM9-gap-50k,UCB-BO,61,14,0.3671,70.24632670700086,0.31702280044555664,0.6321955177830983
QM9-gap-50k,UCB-BO,61,15,0.3758,72.12618841832325,0.32662200927734375,0.6308667797011955
QM9-gap-50k,UCB-BO,61,16,0.3758,72.12618841832325,0.3197617530822754,0.6312009244945728
QM9-gap-50k,UCB-BO,61,17,0.3795,72.92566983578219,0.3310890197753906,0.6337384658206703
QM9-gap-50k,UCB-BO,61,18,0.462,90.75194468452895,0.3442060947418213,0.6547462179500072
QM9-gap-50k,UCB-BO,61,19,0.4802,94.68452895419188,0.3297920227050781,0.6927074842928787
QM9-gap-50k,BO(EI),61,-1,0.2064,35.5229040622299,0.0,0.0
QM9-gap-50k,BO(EI),61,0,0.2252,39.58513396715644,0.23652124404907227,0.35498168115722767
QM9-gap-50k,BO(EI),61,1,0.2266,39.887640449438194,0.24448800086975098,0.4989238120111975
QM9-gap-50k,BO(EI),61,2,0.2431,43.45289541918755,0.2540888786315918,0.5303528464436766
QM9-gap-50k,BO(EI),61,3,0.2431,43.45289541918755,0.2780900001525879,0.5622134093777599
QM9-gap-50k,BO(EI),61,4,0.2438,43.60414866032843,0.27020788192749023,0.5620127556370975
QM9-gap-50k,BO(EI),61,5,0.2438,43.60414866032843,0.28617310523986816,0.573267934829972
QM9-gap-50k,BO(EI),61,6,0.2438,43.60414866032843,0.2723960876464844,0.7029469413048884
QM9-gap-50k,BO(EI),61,7,0.2664,48.48746758859118,0.2751021385192871,0.6999987342621685
QM9-gap-50k,BO(EI),61,8,0.336,63.526361279170274,0.2963900566101074,0.7613311125670453
QM9-gap-50k,BO(EI),61,9,0.336,63.526361279170274,0.29993700981140137,0.8865888266426528
QM9-gap-50k,BO(EI),61,10,0.3411,64.62834917891098,0.2970297336578369,0.9230831436938141
QM9-gap-50k,BO(EI),61,11,0.3501,66.57303370786516,0.2972579002380371,0.9384278881427985
QM9-gap-50k,BO(EI),61,12,0.3627,69.29559204840105,0.30139708518981934,0.9614000283846781
QM9-gap-50k,BO(EI),61,13,0.3658,69.96542783059637,0.32047009468078613,1.0096096354909427
QM9-gap-50k,BO(EI),61,14,0.3658,69.96542783059637,0.31955599784851074,1.0439555339771749
QM9-gap-50k,BO(EI),61,15,0.3658,69.96542783059637,0.3180277347564697,1.06670167559393
QM9-gap-50k,BO(EI),61,16,0.4465,87.40276577355229,0.31935906410217285,1.0811977557775883
QM9-gap-50k,BO(EI),61,17,0.5048,100.0,0.33235621452331543,1.1459608620463964
QM9-gap-50k,BO(EI),61,18,0.5048,100.0,0.3365912437438965,1.1580720613295294
QM9-gap-50k,BO(EI),61,19,0.5048,100.0,0.34777116775512695,1.1771615470365122
QM9-gap-50k,GA,61,-1,0.2064,35.5229040622299,0.0,0.0
QM9-gap-50k,GA,61,0,0.2865,52.8305963699222,0.3102560043334961,1.0473171344270897
QM9-gap-50k,GA,61,1,0.3407,64.5419187554019,0.34837818145751953,1.2091052038461911
QM9-gap-50k,GA,61,2,0.3407,64.5419187554019,0.36652588844299316,1.1388286840791555
QM9-gap-50k,GA,61,3,0.3657,69.9438202247191,0.3729381561279297,1.0659929103831471
QM9-gap-50k,GA,61,4,0.3657,69.9438202247191,0.3546769618988037,1.0081413072400132
QM9-gap-50k,GA,61,5,0.3657,69.9438202247191,0.3753170967102051,0.950345265867114
QM9-gap-50k,GA,61,6,0.3657,69.9438202247191,0.37497711181640625,0.9136206490823736
QM9-gap-50k,GA,61,7,0.3657,69.9438202247191,0.38862085342407227,0.9046919250113347
QM9-gap-50k,GA,61,8,0.3657,69.9438202247191,0.3702709674835205,0.8982126955919556
QM9-gap-50k,GA,61,9,0.3657,69.9438202247191,0.38189005851745605,0.8892994745216802
QM9-gap-50k,GA,61,10,0.3657,69.9438202247191,0.3821070194244385,0.8759232500943077
QM9-gap-50k,GA,61,11,0.4063,78.71650821089023,0.39002203941345215,0.8709894379525175
QM9-gap-50k,GA,61,12,0.4063,78.71650821089023,0.40775489807128906,0.861615721058749
QM9-gap-50k,GA,61,13,0.4063,78.71650821089023,0.39323878288269043,0.8434019304620488
QM9-gap-50k,GA,61,14,0.4063,78.71650821089023,0.39824485778808594,0.8432950067664772
QM9-gap-50k,GA,61,15,0.4063,78.71650821089023,0.4077272415161133,0.8398212581015106
QM9-gap-50k,GA,61,16,0.4063,78.71650821089023,0.40787696838378906,0.8423098941562155
QM9-gap-50k,GA,61,17,0.4063,78.71650821089023,0.4029359817504883,0.8332383354612729
QM9-gap-50k,GA,61,18,0.4063,78.71650821089023,0.4143197536468506,0.8194922082904039
QM9-gap-50k,GA,61,19,0.4063,78.71650821089023,0.4270660877227783,0.821722644586541
QM9-gap-50k,Random,61,-1,0.2064,35.5229040622299,0.0,0.0
QM9-gap-50k,Random,61,0,0.324,60.933448573898005,0.12070202827453613,0.9122175530613482
QM9-gap-50k,Random,61,1,0.324,60.933448573898005,0.12267327308654785,0.910069696288487
QM9-gap-50k,Random,61,2,0.324,60.933448573898005,0.12159204483032227,0.9053845742728125
QM9-gap-50k,Random,61,3,0.349,66.3353500432152,0.12750482559204102,0.9666374304141094
QM9-gap-50k,Random,61,4,0.349,66.3353500432152,0.12964701652526855,0.9791971512073979
QM9-gap-50k,Random,61,5,0.349,66.3353500432152,0.13202810287475586,0.973857142989903
QM9-gap-50k,Random,61,6,0.349,66.3353500432152,0.13167023658752441,0.9653904487889982
QM9-gap-50k,Random,61,7,0.349,66.3353500432152,0.1334700584411621,0.9937979502212734
QM9-gap-50k,Random,61,8,0.349,66.3353500432152,0.13361907005310059,0.9886569797646432
QM9-gap-50k,Random,61,9,0.349,66.3353500432152,0.13558197021484375,0.9631468977537733
QM9-gap-50k,Random,61,10,0.349,66.3353500432152,0.13668513298034668,0.9687814707039433
QM9-gap-50k,Random,61,11,0.349,66.3353500432152,0.13827204704284668,0.9603631042747827
QM9-gap-50k,Random,61,12,0.349,66.3353500432152,0.1384279727935791,0.94814252106855
QM9-gap-50k,Random,61,13,0.349,66.3353500432152,0.14494585990905762,0.9482855592503794
QM9-gap-50k,Random,61,14,0.349,66.3353500432152,0.14513015747070312,0.9452193060800043
QM9-gap-50k,Random,61,15,0.349,66.3353500432152,0.15121889114379883,0.949720854745346
QM9-gap-50k,Random,61,16,0.349,66.3353500432152,0.15316414833068848,0.9341328294190894
QM9-gap-50k,Random,61,17,0.349,66.3353500432152,0.16834211349487305,0.9286259528014562
QM9-gap-50k,Random,61,18,0.349,66.3353500432152,0.1589491367340088,0.932811801699756
QM9-gap-50k,Random,61,19,0.349,66.3353500432152,0.1618518829345703,0.9267826364794282
QM9-gap-50k,GLOSS,67,-1,0.2095,36.19273984442523,0.0,0.0
QM9-gap-50k,GLOSS,67,0,0.3105,58.01642178046672,0.9440851211547852,0.9816181567008143
QM9-gap-50k,GLOSS,67,1,0.3395,64.28262748487468,0.8507049083709717,0.9305243722797549
QM9-gap-50k,GLOSS,67,2,0.3879,74.74070872947277,0.8817458152770996,1.0289689300481053
QM9-gap-50k,GLOSS,67,3,0.5048,100.0,0.8770067691802979,1.13641457642978
QM9-gap-50k,GLOSS,67,4,0.5048,100.0,0.9084658622741699,1.1861493027285157
QM9-gap-50k,GLOSS,67,5,0.5048,100.0,0.9243519306182861,1.179887390674702
QM9-gap-50k,GLOSS,67,6,0.5048,100.0,0.9767601490020752,1.26570477670399
QM9-gap-50k,GLOSS,67,7,0.5048,100.0,0.9704780578613281,1.2681676009892393
QM9-gap-50k,GLOSS,67,8,0.5048,100.0,0.9482438564300537,1.234162836821171
QM9-gap-50k,GLOSS,67,9,0.5048,100.0,0.9913661479949951,1.2256739434642383
QM9-gap-50k,GLOSS,67,10,0.5048,100.0,0.9911537170410156,1.2387892768208524
QM9-gap-50k,GLOSS,67,11,0.5048,100.0,1.0315449237823486,1.2290883656560183
QM9-gap-50k,GLOSS,67,12,0.5048,100.0,1.016714096069336,1.217928123057823
QM9-gap-50k,GLOSS,67,13,0.5048,100.0,1.006556749343872,1.2266060234817238
QM9-gap-50k,GLOSS,67,14,0.5048,100.0,1.0295829772949219,1.2220044454499543
QM9-gap-50k,GLOSS,67,15,0.5048,100.0,1.0478637218475342,1.220751309791572
QM9-gap-50k,GLOSS,67,16,0.5048,100.0,1.0293750762939453,1.22739442969187
QM9-gap-50k,GLOSS,67,17,0.5048,100.0,1.1217029094696045,1.2144945024431335
QM9-gap-50k,GLOSS,67,18,0.5048,100.0,1.1050000190734863,1.2219936509407796
QM9-gap-50k,GLOSS,67,19,0.5048,100.0,1.1005990505218506,1.2161314259904008
QM9-gap-50k,UCB-BO,67,-1,0.2095,36.19273984442523,0.0,0.0
QM9-gap-50k,UCB-BO,67,0,0.3105,58.01642178046672,0.22713494300842285,0.4189759681733726
QM9-gap-50k,UCB-BO,67,1,0.3105,58.01642178046672,0.24784207344055176,0.5912775572203363
QM9-gap-50k,UCB-BO,67,2,0.3105,58.01642178046672,0.2430131435394287,0.5710825339319858
QM9-gap-50k,UCB-BO,67,3,0.3235,60.82541054451167,0.2486128807067871,0.6288936108105561
QM9-gap-50k,UCB-BO,67,4,0.3255,61.25756266205704,0.25623512268066406,0.674213912202534
QM9-gap-50k,UCB-BO,67,5,0.3255,61.25756266205704,0.26679086685180664,0.6393900283186124
QM9-gap-50k,UCB-BO,67,6,0.3407,64.5419187554019,0.2657301425933838,0.6875110628521508
QM9-gap-50k,UCB-BO,67,7,0.3501,66.57303370786516,0.28903913497924805,0.7290804002640633
QM9-gap-50k,UCB-BO,67,8,0.3501,66.57303370786516,0.2951931953430176,0.7541079205975403
QM9-gap-50k,UCB-BO,67,9,0.3762,72.21261884183232,0.2922697067260742,0.7835181106212193
QM9-gap-50k,UCB-BO,67,10,0.3762,72.21261884183232,0.2991909980773926,0.8283908173438823
QM9-gap-50k,UCB-BO,67,11,0.3809,73.22817631806396,0.31070995330810547,0.8395707386968337
QM9-gap-50k,UCB-BO,67,12,0.3809,73.22817631806396,0.308422327041626,0.8651557635423949
QM9-gap-50k,UCB-BO,67,13,0.3809,73.22817631806396,0.3258070945739746,0.8572971276452407
QM9-gap-50k,UCB-BO,67,14,0.4128,80.1210025929127,0.31236696243286133,0.8672141355526998
QM9-gap-50k,UCB-BO,67,15,0.4128,80.1210025929127,0.3302788734436035,0.8733000095243791
QM9-gap-50k,UCB-BO,67,16,0.4802,94.68452895419188,0.32362985610961914,0.89092957035625
QM9-gap-50k,UCB-BO,67,17,0.4802,94.68452895419188,0.30963897705078125,0.94085535870474
QM9-gap-50k,UCB-BO,67,18,0.4802,94.68452895419188,0.32588696479797363,0.9405487235807546
QM9-gap-50k,UCB-BO,67,19,0.5048,100.0,0.3311460018157959,0.9898297779173019
QM9-gap-50k,BO(EI),67,-1,0.2095,36.19273984442523,0.0,0.0
QM9-gap-50k,BO(EI),67,0,0.2939,54.4295592048401,0.2524759769439697,0.587362087701359
QM9-gap-50k,BO(EI),67,1,0.2962,54.92653414001729,0.2623422145843506,0.8519943177844364
QM9-gap-50k,BO(EI),67,2,0.3344,63.18063958513396,0.24878311157226562,0.8487781238660657
QM9-gap-50k,BO(EI),67,3,0.3344,63.18063958513396,0.28151488304138184,0.9264188688065582
QM9-gap-50k,BO(EI),67,4,0.3507,66.70267934312878,0.2763097286224365,0.856308345147706
QM9-gap-50k,BO(EI),67,5,0.3507,66.70267934312878,0.29387807846069336,0.9305674336659864
QM9-gap-50k,BO(EI),67,6,0.3594,68.58254105445116,0.2773599624633789,0.9808520328857949
QM9-gap-50k,BO(EI),67,7,0.3594,68.58254105445116,0.26740002632141113,0.9965804439241182
QM9-gap-50k,BO(EI),67,8,0.4465,87.40276577355229,0.2714869976043701,0.9799743344778411
QM9-gap-50k,BO(EI),67,9,0.4465,87.40276577355229,0.29610395431518555,0.9856421195909673
QM9-gap-50k,BO(EI),67,10,0.4802,94.68452895419188,0.2951080799102783,1.0008026528517402
QM9-gap-50k,BO(EI),67,11,0.4802,94.68452895419188,0.3017897605895996,1.0233494782243093
QM9-gap-50k,BO(EI),67,12,0.4802,94.68452895419188,0.30523109436035156,1.0701761121547473
QM9-gap-50k,BO(EI),67,13,0.4802,94.68452895419188,0.3023521900177002,1.0696949078484417
QM9-gap-50k,BO(EI),67,14,0.5048,100.0,0.30890393257141113,1.0972186651923466
QM9-gap-50k,BO(EI),67,15,0.5048,100.0,0.31297731399536133,1.1239110757711286
QM9-gap-50k,BO(EI),67,16,0.5048,100.0,0.3299069404602051,1.1449661580860455
QM9-gap-50k,BO(EI),67,17,0.5048,100.0,0.3605680465698242,1.1432231982681378
QM9-gap-50k,BO(EI),67,18,0.5048,100.0,0.3326380252838135,1.1470079357310132
QM9-gap-50k,BO(EI),67,19,0.5048,100.0,0.34282493591308594,1.1312489370204843
QM9-gap-50k,GA,67,-1,0.2095,36.19273984442523,0.0,0.0
QM9-gap-50k,GA,67,0,0.2895,53.47882454624027,0.31787705421447754,1.0602269840973157
QM9-gap-50k,GA,67,1,0.3365,63.63439930855661,0.3264589309692383,1.037140842843641
QM9-gap-50k,GA,67,2,0.3365,63.63439930855661,0.3516678810119629,0.900427999666589
QM9-gap-50k,GA,67,3,0.3423,64.8876404494382,0.3483400344848633,0.8995236939153718
QM9-gap-50k,GA,67,4,0.3423,64.8876404494382,0.3611011505126953,0.8324977950372779
QM9-gap-50k,GA,67,5,0.3599,68.6905790838375,0.3738241195678711,0.8318918466070363
QM9-gap-50k,GA,67,6,0.3656,69.92221261884183,0.37635087966918945,0.8087941019172206
QM9-gap-50k,GA,67,7,0.3656,69.92221261884183,0.3757460117340088,0.8173028831923789
QM9-gap-50k,GA,67,8,0.3656,69.92221261884183,0.3736100196838379,0.8475335922323703
QM9-gap-50k,GA,67,9,0.3656,69.92221261884183,0.379500150680542,0.8414229978785132
QM9-gap-50k,GA,67,10,0.3692,70.7000864304235,0.3828301429748535,0.8249765882735636
QM9-gap-50k,GA,67,11,0.3692,70.7000864304235,0.39771604537963867,0.8191249761939998
QM9-gap-50k,GA,67,12,0.3692,70.7000864304235,0.40238308906555176,0.8104763650472909
QM9-gap-50k,GA,67,13,0.3692,70.7000864304235,0.4167320728302002,0.814155973876929
QM9-gap-50k,GA,67,14,0.3692,70.7000864304235,0.40059924125671387,0.8114704265924877
QM9-gap-50k,GA,67,15,0.3692,70.7000864304235,0.4109828472137451,0.8073280781145991
QM9-gap-50k,GA,67,16,0.3692,70.7000864304235,0.40561509132385254,0.8015080724437947
QM9-gap-50k,GA,67,17,0.378,72.60155574762315,0.39647698402404785,0.8042261373377991
QM9-gap-50k,GA,67,18,0.378,72.60155574762315,0.40326571464538574,0.7975505996840988
QM9-gap-50k,GA,67,19,0.378,72.60155574762315,0.4144141674041748,0.7903751209894058
QM9-gap-50k,Random,67,-1,0.2095,36.19273984442523,0.0,0.0
QM9-gap-50k,Random,67,0,0.2794,51.29645635263612,0.12097978591918945,1.0754237086527108
QM9-gap-50k,Random,67,1,0.321,60.285220397579955,0.1207728385925293,0.9369592768389758
QM9-gap-50k,Random,67,2,0.3312,62.48919619706136,0.12208414077758789,0.9290122779666314
QM9-gap-50k,Random,67,3,0.3312,62.48919619706136,0.12319684028625488,0.9323592285340743
QM9-gap-50k,Random,67,4,0.3312,62.48919619706136,0.12433505058288574,0.917303255006789
QM9-gap-50k,Random,67,5,0.3312,62.48919619706136,0.12762117385864258,0.9084631649453926
QM9-gap-50k,Random,67,6,0.3312,62.48919619706136,0.12897515296936035,0.8818960270580475
QM9-gap-50k,Random,67,7,0.3379,63.936905790838374,0.13100910186767578,0.8707724918296107
QM9-gap-50k,Random,67,8,0.3379,63.936905790838374,0.13376879692077637,0.8544451623481599
QM9-gap-50k,Random,67,9,0.3379,63.936905790838374,0.13576126098632812,0.8555679302108833
QM9-gap-50k,Random,67,10,0.3522,67.02679343128781,0.13831210136413574,0.8499298778810376
QM9-gap-50k,Random,67,11,0.3522,67.02679343128781,0.13933706283569336,0.8477325536880221
QM9-gap-50k,Random,67,12,0.3522,67.02679343128781,0.14444279670715332,0.8524509060662531
QM9-gap-50k,Random,67,13,0.3522,67.02679343128781,0.14544010162353516,0.8574175143616564
QM9-gap-50k,Random,67,14,0.3522,67.02679343128781,0.14482378959655762,0.8569338339247247
QM9-gap-50k,Random,67,15,0.3522,67.02679343128781,0.15239310264587402,0.8659768937268137
QM9-gap-50k,Random,67,16,0.3522,67.02679343128781,0.15238690376281738,0.8826639575116357
QM9-gap-50k,Random,67,17,0.3522,67.02679343128781,0.15561604499816895,0.8776508910948173
QM9-gap-50k,Random,67,18,0.364,69.57649092480553,0.155379056930542,0.889506172802237
QM9-gap-50k,Random,67,19,0.364,69.57649092480553,0.1578221321105957,0.8910017966497636
QM9-gap-55k,GLOSS,47,-1,0.2091,36.10630942091616,0.0,0.0
QM9-gap-55k,GLOSS,47,0,0.271,49.48141745894555,1.0947957038879395,0.6248794494327209
QM9-gap-55k,GLOSS,47,1,0.314,58.772687986171135,1.0157339572906494,0.851810764537996
QM9-gap-55k,GLOSS,47,2,0.3481,66.1408815903198,0.9798238277435303,0.8341886734447425
QM9-gap-55k,GLOSS,47,3,0.3481,66.1408815903198,1.0266697406768799,0.8710800513949991
QM9-gap-55k,GLOSS,47,4,0.3698,70.82973206568712,1.0559020042419434,0.8672572973971122
QM9-gap-55k,GLOSS,47,5,0.3824,73.55229040622298,1.032228946685791,0.9544950298578906
QM9-gap-55k,GLOSS,47,6,0.4298,83.7942955920484,1.0629518032073975,0.9939204169138811
QM9-gap-55k,GLOSS,47,7,0.4802,94.68452895419188,1.0567398071289062,1.0495641265390467
QM9-gap-55k,GLOSS,47,8,0.5048,100.0,1.0632052421569824,1.0876174860296028
QM9-gap-55k,GLOSS,47,9,0.5048,100.0,1.037412166595459,1.1251695029422122
QM9-gap-55k,GLOSS,47,10,0.5048,100.0,1.0881741046905518,1.124111312367549
QM9-gap-55k,GLOSS,47,11,0.5048,100.0,1.114182949066162,1.1128473500175116
QM9-gap-55k,GLOSS,47,12,0.5048,100.0,1.0909299850463867,1.1104249549680367
QM9-gap-55k,GLOSS,47,13,0.5048,100.0,1.1029701232910156,1.1077559057693278
QM9-gap-55k,GLOSS,47,14,0.5048,100.0,1.1099982261657715,1.1087010712822112
QM9-gap-55k,GLOSS,47,15,0.5048,100.0,1.133795976638794,1.1150344606983067
QM9-gap-55k,GLOSS,47,16,0.5048,100.0,1.1386611461639404,1.1109456023591524
QM9-gap-55k,GLOSS,47,17,0.5048,100.0,1.1437797546386719,1.106529001492777
QM9-gap-55k,GLOSS,47,18,0.5048,100.0,1.1846520900726318,1.093329055330055
QM9-gap-55k,GLOSS,47,19,0.5048,100.0,1.2486977577209473,1.0905141523761133
QM9-gap-55k,UCB-BO,47,-1,0.2091,36.10630942091616,0.0,0.0
QM9-gap-55k,UCB-BO,47,0,0.2442,43.690579083837505,0.24955105781555176,0.14846793000223804
QM9-gap-55k,UCB-BO,47,1,0.2442,43.690579083837505,0.283905029296875,0.3471952123653733
QM9-gap-55k,UCB-BO,47,2,0.2484,44.5980985306828,0.2861502170562744,0.35261325359509293
QM9-gap-55k,UCB-BO,47,3,0.3063,57.10890233362144,0.29176807403564453,0.6006119927187932
QM9-gap-55k,UCB-BO,47,4,0.3379,63.936905790838374,0.323610782623291,0.7695692657293718
QM9-gap-55k,UCB-BO,47,5,0.3658,69.96542783059637,0.310405969619751,0.8344972806067265
QM9-gap-55k,UCB-BO,47,6,0.3658,69.96542783059637,0.30258917808532715,0.8754676825081529
QM9-gap-55k,UCB-BO,47,7,0.4465,87.40276577355229,0.3220479488372803,0.9331768152122647
QM9-gap-55k,UCB-BO,47,8,0.4802,94.68452895419188,0.3211369514465332,1.0031459578137323
QM9-gap-55k,UCB-BO,47,9,0.4802,94.68452895419188,0.3220670223236084,1.0447389119868302
QM9-gap-55k,UCB-BO,47,10,0.4802,94.68452895419188,0.327225923538208,1.090596052233276
QM9-gap-55k,UCB-BO,47,11,0.4802,94.68452895419188,0.3239471912384033,1.1126356329917348
QM9-gap-55k,UCB-BO,47,12,0.4802,94.68452895419188,0.3333249092102051,1.1321336075951305
QM9-gap-55k,UCB-BO,47,13,0.4802,94.68452895419188,0.3420107364654541,1.1307788880854968
QM9-gap-55k,UCB-BO,47,14,0.4802,94.68452895419188,0.3529181480407715,1.1281519389238355
QM9-gap-55k,UCB-BO,47,15,0.4802,94.68452895419188,0.3570539951324463,1.118326068967675
QM9-gap-55k,UCB-BO,47,16,0.4802,94.68452895419188,0.36071276664733887,1.1021255957665483
QM9-gap-55k,UCB-BO,47,17,0.4802,94.68452895419188,0.35625195503234863,1.089317897646504
QM9-gap-55k,UCB-BO,47,18,0.4802,94.68452895419188,0.3635849952697754,1.0793283431380132
QM9-gap-55k,UCB-BO,47,19,0.5048,100.0,0.3579730987548828,1.0842758476020402
QM9-gap-55k,BO(EI),47,-1,0.2091,36.10630942091616,0.0,0.0
QM9-gap-55k,BO(EI),47,0,0.2524,45.46240276577355,0.2527899742126465,0.11200708648311394
QM9-gap-55k,BO(EI),47,1,0.2613,47.38547968885046,0.26883983612060547,0.44847737214837546
QM9-gap-55k,BO(EI),47,2,0.2613,47.38547968885046,0.2849738597869873,0.5731637408144464
QM9-gap-55k,BO(EI),47,3,0.2613,47.38547968885046,0.29191088676452637,0.540127029683687
QM9-gap-55k,BO(EI),47,4,0.3119,58.31892826274849,0.28249692916870117,0.6189258331739913
QM9-gap-55k,BO(EI),47,5,0.3131,58.578219533275714,0.29570484161376953,0.7761568145764448
QM9-gap-55k,BO(EI),47,6,0.3661,70.03025064822816,0.3024711608886719,0.9075318548335931
QM9-gap-55k,BO(EI),47,7,0.3767,72.32065687121866,0.30721116065979004,1.0020594031477488
QM9-gap-55k,BO(EI),47,8,0.3782,72.6447709593777,0.31415796279907227,1.0321160237867804
QM9-gap-55k,BO(EI),47,9,0.3809,73.22817631806396,0.3175501823425293,1.0457141004954953
QM9-gap-55k,BO(EI),47,10,0.417,81.02852203975799,0.3281388282775879,1.0633179748406594
QM9-gap-55k,BO(EI),47,11,0.4802,94.68452895419188,0.32262396812438965,1.0783749990497302
QM9-gap-55k,BO(EI),47,12,0.4802,94.68452895419188,0.34130144119262695,1.1039007907464904
QM9-gap-55k,BO(EI),47,13,0.4802,94.68452895419188,0.3387739658355713,1.090464955984399
QM9-gap-55k,BO(EI),47,14,0.4802,94.68452895419188,0.33823680877685547,1.1137462545516992
QM9-gap-55k,BO(EI),47,15,0.4802,94.68452895419188,0.34656572341918945,1.1200460916308888
QM9-gap-55k,BO(EI),47,16,0.4802,94.68452895419188,0.3485901355743408,1.1612850777607715
QM9-gap-55k,BO(EI),47,17,0.5048,100.0,0.36321306228637695,1.1864635573226172
QM9-gap-55k,BO(EI),47,18,0.5048,100.0,0.3664088249206543,1.1830247984303777
QM9-gap-55k,BO(EI),47,19,0.5048,100.0,0.3672959804534912,1.2072981430514413
QM9-gap-55k,GA,47,-1,0.2091,36.10630942091616,0.0,0.0
QM9-gap-55k,GA,47,0,0.269,49.04926534140017,0.3453688621520996,0.7216130837129963
QM9-gap-55k,GA,47,1,0.3234,60.8038029386344,0.35704779624938965,0.8904782273834453
QM9-gap-55k,GA,47,2,0.3234,60.8038029386344,0.3866422176361084,0.8837997489510298
QM9-gap-55k,GA,47,3,0.3649,69.77095937770095,0.40690016746520996,0.8442460948585112
QM9-gap-55k,GA,47,4,0.3649,69.77095937770095,0.419086217880249,0.8181228701542009
QM9-gap-55k,GA,47,5,0.3649,69.77095937770095,0.41635894775390625,0.8231977066531607
QM9-gap-55k,GA,47,6,0.4051,78.45721694036301,0.4349980354309082,0.818765060813687
QM9-gap-55k,GA,47,7,0.4051,78.45721694036301,0.4463920593261719,0.8155575331887106
QM9-gap-55k,GA,47,8,0.4051,78.45721694036301,0.44081878662109375,0.8086107998304687
QM9-gap-55k,GA,47,9,0.4051,78.45721694036301,0.43706798553466797,0.7996407564240495
QM9-gap-55k,GA,47,10,0.4051,78.45721694036301,0.4472501277923584,0.8062952115741785
QM9-gap-55k,GA,47,11,0.4051,78.45721694036301,0.45153117179870605,0.7972644969993778
QM9-gap-55k,GA,47,12,0.4051,78.45721694036301,0.4529612064361572,0.7757573064417715
QM9-gap-55k,GA,47,13,0.4051,78.45721694036301,0.4568138122558594,0.7791579176806667
QM9-gap-55k,GA,47,14,0.4051,78.45721694036301,0.45595407485961914,0.7805251577849988
QM9-gap-55k,GA,47,15,0.4051,78.45721694036301,0.4533419609069824,0.7821693252922314
QM9-gap-55k,GA,47,16,0.4051,78.45721694036301,0.4517190456390381,0.769295110522901
QM9-gap-55k,GA,47,17,0.4051,78.45721694036301,0.4639089107513428,0.7583024998816013
QM9-gap-55k,GA,47,18,0.4051,78.45721694036301,0.4600529670715332,0.7712628972153912
QM9-gap-55k,GA,47,19,0.4051,78.45721694036301,0.4728119373321533,0.7733705680316771
QM9-gap-55k,Random,47,-1,0.2091,36.10630942091616,0.0,0.0
QM9-gap-55k,Random,47,0,0.3213,60.35004321521175,0.12810492515563965,0.910662522931539
QM9-gap-55k,Random,47,1,0.3213,60.35004321521175,0.1283588409423828,0.8285266181547372
QM9-gap-55k,Random,47,2,0.3213,60.35004321521175,0.13057398796081543,0.8825416309391465
QM9-gap-55k,Random,47,3,0.338,63.958513396715645,0.13259434700012207,0.9469648034058242
QM9-gap-55k,Random,47,4,0.338,63.958513396715645,0.13731694221496582,0.9926309216426347
QM9-gap-55k,Random,47,5,0.338,63.958513396715645,0.13410210609436035,0.9790034737158707
QM9-gap-55k,Random,47,6,0.3498,66.50821089023336,0.13620519638061523,0.9726137196976927
QM9-gap-55k,Random,47,7,0.3498,66.50821089023336,0.14075589179992676,0.9659031105263287
QM9-gap-55k,Random,47,8,0.3498,66.50821089023336,0.14155197143554688,0.9667617588711739
QM9-gap-55k,Random,47,9,0.3498,66.50821089023336,0.14255905151367188,0.9261229080449883
QM9-gap-55k,Random,47,10,0.3498,66.50821089023336,0.1437840461730957,0.92562328018294
QM9-gap-55k,Random,47,11,0.3498,66.50821089023336,0.14441394805908203,0.9180590187113051
QM9-gap-55k,Random,47,12,0.3498,66.50821089023336,0.1535780429840088,0.9157136345981318
QM9-gap-55k,Random,47,13,0.3498,66.50821089023336,0.15331196784973145,0.9168005855180462
QM9-gap-55k,Random,47,14,0.3533,67.26447709593776,0.15393590927124023,0.9200382010998841
QM9-gap-55k,Random,47,15,0.3533,67.26447709593776,0.15803813934326172,0.9101146630787161
QM9-gap-55k,Random,47,16,0.3533,67.26447709593776,0.16029000282287598,0.9025853784113272
QM9-gap-55k,Random,47,17,0.3533,67.26447709593776,0.16048502922058105,0.9109999028635627
QM9-gap-55k,Random,47,18,0.3533,67.26447709593776,0.16422009468078613,0.9224092695303211
QM9-gap-55k,Random,47,19,0.3533,67.26447709593776,0.1645050048828125,0.9247647919652459
QM9-gap-55k,GLOSS,53,-1,0.2053,35.28522039757995,0.0,0.0
QM9-gap-55k,GLOSS,53,0,0.2612,47.363872082973195,1.0605049133300781,0.49923105879569957
QM9-gap-55k,GLOSS,53,1,0.3143,58.83751080380294,1.0336971282958984,0.605834917773105
QM9-gap-55k,GLOSS,53,2,0.3428,64.99567847882454,1.110321044921875,0.6367484939395575
QM9-gap-55k,GLOSS,53,3,0.3446,65.38461538461539,1.182893991470337,0.7788942550653986
QM9-gap-55k,GLOSS,53,4,0.3725,71.41313742437337,1.0439469814300537,0.863943744356203
QM9-gap-55k,GLOSS,53,5,0.4802,94.68452895419188,1.0384790897369385,0.884041096354036
QM9-gap-55k,GLOSS,53,6,0.4802,94.68452895419188,1.065802812576294,0.9988936128040362
QM9-gap-55k,GLOSS,53,7,0.4802,94.68452895419188,1.0916929244995117,1.0588686201003998
QM9-gap-55k,GLOSS,53,8,0.5048,100.0,1.1292998790740967,1.1273276893148914
QM9-gap-55k,GLOSS,53,9,0.5048,100.0,1.085029125213623,1.2152344903396657
QM9-gap-55k,GLOSS,53,10,0.5048,100.0,1.0936238765716553,1.1945456730894213
QM9-gap-55k,GLOSS,53,11,0.5048,100.0,1.1073241233825684,1.1841983509288065
QM9-gap-55k,GLOSS,53,12,0.5048,100.0,1.1243360042572021,1.1824705203734558
QM9-gap-55k,GLOSS,53,13,0.5048,100.0,1.123668909072876,1.1838119982919426
QM9-gap-55k,GLOSS,53,14,0.5048,100.0,1.1545641422271729,1.1756708135665603
QM9-gap-55k,GLOSS,53,15,0.5048,100.0,1.1884269714355469,1.1626676784975456
QM9-gap-55k,GLOSS,53,16,0.5048,100.0,1.2249398231506348,1.1543981722744365
QM9-gap-55k,GLOSS,53,17,0.5048,100.0,1.2019000053405762,1.1638363463198802
QM9-gap-55k,GLOSS,53,18,0.5048,100.0,1.2390031814575195,1.172977920116234
QM9-gap-55k,GLOSS,53,19,0.5048,100.0,1.23897385597229,1.1682123452031152
QM9-gap-55k,UCB-BO,53,-1,0.2053,35.28522039757995,0.0,0.0
QM9-gap-55k,UCB-BO,53,0,0.2282,40.233362143474494,0.25062108039855957,0.162015179886457
QM9-gap-55k,UCB-BO,53,1,0.2398,42.739844425237685,0.26969003677368164,0.3459096257553924
QM9-gap-55k,UCB-BO,53,2,0.3293,62.07865168539325,0.285703182220459,0.5265089275830221
QM9-gap-55k,UCB-BO,53,3,0.3354,63.396715643906646,0.28571009635925293,0.8341711508720157
QM9-gap-55k,UCB-BO,53,4,0.3409,64.58513396715642,0.2874760627746582,0.8871040533801751
QM9-gap-55k,UCB-BO,53,5,0.3409,64.58513396715642,0.29392409324645996,0.8707758840220953
QM9-gap-55k,UCB-BO,53,6,0.3409,64.58513396715642,0.30715084075927734,0.8421131700478309
QM9-gap-55k,UCB-BO,53,7,0.3409,64.58513396715642,0.30992603302001953,0.8053509772836076
QM9-gap-55k,UCB-BO,53,8,0.3409,64.58513396715642,0.31633901596069336,0.7970455701442825
QM9-gap-55k,UCB-BO,53,9,0.3409,64.58513396715642,0.32117676734924316,0.7731440514135116
QM9-gap-55k,UCB-BO,53,10,0.3409,64.58513396715642,0.326448917388916,0.7540210585420184
QM9-gap-55k,UCB-BO,53,11,0.3424,64.90924805531546,0.3313109874725342,0.7411100318384614
QM9-gap-55k,UCB-BO,53,12,0.3424,64.90924805531546,0.342620849609375,0.7162516861515713
QM9-gap-55k,UCB-BO,53,13,0.3637,69.51166810717373,0.35430312156677246,0.74687217903806
QM9-gap-55k,UCB-BO,53,14,0.3637,69.51166810717373,0.3520338535308838,0.7608942829411589
QM9-gap-55k,UCB-BO,53,15,0.364,69.57649092480553,0.35505223274230957,0.7818828335923887
QM9-gap-55k,UCB-BO,53,16,0.4298,83.7942955920484,0.358928918838501,0.78214965602332
QM9-gap-55k,UCB-BO,53,17,0.4465,87.40276577355229,0.3619568347930908,0.8229527270215539
QM9-gap-55k,UCB-BO,53,18,0.4465,87.40276577355229,0.3676290512084961,0.8419495844093391
QM9-gap-55k,UCB-BO,53,19,0.5048,100.0,0.36739683151245117,0.8799141267250437
QM9-gap-55k,BO(EI),53,-1,0.2053,35.28522039757995,0.0,0.0
QM9-gap-55k,BO(EI),53,0,0.2205,38.5695764909248,0.2586970329284668,0.14298649092519145
QM9-gap-55k,BO(EI),53,1,0.2911,53.824546240276575,0.27901196479797363,0.28298875126194856
QM9-gap-55k,BO(EI),53,2,0.2911,53.824546240276575,0.2922651767730713,0.40462168451045966
QM9-gap-55k,BO(EI),53,3,0.2911,53.824546240276575,0.3021121025085449,0.404740121180524
QM9-gap-55k,BO(EI),53,4,0.3269,61.56006914433881,0.2986421585083008,0.45137184851994844
QM9-gap-55k,BO(EI),53,5,0.4128,80.1210025929127,0.3114128112792969,0.5926083794646178
QM9-gap-55k,BO(EI),53,6,0.4128,80.1210025929127,0.30887389183044434,0.7155133962467222
QM9-gap-55k,BO(EI),53,7,0.4128,80.1210025929127,0.3110780715942383,0.7426146212254613
QM9-gap-55k,BO(EI),53,8,0.462,90.75194468452895,0.30927109718322754,0.7980257753132358
QM9-gap-55k,BO(EI),53,9,0.462,90.75194468452895,0.3337717056274414,0.84088553974308
QM9-gap-55k,BO(EI),53,10,0.4802,94.68452895419188,0.33965086936950684,0.9641279702551092
QM9-gap-55k,BO(EI),53,11,0.4802,94.68452895419188,0.3360869884490967,0.9979434886978823
QM9-gap-55k,BO(EI),53,12,0.4802,94.68452895419188,0.3417527675628662,1.0535974534653918
QM9-gap-55k,BO(EI),53,13,0.4802,94.68452895419188,0.3513209819793701,1.0541978441866369
QM9-gap-55k,BO(EI),53,14,0.4802,94.68452895419188,0.3578500747680664,1.062127741098932
QM9-gap-55k,BO(EI),53,15,0.4802,94.68452895419188,0.3609302043914795,1.0679420312070682
QM9-gap-55k,BO(EI),53,16,0.4802,94.68452895419188,0.36043787002563477,1.0677813908667553
QM9-gap-55k,BO(EI),53,17,0.5048,100.0,0.3625059127807617,1.0937023253827305
QM9-gap-55k,BO(EI),53,18,0.5048,100.0,0.36510705947875977,1.1208330193707368
QM9-gap-55k,BO(EI),53,19,0.5048,100.0,0.36804986000061035,1.1152630987815133
QM9-gap-55k,GA,53,-1,0.2053,35.28522039757995,0.0,0.0
QM9-gap-55k,GA,53,0,0.3013,56.028522039758,0.3386211395263672,0.6304997943738704
QM9-gap-55k,GA,53,1,0.3181,59.65859982713915,0.375565767288208,0.812607006462521
QM9-gap-55k,GA,53,2,0.3372,63.78565254969749,0.38620901107788086,0.8505144082740476
QM9-gap-55k,GA,53,3,0.3372,63.78565254969749,0.4007141590118408,0.8224448838681125
QM9-gap-55k,GA,53,4,0.3641,69.59809853068279,0.4168996810913086,0.838727808056142
QM9-gap-55k,GA,53,5,0.3641,69.59809853068279,0.4317779541015625,0.8311088706279748
QM9-gap-55k,GA,53,6,0.3641,69.59809853068279,0.4526698589324951,0.8203832225364224
QM9-gap-55k,GA,53,7,0.3641,69.59809853068279,0.4508950710296631,0.8492461930396205
QM9-gap-55k,GA,53,8,0.3641,69.59809853068279,0.45606470108032227,0.8419262148890914
QM9-gap-55k,GA,53,9,0.3641,69.59809853068279,0.4374868869781494,0.8385909451793607
QM9-gap-55k,GA,53,10,0.3641,69.59809853068279,0.44724202156066895,0.8246166757435487
QM9-gap-55k,GA,53,11,0.3641,69.59809853068279,0.4522280693054199,0.8209093778164774
QM9-gap-55k,GA,53,12,0.3641,69.59809853068279,0.4646472930908203,0.8137865667758151
QM9-gap-55k,GA,53,13,0.3641,69.59809853068279,0.4528801441192627,0.7994389155085629
QM9-gap-55k,GA,53,14,0.3641,69.59809853068279,0.4515359401702881,0.795252901362583
QM9-gap-55k,GA,53,15,0.3641,69.59809853068279,0.45917272567749023,0.7862756929823075
QM9-gap-55k,GA,53,16,0.3659,69.98703543647363,0.4664790630340576,0.7796891576228044
QM9-gap-55k,GA,53,17,0.3659,69.98703543647363,0.4726889133453369,0.7840928799356801
QM9-gap-55k,GA,53,18,0.3659,69.98703543647363,0.4762759208679199,0.7811475550562477
QM9-gap-55k,GA,53,19,0.4051,78.45721694036301,0.48819708824157715,0.7806203223314401
QM9-gap-55k,Random,53,-1,0.2053,35.28522039757995,0.0,0.0
QM9-gap-55k,Random,53,0,0.3144,58.859118409680214,0.12857413291931152,0.7851421850064157
QM9-gap-55k,Random,53,1,0.3144,58.859118409680214,0.12937712669372559,0.818813923713427
QM9-gap-55k,Random,53,2,0.3144,58.859118409680214,0.13030195236206055,0.8636343771569985
QM9-gap-55k,Random,53,3,0.3226,60.63094209161625,0.13225793838500977,0.8426335430432237
QM9-gap-55k,Random,53,4,0.3226,60.63094209161625,0.13309621810913086,0.822596810438864
QM9-gap-55k,Random,53,5,0.3226,60.63094209161625,0.135026216506958,0.826256821249152
QM9-gap-55k,Random,53,6,0.3612,68.97147796024201,0.13785600662231445,0.8596389383414565
QM9-gap-55k,Random,53,7,0.3612,68.97147796024201,0.1402449607849121,0.8627599690845782
QM9-gap-55k,Random,53,8,0.3612,68.97147796024201,0.14315104484558105,0.8490543647045165
QM9-gap-55k,Random,53,9,0.3612,68.97147796024201,0.14592313766479492,0.8582701644193836
QM9-gap-55k,Random,53,10,0.3612,68.97147796024201,0.14792203903198242,0.863625992100494
QM9-gap-55k,Random,53,11,0.3612,68.97147796024201,0.1973719596862793,0.8871019065807573
QM9-gap-55k,Random,53,12,0.3612,68.97147796024201,0.15668606758117676,0.8994530427818013
QM9-gap-55k,Random,53,13,0.3612,68.97147796024201,0.15777325630187988,0.9133005170550086
QM9-gap-55k,Random,53,14,0.3612,68.97147796024201,0.15788793563842773,0.9090548508995152
QM9-gap-55k,Random,53,15,0.3612,68.97147796024201,0.15635299682617188,0.9037013211434922
QM9-gap-55k,Random,53,16,0.3612,68.97147796024201,0.16085124015808105,0.9150458142032641
QM9-gap-55k,Random,53,17,0.3612,68.97147796024201,0.15941500663757324,0.9127175724176007
QM9-gap-55k,Random,53,18,0.3612,68.97147796024201,0.16476011276245117,0.9144175438139057
QM9-gap-55k,Random,53,19,0.3612,68.97147796024201,0.16258478164672852,0.9064902665163866
QM9-gap-55k,GLOSS,59,-1,0.2061,35.45808124459809,0.0,0.0
QM9-gap-55k,GLOSS,59,0,0.3191,59.87467588591184,1.0129530429840088,0.7198827334054002
QM9-gap-55k,GLOSS,59,1,0.3358,63.48314606741573,0.9239909648895264,0.7371313857214459
QM9-gap-55k,GLOSS,59,2,0.3358,63.48314606741573,0.9831981658935547,0.9314258800088198
QM9-gap-55k,GLOSS,59,3,0.3358,63.48314606741573,0.9555971622467041,1.0038868809119332
QM9-gap-55k,GLOSS,59,4,0.3358,63.48314606741573,0.9725949764251709,0.975230757305001
QM9-gap-55k,GLOSS,59,5,0.3369,63.720829732065674,1.0512819290161133,0.9677893575720616
QM9-gap-55k,GLOSS,59,6,0.3386,64.08815903197926,1.0254898071289062,0.9688805785855078
QM9-gap-55k,GLOSS,59,7,0.3386,64.08815903197926,1.0576591491699219,0.9472773668414538
QM9-gap-55k,GLOSS,59,8,0.3386,64.08815903197926,1.0541391372680664,0.9342525218439939
QM9-gap-55k,GLOSS,59,9,0.3386,64.08815903197926,1.0637130737304688,0.945416892403985
QM9-gap-55k,GLOSS,59,10,0.3414,64.69317199654277,1.1368589401245117,0.9762308155349414
QM9-gap-55k,GLOSS,59,11,0.3824,73.55229040622298,1.0700230598449707,1.0265363411370545
QM9-gap-55k,GLOSS,59,12,0.4465,87.40276577355229,1.0577821731567383,1.0732222920108807
QM9-gap-55k,GLOSS,59,13,0.4465,87.40276577355229,1.0970840454101562,1.0945987416719296
QM9-gap-55k,GLOSS,59,14,0.5048,100.0,1.0962409973144531,1.1449703571377765
QM9-gap-55k,GLOSS,59,15,0.5048,100.0,1.108116865158081,1.1535099232961066
QM9-gap-55k,GLOSS,59,16,0.5048,100.0,1.1464550495147705,1.1575708618138054
QM9-gap-55k,GLOSS,59,17,0.5048,100.0,1.1375060081481934,1.1565602035868856
QM9-gap-55k,GLOSS,59,18,0.5048,100.0,1.1564898490905762,1.1610599542150744
QM9-gap-55k,GLOSS,59,19,0.5048,100.0,1.174225091934204,1.1624286498104186
QM9-gap-55k,UCB-BO,59,-1,0.2061,35.45808124459809,0.0,0.0
QM9-gap-55k,UCB-BO,59,0,0.2342,41.52981849611062,0.25252819061279297,0.058560365806880156
QM9-gap-55k,UCB-BO,59,1,0.3172,59.46413137424372,0.26052308082580566,0.2000684140089418
QM9-gap-55k,UCB-BO,59,2,0.3172,59.46413137424372,0.27428507804870605,0.4529084085830965
QM9-gap-55k,UCB-BO,59,3,0.3172,59.46413137424372,0.2722318172454834,0.44939276986859555
QM9-gap-55k,UCB-BO,59,4,0.3172,59.46413137424372,0.27639293670654297,0.482767372074002
QM9-gap-55k,UCB-BO,59,5,0.3172,59.46413137424372,0.2826821804046631,0.4596155789173176
QM9-gap-55k,UCB-BO,59,6,0.3172,59.46413137424372,0.27881789207458496,0.4251545314251223
QM9-gap-55k,UCB-BO,59,7,0.3172,59.46413137424372,0.2894768714904785,0.4080311054857705
QM9-gap-55k,UCB-BO,59,8,0.3202,60.11235955056179,0.2863469123840332,0.4368261342679292
QM9-gap-55k,UCB-BO,59,9,0.3202,60.11235955056179,0.2895500659942627,0.5259124040564398
QM9-gap-55k,UCB-BO,59,10,0.3202,60.11235955056179,0.2987940311431885,0.6002931997116376
QM9-gap-55k,UCB-BO,59,11,0.3202,60.11235955056179,0.30452990531921387,0.6812356811589954
QM9-gap-55k,UCB-BO,59,12,0.3202,60.11235955056179,0.3155179023742676,0.7128490198348559
QM9-gap-55k,UCB-BO,59,13,0.3202,60.11235955056179,0.3231968879699707,0.6996868165931482
QM9-gap-55k,UCB-BO,59,14,0.3202,60.11235955056179,0.32477688789367676,0.722295162868041
QM9-gap-55k,UCB-BO,59,15,0.3202,60.11235955056179,0.3222470283508301,0.7441310352651956
QM9-gap-55k,UCB-BO,59,16,0.3202,60.11235955056179,0.33033180236816406,0.7393710157538887
QM9-gap-55k,UCB-BO,59,17,0.3202,60.11235955056179,0.3282601833343506,0.7354980077246878
QM9-gap-55k,UCB-BO,59,18,0.3202,60.11235955056179,0.3285667896270752,0.722987439846409
QM9-gap-55k,UCB-BO,59,19,0.3202,60.11235955056179,0.3430368900299072,0.7262837290469301
QM9-gap-55k,BO(EI),59,-1,0.2061,35.45808124459809,0.0,0.0
QM9-gap-55k,BO(EI),59,0,0.2282,40.233362143474494,0.25251030921936035,0.15554822983261413
QM9-gap-55k,BO(EI),59,1,0.2895,53.47882454624027,0.2592630386352539,0.5162477960596357
QM9-gap-55k,BO(EI),59,2,0.324,60.933448573898005,0.2752349376678467,0.679027930977033
QM9-gap-55k,BO(EI),59,3,0.324,60.933448573898005,0.27838802337646484,0.7315889253703282
QM9-gap-55k,BO(EI),59,4,0.3275,61.689714779602426,0.28782010078430176,0.7626663732541983
QM9-gap-55k,BO(EI),59,5,0.3409,64.58513396715642,0.3062570095062256,0.7799278785599234
QM9-gap-55k,BO(EI),59,6,0.3492,66.37856525496974,0.29882001876831055,0.8014980257657528
QM9-gap-55k,BO(EI),59,7,0.3497,66.4866032843561,0.31205201148986816,0.8044455362975826
QM9-gap-55k,BO(EI),59,8,0.3502,66.59464131374244,0.3297688961029053,0.8115907933114188
QM9-gap-55k,BO(EI),59,9,0.3799,73.01210025929127,0.3124830722808838,0.8311406487173623
QM9-gap-55k,BO(EI),59,10,0.3824,73.55229040622298,0.3251030445098877,0.8893910829404638
QM9-gap-55k,BO(EI),59,11,0.3824,73.55229040622298,0.3199348449707031,0.9092823699171099
QM9-gap-55k,BO(EI),59,12,0.4128,80.1210025929127,0.3325209617614746,0.9472879594475507
QM9-gap-55k,BO(EI),59,13,0.462,90.75194468452895,0.3637199401855469,0.9543188010106828
QM9-gap-55k,BO(EI),59,14,0.4802,94.68452895419188,0.3389909267425537,0.9508552269350379
QM9-gap-55k,BO(EI),59,15,0.4802,94.68452895419188,0.33949971199035645,0.9994211033800081
QM9-gap-55k,BO(EI),59,16,0.4802,94.68452895419188,0.35557007789611816,1.0419987397215207
QM9-gap-55k,BO(EI),59,17,0.4802,94.68452895419188,0.357759952545166,1.056613568745465
QM9-gap-55k,BO(EI),59,18,0.4802,94.68452895419188,0.3595261573791504,1.0442567235444549
QM9-gap-55k,BO(EI),59,19,0.4802,94.68452895419188,0.37389492988586426,1.0546311444956278
QM9-gap-55k,GA,59,-1,0.2061,35.45808124459809,0.0,0.0
QM9-gap-55k,GA,59,0,0.2587,46.82368193604148,0.34382081031799316,1.0276787332561397
QM9-gap-55k,GA,59,1,0.2587,46.82368193604148,0.3553318977355957,0.9390773075957602
QM9-gap-55k,GA,59,2,0.3235,60.82541054451167,0.37357068061828613,1.0436310709870555
QM9-gap-55k,GA,59,3,0.3428,64.99567847882454,0.38561201095581055,1.0655826005411437
QM9-gap-55k,GA,59,4,0.3428,64.99567847882454,0.39012765884399414,1.0317178464918968
QM9-gap-55k,GA,59,5,0.3428,64.99567847882454,0.40249013900756836,1.0475282233161345
QM9-gap-55k,GA,59,6,0.3666,70.13828867761451,0.40735697746276855,1.0431677003887572
QM9-gap-55k,GA,59,7,0.3666,70.13828867761451,0.4211459159851074,1.010474609517008
QM9-gap-55k,GA,59,8,0.3666,70.13828867761451,0.4305531978607178,0.9857437014202085
QM9-gap-55k,GA,59,9,0.3666,70.13828867761451,0.43148279190063477,0.9683000289263048
QM9-gap-55k,GA,59,10,0.3666,70.13828867761451,0.43509364128112793,0.9742684970947171
QM9-gap-55k,GA,59,11,0.3666,70.13828867761451,0.4477713108062744,0.9571247542310211
QM9-gap-55k,GA,59,12,0.3799,73.01210025929127,0.44780421257019043,0.9501414167106018
QM9-gap-55k,GA,59,13,0.3799,73.01210025929127,0.4504718780517578,0.933360725888121
QM9-gap-55k,GA,59,14,0.3799,73.01210025929127,0.4507570266723633,0.9186302724804154
QM9-gap-55k,GA,59,15,0.3799,73.01210025929127,0.45743489265441895,0.9022853918157394
QM9-gap-55k,GA,59,16,0.3799,73.01210025929127,0.4485812187194824,0.8966640121718973
QM9-gap-55k,GA,59,17,0.3799,73.01210025929127,0.45287299156188965,0.8838421747385895
QM9-gap-55k,GA,59,18,0.3799,73.01210025929127,0.46175217628479004,0.8783173426779772
QM9-gap-55k,GA,59,19,0.3799,73.01210025929127,0.45745301246643066,0.8870234270372755
QM9-gap-55k,Random,59,-1,0.2061,35.45808124459809,0.0,0.0
QM9-gap-55k,Random,59,0,0.3088,57.64909248055316,0.12853598594665527,0.9382720027309136
QM9-gap-55k,Random,59,1,0.3088,57.64909248055316,0.12778687477111816,0.926614152122054
QM9-gap-55k,Random,59,2,0.3088,57.64909248055316,0.13048291206359863,0.9686307942526979
QM9-gap-55k,Random,59,3,0.3179,59.61538461538461,0.13149476051330566,0.9225088769317507
QM9-gap-55k,Random,59,4,0.3179,59.61538461538461,0.13352704048156738,0.8753813312510745
QM9-gap-55k,Random,59,5,0.3179,59.61538461538461,0.13445520401000977,0.8508980439166967
QM9-gap-55k,Random,59,6,0.3179,59.61538461538461,0.1358931064605713,0.8507882678145042
QM9-gap-55k,Random,59,7,0.3179,59.61538461538461,0.13931488990783691,0.8238236638097425
QM9-gap-55k,Random,59,8,0.3353,63.37510803802938,0.14186477661132812,0.8176941034405897
QM9-gap-55k,Random,59,9,0.3353,63.37510803802938,0.14188504219055176,0.8342444247937707
QM9-gap-55k,Random,59,10,0.3353,63.37510803802938,0.14631986618041992,0.8568203985602553
QM9-gap-55k,Random,59,11,0.3353,63.37510803802938,0.14660096168518066,0.8654564477106703
QM9-gap-55k,Random,59,12,0.3353,63.37510803802938,0.1495211124420166,0.8658438188519232
QM9-gap-55k,Random,59,13,0.3353,63.37510803802938,0.1492140293121338,0.8724375422822047
QM9-gap-55k,Random,59,14,0.3353,63.37510803802938,0.15022611618041992,0.8624634851918526
QM9-gap-55k,Random,59,15,0.3353,63.37510803802938,0.1555941104888916,0.8538626917160994
QM9-gap-55k,Random,59,16,0.3353,63.37510803802938,0.15703296661376953,0.8588996609603967
QM9-gap-55k,Random,59,17,0.346,65.68712186689713,0.1573350429534912,0.8573609971523669
QM9-gap-55k,Random,59,18,0.346,65.68712186689713,0.15862774848937988,0.8602410442060718
QM9-gap-55k,Random,59,19,0.346,65.68712186689713,0.16262316703796387,0.861334689743651
QM9-gap-55k,GLOSS,61,-1,0.209,36.08470181503889,0.0,0.0
QM9-gap-55k,GLOSS,61,0,0.3065,57.15211754537597,1.10176682472229,0.6949508455494684
QM9-gap-55k,GLOSS,61,1,0.3401,64.41227312013828,1.0054521560668945,0.7728437792815623
QM9-gap-55k,GLOSS,61,2,0.3922,75.66983578219532,0.9871010780334473,0.9162691360995766
QM9-gap-55k,GLOSS,61,3,0.5048,100.0,0.9383969306945801,1.0398355440658522
QM9-gap-55k,GLOSS,61,4,0.5048,100.0,1.0219361782073975,1.1837003476447836
QM9-gap-55k,GLOSS,61,5,0.5048,100.0,0.9867238998413086,1.1885326679416448
QM9-gap-55k,GLOSS,61,6,0.5048,100.0,1.0417070388793945,1.1886562784270893
QM9-gap-55k,GLOSS,61,7,0.5048,100.0,1.029278039932251,1.1572056245701172
QM9-gap-55k,GLOSS,61,8,0.5048,100.0,1.026555061340332,1.1711116434788695
QM9-gap-55k,GLOSS,61,9,0.5048,100.0,1.0355560779571533,1.1679475558872043
QM9-gap-55k,GLOSS,61,10,0.5048,100.0,1.025156021118164,1.1781080263230979
QM9-gap-55k,GLOSS,61,11,0.5048,100.0,1.0832839012145996,1.1856068026190834
QM9-gap-55k,GLOSS,61,12,0.5048,100.0,1.0821139812469482,1.2013408247501765
QM9-gap-55k,GLOSS,61,13,0.5048,100.0,1.114382028579712,1.1851015450849451
QM9-gap-55k,GLOSS,61,14,0.5048,100.0,1.0919198989868164,1.1785624918321547
QM9-gap-55k,GLOSS,61,15,0.5048,100.0,1.0882899761199951,1.1824546073023159
QM9-gap-55k,GLOSS,61,16,0.5048,100.0,1.1947641372680664,1.1850584553307122
QM9-gap-55k,GLOSS,61,17,0.5048,100.0,1.1952171325683594,1.1800572448937205
QM9-gap-55k,GLOSS,61,18,0.5048,100.0,1.216712236404419,1.168976311540496
QM9-gap-55k,GLOSS,61,19,0.5048,100.0,1.3011658191680908,1.1690842906530197
QM9-gap-55k,UCB-BO,61,-1,0.209,36.08470181503889,0.0,0.0
QM9-gap-55k,UCB-BO,61,0,0.3065,57.15211754537597,0.2699458599090576,0.5106664762946285
QM9-gap-55k,UCB-BO,61,1,0.3641,69.59809853068279,0.28064584732055664,0.5444500229097753
QM9-gap-55k,UCB-BO,61,2,0.3641,69.59809853068279,0.2795579433441162,0.72793479487561
QM9-gap-55k,UCB-BO,61,3,0.3728,71.4779602420052,0.28504300117492676,0.7269583281221109
QM9-gap-55k,UCB-BO,61,4,0.3728,71.4779602420052,0.29613423347473145,0.7233169553054677
QM9-gap-55k,UCB-BO,61,5,0.4802,94.68452895419188,0.30249881744384766,0.7721177734130769
QM9-gap-55k,UCB-BO,61,6,0.4802,94.68452895419188,0.3068690299987793,0.9169669813425881
QM9-gap-55k,UCB-BO,61,7,0.4802,94.68452895419188,0.31513500213623047,1.0121239234404371
QM9-gap-55k,UCB-BO,61,8,0.4802,94.68452895419188,0.32535290718078613,1.025892739447226
QM9-gap-55k,UCB-BO,61,9,0.5048,100.0,0.3362729549407959,1.0795997993742943
QM9-gap-55k,UCB-BO,61,10,0.5048,100.0,0.34746313095092773,1.1533668014130316
QM9-gap-55k,UCB-BO,61,11,0.5048,100.0,0.36353302001953125,1.1424730477429057
QM9-gap-55k,UCB-BO,61,12,0.5048,100.0,0.3733386993408203,1.1364153871372318
QM9-gap-55k,UCB-BO,61,13,0.5048,100.0,0.38349485397338867,1.1223831774646358
QM9-gap-55k,UCB-BO,61,14,0.5048,100.0,0.37123990058898926,1.131143329782071
QM9-gap-55k,UCB-BO,61,15,0.5048,100.0,0.3692021369934082,1.1445074515559779
QM9-gap-55k,UCB-BO,61,16,0.5048,100.0,0.36349987983703613,1.1392445025960989
QM9-gap-55k,UCB-BO,61,17,0.5048,100.0,0.4043130874633789,1.1275790482258141
QM9-gap-55k,UCB-BO,61,18,0.5048,100.0,0.3574080467224121,1.1726236450590324
QM9-gap-55k,UCB-BO,61,19,0.5048,100.0,0.3674159049987793,1.1606876191487663
QM9-gap-55k,BO(EI),61,-1,0.209,36.08470181503889,0.0,0.0
QM9-gap-55k,BO(EI),61,0,0.2175,37.92134831460673,0.26982712745666504,0.18862814226638772
QM9-gap-55k,BO(EI),61,1,0.33,62.22990492653414,0.27605485916137695,0.32822196665009545
QM9-gap-55k,BO(EI),61,2,0.33,62.22990492653414,0.29058098793029785,0.3505488935242126
QM9-gap-55k,BO(EI),61,3,0.33,62.22990492653414,0.2953197956085205,0.4276475804560316
QM9-gap-55k,BO(EI),61,4,0.3471,65.92480553154711,0.2956662178039551,0.5713655483926726
QM9-gap-55k,BO(EI),61,5,0.3805,73.14174589455487,0.3018369674682617,0.6605229828211852
QM9-gap-55k,BO(EI),61,6,0.3824,73.55229040622298,0.30879998207092285,0.7381926394014336
QM9-gap-55k,BO(EI),61,7,0.4128,80.1210025929127,0.30774879455566406,0.7852152040872498
QM9-gap-55k,BO(EI),61,8,0.462,90.75194468452895,0.31340694427490234,0.8357727292156877
QM9-gap-55k,BO(EI),61,9,0.4802,94.68452895419188,0.315932035446167,0.8638619656735864
QM9-gap-55k,BO(EI),61,10,0.5048,100.0,0.32413172721862793,0.9610056670473135
QM9-gap-55k,BO(EI),61,11,0.5048,100.0,0.33666086196899414,1.0351348707778645
QM9-gap-55k,BO(EI),61,12,0.5048,100.0,0.3518409729003906,1.0513076725485
QM9-gap-55k,BO(EI),61,13,0.5048,100.0,0.3594791889190674,1.0583128220881264
QM9-gap-55k,BO(EI),61,14,0.5048,100.0,0.35817885398864746,1.052171294039506
QM9-gap-55k,BO(EI),61,15,0.5048,100.0,0.3525688648223877,1.1068951707743444
QM9-gap-55k,BO(EI),61,16,0.5048,100.0,0.3551599979400635,1.0976121488901927
QM9-gap-55k,BO(EI),61,17,0.5048,100.0,0.3652000427246094,1.080674835115326
QM9-gap-55k,BO(EI),61,18,0.5048,100.0,0.3718070983886719,1.0836402350035972
QM9-gap-55k,BO(EI),61,19,0.5048,100.0,0.3728301525115967,1.0810906442496508
QM9-gap-55k,GA,61,-1,0.209,36.08470181503889,0.0,0.0
QM9-gap-55k,GA,61,0,0.319,59.85306828003457,0.3604898452758789,0.7819984216119085
QM9-gap-55k,GA,61,1,0.3296,62.14347450302506,0.3778359889984131,0.8684621733381682
QM9-gap-55k,GA,61,2,0.344,65.25496974935177,0.3872256278991699,0.8411554399410452
QM9-gap-55k,GA,61,3,0.3749,71.93171996542783,0.39015793800354004,0.8607097192710013
QM9-gap-55k,GA,61,4,0.3749,71.93171996542783,0.3992431163787842,0.8345395054550888
QM9-gap-55k,GA,61,5,0.3749,71.93171996542783,0.4024660587310791,0.8352937600582582
QM9-gap-55k,GA,61,6,0.3749,71.93171996542783,0.41539502143859863,0.8409014376876927
QM9-gap-55k,GA,61,7,0.3749,71.93171996542783,0.43285202980041504,0.8231222407001568
QM9-gap-55k,GA,61,8,0.3749,71.93171996542783,0.43717122077941895,0.8168544128145505
QM9-gap-55k,GA,61,9,0.3749,71.93171996542783,0.4555351734161377,0.8272624836160057
QM9-gap-55k,GA,61,10,0.3749,71.93171996542783,0.4599430561065674,0.8310273697837999
QM9-gap-55k,GA,61,11,0.3749,71.93171996542783,0.4671590328216553,0.8242333382452411
QM9-gap-55k,GA,61,12,0.462,90.75194468452895,0.4773118495941162,0.8438280506719144
QM9-gap-55k,GA,61,13,0.462,90.75194468452895,0.47391200065612793,0.8384918463568815
QM9-gap-55k,GA,61,14,0.462,90.75194468452895,0.46227502822875977,0.8325773100647333
QM9-gap-55k,GA,61,15,0.462,90.75194468452895,0.4527900218963623,0.8378860101141113
QM9-gap-55k,GA,61,16,0.462,90.75194468452895,0.46085238456726074,0.8407848912973241
QM9-gap-55k,GA,61,17,0.462,90.75194468452895,0.458158016204834,0.832448797587598
QM9-gap-55k,GA,61,18,0.462,90.75194468452895,0.4721980094909668,0.8317896700506173
QM9-gap-55k,GA,61,19,0.462,90.75194468452895,0.4662489891052246,0.8285063973975161
QM9-gap-55k,Random,61,-1,0.209,36.08470181503889,0.0,0.0
QM9-gap-55k,Random,61,0,0.3443,65.31979256698357,0.12749195098876953,0.8509638854425382
QM9-gap-55k,Random,61,1,0.3443,65.31979256698357,0.1285858154296875,0.8399716685305075
QM9-gap-55k,Random,61,2,0.3443,65.31979256698357,0.13228583335876465,0.9257685063078597
QM9-gap-55k,Random,61,3,0.3443,65.31979256698357,0.13384389877319336,0.862001513141051
QM9-gap-55k,Random,61,4,0.3443,65.31979256698357,0.13358378410339355,0.8887899892028355
QM9-gap-55k,Random,61,5,0.4128,80.1210025929127,0.13614726066589355,0.9122322858086979
QM9-gap-55k,Random,61,6,0.4128,80.1210025929127,0.13916611671447754,0.9050128738096194
QM9-gap-55k,Random,61,7,0.4128,80.1210025929127,0.13963079452514648,0.9044351592165655
QM9-gap-55k,Random,61,8,0.4128,80.1210025929127,0.14404296875,0.9044218161262622
QM9-gap-55k,Random,61,9,0.4128,80.1210025929127,0.14369416236877441,0.9445768802713166
QM9-gap-55k,Random,61,10,0.4128,80.1210025929127,0.14632701873779297,0.9619423628336564
QM9-gap-55k,Random,61,11,0.4128,80.1210025929127,0.14785099029541016,0.954007123260317
QM9-gap-55k,Random,61,12,0.4128,80.1210025929127,0.1492459774017334,0.9369902759351224
QM9-gap-55k,Random,61,13,0.4128,80.1210025929127,0.1504359245300293,0.9327860013822438
QM9-gap-55k,Random,61,14,0.4128,80.1210025929127,0.15244793891906738,0.9308123248794963
QM9-gap-55k,Random,61,15,0.4128,80.1210025929127,0.156264066696167,0.9377579558794542
QM9-gap-55k,Random,61,16,0.4128,80.1210025929127,0.15602707862854004,0.9408222126646664
QM9-gap-55k,Random,61,17,0.4128,80.1210025929127,0.15848708152770996,0.9368801293511767
QM9-gap-55k,Random,61,18,0.4128,80.1210025929127,0.16095423698425293,0.9373648739076634
QM9-gap-55k,Random,61,19,0.4128,80.1210025929127,0.1664261817932129,0.9324156256043078
QM9-gap-55k,GLOSS,67,-1,0.2096,36.214347450302505,0.0,0.0
QM9-gap-55k,GLOSS,67,0,0.3468,65.8599827139153,0.8888540267944336,0.8417476724198201
QM9-gap-55k,GLOSS,67,1,0.5048,100.0,0.8669610023498535,0.9783484248833265
QM9-gap-55k,GLOSS,67,2,0.5048,100.0,0.9021298885345459,1.095594866442676
QM9-gap-55k,GLOSS,67,3,0.5048,100.0,0.891883134841919,1.1815871422373718
QM9-gap-55k,GLOSS,67,4,0.5048,100.0,0.9223577976226807,1.2092389289622314
QM9-gap-55k,GLOSS,67,5,0.5048,100.0,0.9725780487060547,1.200302445010456
QM9-gap-55k,GLOSS,67,6,0.5048,100.0,0.9673411846160889,1.2489114843148064
QM9-gap-55k,GLOSS,67,7,0.5048,100.0,0.9973578453063965,1.2415595806469937
QM9-gap-55k,GLOSS,67,8,0.5048,100.0,1.0306389331817627,1.2119254070422347
QM9-gap-55k,GLOSS,67,9,0.5048,100.0,1.091966152191162,1.1976461022085094
QM9-gap-55k,GLOSS,67,10,0.5048,100.0,1.0895788669586182,1.175659824499321
QM9-gap-55k,GLOSS,67,11,0.5048,100.0,1.0967168807983398,1.2155911979745684
QM9-gap-55k,GLOSS,67,12,0.5048,100.0,1.1027281284332275,1.2044050877182706
QM9-gap-55k,GLOSS,67,13,0.5048,100.0,1.1354482173919678,1.1963091601740863
QM9-gap-55k,GLOSS,67,14,0.5048,100.0,1.1318140029907227,1.1826831505495614
QM9-gap-55k,GLOSS,67,15,0.5048,100.0,1.1738917827606201,1.182106092112361
QM9-gap-55k,GLOSS,67,16,0.5048,100.0,1.1686348915100098,1.1749610478919406
QM9-gap-55k,GLOSS,67,17,0.5048,100.0,1.1589488983154297,1.1642653733952417
QM9-gap-55k,GLOSS,67,18,0.5048,100.0,1.1957850456237793,1.1555545769799342
QM9-gap-55k,GLOSS,67,19,0.5048,100.0,1.2151520252227783,1.1465988833392968
QM9-gap-55k,UCB-BO,67,-1,0.2096,36.214347450302505,0.0,0.0
QM9-gap-55k,UCB-BO,67,0,0.3429,65.01728608470181,0.2416677474975586,0.6595398040494195
QM9-gap-55k,UCB-BO,67,1,0.3429,65.01728608470181,0.2512052059173584,1.1741316000510318
QM9-gap-55k,UCB-BO,67,2,0.353,67.19965427830596,0.2624349594116211,1.1174883324299365
QM9-gap-55k,UCB-BO,67,3,0.353,67.19965427830596,0.26849889755249023,1.0082478160293746
QM9-gap-55k,UCB-BO,67,4,0.3688,70.61365600691444,0.27434611320495605,0.9656016801875051
QM9-gap-55k,UCB-BO,67,5,0.3688,70.61365600691444,0.2876920700073242,0.9397897670034512
QM9-gap-55k,UCB-BO,67,6,0.3688,70.61365600691444,0.2900969982147217,0.9179090765485165
QM9-gap-55k,UCB-BO,67,7,0.3688,70.61365600691444,0.29985904693603516,0.9147886307915439
QM9-gap-55k,UCB-BO,67,8,0.3688,70.61365600691444,0.30576610565185547,0.8881562853252717
QM9-gap-55k,UCB-BO,67,9,0.374,71.73725151253241,0.31943297386169434,0.8532626463758113
QM9-gap-55k,UCB-BO,67,10,0.3809,73.22817631806396,0.32961583137512207,0.8322682979036053
QM9-gap-55k,UCB-BO,67,11,0.3809,73.22817631806396,0.3276050090789795,0.8183339618715968
QM9-gap-55k,UCB-BO,67,12,0.3901,75.21607605877269,0.32942986488342285,0.8265155417509815
QM9-gap-55k,UCB-BO,67,13,0.5048,100.0,0.3407139778137207,0.8686568187094766
QM9-gap-55k,UCB-BO,67,14,0.5048,100.0,0.3417327404022217,0.9172814647047878
QM9-gap-55k,UCB-BO,67,15,0.5048,100.0,0.33391904830932617,0.9276172527115777
QM9-gap-55k,UCB-BO,67,16,0.5048,100.0,0.3451540470123291,0.9594973670233892
QM9-gap-55k,UCB-BO,67,17,0.5048,100.0,0.3378279209136963,0.9623391750478364
QM9-gap-55k,UCB-BO,67,18,0.5048,100.0,0.34102702140808105,0.9499696617101215
QM9-gap-55k,UCB-BO,67,19,0.5048,100.0,0.3441798686981201,0.9362606916359668
QM9-gap-55k,BO(EI),67,-1,0.2096,36.214347450302505,0.0,0.0
QM9-gap-55k,BO(EI),67,0,0.3429,65.01728608470181,0.24261093139648438,0.683232423868423
QM9-gap-55k,BO(EI),67,1,0.5048,100.0,0.2521553039550781,0.8838335924328524
QM9-gap-55k,BO(EI),67,2,0.5048,100.0,0.2616891860961914,0.8228130916042012
QM9-gap-55k,BO(EI),67,3,0.5048,100.0,0.2691009044647217,1.0933465498150332
QM9-gap-55k,BO(EI),67,4,0.5048,100.0,0.27718091011047363,1.1335661961310795
QM9-gap-55k,BO(EI),67,5,0.5048,100.0,0.3000199794769287,1.0951871693352953
QM9-gap-55k,BO(EI),67,6,0.5048,100.0,0.30574607849121094,1.1441732292044815
QM9-gap-55k,BO(EI),67,7,0.5048,100.0,0.30517005920410156,1.110267050372915
QM9-gap-55k,BO(EI),67,8,0.5048,100.0,0.31618309020996094,1.0806037956107575
QM9-gap-55k,BO(EI),67,9,0.5048,100.0,0.3154289722442627,1.1699388771568293
QM9-gap-55k,BO(EI),67,10,0.5048,100.0,0.33387088775634766,1.2332168249710231
QM9-gap-55k,BO(EI),67,11,0.5048,100.0,0.3363471031188965,1.2298663036615005
QM9-gap-55k,BO(EI),67,12,0.5048,100.0,0.36127305030822754,1.3025536392402597
QM9-gap-55k,BO(EI),67,13,0.5048,100.0,0.36670398712158203,1.3171331284438181
QM9-gap-55k,BO(EI),67,14,0.5048,100.0,0.3589138984680176,1.3159168240301313
QM9-gap-55k,BO(EI),67,15,0.5048,100.0,0.360076904296875,1.3306963306748856
QM9-gap-55k,BO(EI),67,16,0.5048,100.0,0.3699510097503662,1.323431716137082
QM9-gap-55k,BO(EI),67,17,0.5048,100.0,0.37136197090148926,1.3035884259187254
QM9-gap-55k,BO(EI),67,18,0.5048,100.0,0.3848271369934082,1.2920158626965352
QM9-gap-55k,BO(EI),67,19,0.5048,100.0,0.385577917098999,1.2987691250871003
QM9-gap-55k,GA,67,-1,0.2096,36.214347450302505,0.0,0.0
QM9-gap-55k,GA,67,0,0.3276,61.71132238547968,0.35868287086486816,0.9868959209311606
QM9-gap-55k,GA,67,1,0.3276,61.71132238547968,0.37221384048461914,0.9435814202069941
QM9-gap-55k,GA,67,2,0.3276,61.71132238547968,0.3856019973754883,0.9638588770361204
QM9-gap-55k,GA,67,3,0.3538,67.37251512532411,0.4024538993835449,0.9565901807235302
QM9-gap-55k,GA,67,4,0.3635,69.46845289541919,0.39658403396606445,0.9317259582924565
QM9-gap-55k,GA,67,5,0.3635,69.46845289541919,0.40523386001586914,0.972606965072937
QM9-gap-55k,GA,67,6,0.3635,69.46845289541919,0.4314277172088623,0.9285296984494901
QM9-gap-55k,GA,67,7,0.3822,73.50907519446844,0.4149949550628662,0.9244616017198897
QM9-gap-55k,GA,67,8,0.3822,73.50907519446844,0.4211728572845459,0.9180073047493302
QM9-gap-55k,GA,67,9,0.3822,73.50907519446844,0.4463529586791992,0.901174460099587
QM9-gap-55k,GA,67,10,0.3822,73.50907519446844,0.44426894187927246,0.8929607037510637
QM9-gap-55k,GA,67,11,0.3822,73.50907519446844,0.44504785537719727,0.8793539265594515
QM9-gap-55k,GA,67,12,0.3822,73.50907519446844,0.45472002029418945,0.8624538001514953
QM9-gap-55k,GA,67,13,0.3822,73.50907519446844,0.46550703048706055,0.8482648250514606
QM9-gap-55k,GA,67,14,0.3822,73.50907519446844,0.4597139358520508,0.8418151623739364
QM9-gap-55k,GA,67,15,0.3822,73.50907519446844,0.46034979820251465,0.8406138079739286
QM9-gap-55k,GA,67,16,0.3822,73.50907519446844,0.4626150131225586,0.8445944597456047
QM9-gap-55k,GA,67,17,0.3822,73.50907519446844,0.4841291904449463,0.8372079910258645
QM9-gap-55k,GA,67,18,0.3822,73.50907519446844,0.4760911464691162,0.8301603380512294
QM9-gap-55k,GA,67,19,0.3822,73.50907519446844,0.4961981773376465,0.8216184973347429
QM9-gap-55k,Random,67,-1,0.2096,36.214347450302505,0.0,0.0
QM9-gap-55k,Random,67,0,0.3103,57.973206568712186,0.1341392993927002,0.84224556359314
QM9-gap-55k,Random,67,1,0.323,60.71737251512532,0.13094282150268555,0.9063171525017204
QM9-gap-55k,Random,67,2,0.3314,62.53241140881589,0.13279294967651367,0.893647979208162
QM9-gap-55k,Random,67,3,0.3314,62.53241140881589,0.13372516632080078,0.8645051113913423
QM9-gap-55k,Random,67,4,0.3349,63.2886776145203,0.1341249942779541,0.8823811347682796
QM9-gap-55k,Random,67,5,0.357,68.0639585133967,0.13500022888183594,0.909396860801356
QM9-gap-55k,Random,67,6,0.357,68.0639585133967,0.1373887062072754,0.8856021419186705
QM9-gap-55k,Random,67,7,0.357,68.0639585133967,0.1423778533935547,0.8853124036751231
QM9-gap-55k,Random,67,8,0.357,68.0639585133967,0.14275789260864258,0.8811418018861347
QM9-gap-55k,Random,67,9,0.357,68.0639585133967,0.14371490478515625,0.8785430625173785
QM9-gap-55k,Random,67,10,0.357,68.0639585133967,0.14698219299316406,0.8682525804661239
QM9-gap-55k,Random,67,11,0.357,68.0639585133967,0.15244603157043457,0.8613460376846118
QM9-gap-55k,Random,67,12,0.357,68.0639585133967,0.15345096588134766,0.8672461156430037
QM9-gap-55k,Random,67,13,0.357,68.0639585133967,0.15158295631408691,0.8666203560823726
QM9-gap-55k,Random,67,14,0.357,68.0639585133967,0.15529823303222656,0.8644675938726732
QM9-gap-55k,Random,67,15,0.357,68.0639585133967,0.1557471752166748,0.850336841348444
QM9-gap-55k,Random,67,16,0.357,68.0639585133967,0.15749812126159668,0.861155639907028
QM9-gap-55k,Random,67,17,0.357,68.0639585133967,0.16004467010498047,0.855198666040811
QM9-gap-55k,Random,67,18,0.357,68.0639585133967,0.16098713874816895,0.868254381910361
QM9-gap-55k,Random,67,19,0.357,68.0639585133967,0.1665799617767334,0.8617817388557035
QM9-gap-60k,GLOSS,47,-1,0.2004,34.22644770959377,0.0,0.0
QM9-gap-60k,GLOSS,47,0,0.2213,38.742437337942945,1.0826470851898193,0.5687397175709159
QM9-gap-60k,GLOSS,47,1,0.2441,43.66897147796024,1.0401649475097656,0.677395531772738
QM9-gap-60k,GLOSS,47,2,0.2787,51.14520311149524,1.1800732612609863,0.6983916547346782
QM9-gap-60k,GLOSS,47,3,0.2859,52.70095073465859,1.144562005996704,0.8216594195400468
QM9-gap-60k,GLOSS,47,4,0.3341,63.11581676750217,1.1745808124542236,0.8489394030080154
QM9-gap-60k,GLOSS,47,5,0.3341,63.11581676750217,1.143632173538208,0.9361167005237501
QM9-gap-60k,GLOSS,47,6,0.352,66.98357821953327,1.1395890712738037,1.0175184167230453
QM9-gap-60k,GLOSS,47,7,0.378,72.60155574762315,1.1162538528442383,1.0900744389830848
QM9-gap-60k,GLOSS,47,8,0.3901,75.21607605877269,1.124403953552246,1.1402563356143243
QM9-gap-60k,GLOSS,47,9,0.4306,83.96715643906654,1.1695213317871094,1.1675157669648732
QM9-gap-60k,GLOSS,47,10,0.5048,100.0,1.2230567932128906,1.2294753273908203
QM9-gap-60k,GLOSS,47,11,0.5048,100.0,1.1750469207763672,1.2797464969771097
QM9-gap-60k,GLOSS,47,12,0.5048,100.0,1.2468211650848389,1.2662906001591738
QM9-gap-60k,GLOSS,47,13,0.5048,100.0,1.300286054611206,1.2857199208469736
QM9-gap-60k,GLOSS,47,14,0.5048,100.0,1.244330883026123,1.3029668904055103
QM9-gap-60k,GLOSS,47,15,0.5048,100.0,1.264052152633667,1.2937242436681737
QM9-gap-60k,GLOSS,47,16,0.5048,100.0,1.2645280361175537,1.293756329634085
QM9-gap-60k,GLOSS,47,17,0.5048,100.0,1.2785711288452148,1.289305676028335
QM9-gap-60k,GLOSS,47,18,0.5048,100.0,1.316314935684204,1.2915547445326174
QM9-gap-60k,GLOSS,47,19,0.5048,100.0,1.3113200664520264,1.2890386429712086
QM9-gap-60k,UCB-BO,47,-1,0.2004,34.22644770959377,0.0,0.0
QM9-gap-60k,UCB-BO,47,0,0.2213,38.742437337942945,0.2775890827178955,0.2509804605869898
QM9-gap-60k,UCB-BO,47,1,0.2492,44.77095937770095,0.30440711975097656,0.6350150702734457
QM9-gap-60k,UCB-BO,47,2,0.2501,44.96542783059636,0.3103020191192627,0.7243673799694866
QM9-gap-60k,UCB-BO,47,3,0.2631,47.77441659464131,0.3100459575653076,0.6874720562925866
QM9-gap-60k,UCB-BO,47,4,0.2705,49.3733794295592,0.31606292724609375,0.7520884618751362
QM9-gap-60k,UCB-BO,47,5,0.2705,49.3733794295592,0.3215029239654541,0.8123666516816554
QM9-gap-60k,UCB-BO,47,6,0.2712,49.52463267070008,0.3279299736022949,0.819319728426555
QM9-gap-60k,UCB-BO,47,7,0.2712,49.52463267070008,0.331005334854126,0.8133379981733072
QM9-gap-60k,UCB-BO,47,8,0.2712,49.52463267070008,0.3299100399017334,0.8217310246320622
QM9-gap-60k,UCB-BO,47,9,0.2988,55.48833189282627,0.3375411033630371,0.8477530684948918
QM9-gap-60k,UCB-BO,47,10,0.3096,57.82195332757129,0.33496785163879395,0.887144139886928
QM9-gap-60k,UCB-BO,47,11,0.3431,65.06050129645635,0.34526991844177246,0.9300118381062706
QM9-gap-60k,UCB-BO,47,12,0.3431,65.06050129645635,0.34793519973754883,0.9927719290020639
QM9-gap-60k,UCB-BO,47,13,0.3434,65.12532411408816,0.36130475997924805,1.040142008303229
QM9-gap-60k,UCB-BO,47,14,0.3434,65.12532411408816,0.36054515838623047,1.0609418975251403
QM9-gap-60k,UCB-BO,47,15,0.3434,65.12532411408816,0.35986781120300293,1.0779283068257366
QM9-gap-60k,UCB-BO,47,16,0.3505,66.65946413137424,0.37665677070617676,1.0881753360792763
QM9-gap-60k,UCB-BO,47,17,0.3565,67.95592048401036,0.3920876979827881,1.088445245674324
QM9-gap-60k,UCB-BO,47,18,0.3565,67.95592048401036,0.38459181785583496,1.0876196726983889
QM9-gap-60k,UCB-BO,47,19,0.4802,94.68452895419188,0.3944377899169922,1.0936876615854934
QM9-gap-60k,BO(EI),47,-1,0.2004,34.22644770959377,0.0,0.0
QM9-gap-60k,BO(EI),47,0,0.224,39.32584269662921,0.2699129581451416,0.20979539976337302
QM9-gap-60k,BO(EI),47,1,0.294,54.45116681071737,0.29863977432250977,0.36742084127941915
QM9-gap-60k,BO(EI),47,2,0.294,54.45116681071737,0.31134915351867676,0.38816099739839577
QM9-gap-60k,BO(EI),47,3,0.3054,56.91443388072601,0.32375597953796387,0.5445872935323296
QM9-gap-60k,BO(EI),47,4,0.3054,56.91443388072601,0.3337118625640869,0.5453501894810462
QM9-gap-60k,BO(EI),47,5,0.3054,56.91443388072601,0.34481191635131836,0.5116117798631096
QM9-gap-60k,BO(EI),47,6,0.3054,56.91443388072601,0.35184812545776367,0.6435743032835859
QM9-gap-60k,BO(EI),47,7,0.3054,56.91443388072601,0.353452205657959,0.6115826104206623
QM9-gap-60k,BO(EI),47,8,0.3054,56.91443388072601,0.3518080711364746,0.5920640610880664
QM9-gap-60k,BO(EI),47,9,0.3054,56.91443388072601,0.35924220085144043,0.5701571649122691
QM9-gap-60k,BO(EI),47,10,0.3054,56.91443388072601,0.35344529151916504,0.5489631177726033
QM9-gap-60k,BO(EI),47,11,0.3054,56.91443388072601,0.36435508728027344,0.5371673768517462
QM9-gap-60k,BO(EI),47,12,0.3054,56.91443388072601,0.35860705375671387,0.5241084616782399
QM9-gap-60k,BO(EI),47,13,0.3054,56.91443388072601,0.3723001480102539,0.517312435450334
QM9-gap-60k,BO(EI),47,14,0.3054,56.91443388072601,0.3698570728302002,0.5128641593026919
QM9-gap-60k,BO(EI),47,15,0.3054,56.91443388072601,0.3681609630584717,0.5270904626505725
QM9-gap-60k,BO(EI),47,16,0.3161,59.22644770959378,0.375993013381958,0.5592946521514347
QM9-gap-60k,BO(EI),47,17,0.3197,60.004321521175456,0.3733787536621094,0.5804189073638699
QM9-gap-60k,BO(EI),47,18,0.3197,60.004321521175456,0.38672685623168945,0.609129379529713
QM9-gap-60k,BO(EI),47,19,0.3296,62.14347450302506,0.40447092056274414,0.6378016252857581
QM9-gap-60k,GA,47,-1,0.2004,34.22644770959377,0.0,0.0
QM9-gap-60k,GA,47,0,0.2388,42.52376836646499,0.38478994369506836,0.9633753466461318
QM9-gap-60k,GA,47,1,0.2918,53.975799481417454,0.4037199020385742,0.9064336221565019
QM9-gap-60k,GA,47,2,0.3039,56.59031979256698,0.41805195808410645,0.9333862589938233
QM9-gap-60k,GA,47,3,0.3157,59.1400172860847,0.4297301769256592,0.9498332482561037
QM9-gap-60k,GA,47,4,0.3157,59.1400172860847,0.43172597885131836,0.9256850459987854
QM9-gap-60k,GA,47,5,0.3392,64.21780466724287,0.44742608070373535,0.9225080176170365
QM9-gap-60k,GA,47,6,0.3392,64.21780466724287,0.46866917610168457,0.92471822498381
QM9-gap-60k,GA,47,7,0.3392,64.21780466724287,0.4791553020477295,0.9240065849596233
QM9-gap-60k,GA,47,8,0.3589,68.47450302506482,0.48409485816955566,0.9238581666978842
QM9-gap-60k,GA,47,9,0.3589,68.47450302506482,0.5036380290985107,0.9188351267035341
QM9-gap-60k,GA,47,10,0.3589,68.47450302506482,0.4933619499206543,0.9142780038053306
QM9-gap-60k,GA,47,11,0.3702,70.91616248919618,0.492372989654541,0.9102585187954902
QM9-gap-60k,GA,47,12,0.3702,70.91616248919618,0.5174767971038818,0.9033564834628678
QM9-gap-60k,GA,47,13,0.3702,70.91616248919618,0.5045499801635742,0.8929287668899698
QM9-gap-60k,GA,47,14,0.3702,70.91616248919618,0.5085759162902832,0.9023536573323637
QM9-gap-60k,GA,47,15,0.374,71.73725151253241,0.5099339485168457,0.8934421686421179
QM9-gap-60k,GA,47,16,0.374,71.73725151253241,0.5127370357513428,0.8826546073931002
QM9-gap-60k,GA,47,17,0.374,71.73725151253241,0.518435001373291,0.8786180594853926
QM9-gap-60k,GA,47,18,0.374,71.73725151253241,0.536858081817627,0.873413314579
QM9-gap-60k,GA,47,19,0.374,71.73725151253241,0.5507721900939941,0.8655640289063912
QM9-gap-60k,Random,47,-1,0.2004,34.22644770959377,0.0,0.0
QM9-gap-60k,Random,47,0,0.332,62.662057044079525,0.14413022994995117,0.8988921165823825
QM9-gap-60k,Random,47,1,0.3345,63.20224719101124,0.14014220237731934,0.8971097214883538
QM9-gap-60k,Random,47,2,0.3345,63.20224719101124,0.1475691795349121,0.8381939892230159
QM9-gap-60k,Random,47,3,0.3345,63.20224719101124,0.1458430290222168,0.8316901176544824
QM9-gap-60k,Random,47,4,0.3367,63.677614520311145,0.14324307441711426,0.809308044452318
QM9-gap-60k,Random,47,5,0.34,64.39066551426103,0.14622712135314941,0.8482542385310036
QM9-gap-60k,Random,47,6,0.34,64.39066551426103,0.14648866653442383,0.851325632419544
QM9-gap-60k,Random,47,7,0.34,64.39066551426103,0.1524510383605957,0.8551849969520658
QM9-gap-60k,Random,47,8,0.34,64.39066551426103,0.15577912330627441,0.8521991404777338
QM9-gap-60k,Random,47,9,0.34,64.39066551426103,0.15266108512878418,0.8509950979237109
QM9-gap-60k,Random,47,10,0.34,64.39066551426103,0.15486598014831543,0.8622003858073526
QM9-gap-60k,Random,47,11,0.34,64.39066551426103,0.15743374824523926,0.8650685664827628
QM9-gap-60k,Random,47,12,0.34,64.39066551426103,0.1631002426147461,0.86437893983707
QM9-gap-60k,Random,47,13,0.34,64.39066551426103,0.16735124588012695,0.8593836962497174
QM9-gap-60k,Random,47,14,0.34,64.39066551426103,0.1645810604095459,0.8598000238913188
QM9-gap-60k,Random,47,15,0.34,64.39066551426103,0.16507482528686523,0.8488067575271233
QM9-gap-60k,Random,47,16,0.3538,67.37251512532411,0.16855907440185547,0.8590391279661701
QM9-gap-60k,Random,47,17,0.3538,67.37251512532411,0.1711270809173584,0.8646982572579152
QM9-gap-60k,Random,47,18,0.3538,67.37251512532411,0.17656278610229492,0.8635977351618307
QM9-gap-60k,Random,47,19,0.3538,67.37251512532411,0.17711687088012695,0.8750071407696877
QM9-gap-60k,GLOSS,53,-1,0.2049,35.19878997407086,0.0,0.0
QM9-gap-60k,GLOSS,53,0,0.292,54.01901469317198,1.1143810749053955,0.8928991337469684
QM9-gap-60k,GLOSS,53,1,0.462,90.75194468452895,1.021939992904663,1.0146194063072072
QM9-gap-60k,GLOSS,53,2,0.4802,94.68452895419188,1.067884922027588,1.0366957971375268
QM9-gap-60k,GLOSS,53,3,0.5048,100.0,1.0664029121398926,1.2340164557491424
QM9-gap-60k,GLOSS,53,4,0.5048,100.0,1.060013771057129,1.3135443799255193
QM9-gap-60k,GLOSS,53,5,0.5048,100.0,1.118807077407837,1.2391687465488799
QM9-gap-60k,GLOSS,53,6,0.5048,100.0,1.1005728244781494,1.2439749375993276
QM9-gap-60k,GLOSS,53,7,0.5048,100.0,1.1456680297851562,1.2161614793605808
QM9-gap-60k,GLOSS,53,8,0.5048,100.0,1.162844181060791,1.2278470807095931
QM9-gap-60k,GLOSS,53,9,0.5048,100.0,1.1623809337615967,1.215519930810759
QM9-gap-60k,GLOSS,53,10,0.5048,100.0,1.1631011962890625,1.249897975544473
QM9-gap-60k,GLOSS,53,11,0.5048,100.0,1.1632020473480225,1.2712272862036638
QM9-gap-60k,GLOSS,53,12,0.5048,100.0,1.2235987186431885,1.2613932945466777
QM9-gap-60k,GLOSS,53,13,0.5048,100.0,1.2021911144256592,1.2491726890405244
QM9-gap-60k,GLOSS,53,14,0.5048,100.0,1.2040431499481201,1.2380929887170105
QM9-gap-60k,GLOSS,53,15,0.5048,100.0,1.2151930332183838,1.2436114426356526
QM9-gap-60k,GLOSS,53,16,0.5048,100.0,1.2755768299102783,1.2375262085781953
QM9-gap-60k,GLOSS,53,17,0.5048,100.0,1.3109619617462158,1.235962187572436
QM9-gap-60k,GLOSS,53,18,0.5048,100.0,1.277951955795288,1.2266633136668912
QM9-gap-60k,GLOSS,53,19,0.5048,100.0,1.2986071109771729,1.2188363529288335
QM9-gap-60k,UCB-BO,53,-1,0.2049,35.19878997407086,0.0,0.0
QM9-gap-60k,UCB-BO,53,0,0.2153,37.44598098530682,0.2729637622833252,0.07056793928918087
QM9-gap-60k,UCB-BO,53,1,0.2153,37.44598098530682,0.28657102584838867,0.11931878288561946
QM9-gap-60k,UCB-BO,53,2,0.2274,40.060501296456344,0.28763484954833984,0.2051374230968631
QM9-gap-60k,UCB-BO,53,3,0.272,49.697493517718236,0.3016171455383301,0.38416991957004987
QM9-gap-60k,UCB-BO,53,4,0.3255,61.25756266205704,0.3111541271209717,0.6294108053962858
QM9-gap-60k,UCB-BO,53,5,0.3255,61.25756266205704,0.3297150135040283,0.8272472658339789
QM9-gap-60k,UCB-BO,53,6,0.3255,61.25756266205704,0.3338289260864258,0.8417173094439223
QM9-gap-60k,UCB-BO,53,7,0.4128,80.1210025929127,0.3417079448699951,0.9399269248694982
QM9-gap-60k,UCB-BO,53,8,0.4128,80.1210025929127,0.3625779151916504,0.9549222953776269
QM9-gap-60k,UCB-BO,53,9,0.4128,80.1210025929127,0.36264610290527344,0.969355592453646
QM9-gap-60k,UCB-BO,53,10,0.4128,80.1210025929127,0.36331772804260254,1.00284716954799
QM9-gap-60k,UCB-BO,53,11,0.4128,80.1210025929127,0.3682389259338379,1.0062503053963996
QM9-gap-60k,UCB-BO,53,12,0.4128,80.1210025929127,0.3709540367126465,1.0175867249879225
QM9-gap-60k,UCB-BO,53,13,0.462,90.75194468452895,0.37346482276916504,1.023827155104573
QM9-gap-60k,UCB-BO,53,14,0.4802,94.68452895419188,0.3857741355895996,1.0497435308688206
QM9-gap-60k,UCB-BO,53,15,0.4802,94.68452895419188,0.3963000774383545,1.0538454319397161
QM9-gap-60k,UCB-BO,53,16,0.5048,100.0,0.4028191566467285,1.0902712196025675
QM9-gap-60k,UCB-BO,53,17,0.5048,100.0,0.4021120071411133,1.1211789671755885
QM9-gap-60k,UCB-BO,53,18,0.5048,100.0,0.40724897384643555,1.1324159690976754
QM9-gap-60k,UCB-BO,53,19,0.5048,100.0,0.40152502059936523,1.1241524399268688
QM9-gap-60k,BO(EI),53,-1,0.2049,35.19878997407086,0.0,0.0
QM9-gap-60k,BO(EI),53,0,0.2049,35.19878997407086,0.28270912170410156,0.019141751247968356
QM9-gap-60k,BO(EI),53,1,0.2388,42.52376836646499,0.29369115829467773,0.26284139912423604
QM9-gap-60k,BO(EI),53,2,0.2406,42.91270527225583,0.29001307487487793,0.3717564222089675
QM9-gap-60k,BO(EI),53,3,0.243,43.43128781331028,0.30274200439453125,0.5769482500415757
QM9-gap-60k,BO(EI),53,4,0.2658,48.35782195332756,0.3136718273162842,0.6495677572055525
QM9-gap-60k,BO(EI),53,5,0.2658,48.35782195332756,0.31900906562805176,0.7123037167900433
QM9-gap-60k,BO(EI),53,6,0.2658,48.35782195332756,0.32125115394592285,0.7272131353381337
QM9-gap-60k,BO(EI),53,7,0.4802,94.68452895419188,0.3301248550415039,0.8086708847704966
QM9-gap-60k,BO(EI),53,8,0.4802,94.68452895419188,0.3410038948059082,1.018473877562185
QM9-gap-60k,BO(EI),53,9,0.4802,94.68452895419188,0.3523268699645996,1.138256902369457
QM9-gap-60k,BO(EI),53,10,0.4802,94.68452895419188,0.35691165924072266,1.1905993879926458
QM9-gap-60k,BO(EI),53,11,0.4802,94.68452895419188,0.36707091331481934,1.2586299549093334
QM9-gap-60k,BO(EI),53,12,0.4802,94.68452895419188,0.37923216819763184,1.2935707096377194
QM9-gap-60k,BO(EI),53,13,0.4802,94.68452895419188,0.39296579360961914,1.3197681990407393
QM9-gap-60k,BO(EI),53,14,0.4802,94.68452895419188,0.3824477195739746,1.3384277875434814
QM9-gap-60k,BO(EI),53,15,0.4802,94.68452895419188,0.39470529556274414,1.331171843386601
QM9-gap-60k,BO(EI),53,16,0.4802,94.68452895419188,0.3883209228515625,1.3327477469159783
QM9-gap-60k,BO(EI),53,17,0.4802,94.68452895419188,0.389373779296875,1.3275306666741646
QM9-gap-60k,BO(EI),53,18,0.4802,94.68452895419188,0.3951852321624756,1.31531393178559
QM9-gap-60k,BO(EI),53,19,0.4802,94.68452895419188,0.4049227237701416,1.3226653436577298
QM9-gap-60k,GA,53,-1,0.2049,35.19878997407086,0.0,0.0
QM9-gap-60k,GA,53,0,0.3264,61.45203111495247,0.3885531425476074,0.876956133378842
QM9-gap-60k,GA,53,1,0.3415,64.71477960242005,0.4163472652435303,1.0250311770713971
QM9-gap-60k,GA,53,2,0.3767,72.32065687121866,0.4256293773651123,1.0265494720104877
QM9-gap-60k,GA,53,3,0.3767,72.32065687121866,0.4298720359802246,1.067099639570478
QM9-gap-60k,GA,53,4,0.3767,72.32065687121866,0.44933414459228516,1.03970059481851
QM9-gap-60k,GA,53,5,0.3767,72.32065687121866,0.4546217918395996,1.0023884543527248
QM9-gap-60k,GA,53,6,0.3767,72.32065687121866,0.4678778648376465,0.9960679981096396
QM9-gap-60k,GA,53,7,0.3767,72.32065687121866,0.47141480445861816,0.9816826799562521
QM9-gap-60k,GA,53,8,0.3767,72.32065687121866,0.47762203216552734,0.9782591854937356
QM9-gap-60k,GA,53,9,0.3809,73.22817631806396,0.48448896408081055,0.9711487005848417
QM9-gap-60k,GA,53,10,0.3809,73.22817631806396,0.48501038551330566,0.9761060332718803
QM9-gap-60k,GA,53,11,0.3809,73.22817631806396,0.4953138828277588,0.9820570008274717
QM9-gap-60k,GA,53,12,0.3809,73.22817631806396,0.49607110023498535,0.9727068324815797
QM9-gap-60k,GA,53,13,0.3809,73.22817631806396,0.4975738525390625,0.9793056187698832
QM9-gap-60k,GA,53,14,0.3809,73.22817631806396,0.4961252212524414,0.973246070203357
QM9-gap-60k,GA,53,15,0.3809,73.22817631806396,0.5072171688079834,0.9624736314989714
QM9-gap-60k,GA,53,16,0.3809,73.22817631806396,0.515300989151001,0.9617808655217838
QM9-gap-60k,GA,53,17,0.3809,73.22817631806396,0.529059648513794,0.9558683739127412
QM9-gap-60k,GA,53,18,0.3809,73.22817631806396,0.5419819355010986,0.9522016965305224
QM9-gap-60k,GA,53,19,0.3809,73.22817631806396,0.5299282073974609,0.9465175487211409
QM9-gap-60k,Random,53,-1,0.2049,35.19878997407086,0.0,0.0
QM9-gap-60k,Random,53,0,0.3054,56.91443388072601,0.1383979320526123,1.1337117615044012
QM9-gap-60k,Random,53,1,0.3149,58.96715643906655,0.13747501373291016,1.0172152505171346
QM9-gap-60k,Random,53,2,0.3149,58.96715643906655,0.140455961227417,0.9911253527386791
QM9-gap-60k,Random,53,3,0.3149,58.96715643906655,0.13898921012878418,1.0212496224427092
QM9-gap-60k,Random,53,4,0.3149,58.96715643906655,0.14241576194763184,0.9637521957487242
QM9-gap-60k,Random,53,5,0.3149,58.96715643906655,0.1450488567352295,0.9638500107911205
QM9-gap-60k,Random,53,6,0.3267,61.51685393258427,0.1498548984527588,0.9524456127848113
QM9-gap-60k,Random,53,7,0.3314,62.53241140881589,0.15053009986877441,0.9542858058505818
QM9-gap-60k,Random,53,8,0.338,63.958513396715645,0.15090203285217285,0.9464642161297823
QM9-gap-60k,Random,53,9,0.338,63.958513396715645,0.1520397663116455,0.948997364594877
QM9-gap-60k,Random,53,10,0.338,63.958513396715645,0.15620207786560059,0.9299707514036261
QM9-gap-60k,Random,53,11,0.338,63.958513396715645,0.1540820598602295,0.9291574834803341
QM9-gap-60k,Random,53,12,0.338,63.958513396715645,0.16154789924621582,0.9218807206146516
QM9-gap-60k,Random,53,13,0.338,63.958513396715645,0.16133618354797363,0.9098422686110097
QM9-gap-60k,Random,53,14,0.338,63.958513396715645,0.16445612907409668,0.9044916480291295
QM9-gap-60k,Random,53,15,0.338,63.958513396715645,0.16674375534057617,0.8972080242068
QM9-gap-60k,Random,53,16,0.338,63.958513396715645,0.17032217979431152,0.8843661470958841
QM9-gap-60k,Random,53,17,0.338,63.958513396715645,0.1752469539642334,0.8776495694068589
QM9-gap-60k,Random,53,18,0.338,63.958513396715645,0.1801600456237793,0.8678120574464157
QM9-gap-60k,Random,53,19,0.338,63.958513396715645,0.17557191848754883,0.8661124944076667
QM9-gap-60k,GLOSS,59,-1,0.2091,36.10630942091616,0.0,0.0
QM9-gap-60k,GLOSS,59,0,0.2378,42.3076923076923,1.0102550983428955,0.4590312166517373
QM9-gap-60k,GLOSS,59,1,0.3782,72.6447709593777,1.1298069953918457,0.9101013669983434
QM9-gap-60k,GLOSS,59,2,0.3782,72.6447709593777,1.0597622394561768,1.128795066186573
QM9-gap-60k,GLOSS,59,3,0.3824,73.55229040622298,1.0703518390655518,1.2300481486750243
QM9-gap-60k,GLOSS,59,4,0.462,90.75194468452895,1.0927577018737793,1.1875343425539069
QM9-gap-60k,GLOSS,59,5,0.5048,100.0,1.1209559440612793,1.317548701899613
QM9-gap-60k,GLOSS,59,6,0.5048,100.0,1.072760820388794,1.3728398222181648
QM9-gap-60k,GLOSS,59,7,0.5048,100.0,1.111454963684082,1.3361506403003913
QM9-gap-60k,GLOSS,59,8,0.5048,100.0,1.1449429988861084,1.3200025638039776
QM9-gap-60k,GLOSS,59,9,0.5048,100.0,1.2022089958190918,1.2906975966575853
QM9-gap-60k,GLOSS,59,10,0.5048,100.0,1.191662073135376,1.2735227717084232
QM9-gap-60k,GLOSS,59,11,0.5048,100.0,1.1993300914764404,1.2627568800202082
QM9-gap-60k,GLOSS,59,12,0.5048,100.0,1.226572036743164,1.2599102760983334
QM9-gap-60k,GLOSS,59,13,0.5048,100.0,1.2260348796844482,1.2562943519672927
QM9-gap-60k,GLOSS,59,14,0.5048,100.0,1.2120518684387207,1.2396949202337704
QM9-gap-60k,GLOSS,59,15,0.5048,100.0,1.2403302192687988,1.2399704611534665
QM9-gap-60k,GLOSS,59,16,0.5048,100.0,1.2471752166748047,1.2477935595449603
QM9-gap-60k,GLOSS,59,17,0.5048,100.0,1.2999720573425293,1.2418747404039097
QM9-gap-60k,GLOSS,59,18,0.5048,100.0,1.3075010776519775,1.2398313672837065
QM9-gap-60k,GLOSS,59,19,0.5048,100.0,1.3086738586425781,1.2283005419344395
QM9-gap-60k,UCB-BO,59,-1,0.2091,36.10630942091616,0.0,0.0
QM9-gap-60k,UCB-BO,59,0,0.2162,37.640449438202246,0.2712829113006592,0.21258038028965465
QM9-gap-60k,UCB-BO,59,1,0.2285,40.2981849611063,0.2874741554260254,0.4983474409455431
QM9-gap-60k,UCB-BO,59,2,0.2529,45.5704407951599,0.2993342876434326,0.7217048962455027
QM9-gap-60k,UCB-BO,59,3,0.2998,55.70440795159897,0.30446791648864746,0.853489990435178
QM9-gap-60k,UCB-BO,59,4,0.3291,62.03543647363872,0.3139920234680176,0.911771886848873
QM9-gap-60k,UCB-BO,59,5,0.3291,62.03543647363872,0.31668710708618164,1.042488586932949
QM9-gap-60k,UCB-BO,59,6,0.417,81.02852203975799,0.3193049430847168,1.0741258296194105
QM9-gap-60k,UCB-BO,59,7,0.417,81.02852203975799,0.3486509323120117,1.08656403794492
QM9-gap-60k,UCB-BO,59,8,0.417,81.02852203975799,0.3565068244934082,1.1160061486264201
QM9-gap-60k,UCB-BO,59,9,0.417,81.02852203975799,0.3584568500518799,1.1554943048426134
QM9-gap-60k,UCB-BO,59,10,0.4802,94.68452895419188,0.3647608757019043,1.1599510134461386
QM9-gap-60k,UCB-BO,59,11,0.4802,94.68452895419188,0.36830711364746094,1.1489600424633537
QM9-gap-60k,UCB-BO,59,12,0.4802,94.68452895419188,0.3771688938140869,1.1475240570384204
QM9-gap-60k,UCB-BO,59,13,0.4802,94.68452895419188,0.38224291801452637,1.145305302369107
QM9-gap-60k,UCB-BO,59,14,0.4802,94.68452895419188,0.38226771354675293,1.1347134375463883
QM9-gap-60k,UCB-BO,59,15,0.5048,100.0,0.390017032623291,1.1700908563601573
QM9-gap-60k,UCB-BO,59,16,0.5048,100.0,0.39125919342041016,1.1876442010768393
QM9-gap-60k,UCB-BO,59,17,0.5048,100.0,0.3912777900695801,1.1788317815858185
QM9-gap-60k,UCB-BO,59,18,0.5048,100.0,0.40045690536499023,1.1658012425454465
QM9-gap-60k,UCB-BO,59,19,0.5048,100.0,0.4043147563934326,1.153357059096008
QM9-gap-60k,BO(EI),59,-1,0.2091,36.10630942091616,0.0,0.0
QM9-gap-60k,BO(EI),59,0,0.2212,38.72082973206568,0.27170419692993164,0.28465033934396666
QM9-gap-60k,BO(EI),59,1,0.2212,38.72082973206568,0.2839009761810303,0.4055008889087633
QM9-gap-60k,BO(EI),59,2,0.3143,58.83751080380294,0.29843997955322266,0.8238457737924271
QM9-gap-60k,BO(EI),59,3,0.3143,58.83751080380294,0.30692291259765625,0.9263947366417888
QM9-gap-60k,BO(EI),59,4,0.3416,64.73638720829732,0.3169059753417969,0.9414500492790799
QM9-gap-60k,BO(EI),59,5,0.3569,68.04235090751945,0.3240361213684082,0.9414079665923961
QM9-gap-60k,BO(EI),59,6,0.4063,78.71650821089023,0.33055925369262695,0.9665078401764086
QM9-gap-60k,BO(EI),59,7,0.4063,78.71650821089023,0.34145522117614746,1.0199955585589533
QM9-gap-60k,BO(EI),59,8,0.4802,94.68452895419188,0.3415040969848633,1.0238311471591988
QM9-gap-60k,BO(EI),59,9,0.4802,94.68452895419188,0.3443887233734131,1.048553236048615
QM9-gap-60k,BO(EI),59,10,0.4802,94.68452895419188,0.35622477531433105,1.0692951185519897
QM9-gap-60k,BO(EI),59,11,0.4802,94.68452895419188,0.3585329055786133,1.0602659617916774
QM9-gap-60k,BO(EI),59,12,0.4802,94.68452895419188,0.36479878425598145,1.059800335460889
QM9-gap-60k,BO(EI),59,13,0.4802,94.68452895419188,0.38099026679992676,1.0778081127968697
QM9-gap-60k,BO(EI),59,14,0.4802,94.68452895419188,0.36772894859313965,1.1439523083577023
QM9-gap-60k,BO(EI),59,15,0.4802,94.68452895419188,0.3856220245361328,1.1305799492512851
QM9-gap-60k,BO(EI),59,16,0.4802,94.68452895419188,0.3917429447174072,1.1222030593977677
QM9-gap-60k,BO(EI),59,17,0.4802,94.68452895419188,0.4024360179901123,1.1203282181343015
QM9-gap-60k,BO(EI),59,18,0.4802,94.68452895419188,0.39928221702575684,1.1086304503735618
QM9-gap-60k,BO(EI),59,19,0.5048,100.0,0.4172630310058594,1.1362932973738293
QM9-gap-60k,GA,59,-1,0.2091,36.10630942091616,0.0,0.0
QM9-gap-60k,GA,59,0,0.3347,63.245462402765774,0.3590099811553955,1.0526196613944534
QM9-gap-60k,GA,59,1,0.3347,63.245462402765774,0.40573620796203613,0.9881513707416204
QM9-gap-60k,GA,59,2,0.341,64.60674157303372,0.42441701889038086,0.9466562349805533
QM9-gap-60k,GA,59,3,0.3411,64.62834917891098,0.45424795150756836,0.9259085956592774
QM9-gap-60k,GA,59,4,0.3426,64.95246326707,0.45824575424194336,0.9109040604899628
QM9-gap-60k,GA,59,5,0.3426,64.95246326707,0.4539051055908203,0.88061967035826
QM9-gap-60k,GA,59,6,0.3426,64.95246326707,0.4701881408691406,0.90100260195534
QM9-gap-60k,GA,59,7,0.3426,64.95246326707,0.47244691848754883,0.8910903640535099
QM9-gap-60k,GA,59,8,0.3426,64.95246326707,0.489487886428833,0.8625052618845007
QM9-gap-60k,GA,59,9,0.3599,68.6905790838375,0.4914681911468506,0.852180862274795
QM9-gap-60k,GA,59,10,0.3599,68.6905790838375,0.5023841857910156,0.8528317087281755
QM9-gap-60k,GA,59,11,0.5048,100.0,0.5208330154418945,0.886558337341634
QM9-gap-60k,GA,59,12,0.5048,100.0,0.5285208225250244,0.8705968866474748
QM9-gap-60k,GA,59,13,0.5048,100.0,0.5207138061523438,0.8819461893607439
QM9-gap-60k,GA,59,14,0.5048,100.0,0.5305778980255127,0.8786784802173158
QM9-gap-60k,GA,59,15,0.5048,100.0,0.532296895980835,0.884832655448364
QM9-gap-60k,GA,59,16,0.5048,100.0,0.5326316356658936,0.8760953423010355
QM9-gap-60k,GA,59,17,0.5048,100.0,0.5450718402862549,0.8763928073083957
QM9-gap-60k,GA,59,18,0.5048,100.0,0.5335259437561035,0.8809365369704114
QM9-gap-60k,GA,59,19,0.5048,100.0,0.549407958984375,0.8819574901365838
QM9-gap-60k,Random,59,-1,0.2091,36.10630942091616,0.0,0.0
QM9-gap-60k,Random,59,0,0.3453,65.53586862575627,0.13749098777770996,0.7890877705057712
QM9-gap-60k,Random,59,1,0.3453,65.53586862575627,0.14321494102478027,1.0246559997342366
QM9-gap-60k,Random,59,2,0.3453,65.53586862575627,0.14121794700622559,0.9902332472993662
QM9-gap-60k,Random,59,3,0.3635,69.46845289541919,0.14462018013000488,0.9640389250024834
QM9-gap-60k,Random,59,4,0.3635,69.46845289541919,0.14105701446533203,0.9366187755940865
QM9-gap-60k,Random,59,5,0.3635,69.46845289541919,0.14815187454223633,0.8936982032608166
QM9-gap-60k,Random,59,6,0.3635,69.46845289541919,0.14961004257202148,0.8575188234213786
QM9-gap-60k,Random,59,7,0.3635,69.46845289541919,0.15074419975280762,0.8562657658580032
QM9-gap-60k,Random,59,8,0.3635,69.46845289541919,0.15417718887329102,0.8683285509611276
QM9-gap-60k,Random,59,9,0.3635,69.46845289541919,0.15537524223327637,0.864909573464605
QM9-gap-60k,Random,59,10,0.3635,69.46845289541919,0.15604615211486816,0.871345302077306
QM9-gap-60k,Random,59,11,0.3635,69.46845289541919,0.15860605239868164,0.880950410262286
QM9-gap-60k,Random,59,12,0.3635,69.46845289541919,0.1609799861907959,0.8962608221920991
QM9-gap-60k,Random,59,13,0.3635,69.46845289541919,0.1645660400390625,0.8993672657901287
QM9-gap-60k,Random,59,14,0.3635,69.46845289541919,0.16798686981201172,0.9015687579263543
QM9-gap-60k,Random,59,15,0.3635,69.46845289541919,0.16897106170654297,0.9070930519522549
QM9-gap-60k,Random,59,16,0.3635,69.46845289541919,0.17008376121520996,0.9094538867501188
QM9-gap-60k,Random,59,17,0.3635,69.46845289541919,0.17203092575073242,0.895656008886771
QM9-gap-60k,Random,59,18,0.3635,69.46845289541919,0.1742720603942871,0.891863150016611
QM9-gap-60k,Random,59,19,0.3635,69.46845289541919,0.17091798782348633,0.8869689265170304
QM9-gap-60k,GLOSS,61,-1,0.2073,35.71737251512532,0.0,0.0
QM9-gap-60k,GLOSS,61,0,0.2902,53.63007778738116,0.9915692806243896,0.9782842409677038
QM9-gap-60k,GLOSS,61,1,0.3891,75.0,0.9908390045166016,1.1251246679383513
QM9-gap-60k,GLOSS,61,2,0.4179,81.22299049265341,1.007115125656128,1.2388190733131874
QM9-gap-60k,GLOSS,61,3,0.5048,100.0,1.0369873046875,1.3305830505534497
QM9-gap-60k,GLOSS,61,4,0.5048,100.0,1.0542359352111816,1.4205694656430021
QM9-gap-60k,GLOSS,61,5,0.5048,100.0,1.0857253074645996,1.3855428534666054
QM9-gap-60k,GLOSS,61,6,0.5048,100.0,1.0814158916473389,1.3280381939635093
QM9-gap-60k,GLOSS,61,7,0.5048,100.0,1.0619518756866455,1.316412241707346
QM9-gap-60k,GLOSS,61,8,0.5048,100.0,1.0786020755767822,1.3026908648092388
QM9-gap-60k,GLOSS,61,9,0.5048,100.0,1.1500020027160645,1.280781170147453
QM9-gap-60k,GLOSS,61,10,0.5048,100.0,1.2070159912109375,1.2547265132236312
QM9-gap-60k,GLOSS,61,11,0.5048,100.0,1.2113230228424072,1.243124476585592
QM9-gap-60k,GLOSS,61,12,0.5048,100.0,1.2422997951507568,1.2303478977431455
QM9-gap-60k,GLOSS,61,13,0.5048,100.0,1.275526762008667,1.2160793451389107
QM9-gap-60k,GLOSS,61,14,0.5048,100.0,1.2642810344696045,1.2093917766905211
QM9-gap-60k,GLOSS,61,15,0.5048,100.0,1.2549018859863281,1.2075397480139753
QM9-gap-60k,GLOSS,61,16,0.5048,100.0,1.324127197265625,1.206604288905117
QM9-gap-60k,GLOSS,61,17,0.5048,100.0,1.2918217182159424,1.2148213706256545
QM9-gap-60k,GLOSS,61,18,0.5048,100.0,1.3022739887237549,1.193180440709514
QM9-gap-60k,GLOSS,61,19,0.5048,100.0,1.3129830360412598,1.1855357530806994
QM9-gap-60k,UCB-BO,61,-1,0.2073,35.71737251512532,0.0,0.0
QM9-gap-60k,UCB-BO,61,0,0.2176,37.942955920484,0.284318208694458,0.15668884942482128
QM9-gap-60k,UCB-BO,61,1,0.2253,39.6067415730337,0.2950172424316406,0.3151191705083078
QM9-gap-60k,UCB-BO,61,2,0.2253,39.6067415730337,0.29602599143981934,0.33550313332586934
QM9-gap-60k,UCB-BO,61,3,0.2253,39.6067415730337,0.31671619415283203,0.3998097394670519
QM9-gap-60k,UCB-BO,61,4,0.2502,44.987035436473626,0.3268778324127197,0.5303207903137491
QM9-gap-60k,UCB-BO,61,5,0.2644,48.05531547104581,0.32477807998657227,0.6723884538032018
QM9-gap-60k,UCB-BO,61,6,0.2761,50.58340535868625,0.3336000442504883,0.7400262772778478
QM9-gap-60k,UCB-BO,61,7,0.3324,62.74848746758859,0.3404369354248047,0.7892971704523822
QM9-gap-60k,UCB-BO,61,8,0.3324,62.74848746758859,0.35394287109375,0.8277012866080482
QM9-gap-60k,UCB-BO,61,9,0.3324,62.74848746758859,0.38272881507873535,0.8715212789478946
QM9-gap-60k,UCB-BO,61,10,0.3338,63.050993949870346,0.38918614387512207,0.8660243054134251
QM9-gap-60k,UCB-BO,61,11,0.3338,63.050993949870346,0.38373494148254395,0.8564642399702391
QM9-gap-60k,UCB-BO,61,12,0.3684,70.52722558340537,0.40783023834228516,0.8821934081163072
QM9-gap-60k,UCB-BO,61,13,0.3684,70.52722558340537,0.39370203018188477,0.9218647638762144
QM9-gap-60k,UCB-BO,61,14,0.3684,70.52722558340537,0.3930509090423584,0.9294993295331057
QM9-gap-60k,UCB-BO,61,15,0.462,90.75194468452895,0.39464497566223145,0.9548105025465398
QM9-gap-60k,UCB-BO,61,16,0.462,90.75194468452895,0.41313791275024414,0.9476216485973289
QM9-gap-60k,UCB-BO,61,17,0.462,90.75194468452895,0.40451884269714355,0.9622161805745136
QM9-gap-60k,UCB-BO,61,18,0.462,90.75194468452895,0.4135589599609375,0.986709238569905
QM9-gap-60k,UCB-BO,61,19,0.4802,94.68452895419188,0.430889368057251,1.0014412378808395
QM9-gap-60k,BO(EI),61,-1,0.2073,35.71737251512532,0.0,0.0
QM9-gap-60k,BO(EI),61,0,0.2143,37.22990492653413,0.28309202194213867,0.158981929925681
QM9-gap-60k,BO(EI),61,1,0.2224,38.9801210025929,0.3018758296966553,0.3142254589582849
QM9-gap-60k,BO(EI),61,2,0.226,39.75799481417459,0.30640196800231934,0.3303292830284882
QM9-gap-60k,BO(EI),61,3,0.2313,40.90319792566983,0.30914306640625,0.3261630954739023
QM9-gap-60k,BO(EI),61,4,0.2512,45.20311149524632,0.3385148048400879,0.506785148449523
QM9-gap-60k,BO(EI),61,5,0.3288,61.97061365600691,0.326214075088501,0.6496470237239107
QM9-gap-60k,BO(EI),61,6,0.351,66.76750216076059,0.3334920406341553,0.8094474124010745
QM9-gap-60k,BO(EI),61,7,0.3782,72.6447709593777,0.33288097381591797,0.9046997359592857
QM9-gap-60k,BO(EI),61,8,0.3891,75.0,0.33126306533813477,1.01683515112616
QM9-gap-60k,BO(EI),61,9,0.3901,75.21607605877269,0.34830284118652344,1.0546072958339512
QM9-gap-60k,BO(EI),61,10,0.3901,75.21607605877269,0.34908604621887207,1.0694897230521525
QM9-gap-60k,BO(EI),61,11,0.3901,75.21607605877269,0.3492422103881836,1.1309297141372072
QM9-gap-60k,BO(EI),61,12,0.3901,75.21607605877269,0.3724031448364258,1.1675759514911135
QM9-gap-60k,BO(EI),61,13,0.5048,100.0,0.3724961280822754,1.2502909606005785
QM9-gap-60k,BO(EI),61,14,0.5048,100.0,0.3727138042449951,1.252951870314207
QM9-gap-60k,BO(EI),61,15,0.5048,100.0,0.37188100814819336,1.2375102987002018
QM9-gap-60k,BO(EI),61,16,0.5048,100.0,0.3868401050567627,1.2374298788493965
QM9-gap-60k,BO(EI),61,17,0.5048,100.0,0.39670586585998535,1.2523378692385378
QM9-gap-60k,BO(EI),61,18,0.5048,100.0,0.4044520854949951,1.255424000113108
QM9-gap-60k,BO(EI),61,19,0.5048,100.0,0.40697813034057617,1.2417371880610997
QM9-gap-60k,GA,61,-1,0.2073,35.71737251512532,0.0,0.0
QM9-gap-60k,GA,61,0,0.2708,49.438202247191,0.3743300437927246,1.0558560899058331
QM9-gap-60k,GA,61,1,0.3356,63.439930855661196,0.39408087730407715,1.1235349835501764
QM9-gap-60k,GA,61,2,0.3529,67.17804667242869,0.4162740707397461,1.1271950036608096
QM9-gap-60k,GA,61,3,0.3529,67.17804667242869,0.4309670925140381,1.0447494719396402
QM9-gap-60k,GA,61,4,0.3901,75.21607605877269,0.4582841396331787,1.030672366835829
QM9-gap-60k,GA,61,5,0.3901,75.21607605877269,0.45208072662353516,1.0158477170049953
QM9-gap-60k,GA,61,6,0.3901,75.21607605877269,0.46367692947387695,1.0011548487672706
QM9-gap-60k,GA,61,7,0.3901,75.21607605877269,0.476625919342041,0.9847134412008453
QM9-gap-60k,GA,61,8,0.3901,75.21607605877269,0.4822092056274414,0.9717663761344318
QM9-gap-60k,GA,61,9,0.3901,75.21607605877269,0.49580883979797363,0.9402521624816734
QM9-gap-60k,GA,61,10,0.3901,75.21607605877269,0.49921727180480957,0.9302512763952203
QM9-gap-60k,GA,61,11,0.3901,75.21607605877269,0.5129690170288086,0.9450263405157553
QM9-gap-60k,GA,61,12,0.3901,75.21607605877269,0.483767032623291,0.9284171880591219
QM9-gap-60k,GA,61,13,0.3901,75.21607605877269,0.497805118560791,0.9180910828980682
QM9-gap-60k,GA,61,14,0.3901,75.21607605877269,0.507274866104126,0.9168911943934421
QM9-gap-60k,GA,61,15,0.3901,75.21607605877269,0.5119810104370117,0.9074811919390605
QM9-gap-60k,GA,61,16,0.3901,75.21607605877269,0.5125949382781982,0.9047781471943658
QM9-gap-60k,GA,61,17,0.3901,75.21607605877269,0.5165209770202637,0.8964098559349711
QM9-gap-60k,GA,61,18,0.3901,75.21607605877269,0.5202541351318359,0.8905268243197706
QM9-gap-60k,GA,61,19,0.3901,75.21607605877269,0.5208120346069336,0.8937317618670176
QM9-gap-60k,Random,61,-1,0.2073,35.71737251512532,0.0,0.0
QM9-gap-60k,Random,61,0,0.3125,58.4485738980121,0.13867497444152832,0.8118610496639598
QM9-gap-60k,Random,61,1,0.3191,59.87467588591184,0.14206504821777344,0.8179497380207167
QM9-gap-60k,Random,61,2,0.3408,64.56352636127917,0.13994693756103516,0.8405427982663284
QM9-gap-60k,Random,61,3,0.3408,64.56352636127917,0.1437392234802246,0.8535275768041398
QM9-gap-60k,Random,61,4,0.3408,64.56352636127917,0.14572691917419434,0.8364529296477062
QM9-gap-60k,Random,61,5,0.3408,64.56352636127917,0.1469099521636963,0.816812774320969
QM9-gap-60k,Random,61,6,0.3408,64.56352636127917,0.1494438648223877,0.8304109732590476
QM9-gap-60k,Random,61,7,0.3408,64.56352636127917,0.14875221252441406,0.8496327170162621
QM9-gap-60k,Random,61,8,0.3408,64.56352636127917,0.15062880516052246,0.8531103032536274
QM9-gap-60k,Random,61,9,0.3736,71.65082108902332,0.15739107131958008,0.9176456063320918
QM9-gap-60k,Random,61,10,0.3736,71.65082108902332,0.15698599815368652,0.9131713457250352
QM9-gap-60k,Random,61,11,0.3736,71.65082108902332,0.15782713890075684,0.9027960209353112
QM9-gap-60k,Random,61,12,0.3736,71.65082108902332,0.15508794784545898,0.9231032069418141
QM9-gap-60k,Random,61,13,0.3736,71.65082108902332,0.16283297538757324,0.931717851717181
QM9-gap-60k,Random,61,14,0.3736,71.65082108902332,0.16620969772338867,0.9296441931805672
QM9-gap-60k,Random,61,15,0.3736,71.65082108902332,0.16817688941955566,0.9321129830042107
QM9-gap-60k,Random,61,16,0.3736,71.65082108902332,0.17005205154418945,0.9335361408819864
QM9-gap-60k,Random,61,17,0.3736,71.65082108902332,0.17272424697875977,0.9393563039082127
QM9-gap-60k,Random,61,18,0.3736,71.65082108902332,0.17368292808532715,0.9414765194118295
QM9-gap-60k,Random,61,19,0.3736,71.65082108902332,0.17522597312927246,0.9521973151283113
QM9-gap-60k,GLOSS,67,-1,0.2089,36.06309420916162,0.0,0.0
QM9-gap-60k,GLOSS,67,0,0.3111,58.14606741573033,1.1137440204620361,0.423376146323638
QM9-gap-60k,GLOSS,67,1,0.3111,58.14606741573033,1.1496541500091553,0.7932228016945685
QM9-gap-60k,GLOSS,67,2,0.3193,59.91789109766638,1.278930902481079,0.7733853607862313
QM9-gap-60k,GLOSS,67,3,0.3254,61.23595505617978,1.2410438060760498,0.8996578268156552
QM9-gap-60k,GLOSS,67,4,0.3316,62.57562662057043,1.1644809246063232,0.9259481828959022
QM9-gap-60k,GLOSS,67,5,0.3349,63.2886776145203,1.1892647743225098,0.9700696874246997
QM9-gap-60k,GLOSS,67,6,0.3439,65.2333621434745,1.172687292098999,0.9782442907671102
QM9-gap-60k,GLOSS,67,7,0.417,81.02852203975799,1.274519920349121,1.0147819784947447
QM9-gap-60k,GLOSS,67,8,0.4306,83.96715643906654,1.1453189849853516,1.0726231705236113
QM9-gap-60k,GLOSS,67,9,0.5048,100.0,1.157135248184204,1.125289575359071
QM9-gap-60k,GLOSS,67,10,0.5048,100.0,1.174149751663208,1.1689995047602688
QM9-gap-60k,GLOSS,67,11,0.5048,100.0,1.1676251888275146,1.1889267406106825
QM9-gap-60k,GLOSS,67,12,0.5048,100.0,1.1786632537841797,1.1806248676968436
QM9-gap-60k,GLOSS,67,13,0.5048,100.0,1.2208170890808105,1.191901884712886
QM9-gap-60k,GLOSS,67,14,0.5048,100.0,1.2334990501403809,1.2119127441074091
QM9-gap-60k,GLOSS,67,15,0.5048,100.0,1.2488389015197754,1.2102177062585844
QM9-gap-60k,GLOSS,67,16,0.5048,100.0,1.2660720348358154,1.2201147409691968
QM9-gap-60k,GLOSS,67,17,0.5048,100.0,1.2948391437530518,1.2095617542293824
QM9-gap-60k,GLOSS,67,18,0.5048,100.0,1.2846739292144775,1.2111897193600312
QM9-gap-60k,GLOSS,67,19,0.5048,100.0,1.2734827995300293,1.2153027020419285
QM9-gap-60k,UCB-BO,67,-1,0.2089,36.06309420916162,0.0,0.0
QM9-gap-60k,UCB-BO,67,0,0.3162,59.248055315471035,0.2789900302886963,0.17753207875560142
QM9-gap-60k,UCB-BO,67,1,0.3341,63.11581676750217,0.2968900203704834,0.34427158358811855
QM9-gap-60k,UCB-BO,67,2,0.3586,68.40968020743301,0.3127920627593994,0.7166269141905522
QM9-gap-60k,UCB-BO,67,3,0.3586,68.40968020743301,0.32323789596557617,0.9127969202056656
QM9-gap-60k,UCB-BO,67,4,0.374,71.73725151253241,0.31842517852783203,0.9112764122434728
QM9-gap-60k,UCB-BO,67,5,0.4802,94.68452895419188,0.32680606842041016,0.9408895964655558
QM9-gap-60k,UCB-BO,67,6,0.5048,100.0,0.32805299758911133,1.1064185524744596
QM9-gap-60k,UCB-BO,67,7,0.5048,100.0,0.33037781715393066,1.109415890696921
QM9-gap-60k,UCB-BO,67,8,0.5048,100.0,0.3342258930206299,1.1039227426698337
QM9-gap-60k,UCB-BO,67,9,0.5048,100.0,0.3337390422821045,1.1233174206128007
QM9-gap-60k,UCB-BO,67,10,0.5048,100.0,0.3419992923736572,1.1578258982938805
QM9-gap-60k,UCB-BO,67,11,0.5048,100.0,0.34261417388916016,1.1422682749409108
QM9-gap-60k,UCB-BO,67,12,0.5048,100.0,0.34583187103271484,1.158188790067775
QM9-gap-60k,UCB-BO,67,13,0.5048,100.0,0.36809492111206055,1.1287366352147088
QM9-gap-60k,UCB-BO,67,14,0.5048,100.0,0.3538849353790283,1.1515920225388396
QM9-gap-60k,UCB-BO,67,15,0.5048,100.0,0.3606078624725342,1.1462188284831942
QM9-gap-60k,UCB-BO,67,16,0.5048,100.0,0.3545351028442383,1.1296375873628903
QM9-gap-60k,UCB-BO,67,17,0.5048,100.0,0.36084794998168945,1.1453839709976303
QM9-gap-60k,UCB-BO,67,18,0.5048,100.0,0.3675987720489502,1.1314708141777619
QM9-gap-60k,UCB-BO,67,19,0.5048,100.0,0.3662850856781006,1.1161569738122021
QM9-gap-60k,BO(EI),67,-1,0.2089,36.06309420916162,0.0,0.0
QM9-gap-60k,BO(EI),67,0,0.2425,43.323249783923934,0.27361202239990234,0.13508316899892728
QM9-gap-60k,BO(EI),67,1,0.3057,56.97925669835783,0.29181885719299316,0.3593933545548355
QM9-gap-60k,BO(EI),67,2,0.3144,58.859118409680214,0.31937098503112793,0.4432711180355003
QM9-gap-60k,BO(EI),67,3,0.3144,58.859118409680214,0.3294718265533447,0.7455723065741301
QM9-gap-60k,BO(EI),67,4,0.3417,64.7579948141746,0.3340301513671875,0.7579437694966253
QM9-gap-60k,BO(EI),67,5,0.3548,67.5885911840968,0.3186349868774414,0.8335424180184717
QM9-gap-60k,BO(EI),67,6,0.462,90.75194468452895,0.3377418518066406,0.849124951155927
QM9-gap-60k,BO(EI),67,7,0.4802,94.68452895419188,0.34081101417541504,0.9007831809587674
QM9-gap-60k,BO(EI),67,8,0.4802,94.68452895419188,0.3445119857788086,0.9669898592236899
QM9-gap-60k,BO(EI),67,9,0.4802,94.68452895419188,0.3508942127227783,1.0511062374837123
QM9-gap-60k,BO(EI),67,10,0.5048,100.0,0.35445308685302734,1.0814019221914848
QM9-gap-60k,BO(EI),67,11,0.5048,100.0,0.3638291358947754,1.1766373454640902
QM9-gap-60k,BO(EI),67,12,0.5048,100.0,0.35939502716064453,1.1744379227177946
QM9-gap-60k,BO(EI),67,13,0.5048,100.0,0.37471485137939453,1.1886575503785681
QM9-gap-60k,BO(EI),67,14,0.5048,100.0,0.36429715156555176,1.1910008363912237
QM9-gap-60k,BO(EI),67,15,0.5048,100.0,0.3782367706298828,1.199972653694637
QM9-gap-60k,BO(EI),67,16,0.5048,100.0,0.38361597061157227,1.203370113513619
QM9-gap-60k,BO(EI),67,17,0.5048,100.0,0.37428784370422363,1.1906494471589124
QM9-gap-60k,BO(EI),67,18,0.5048,100.0,0.3804166316986084,1.2000332744302258
QM9-gap-60k,BO(EI),67,19,0.5048,100.0,0.384566068649292,1.2159777712572395
QM9-gap-60k,GA,67,-1,0.2089,36.06309420916162,0.0,0.0
QM9-gap-60k,GA,67,0,0.3227,60.652549697493505,0.37555694580078125,0.5792564075070974
QM9-gap-60k,GA,67,1,0.3725,71.41313742437337,0.38919782638549805,0.6975422460859092
QM9-gap-60k,GA,67,2,0.3725,71.41313742437337,0.41167688369750977,0.7170616888893181
QM9-gap-60k,GA,67,3,0.3725,71.41313742437337,0.4240109920501709,0.7704683236159716
QM9-gap-60k,GA,67,4,0.3725,71.41313742437337,0.42450475692749023,0.8243815275893802
QM9-gap-60k,GA,67,5,0.3725,71.41313742437337,0.4342310428619385,0.8162334518280865
QM9-gap-60k,GA,67,6,0.3755,72.06136560069145,0.46056389808654785,0.8129088146953494
QM9-gap-60k,GA,67,7,0.3755,72.06136560069145,0.452927827835083,0.7912180362146727
QM9-gap-60k,GA,67,8,0.3755,72.06136560069145,0.44452810287475586,0.7736618704092505
QM9-gap-60k,GA,67,9,0.3755,72.06136560069145,0.452329158782959,0.7556207624870787
QM9-gap-60k,GA,67,10,0.3755,72.06136560069145,0.45749831199645996,0.7557851592495496
QM9-gap-60k,GA,67,11,0.3755,72.06136560069145,0.44876980781555176,0.7619527268181434
QM9-gap-60k,GA,67,12,0.3755,72.06136560069145,0.46859312057495117,0.7559450818025445
QM9-gap-60k,GA,67,13,0.3755,72.06136560069145,0.4719099998474121,0.7482582725552613
QM9-gap-60k,GA,67,14,0.3755,72.06136560069145,0.47765421867370605,0.7464403304125576
QM9-gap-60k,GA,67,15,0.3755,72.06136560069145,0.47144389152526855,0.755159607174782
QM9-gap-60k,GA,67,16,0.3755,72.06136560069145,0.4825930595397949,0.7525293334809645
QM9-gap-60k,GA,67,17,0.3755,72.06136560069145,0.48028111457824707,0.7585440542640334
QM9-gap-60k,GA,67,18,0.3755,72.06136560069145,0.49982380867004395,0.7610558181577012
QM9-gap-60k,GA,67,19,0.3755,72.06136560069145,0.48163890838623047,0.755160725692404
QM9-gap-60k,Random,67,-1,0.2089,36.06309420916162,0.0,0.0
QM9-gap-60k,Random,67,0,0.3374,63.828867761452024,0.1387190818786621,0.7113251779863166
QM9-gap-60k,Random,67,1,0.3374,63.828867761452024,0.13930320739746094,0.8264358964129469
QM9-gap-60k,Random,67,2,0.3374,63.828867761452024,0.14218783378601074,0.8294620351242075
QM9-gap-60k,Random,67,3,0.3396,64.30423509075194,0.14060282707214355,0.8438178638931759
QM9-gap-60k,Random,67,4,0.3396,64.30423509075194,0.14378976821899414,0.8288954336322478
QM9-gap-60k,Random,67,5,0.341,64.60674157303372,0.1456902027130127,0.8192045710326378
QM9-gap-60k,Random,67,6,0.341,64.60674157303372,0.15161705017089844,0.8425799181290893
QM9-gap-60k,Random,67,7,0.341,64.60674157303372,0.1508491039276123,0.8486314042815238
QM9-gap-60k,Random,67,8,0.341,64.60674157303372,0.1521308422088623,0.8560244375587438
QM9-gap-60k,Random,67,9,0.341,64.60674157303372,0.15413784980773926,0.8578009274765219
QM9-gap-60k,Random,67,10,0.341,64.60674157303372,0.15740275382995605,0.8914097593708847
QM9-gap-60k,Random,67,11,0.341,64.60674157303372,0.1576540470123291,0.8989655370228001
QM9-gap-60k,Random,67,12,0.341,64.60674157303372,0.16107606887817383,0.9126006933218468
QM9-gap-60k,Random,67,13,0.341,64.60674157303372,0.16367578506469727,0.9079498009842888
QM9-gap-60k,Random,67,14,0.341,64.60674157303372,0.16703486442565918,0.9084256870571272
QM9-gap-60k,Random,67,15,0.341,64.60674157303372,0.1664109230041504,0.9070957568712714
QM9-gap-60k,Random,67,16,0.341,64.60674157303372,0.16907906532287598,0.9002456375298028
QM9-gap-60k,Random,67,17,0.3468,65.8599827139153,0.1710340976715088,0.8948242847568488
QM9-gap-60k,Random,67,18,0.3468,65.8599827139153,0.18015170097351074,0.903889166509238
QM9-gap-60k,Random,67,19,0.3468,65.8599827139153,0.1814100742340088,0.9004517397562342
QM9-gap-65k,GLOSS,47,-1,0.2049,35.19878997407086,0.0,0.0
QM9-gap-65k,GLOSS,47,0,0.3138,58.7294727744166,1.0850119590759277,0.9332142677842411
QM9-gap-65k,GLOSS,47,1,0.3185,59.74503025064822,1.0989408493041992,0.9100343798363971
QM9-gap-65k,GLOSS,47,2,0.3426,64.95246326707,1.1264228820800781,0.8958960433464161
QM9-gap-65k,GLOSS,47,3,0.4179,81.22299049265341,1.129626750946045,0.9932061559511824
QM9-gap-65k,GLOSS,47,4,0.5048,100.0,1.241199016571045,1.1511529537766072
QM9-gap-65k,GLOSS,47,5,0.5048,100.0,1.272252082824707,1.2685453390325858
QM9-gap-65k,GLOSS,47,6,0.5048,100.0,1.2599818706512451,1.2211753034917414
QM9-gap-65k,GLOSS,47,7,0.5048,100.0,1.2738449573516846,1.2209384851028242
QM9-gap-65k,GLOSS,47,8,0.5048,100.0,1.2126219272613525,1.258809609770093
QM9-gap-65k,GLOSS,47,9,0.5048,100.0,1.2744958400726318,1.243834813662009
QM9-gap-65k,GLOSS,47,10,0.5048,100.0,1.2539787292480469,1.2241453607738868
QM9-gap-65k,GLOSS,47,11,0.5048,100.0,1.2636170387268066,1.2030970405108548
QM9-gap-65k,GLOSS,47,12,0.5048,100.0,1.339327096939087,1.1917750662362478
QM9-gap-65k,GLOSS,47,13,0.5048,100.0,1.2788798809051514,1.1749907546977607
QM9-gap-65k,GLOSS,47,14,0.5048,100.0,1.331110954284668,1.1634313965257708
QM9-gap-65k,GLOSS,47,15,0.5048,100.0,1.3347420692443848,1.15712466511029
QM9-gap-65k,GLOSS,47,16,0.5048,100.0,1.409602165222168,1.1498179289096286
QM9-gap-65k,GLOSS,47,17,0.5048,100.0,1.3482248783111572,1.147680659499352
QM9-gap-65k,GLOSS,47,18,0.5048,100.0,1.4222800731658936,1.1452546350398265
QM9-gap-65k,GLOSS,47,19,0.5048,100.0,1.360602855682373,1.1393682735446835
QM9-gap-65k,UCB-BO,47,-1,0.2049,35.19878997407086,0.0,0.0
QM9-gap-65k,UCB-BO,47,0,0.2712,49.52463267070008,0.2907907962799072,0.520446099808252
QM9-gap-65k,UCB-BO,47,1,0.3298,62.1866897147796,0.31117916107177734,0.7727126989466733
QM9-gap-65k,UCB-BO,47,2,0.3298,62.1866897147796,0.3202989101409912,0.8804196078489692
QM9-gap-65k,UCB-BO,47,3,0.3595,68.60414866032843,0.3447861671447754,0.9121091770084017
QM9-gap-65k,UCB-BO,47,4,0.3595,68.60414866032843,0.356461763381958,0.931406208426309
QM9-gap-65k,UCB-BO,47,5,0.3595,68.60414866032843,0.3685939311981201,0.9014938510763644
QM9-gap-65k,UCB-BO,47,6,0.3891,75.0,0.3627340793609619,0.9199756101730157
QM9-gap-65k,UCB-BO,47,7,0.3891,75.0,0.36380696296691895,0.9278368887701399
QM9-gap-65k,UCB-BO,47,8,0.4306,83.96715643906654,0.3732428550720215,0.9692684098011872
QM9-gap-65k,UCB-BO,47,9,0.4802,94.68452895419188,0.3752150535583496,0.9840743565482724
QM9-gap-65k,UCB-BO,47,10,0.4802,94.68452895419188,0.37070417404174805,0.9932852635402052
QM9-gap-65k,UCB-BO,47,11,0.5048,100.0,0.3913242816925049,1.0410025557836688
QM9-gap-65k,UCB-BO,47,12,0.5048,100.0,0.3741788864135742,1.064113009214744
QM9-gap-65k,UCB-BO,47,13,0.5048,100.0,0.3762083053588867,1.0555650291071457
QM9-gap-65k,UCB-BO,47,14,0.5048,100.0,0.38606715202331543,1.0517553145238145
QM9-gap-65k,UCB-BO,47,15,0.5048,100.0,0.37995386123657227,1.0360151354463347
QM9-gap-65k,UCB-BO,47,16,0.5048,100.0,0.3857429027557373,1.0498846659636594
QM9-gap-65k,UCB-BO,47,17,0.5048,100.0,0.39769506454467773,1.0381508417501866
QM9-gap-65k,UCB-BO,47,18,0.5048,100.0,0.3800370693206787,1.028234781698391
QM9-gap-65k,UCB-BO,47,19,0.5048,100.0,0.38579797744750977,1.0274738122920455
QM9-gap-65k,BO(EI),47,-1,0.2049,35.19878997407086,0.0,0.0
QM9-gap-65k,BO(EI),47,0,0.2276,40.10371650821089,0.2999579906463623,0.14191395506025867
QM9-gap-65k,BO(EI),47,1,0.2282,40.233362143474494,0.30680012702941895,0.2567401905047641
QM9-gap-65k,BO(EI),47,2,0.2548,45.980985306828,0.3104569911956787,0.2731216048808337
QM9-gap-65k,BO(EI),47,3,0.2558,46.19706136560069,0.3142549991607666,0.2758547928122193
QM9-gap-65k,BO(EI),47,4,0.2558,46.19706136560069,0.31935596466064453,0.34508209977027565
QM9-gap-65k,BO(EI),47,5,0.2558,46.19706136560069,0.3129842281341553,0.3817696060845919
QM9-gap-65k,BO(EI),47,6,0.2558,46.19706136560069,0.32635498046875,0.3811622228668207
QM9-gap-65k,BO(EI),47,7,0.2558,46.19706136560069,0.3361649513244629,0.43940372200502026
QM9-gap-65k,BO(EI),47,8,0.3088,57.64909248055316,0.3475911617279053,0.6254270628253829
QM9-gap-65k,BO(EI),47,9,0.3447,65.40622299049265,0.3608860969543457,0.7767770148937014
QM9-gap-65k,BO(EI),47,10,0.3447,65.40622299049265,0.4182727336883545,0.9064037994602339
QM9-gap-65k,BO(EI),47,11,0.3669,70.20311149524633,0.3866109848022461,1.0017356826961796
QM9-gap-65k,BO(EI),47,12,0.4306,83.96715643906654,0.4380221366882324,1.05396625451755
QM9-gap-65k,BO(EI),47,13,0.4306,83.96715643906654,0.4475729465484619,1.1087887685930935
QM9-gap-65k,BO(EI),47,14,0.4465,87.40276577355229,0.4044761657714844,1.1632993308673762
QM9-gap-65k,BO(EI),47,15,0.4802,94.68452895419188,0.39023613929748535,1.1946198349709265
QM9-gap-65k,BO(EI),47,16,0.4802,94.68452895419188,0.39504194259643555,1.2019936507764468
QM9-gap-65k,BO(EI),47,17,0.4802,94.68452895419188,0.3903963565826416,1.2375700231454687
QM9-gap-65k,BO(EI),47,18,0.4802,94.68452895419188,0.3946869373321533,1.2387695205298386
QM9-gap-65k,BO(EI),47,19,0.4802,94.68452895419188,0.39745306968688965,1.242412188094414
QM9-gap-65k,GA,47,-1,0.2049,35.19878997407086,0.0,0.0
QM9-gap-65k,GA,47,0,0.3082,57.519446845289536,0.4003260135650635,1.0865561451698258
QM9-gap-65k,GA,47,1,0.3296,62.14347450302506,0.41544580459594727,1.022007607090711
QM9-gap-65k,GA,47,2,0.3367,63.677614520311145,0.4455430507659912,0.9745186432628922
QM9-gap-65k,GA,47,3,0.3367,63.677614520311145,0.45981502532958984,0.9354316528672761
QM9-gap-65k,GA,47,4,0.4802,94.68452895419188,0.4507179260253906,0.9203749446742879
QM9-gap-65k,GA,47,5,0.4802,94.68452895419188,0.4671599864959717,0.8932845662899611
QM9-gap-65k,GA,47,6,0.4802,94.68452895419188,0.4804651737213135,0.8811397878363456
QM9-gap-65k,GA,47,7,0.4802,94.68452895419188,0.4812631607055664,0.8726972025074361
QM9-gap-65k,GA,47,8,0.4802,94.68452895419188,0.4867072105407715,0.8659582830957119
QM9-gap-65k,GA,47,9,0.4802,94.68452895419188,0.49275970458984375,0.8550224242770699
QM9-gap-65k,GA,47,10,0.4802,94.68452895419188,0.49706292152404785,0.8368871068756536
QM9-gap-65k,GA,47,11,0.4802,94.68452895419188,0.49340391159057617,0.8331600990656617
QM9-gap-65k,GA,47,12,0.4802,94.68452895419188,0.5003488063812256,0.8328117484074347
QM9-gap-65k,GA,47,13,0.4802,94.68452895419188,0.4951357841491699,0.8192275278294621
QM9-gap-65k,GA,47,14,0.4802,94.68452895419188,0.504932165145874,0.8183717265761988
QM9-gap-65k,GA,47,15,0.4802,94.68452895419188,0.4963812828063965,0.8066744046289699
QM9-gap-65k,GA,47,16,0.4802,94.68452895419188,0.5035791397094727,0.8008180160479685
QM9-gap-65k,GA,47,17,0.4802,94.68452895419188,0.5445120334625244,0.7994732465045677
QM9-gap-65k,GA,47,18,0.4802,94.68452895419188,0.5181760787963867,0.7998549064004369
QM9-gap-65k,GA,47,19,0.4802,94.68452895419188,0.5219447612762451,0.788406577540036
QM9-gap-65k,Random,47,-1,0.2049,35.19878997407086,0.0,0.0
QM9-gap-65k,Random,47,0,0.3218,60.45808124459809,0.14935708045959473,0.8891202712070186
QM9-gap-65k,Random,47,1,0.3305,62.33794295592049,0.15049433708190918,0.867540915270175
QM9-gap-65k,Random,47,2,0.331,62.445980985306825,0.1529090404510498,0.8744036738232813
QM9-gap-65k,Random,47,3,0.331,62.445980985306825,0.15535783767700195,0.8664558643483627
QM9-gap-65k,Random,47,4,0.3366,63.65600691443388,0.15919184684753418,0.8346739245913993
QM9-gap-65k,Random,47,5,0.3366,63.65600691443388,0.15819001197814941,0.8729482915812921
QM9-gap-65k,Random,47,6,0.3366,63.65600691443388,0.16157197952270508,0.8860854668190862
QM9-gap-65k,Random,47,7,0.3481,66.1408815903198,0.16578412055969238,0.8709718477816993
QM9-gap-65k,Random,47,8,0.3481,66.1408815903198,0.16431713104248047,0.8708925939940769
QM9-gap-65k,Random,47,9,0.3481,66.1408815903198,0.16337800025939941,0.8595034197279026
QM9-gap-65k,Random,47,10,0.3481,66.1408815903198,0.16301894187927246,0.8582782605354006
QM9-gap-65k,Random,47,11,0.3481,66.1408815903198,0.16486406326293945,0.8673510626556539
QM9-gap-65k,Random,47,12,0.3481,66.1408815903198,0.16634535789489746,0.8663695412928899
QM9-gap-65k,Random,47,13,0.3481,66.1408815903198,0.16779518127441406,0.8632809626746915
QM9-gap-65k,Random,47,14,0.3481,66.1408815903198,0.17207622528076172,0.874433698889145
QM9-gap-65k,Random,47,15,0.3481,66.1408815903198,0.17751502990722656,0.8691711427486544
QM9-gap-65k,Random,47,16,0.3481,66.1408815903198,0.1730329990386963,0.8691973700735441
QM9-gap-65k,Random,47,17,0.3481,66.1408815903198,0.18048882484436035,0.8709387398767166
QM9-gap-65k,Random,47,18,0.3481,66.1408815903198,0.1834728717803955,0.8616752829736541
QM9-gap-65k,Random,47,19,0.3481,66.1408815903198,0.18541789054870605,0.8562965428817985
QM9-gap-65k,GLOSS,53,-1,0.2084,35.955056179775276,0.0,0.0
QM9-gap-65k,GLOSS,53,0,0.3191,59.87467588591184,1.3594279289245605,0.7508571812775097
QM9-gap-65k,GLOSS,53,1,0.3191,59.87467588591184,1.3694100379943848,0.7154944431310996
QM9-gap-65k,GLOSS,53,2,0.3599,68.6905790838375,1.3051378726959229,0.8388717476762321
QM9-gap-65k,GLOSS,53,3,0.3599,68.6905790838375,1.2011122703552246,0.9586164813292488
QM9-gap-65k,GLOSS,53,4,0.5048,100.0,1.1958680152893066,1.082692796808343
QM9-gap-65k,GLOSS,53,5,0.5048,100.0,1.1878571510314941,1.136132240484309
QM9-gap-65k,GLOSS,53,6,0.5048,100.0,1.2402992248535156,1.182001187269932
QM9-gap-65k,GLOSS,53,7,0.5048,100.0,1.211827039718628,1.2310498188128742
QM9-gap-65k,GLOSS,53,8,0.5048,100.0,1.250032901763916,1.2083298817879995
QM9-gap-65k,GLOSS,53,9,0.5048,100.0,1.2250161170959473,1.2011103847143885
QM9-gap-65k,GLOSS,53,10,0.5048,100.0,1.2318518161773682,1.1700323876645937
QM9-gap-65k,GLOSS,53,11,0.5048,100.0,1.2969028949737549,1.1685042346615468
QM9-gap-65k,GLOSS,53,12,0.5048,100.0,1.3672702312469482,1.1532322061717952
QM9-gap-65k,GLOSS,53,13,0.5048,100.0,1.3438761234283447,1.1451483134083587
QM9-gap-65k,GLOSS,53,14,0.5048,100.0,1.3397128582000732,1.1564519370808342
QM9-gap-65k,GLOSS,53,15,0.5048,100.0,1.3536770343780518,1.1504410009066215
QM9-gap-65k,GLOSS,53,16,0.5048,100.0,1.3073179721832275,1.160690970594252
QM9-gap-65k,GLOSS,53,17,0.5048,100.0,1.3470587730407715,1.1602780615363253
QM9-gap-65k,GLOSS,53,18,0.5048,100.0,1.3743040561676025,1.1569483025901417
QM9-gap-65k,GLOSS,53,19,0.5048,100.0,1.3540759086608887,1.1485455528513144
QM9-gap-65k,UCB-BO,53,-1,0.2084,35.955056179775276,0.0,0.0
QM9-gap-65k,UCB-BO,53,0,0.2588,46.845289541918746,0.29530811309814453,0.46388371620831526
QM9-gap-65k,UCB-BO,53,1,0.2588,46.845289541918746,0.33305788040161133,0.47624742714992213
QM9-gap-65k,UCB-BO,53,2,0.2588,46.845289541918746,0.3399202823638916,0.5587487687133061
QM9-gap-65k,UCB-BO,53,3,0.2588,46.845289541918746,0.34780001640319824,0.571149280169915
QM9-gap-65k,UCB-BO,53,4,0.2613,47.38547968885046,0.3302450180053711,0.5685652159587107
QM9-gap-65k,UCB-BO,53,5,0.2613,47.38547968885046,0.34787416458129883,0.5879450111445262
QM9-gap-65k,UCB-BO,53,6,0.2613,47.38547968885046,0.3548920154571533,0.56399455686732
QM9-gap-65k,UCB-BO,53,7,0.2851,52.52808988764045,0.3699038028717041,0.5333420820707543
QM9-gap-65k,UCB-BO,53,8,0.2967,55.03457216940363,0.38281798362731934,0.5182843575745905
QM9-gap-65k,UCB-BO,53,9,0.3194,59.93949870354365,0.3883171081542969,0.5315450663769482
QM9-gap-65k,UCB-BO,53,10,0.3194,59.93949870354365,0.3786020278930664,0.5610291793543967
QM9-gap-65k,UCB-BO,53,11,0.3194,59.93949870354365,0.3876988887786865,0.5768600580737465
QM9-gap-65k,UCB-BO,53,12,0.3194,59.93949870354365,0.3959958553314209,0.5825315121438877
QM9-gap-65k,UCB-BO,53,13,0.3399,64.36905790838374,0.39963269233703613,0.7024382493604938
QM9-gap-65k,UCB-BO,53,14,0.3399,64.36905790838374,0.3895280361175537,0.7648967594071712
QM9-gap-65k,UCB-BO,53,15,0.5048,100.0,0.41235899925231934,0.8444397496775303
QM9-gap-65k,UCB-BO,53,16,0.5048,100.0,0.40224480628967285,0.8873423192897721
QM9-gap-65k,UCB-BO,53,17,0.5048,100.0,0.4151270389556885,0.9293057797109406
QM9-gap-65k,UCB-BO,53,18,0.5048,100.0,0.4133031368255615,0.9734795202601989
QM9-gap-65k,UCB-BO,53,19,0.5048,100.0,0.42959117889404297,0.9927564386688054
QM9-gap-65k,BO(EI),53,-1,0.2084,35.955056179775276,0.0,0.0
QM9-gap-65k,BO(EI),53,0,0.2399,42.76145203111495,0.28322505950927734,0.5144232898914891
QM9-gap-65k,BO(EI),53,1,0.2694,49.13569576490924,0.31665611267089844,0.45192451117929516
QM9-gap-65k,BO(EI),53,2,0.2986,55.445116681071724,0.32838916778564453,0.635324812584334
QM9-gap-65k,BO(EI),53,3,0.2986,55.445116681071724,0.34178781509399414,0.7519806595680826
QM9-gap-65k,BO(EI),53,4,0.3118,58.29732065687122,0.34241604804992676,0.7582923698746076
QM9-gap-65k,BO(EI),53,5,0.3492,66.37856525496974,0.3572261333465576,0.7915680367990781
QM9-gap-65k,BO(EI),53,6,0.3684,70.52722558340537,0.356065034866333,0.8843879927703802
QM9-gap-65k,BO(EI),53,7,0.4802,94.68452895419188,0.37129712104797363,0.9131549302965245
QM9-gap-65k,BO(EI),53,8,0.4802,94.68452895419188,0.3627018928527832,0.981119178778813
QM9-gap-65k,BO(EI),53,9,0.4802,94.68452895419188,0.37476086616516113,1.0159797270946676
QM9-gap-65k,BO(EI),53,10,0.4802,94.68452895419188,0.38711094856262207,1.0531424996834058
QM9-gap-65k,BO(EI),53,11,0.4802,94.68452895419188,0.386354923248291,1.0707808405978
QM9-gap-65k,BO(EI),53,12,0.4802,94.68452895419188,0.39981889724731445,1.066463284700914
QM9-gap-65k,BO(EI),53,13,0.4802,94.68452895419188,0.41304516792297363,1.0713105695758756
QM9-gap-65k,BO(EI),53,14,0.5048,100.0,0.3991200923919678,1.1113033125195788
QM9-gap-65k,BO(EI),53,15,0.5048,100.0,0.4104728698730469,1.1837603601942959
QM9-gap-65k,BO(EI),53,16,0.5048,100.0,0.4172029495239258,1.1976262675265172
QM9-gap-65k,BO(EI),53,17,0.5048,100.0,0.41256213188171387,1.214937667674287
QM9-gap-65k,BO(EI),53,18,0.5048,100.0,0.41755008697509766,1.218974327369604
QM9-gap-65k,BO(EI),53,19,0.5048,100.0,0.4244260787963867,1.21810655354925
QM9-gap-65k,GA,53,-1,0.2084,35.955056179775276,0.0,0.0
QM9-gap-65k,GA,53,0,0.3126,58.470181503889364,0.4103410243988037,0.9091799116354595
QM9-gap-65k,GA,53,1,0.3415,64.71477960242005,0.42986083030700684,0.9883191181582913
QM9-gap-65k,GA,53,2,0.3678,70.39757994814174,0.4437730312347412,0.8996672984152789
QM9-gap-65k,GA,53,3,0.3678,70.39757994814174,0.45067787170410156,0.8794500381147466
QM9-gap-65k,GA,53,4,0.3678,70.39757994814174,0.49083399772644043,0.8206821456653005
QM9-gap-65k,GA,53,5,0.3678,70.39757994814174,0.4760003089904785,0.7980965876045809
QM9-gap-65k,GA,53,6,0.3678,70.39757994814174,0.5042691230773926,0.7984127626925196
QM9-gap-65k,GA,53,7,0.3678,70.39757994814174,0.502802848815918,0.7928102124817673
QM9-gap-65k,GA,53,8,0.3678,70.39757994814174,0.5124809741973877,0.7978847037866647
QM9-gap-65k,GA,53,9,0.3678,70.39757994814174,0.5098199844360352,0.8145306742814149
QM9-gap-65k,GA,53,10,0.3678,70.39757994814174,0.5226588249206543,0.8077218202696574
QM9-gap-65k,GA,53,11,0.3678,70.39757994814174,0.5296497344970703,0.8137812213104014
QM9-gap-65k,GA,53,12,0.4802,94.68452895419188,0.5305800437927246,0.8223975615866443
QM9-gap-65k,GA,53,13,0.4802,94.68452895419188,0.5375981330871582,0.8120162834538647
QM9-gap-65k,GA,53,14,0.4802,94.68452895419188,0.5470190048217773,0.8166141190886512
QM9-gap-65k,GA,53,15,0.4802,94.68452895419188,0.5450751781463623,0.8106939202181986
QM9-gap-65k,GA,53,16,0.4802,94.68452895419188,0.5469298362731934,0.8157721748256301
QM9-gap-65k,GA,53,17,0.4802,94.68452895419188,0.5679259300231934,0.8187698798161656
QM9-gap-65k,GA,53,18,0.4802,94.68452895419188,0.5757660865783691,0.8126952257687852
QM9-gap-65k,GA,53,19,0.4802,94.68452895419188,0.5693371295928955,0.8095483055108982
QM9-gap-65k,Random,53,-1,0.2084,35.955056179775276,0.0,0.0
QM9-gap-65k,Random,53,0,0.3403,64.45548833189282,0.15073204040527344,0.6105831666403431
QM9-gap-65k,Random,53,1,0.3403,64.45548833189282,0.15316104888916016,0.7582806671525774
QM9-gap-65k,Random,53,2,0.3403,64.45548833189282,0.14783596992492676,0.7825877754331991
QM9-gap-65k,Random,53,3,0.3403,64.45548833189282,0.15133380889892578,0.7859296042957595
QM9-gap-65k,Random,53,4,0.3403,64.45548833189282,0.1542518138885498,0.8322888700242168
QM9-gap-65k,Random,53,5,0.3403,64.45548833189282,0.15350604057312012,0.8207259040628541
QM9-gap-65k,Random,53,6,0.3403,64.45548833189282,0.15597796440124512,0.8151171078164589
QM9-gap-65k,Random,53,7,0.3422,64.86603284356093,0.16173601150512695,0.8178291693554113
QM9-gap-65k,Random,53,8,0.3422,64.86603284356093,0.16158509254455566,0.8067625463693033
QM9-gap-65k,Random,53,9,0.4802,94.68452895419188,0.16146183013916016,0.8231178983297398
QM9-gap-65k,Random,53,10,0.4802,94.68452895419188,0.16628623008728027,0.8317049271024066
QM9-gap-65k,Random,53,11,0.4802,94.68452895419188,0.1686840057373047,0.8303470869857255
QM9-gap-65k,Random,53,12,0.4802,94.68452895419188,0.17062091827392578,0.8331720812763942
QM9-gap-65k,Random,53,13,0.4802,94.68452895419188,0.17078280448913574,0.8217340665942015
QM9-gap-65k,Random,53,14,0.4802,94.68452895419188,0.17205405235290527,0.8519481427528741
QM9-gap-65k,Random,53,15,0.4802,94.68452895419188,0.17716193199157715,0.8427907273531744
QM9-gap-65k,Random,53,16,0.4802,94.68452895419188,0.1819438934326172,0.8720178134644468
QM9-gap-65k,Random,53,17,0.4802,94.68452895419188,0.18562626838684082,0.8715216949442607
QM9-gap-65k,Random,53,18,0.4802,94.68452895419188,0.18505406379699707,0.8853234188603883
QM9-gap-65k,Random,53,19,0.4802,94.68452895419188,0.1898050308227539,0.8884682097495882
QM9-gap-65k,GLOSS,59,-1,0.208,35.8686257562662,0.0,0.0
QM9-gap-65k,GLOSS,59,0,0.2821,51.879861711322384,1.291991949081421,0.5505076701842958
QM9-gap-65k,GLOSS,59,1,0.2821,51.879861711322384,1.1889729499816895,0.8011854505187911
QM9-gap-65k,GLOSS,59,2,0.2919,53.997407087294725,1.2392768859863281,0.7933812550813334
QM9-gap-65k,GLOSS,59,3,0.3048,56.7847882454624,1.2221500873565674,0.8562772312537275
QM9-gap-65k,GLOSS,59,4,0.3242,60.97666378565254,1.2012228965759277,0.9239822214797924
QM9-gap-65k,GLOSS,59,5,0.3352,63.35350043215211,1.2891430854797363,1.009448976062219
QM9-gap-65k,GLOSS,59,6,0.3782,72.6447709593777,1.29951810836792,1.0645386722736598
QM9-gap-65k,GLOSS,59,7,0.3824,73.55229040622298,1.379714012145996,1.106436576490796
QM9-gap-65k,GLOSS,59,8,0.3891,75.0,1.2484118938446045,1.1385174464609205
QM9-gap-65k,GLOSS,59,9,0.4179,81.22299049265341,1.2602591514587402,1.188248191299241
QM9-gap-65k,GLOSS,59,10,0.5048,100.0,1.2713239192962646,1.2870143632701045
QM9-gap-65k,GLOSS,59,11,0.5048,100.0,1.2915358543395996,1.3476820452131992
QM9-gap-65k,GLOSS,59,12,0.5048,100.0,1.3531968593597412,1.3364855213101574
QM9-gap-65k,GLOSS,59,13,0.5048,100.0,1.3419508934020996,1.3224786278579113
QM9-gap-65k,GLOSS,59,14,0.5048,100.0,1.3561339378356934,1.3072061768841734
QM9-gap-65k,GLOSS,59,15,0.5048,100.0,1.4055840969085693,1.29161820479265
QM9-gap-65k,GLOSS,59,16,0.5048,100.0,1.3612351417541504,1.2756877178732215
QM9-gap-65k,GLOSS,59,17,0.5048,100.0,1.3835358619689941,1.2674731610013574
QM9-gap-65k,GLOSS,59,18,0.5048,100.0,1.3956899642944336,1.2581161622120776
QM9-gap-65k,GLOSS,59,19,0.5048,100.0,1.4176650047302246,1.2507741167119502
QM9-gap-65k,UCB-BO,59,-1,0.208,35.8686257562662,0.0,0.0
QM9-gap-65k,UCB-BO,59,0,0.2821,51.879861711322384,0.3082160949707031,0.3694942157711746
QM9-gap-65k,UCB-BO,59,1,0.2821,51.879861711322384,0.32642269134521484,0.8366341749509779
QM9-gap-65k,UCB-BO,59,2,0.2821,51.879861711322384,0.31786489486694336,0.7835327609654614
QM9-gap-65k,UCB-BO,59,3,0.2828,52.03111495246326,0.3265371322631836,0.899118866327846
QM9-gap-65k,UCB-BO,59,4,0.3145,58.88072601555747,0.33262109756469727,0.9314211861945936
QM9-gap-65k,UCB-BO,59,5,0.417,81.02852203975799,0.3417391777038574,1.0231793377926064
QM9-gap-65k,UCB-BO,59,6,0.417,81.02852203975799,0.357680082321167,1.1342930541958056
QM9-gap-65k,UCB-BO,59,7,0.417,81.02852203975799,0.36416101455688477,1.2188349662524733
QM9-gap-65k,UCB-BO,59,8,0.417,81.02852203975799,0.36640191078186035,1.216195284472027
QM9-gap-65k,UCB-BO,59,9,0.4802,94.68452895419188,0.36924076080322266,1.2141233259219792
QM9-gap-65k,UCB-BO,59,10,0.4802,94.68452895419188,0.38563108444213867,1.2345111233858557
QM9-gap-65k,UCB-BO,59,11,0.4802,94.68452895419188,0.3925471305847168,1.2497042125549418
QM9-gap-65k,UCB-BO,59,12,0.4802,94.68452895419188,0.397097110748291,1.2451988205067637
QM9-gap-65k,UCB-BO,59,13,0.5048,100.0,0.40782618522644043,1.2856292503856794
QM9-gap-65k,UCB-BO,59,14,0.5048,100.0,0.41039299964904785,1.3147994514510315
QM9-gap-65k,UCB-BO,59,15,0.5048,100.0,0.455089807510376,1.3618714046482154
QM9-gap-65k,UCB-BO,59,16,0.5048,100.0,0.41189002990722656,1.3552500698309715
QM9-gap-65k,UCB-BO,59,17,0.5048,100.0,0.42116498947143555,1.349996968925456
QM9-gap-65k,UCB-BO,59,18,0.5048,100.0,0.40517401695251465,1.3414579835734737
QM9-gap-65k,UCB-BO,59,19,0.5048,100.0,0.42259788513183594,1.3299780600778806
QM9-gap-65k,BO(EI),59,-1,0.208,35.8686257562662,0.0,0.0
QM9-gap-65k,BO(EI),59,0,0.2821,51.879861711322384,0.29949522018432617,0.17265010766458214
QM9-gap-65k,BO(EI),59,1,0.2821,51.879861711322384,0.30681705474853516,0.6545070223500981
QM9-gap-65k,BO(EI),59,2,0.3063,57.10890233362144,0.3268768787384033,0.7923601561687379
QM9-gap-65k,BO(EI),59,3,0.3116,58.25410544511668,0.3387777805328369,0.7599888359926127
QM9-gap-65k,BO(EI),59,4,0.3139,58.751080380293864,0.33191800117492676,0.7198982937055565
QM9-gap-65k,BO(EI),59,5,0.3319,62.64044943820224,0.3468177318572998,0.7472517492678922
QM9-gap-65k,BO(EI),59,6,0.4306,83.96715643906654,0.35709619522094727,0.895573014426452
QM9-gap-65k,BO(EI),59,7,0.4306,83.96715643906654,0.37821173667907715,0.9918320518649845
QM9-gap-65k,BO(EI),59,8,0.4802,94.68452895419188,0.36524295806884766,1.0286975491721184
QM9-gap-65k,BO(EI),59,9,0.4802,94.68452895419188,0.38108181953430176,1.038385078664828
QM9-gap-65k,BO(EI),59,10,0.5048,100.0,0.38976383209228516,1.1232845205221498
QM9-gap-65k,BO(EI),59,11,0.5048,100.0,0.39904093742370605,1.235639769945419
QM9-gap-65k,BO(EI),59,12,0.5048,100.0,0.4166600704193115,1.2389375234610303
QM9-gap-65k,BO(EI),59,13,0.5048,100.0,0.4260251522064209,1.25546206095406
QM9-gap-65k,BO(EI),59,14,0.5048,100.0,0.4145090579986572,1.2643213275690492
QM9-gap-65k,BO(EI),59,15,0.5048,100.0,0.4176480770111084,1.2893817021205987
QM9-gap-65k,BO(EI),59,16,0.5048,100.0,0.41336512565612793,1.2799717992717041
QM9-gap-65k,BO(EI),59,17,0.5048,100.0,0.43085598945617676,1.2617307779794438
QM9-gap-65k,BO(EI),59,18,0.5048,100.0,0.4283130168914795,1.254009732353787
QM9-gap-65k,BO(EI),59,19,0.5048,100.0,0.42757511138916016,1.2444807140551868
QM9-gap-65k,GA,59,-1,0.208,35.8686257562662,0.0,0.0
QM9-gap-65k,GA,59,0,0.2531,45.613656006914425,0.41918396949768066,0.9623084912101648
QM9-gap-65k,GA,59,1,0.332,62.662057044079525,0.42821383476257324,1.054227756982327
QM9-gap-65k,GA,59,2,0.332,62.662057044079525,0.45113301277160645,1.0817210944750026
QM9-gap-65k,GA,59,3,0.3675,70.33275713050993,0.4916260242462158,1.0945852054704666
QM9-gap-65k,GA,59,4,0.3675,70.33275713050993,0.49281930923461914,1.057680753568122
QM9-gap-65k,GA,59,5,0.3675,70.33275713050993,0.48835110664367676,1.0135909499065066
QM9-gap-65k,GA,59,6,0.3675,70.33275713050993,0.5063269138336182,1.0046591854153466
QM9-gap-65k,GA,59,7,0.3675,70.33275713050993,0.5148999691009521,0.9745623689859166
QM9-gap-65k,GA,59,8,0.4802,94.68452895419188,0.5232381820678711,0.9692433847772827
QM9-gap-65k,GA,59,9,0.4802,94.68452895419188,0.5231602191925049,0.9485215457761229
QM9-gap-65k,GA,59,10,0.4802,94.68452895419188,0.5284171104431152,0.9341739213773294
QM9-gap-65k,GA,59,11,0.4802,94.68452895419188,0.5345189571380615,0.9251886909025147
QM9-gap-65k,GA,59,12,0.4802,94.68452895419188,0.53826904296875,0.9148092305198926
QM9-gap-65k,GA,59,13,0.4802,94.68452895419188,0.5389769077301025,0.9151712599464875
QM9-gap-65k,GA,59,14,0.4802,94.68452895419188,0.5394141674041748,0.9113710600553845
QM9-gap-65k,GA,59,15,0.4802,94.68452895419188,0.5439651012420654,0.9214936707210294
QM9-gap-65k,GA,59,16,0.4802,94.68452895419188,0.5581858158111572,0.9205392878732612
QM9-gap-65k,GA,59,17,0.4802,94.68452895419188,0.5498979091644287,0.9134387795976813
QM9-gap-65k,GA,59,18,0.4802,94.68452895419188,0.5694079399108887,0.9084529262812443
QM9-gap-65k,GA,59,19,0.4802,94.68452895419188,0.573108434677124,0.9006230075628047
QM9-gap-65k,Random,59,-1,0.208,35.8686257562662,0.0,0.0
QM9-gap-65k,Random,59,0,0.3375,63.85047536732931,0.15055203437805176,1.0722572629057303
QM9-gap-65k,Random,59,1,0.3375,63.85047536732931,0.15120887756347656,1.0743434620255166
QM9-gap-65k,Random,59,2,0.3679,70.41918755401902,0.1483001708984375,1.034493601848413
QM9-gap-65k,Random,59,3,0.3679,70.41918755401902,0.15176701545715332,0.9944629819778291
QM9-gap-65k,Random,59,4,0.3679,70.41918755401902,0.15119194984436035,0.9521612412209408
QM9-gap-65k,Random,59,5,0.3679,70.41918755401902,0.15488219261169434,0.9387933340739044
QM9-gap-65k,Random,59,6,0.3679,70.41918755401902,0.15847301483154297,0.9475851252227337
QM9-gap-65k,Random,59,7,0.3679,70.41918755401902,0.15977907180786133,0.9202825355975677
QM9-gap-65k,Random,59,8,0.3679,70.41918755401902,0.16106319427490234,0.9131719275027456
QM9-gap-65k,Random,59,9,0.3679,70.41918755401902,0.16516494750976562,0.9393491015021372
QM9-gap-65k,Random,59,10,0.3679,70.41918755401902,0.16364002227783203,0.9311371276635863
QM9-gap-65k,Random,59,11,0.3679,70.41918755401902,0.16393494606018066,0.9341820395207183
QM9-gap-65k,Random,59,12,0.3679,70.41918755401902,0.1701040267944336,0.9191554319243539
QM9-gap-65k,Random,59,13,0.3679,70.41918755401902,0.1707298755645752,0.9219211326909936
QM9-gap-65k,Random,59,14,0.3679,70.41918755401902,0.1750180721282959,0.9170759571292194
QM9-gap-65k,Random,59,15,0.3679,70.41918755401902,0.17424488067626953,0.9047238516462655
QM9-gap-65k,Random,59,16,0.3679,70.41918755401902,0.18020415306091309,0.9155593051471038
QM9-gap-65k,Random,59,17,0.3679,70.41918755401902,0.1819782257080078,0.916665694895222
QM9-gap-65k,Random,59,18,0.3679,70.41918755401902,0.1828601360321045,0.9310344299757698
QM9-gap-65k,Random,59,19,0.3679,70.41918755401902,0.18602395057678223,0.9276581618621349
QM9-gap-65k,GLOSS,61,-1,0.2089,36.06309420916162,0.0,0.0
QM9-gap-65k,GLOSS,61,0,0.2514,45.24632670700086,1.0941987037658691,0.7403058062370805
QM9-gap-65k,GLOSS,61,1,0.2808,51.598962834917884,1.069192886352539,0.7565222626505997
QM9-gap-65k,GLOSS,61,2,0.318,59.636992221261885,1.1429860591888428,0.8972932511627089
QM9-gap-65k,GLOSS,61,3,0.462,90.75194468452895,1.0839979648590088,1.0192578571808029
QM9-gap-65k,GLOSS,61,4,0.4802,94.68452895419188,1.1355440616607666,1.0825644833026236
QM9-gap-65k,GLOSS,61,5,0.5048,100.0,1.1353967189788818,1.2532940792279637
QM9-gap-65k,GLOSS,61,6,0.5048,100.0,1.160248041152954,1.365779790089381
QM9-gap-65k,GLOSS,61,7,0.5048,100.0,1.1653327941894531,1.338656131113713
QM9-gap-65k,GLOSS,61,8,0.5048,100.0,1.2043797969818115,1.3286097149122162
QM9-gap-65k,GLOSS,61,9,0.5048,100.0,1.1900808811187744,1.3254751876074478
QM9-gap-65k,GLOSS,61,10,0.5048,100.0,1.204265832901001,1.301355165878755
QM9-gap-65k,GLOSS,61,11,0.5048,100.0,1.2235960960388184,1.29143350544105
QM9-gap-65k,GLOSS,61,12,0.5048,100.0,1.284938097000122,1.293030290120812
QM9-gap-65k,GLOSS,61,13,0.5048,100.0,1.299590826034546,1.2822373019422795
QM9-gap-65k,GLOSS,61,14,0.5048,100.0,1.3199129104614258,1.2708694668390135
QM9-gap-65k,GLOSS,61,15,0.5048,100.0,1.3305389881134033,1.2609859644520687
QM9-gap-65k,GLOSS,61,16,0.5048,100.0,1.360201120376587,1.2545499413169396
QM9-gap-65k,GLOSS,61,17,0.5048,100.0,1.3613338470458984,1.2534202999253972
QM9-gap-65k,GLOSS,61,18,0.5048,100.0,1.4140470027923584,1.2519837980035133
QM9-gap-65k,GLOSS,61,19,0.5048,100.0,1.4010310173034668,1.2421271771570608
QM9-gap-65k,UCB-BO,61,-1,0.2089,36.06309420916162,0.0,0.0
QM9-gap-65k,UCB-BO,61,0,0.2791,51.23163353500432,0.2910168170928955,0.28234193811890546
QM9-gap-65k,UCB-BO,61,1,0.2945,54.55920484010372,0.3170509338378906,0.5075218296268686
QM9-gap-65k,UCB-BO,61,2,0.2945,54.55920484010372,0.3315870761871338,0.47621669597343463
QM9-gap-65k,UCB-BO,61,3,0.2945,54.55920484010372,0.3242909908294678,0.6262037136947418
QM9-gap-65k,UCB-BO,61,4,0.2945,54.55920484010372,0.33327698707580566,0.6618205240412274
QM9-gap-65k,UCB-BO,61,5,0.2945,54.55920484010372,0.35095906257629395,0.7040624364986197
QM9-gap-65k,UCB-BO,61,6,0.3028,56.35263612791703,0.3428618907928467,0.7280747422493739
QM9-gap-65k,UCB-BO,61,7,0.3028,56.35263612791703,0.3514246940612793,0.7711910804597001
QM9-gap-65k,UCB-BO,61,8,0.3082,57.519446845289536,0.37291502952575684,0.7634570876168452
QM9-gap-65k,UCB-BO,61,9,0.3082,57.519446845289536,0.3843960762023926,0.8046912085157498
QM9-gap-65k,UCB-BO,61,10,0.3082,57.519446845289536,0.35908007621765137,0.8025103265284979
QM9-gap-65k,UCB-BO,61,11,0.3082,57.519446845289536,0.3744840621948242,0.8023547487849121
QM9-gap-65k,UCB-BO,61,12,0.3082,57.519446845289536,0.3936300277709961,0.7960090645057715
QM9-gap-65k,UCB-BO,61,13,0.3082,57.519446845289536,0.3909921646118164,0.7831260929959738
QM9-gap-65k,UCB-BO,61,14,0.3082,57.519446845289536,0.3912687301635742,0.7849749556664769
QM9-gap-65k,UCB-BO,61,15,0.3082,57.519446845289536,0.3982701301574707,0.7788082025003192
QM9-gap-65k,UCB-BO,61,16,0.3082,57.519446845289536,0.40672826766967773,0.7891688126339332
QM9-gap-65k,UCB-BO,61,17,0.3185,59.74503025064822,0.405231237411499,0.7855598911086323
QM9-gap-65k,UCB-BO,61,18,0.3185,59.74503025064822,0.4067728519439697,0.7947508440582771
QM9-gap-65k,UCB-BO,61,19,0.3185,59.74503025064822,0.40599799156188965,0.800214670879535
QM9-gap-65k,BO(EI),61,-1,0.2089,36.06309420916162,0.0,0.0
QM9-gap-65k,BO(EI),61,0,0.2229,39.088159031979245,0.2958238124847412,0.477137916339327
QM9-gap-65k,BO(EI),61,1,0.2604,47.19101123595505,0.315197229385376,0.4901916780173792
QM9-gap-65k,BO(EI),61,2,0.3104,57.99481417458946,0.33011412620544434,0.6073061124638758
QM9-gap-65k,BO(EI),61,3,0.3104,57.99481417458946,0.33885908126831055,0.7648522564667517
QM9-gap-65k,BO(EI),61,4,0.3104,57.99481417458946,0.3501009941101074,0.773780210619961
QM9-gap-65k,BO(EI),61,5,0.3104,57.99481417458946,0.3541131019592285,0.7755592747611129
QM9-gap-65k,BO(EI),61,6,0.3106,58.03802938634399,0.3633608818054199,0.7485884105448405
QM9-gap-65k,BO(EI),61,7,0.3184,59.72342264477096,0.366133451461792,0.7195232941823616
QM9-gap-65k,BO(EI),61,8,0.3184,59.72342264477096,0.3624570369720459,0.753192122515767
QM9-gap-65k,BO(EI),61,9,0.3184,59.72342264477096,0.37046384811401367,0.7358633085268597
QM9-gap-65k,BO(EI),61,10,0.3202,60.11235955056179,0.38054609298706055,0.7552909515037081
QM9-gap-65k,BO(EI),61,11,0.3202,60.11235955056179,0.3971107006072998,0.7796930387769032
QM9-gap-65k,BO(EI),61,12,0.3283,61.86257562662056,0.40866684913635254,0.8179191190804809
QM9-gap-65k,BO(EI),61,13,0.3436,65.1685393258427,0.4251420497894287,0.856774572372727
QM9-gap-65k,BO(EI),61,14,0.3436,65.1685393258427,0.43654394149780273,0.8916728686626931
QM9-gap-65k,BO(EI),61,15,0.3436,65.1685393258427,0.4347259998321533,0.9083461476582626
QM9-gap-65k,BO(EI),61,16,0.3602,68.75540190146931,0.4472780227661133,0.9297458629137368
QM9-gap-65k,BO(EI),61,17,0.3602,68.75540190146931,0.4592399597167969,0.9511110447989574
QM9-gap-65k,BO(EI),61,18,0.3637,69.51166810717373,0.46996307373046875,0.9620646550848835
QM9-gap-65k,BO(EI),61,19,0.3637,69.51166810717373,0.4583101272583008,0.9703790282777379
QM9-gap-65k,GA,61,-1,0.2089,36.06309420916162,0.0,0.0
QM9-gap-65k,GA,61,0,0.3143,58.83751080380294,0.41475510597229004,1.1208925509072194
QM9-gap-65k,GA,61,1,0.3272,61.624891961970604,0.4448659420013428,1.0672671457685905
QM9-gap-65k,GA,61,2,0.3322,62.70527225583405,0.47905588150024414,0.933115896448945
QM9-gap-65k,GA,61,3,0.3322,62.70527225583405,0.4752230644226074,0.8944099538760698
QM9-gap-65k,GA,61,4,0.3322,62.70527225583405,0.4796929359436035,0.8442394296953921
QM9-gap-65k,GA,61,5,0.3356,63.439930855661196,0.504080057144165,0.8490586377032722
QM9-gap-65k,GA,61,6,0.3356,63.439930855661196,0.5118269920349121,0.8234576576269856
QM9-gap-65k,GA,61,7,0.3356,63.439930855661196,0.5119259357452393,0.819956842718784
QM9-gap-65k,GA,61,8,0.336,63.526361279170274,0.5130348205566406,0.8339917943884851
QM9-gap-65k,GA,61,9,0.3617,69.07951598962835,0.5076649188995361,0.8301127997997841
QM9-gap-65k,GA,61,10,0.3617,69.07951598962835,0.5446732044219971,0.816381201703604
QM9-gap-65k,GA,61,11,0.3617,69.07951598962835,0.5302572250366211,0.813850825044159
QM9-gap-65k,GA,61,12,0.3698,70.82973206568712,0.523123025894165,0.8141479487952804
QM9-gap-65k,GA,61,13,0.3698,70.82973206568712,0.5309069156646729,0.8057732528488717
QM9-gap-65k,GA,61,14,0.3698,70.82973206568712,0.5461781024932861,0.8125178743931233
QM9-gap-65k,GA,61,15,0.3698,70.82973206568712,0.5677082538604736,0.805163778298745
QM9-gap-65k,GA,61,16,0.3698,70.82973206568712,0.5599701404571533,0.7926966443157661
QM9-gap-65k,GA,61,17,0.3736,71.65082108902332,0.544482946395874,0.7947143403913705
QM9-gap-65k,GA,61,18,0.3736,71.65082108902332,0.5689737796783447,0.7942429537843955
QM9-gap-65k,GA,61,19,0.3736,71.65082108902332,0.5625710487365723,0.7894951964674051
QM9-gap-65k,Random,61,-1,0.2089,36.06309420916162,0.0,0.0
QM9-gap-65k,Random,61,0,0.3079,57.45462402765773,0.14554500579833984,0.7969952979943435
QM9-gap-65k,Random,61,1,0.3159,59.18323249783924,0.14769792556762695,0.8219854710485616
QM9-gap-65k,Random,61,2,0.3328,62.83491789109766,0.1502389907836914,0.9016052613356464
QM9-gap-65k,Random,61,3,0.3328,62.83491789109766,0.15053319931030273,0.8508874407793416
QM9-gap-65k,Random,61,4,0.3328,62.83491789109766,0.15519928932189941,0.8652714227457781
QM9-gap-65k,Random,61,5,0.3328,62.83491789109766,0.15760111808776855,0.8605844640747483
QM9-gap-65k,Random,61,6,0.3328,62.83491789109766,0.15500092506408691,0.8700563321191647
QM9-gap-65k,Random,61,7,0.3328,62.83491789109766,0.15767407417297363,0.8789425451736135
QM9-gap-65k,Random,61,8,0.3673,70.2895419187554,0.1599891185760498,0.8822092092554382
QM9-gap-65k,Random,61,9,0.3673,70.2895419187554,0.1644728183746338,0.8677931546750896
QM9-gap-65k,Random,61,10,0.3673,70.2895419187554,0.16798710823059082,0.867168976497908
QM9-gap-65k,Random,61,11,0.3673,70.2895419187554,0.16822195053100586,0.8697311145037822
QM9-gap-65k,Random,61,12,0.3673,70.2895419187554,0.17287707328796387,0.8880830188641896
QM9-gap-65k,Random,61,13,0.3673,70.2895419187554,0.17433810234069824,0.886138318124807
QM9-gap-65k,Random,61,14,0.3673,70.2895419187554,0.17521190643310547,0.8876349983649888
QM9-gap-65k,Random,61,15,0.3673,70.2895419187554,0.17499303817749023,0.8922223101219253
QM9-gap-65k,Random,61,16,0.3673,70.2895419187554,0.1780998706817627,0.9059644301608815
QM9-gap-65k,Random,61,17,0.3673,70.2895419187554,0.18152499198913574,0.894388850474658
QM9-gap-65k,Random,61,18,0.3673,70.2895419187554,0.180314302444458,0.8922206075585852
QM9-gap-65k,Random,61,19,0.3673,70.2895419187554,0.19158601760864258,0.8925227108592205
QM9-gap-65k,GLOSS,67,-1,0.2066,35.566119273984434,0.0,0.0
QM9-gap-65k,GLOSS,67,0,0.2094,36.17113223854796,1.1570289134979248,0.4968075601987376
QM9-gap-65k,GLOSS,67,1,0.2552,46.06741573033707,1.1333250999450684,0.7378259677692273
QM9-gap-65k,GLOSS,67,2,0.2761,50.58340535868625,1.3694217205047607,0.9019098019472989
QM9-gap-65k,GLOSS,67,3,0.2874,53.025064822817626,1.1255931854248047,0.932019833140823
QM9-gap-65k,GLOSS,67,4,0.317,59.42091616248919,1.1669890880584717,0.9327180873716124
QM9-gap-65k,GLOSS,67,5,0.3286,61.92739844425238,1.184973955154419,0.9706699083255513
QM9-gap-65k,GLOSS,67,6,0.3361,63.54796888504753,1.2110991477966309,1.006957731746048
QM9-gap-65k,GLOSS,67,7,0.3478,66.07605877268799,1.2910809516906738,1.041014758370307
QM9-gap-65k,GLOSS,67,8,0.3824,73.55229040622298,1.33489990234375,1.0721336943231046
QM9-gap-65k,GLOSS,67,9,0.4179,81.22299049265341,1.2509748935699463,1.1252224312721688
QM9-gap-65k,GLOSS,67,10,0.5048,100.0,1.2518458366394043,1.2108744188732996
QM9-gap-65k,GLOSS,67,11,0.5048,100.0,1.3048648834228516,1.324171690900524
QM9-gap-65k,GLOSS,67,12,0.5048,100.0,1.2792513370513916,1.347156755896071
QM9-gap-65k,GLOSS,67,13,0.5048,100.0,1.3031747341156006,1.3549791972598357
QM9-gap-65k,GLOSS,67,14,0.5048,100.0,1.3764281272888184,1.3508747688976193
QM9-gap-65k,GLOSS,67,15,0.5048,100.0,1.3356249332427979,1.3560600453944556
QM9-gap-65k,GLOSS,67,16,0.5048,100.0,1.446382999420166,1.3454723703158034
QM9-gap-65k,GLOSS,67,17,0.5048,100.0,1.421022891998291,1.3547035967677947
QM9-gap-65k,GLOSS,67,18,0.5048,100.0,1.3829572200775146,1.3469206967701108
QM9-gap-65k,GLOSS,67,19,0.5048,100.0,1.4714860916137695,1.3371462351564234
QM9-gap-65k,UCB-BO,67,-1,0.2066,35.566119273984434,0.0,0.0
QM9-gap-65k,UCB-BO,67,0,0.255,46.02420051858254,0.31522297859191895,0.26960003200574495
QM9-gap-65k,UCB-BO,67,1,0.255,46.02420051858254,0.38059377670288086,0.5116086765063615
QM9-gap-65k,UCB-BO,67,2,0.2779,50.97234226447709,0.3780229091644287,0.4937073628326563
QM9-gap-65k,UCB-BO,67,3,0.2779,50.97234226447709,0.3576540946960449,0.5836952234566796
QM9-gap-65k,UCB-BO,67,4,0.2851,52.52808988764045,0.3836841583251953,0.554501195767132
QM9-gap-65k,UCB-BO,67,5,0.3032,56.43906655142611,0.38431596755981445,0.6634048879679805
QM9-gap-65k,UCB-BO,67,6,0.3032,56.43906655142611,0.3851277828216553,0.7811178626179301
QM9-gap-65k,UCB-BO,67,7,0.3032,56.43906655142611,0.39627599716186523,0.8066425389046767
QM9-gap-65k,UCB-BO,67,8,0.3032,56.43906655142611,0.39061999320983887,0.8003811693070739
QM9-gap-65k,UCB-BO,67,9,0.3032,56.43906655142611,0.3988969326019287,0.8020737575987676
QM9-gap-65k,UCB-BO,67,10,0.3032,56.43906655142611,0.392894983291626,0.7871051052047717
QM9-gap-65k,UCB-BO,67,11,0.3032,56.43906655142611,0.3988068103790283,0.7749037378262054
QM9-gap-65k,UCB-BO,67,12,0.3032,56.43906655142611,0.40570712089538574,0.7588787345081717
QM9-gap-65k,UCB-BO,67,13,0.3032,56.43906655142611,0.4126877784729004,0.779961756553054
QM9-gap-65k,UCB-BO,67,14,0.3032,56.43906655142611,0.4074897766113281,0.7664606206089423
QM9-gap-65k,UCB-BO,67,15,0.3068,57.21694036300779,0.41898512840270996,0.7910030080182932
QM9-gap-65k,UCB-BO,67,16,0.3186,59.76663785652549,0.43075013160705566,0.8108893055496061
QM9-gap-65k,UCB-BO,67,17,0.3192,59.896283491789106,0.42711615562438965,0.8195544445596862
QM9-gap-65k,UCB-BO,67,18,0.3204,60.155574762316334,0.4634270668029785,0.8245025225934354
QM9-gap-65k,UCB-BO,67,19,0.3204,60.155574762316334,0.4490029811859131,0.8342810190262584
QM9-gap-65k,BO(EI),67,-1,0.2066,35.566119273984434,0.0,0.0
QM9-gap-65k,BO(EI),67,0,0.2424,43.30164217804667,0.29689812660217285,0.49659776591401406
QM9-gap-65k,BO(EI),67,1,0.2694,49.13569576490924,0.3266139030456543,0.8691049324696555
QM9-gap-65k,BO(EI),67,2,0.2694,49.13569576490924,0.34323692321777344,0.8166883329952109
QM9-gap-65k,BO(EI),67,3,0.2694,49.13569576490924,0.35092711448669434,0.8186303631341146
QM9-gap-65k,BO(EI),67,4,0.2694,49.13569576490924,0.35744190216064453,0.7688600844414963
QM9-gap-65k,BO(EI),67,5,0.2694,49.13569576490924,0.34662318229675293,0.7435548255972873
QM9-gap-65k,BO(EI),67,6,0.2694,49.13569576490924,0.35506510734558105,0.7038027214977914
QM9-gap-65k,BO(EI),67,7,0.2968,55.0561797752809,0.36167407035827637,0.6903850203406404
QM9-gap-65k,BO(EI),67,8,0.309,57.692307692307686,0.3625361919403076,0.6922260624589175
QM9-gap-65k,BO(EI),67,9,0.309,57.692307692307686,0.3703579902648926,0.6821150126381731
QM9-gap-65k,BO(EI),67,10,0.309,57.692307692307686,0.37365293502807617,0.6988271220054889
QM9-gap-65k,BO(EI),67,11,0.309,57.692307692307686,0.38390088081359863,0.7210355194886664
QM9-gap-65k,BO(EI),67,12,0.312,58.34053586862575,0.38913726806640625,0.7524126714414746
QM9-gap-65k,BO(EI),67,13,0.3191,59.87467588591184,0.3888881206512451,0.7873533320218893
QM9-gap-65k,BO(EI),67,14,0.3284,61.88418323249785,0.3919200897216797,0.820213740399084
QM9-gap-65k,BO(EI),67,15,0.3326,62.79170267934313,0.4095418453216553,0.8617956621865863
QM9-gap-65k,BO(EI),67,16,0.3525,67.09161624891962,0.42297792434692383,0.9309580409474055
QM9-gap-65k,BO(EI),67,17,0.3604,68.79861711322384,0.45191383361816406,0.9907516947389922
QM9-gap-65k,BO(EI),67,18,0.3767,72.32065687121866,0.41621971130371094,1.0468208745356473
QM9-gap-65k,BO(EI),67,19,0.3767,72.32065687121866,0.41857099533081055,1.0796010867803354
QM9-gap-65k,GA,67,-1,0.2066,35.566119273984434,0.0,0.0
QM9-gap-65k,GA,67,0,0.2464,44.16594641313742,0.4257538318634033,0.6864391926336192
QM9-gap-65k,GA,67,1,0.2953,54.73206568712187,0.4358949661254883,0.7520441464374479
QM9-gap-65k,GA,67,2,0.3337,63.02938634399309,0.44336628913879395,0.8098555708976365
QM9-gap-65k,GA,67,3,0.3337,63.02938634399309,0.4459662437438965,0.8274620844642809
QM9-gap-65k,GA,67,4,0.4051,78.45721694036301,0.45422911643981934,0.8295176183134644
QM9-gap-65k,GA,67,5,0.4051,78.45721694036301,0.47481203079223633,0.8362593623809833
QM9-gap-65k,GA,67,6,0.4051,78.45721694036301,0.47762179374694824,0.8065746925229516
QM9-gap-65k,GA,67,7,0.4051,78.45721694036301,0.47551894187927246,0.8126213998506512
QM9-gap-65k,GA,67,8,0.4051,78.45721694036301,0.49372410774230957,0.7922376252336341
QM9-gap-65k,GA,67,9,0.4051,78.45721694036301,0.4856712818145752,0.7994384479173234
QM9-gap-65k,GA,67,10,0.4051,78.45721694036301,0.4992220401763916,0.785015066053803
QM9-gap-65k,GA,67,11,0.4051,78.45721694036301,0.5020949840545654,0.7838785082093361
QM9-gap-65k,GA,67,12,0.4051,78.45721694036301,0.5075500011444092,0.789821224844624
QM9-gap-65k,GA,67,13,0.4051,78.45721694036301,0.5054609775543213,0.8174654892555056
QM9-gap-65k,GA,67,14,0.4051,78.45721694036301,0.5165719985961914,0.8141906434414288
QM9-gap-65k,GA,67,15,0.4051,78.45721694036301,0.5093870162963867,0.8117942424527885
QM9-gap-65k,GA,67,16,0.4051,78.45721694036301,0.5230908393859863,0.8070583422214948
QM9-gap-65k,GA,67,17,0.4051,78.45721694036301,0.5197620391845703,0.7971172890579041
QM9-gap-65k,GA,67,18,0.4051,78.45721694036301,0.5352580547332764,0.7951079522883745
QM9-gap-65k,GA,67,19,0.4051,78.45721694036301,0.552020788192749,0.7841670660207417
QM9-gap-65k,Random,67,-1,0.2066,35.566119273984434,0.0,0.0
QM9-gap-65k,Random,67,0,0.3225,60.60933448573898,0.15154695510864258,0.8240992919577994
QM9-gap-65k,Random,67,1,0.3225,60.60933448573898,0.14983201026916504,0.9164288779272972
QM9-gap-65k,Random,67,2,0.3225,60.60933448573898,0.15362930297851562,0.9338551040551124
QM9-gap-65k,Random,67,3,0.3225,60.60933448573898,0.15479469299316406,0.9530331463567512
QM9-gap-65k,Random,67,4,0.4465,87.40276577355229,0.15049004554748535,0.9347701856262789
QM9-gap-65k,Random,67,5,0.4465,87.40276577355229,0.15237188339233398,0.9229073150342552
QM9-gap-65k,Random,67,6,0.4465,87.40276577355229,0.15467286109924316,0.9287412095863152
QM9-gap-65k,Random,67,7,0.4465,87.40276577355229,0.15684008598327637,0.9544590962065801
QM9-gap-65k,Random,67,8,0.4465,87.40276577355229,0.15885305404663086,0.9510664877715939
QM9-gap-65k,Random,67,9,0.4465,87.40276577355229,0.1620769500732422,0.9366672921219025
QM9-gap-65k,Random,67,10,0.4465,87.40276577355229,0.16726112365722656,0.9339086186700266
QM9-gap-65k,Random,67,11,0.4465,87.40276577355229,0.17173099517822266,0.9208022845369453
QM9-gap-65k,Random,67,12,0.4465,87.40276577355229,0.17297792434692383,0.9107924146487538
QM9-gap-65k,Random,67,13,0.4465,87.40276577355229,0.17186808586120605,0.9154968874637203
QM9-gap-65k,Random,67,14,0.4465,87.40276577355229,0.17446494102478027,0.936394152561041
QM9-gap-65k,Random,67,15,0.4465,87.40276577355229,0.17771196365356445,0.9271676244076478
QM9-gap-65k,Random,67,16,0.4465,87.40276577355229,0.17887520790100098,0.9251062591119387
QM9-gap-65k,Random,67,17,0.4465,87.40276577355229,0.1818709373474121,0.9189434694904167
QM9-gap-65k,Random,67,18,0.4465,87.40276577355229,0.18715691566467285,0.9123108125279108
QM9-gap-65k,Random,67,19,0.4465,87.40276577355229,0.18660712242126465,0.9061896866848722
QM9-gap-70k,GLOSS,47,-1,0.2056,35.35004321521175,0.0,0.0
QM9-gap-70k,GLOSS,47,0,0.2724,49.7839239412273,1.21846604347229,0.8327535032772447
QM9-gap-70k,GLOSS,47,1,0.2828,52.03111495246326,1.1764490604400635,0.7994338308341256
QM9-gap-70k,GLOSS,47,2,0.3348,63.26707000864303,1.165374994277954,0.8645874284634552
QM9-gap-70k,GLOSS,47,3,0.3694,70.74330164217805,1.1859941482543945,0.9800523837787737
QM9-gap-70k,GLOSS,47,4,0.418,81.24459809853067,1.2144858837127686,1.0621941955643717
QM9-gap-70k,GLOSS,47,5,0.418,81.24459809853067,1.2110400199890137,1.1458632865240796
QM9-gap-70k,GLOSS,47,6,0.5048,100.0,1.234133005142212,1.271869189162861
QM9-gap-70k,GLOSS,47,7,0.5048,100.0,1.2931361198425293,1.3229892448534322
QM9-gap-70k,GLOSS,47,8,0.5048,100.0,1.3034048080444336,1.2986820787302504
QM9-gap-70k,GLOSS,47,9,0.5048,100.0,1.3870792388916016,1.293249207014148
QM9-gap-70k,GLOSS,47,10,0.5048,100.0,1.344900131225586,1.2718816741593562
QM9-gap-70k,GLOSS,47,11,0.5048,100.0,1.3390448093414307,1.2481205651607745
QM9-gap-70k,GLOSS,47,12,0.5048,100.0,1.3330280780792236,1.2380044690663414
QM9-gap-70k,GLOSS,47,13,0.5048,100.0,1.36061692237854,1.230574262369291
QM9-gap-70k,GLOSS,47,14,0.5048,100.0,1.395662784576416,1.2187388856053938
QM9-gap-70k,GLOSS,47,15,0.5048,100.0,1.418421983718872,1.23704135179049
QM9-gap-70k,GLOSS,47,16,0.5048,100.0,1.45558500289917,1.2541844255579948
QM9-gap-70k,GLOSS,47,17,0.5048,100.0,1.4414689540863037,1.2420234965443675
QM9-gap-70k,GLOSS,47,18,0.5048,100.0,1.4568519592285156,1.2320101997108135
QM9-gap-70k,GLOSS,47,19,0.5048,100.0,1.5013298988342285,1.2332094300283956
QM9-gap-70k,UCB-BO,47,-1,0.2056,35.35004321521175,0.0,0.0
QM9-gap-70k,UCB-BO,47,0,0.2305,40.73033707865168,0.30466794967651367,0.7098026890700847
QM9-gap-70k,UCB-BO,47,1,0.2838,52.24719101123595,0.33377790451049805,0.9329187968168343
QM9-gap-70k,UCB-BO,47,2,0.3161,59.22644770959378,0.3410797119140625,1.0617767257382353
QM9-gap-70k,UCB-BO,47,3,0.3161,59.22644770959378,0.35381412506103516,1.0048069277850191
QM9-gap-70k,UCB-BO,47,4,0.3235,60.82541054451167,0.375349760055542,0.982192912965473
QM9-gap-70k,UCB-BO,47,5,0.3235,60.82541054451167,0.365170955657959,1.0294115718157464
QM9-gap-70k,UCB-BO,47,6,0.3235,60.82541054451167,0.38297510147094727,1.014790488425886
QM9-gap-70k,UCB-BO,47,7,0.3235,60.82541054451167,0.3932209014892578,0.9636753925307965
QM9-gap-70k,UCB-BO,47,8,0.3235,60.82541054451167,0.4025249481201172,0.9247321493260401
QM9-gap-70k,UCB-BO,47,9,0.3641,69.59809853068279,0.3952360153198242,0.9479776889153769
QM9-gap-70k,UCB-BO,47,10,0.3661,70.03025064822816,0.4066002368927002,0.999272731606391
QM9-gap-70k,UCB-BO,47,11,0.3736,71.65082108902332,0.4138917922973633,1.0274955479061088
QM9-gap-70k,UCB-BO,47,12,0.3736,71.65082108902332,0.42430710792541504,1.0335329878215425
QM9-gap-70k,UCB-BO,47,13,0.3809,73.22817631806396,0.436840295791626,1.0460127116913844
QM9-gap-70k,UCB-BO,47,14,0.3891,75.0,0.45332908630371094,1.0477793568116496
QM9-gap-70k,UCB-BO,47,15,0.3891,75.0,0.4538722038269043,1.0459789305178426
QM9-gap-70k,UCB-BO,47,16,0.3957,76.42610198789974,0.46628785133361816,1.0574055081044929
QM9-gap-70k,UCB-BO,47,17,0.5048,100.0,0.45561695098876953,1.1254802234998214
QM9-gap-70k,UCB-BO,47,18,0.5048,100.0,0.4552791118621826,1.182664910110004
QM9-gap-70k,UCB-BO,47,19,0.5048,100.0,0.44429492950439453,1.194857233410163
QM9-gap-70k,BO(EI),47,-1,0.2056,35.35004321521175,0.0,0.0
QM9-gap-70k,BO(EI),47,0,0.2517,45.31114952463266,0.30916619300842285,0.24766794655930593
QM9-gap-70k,BO(EI),47,1,0.2533,45.65687121866897,0.3310980796813965,0.6617677012666648
QM9-gap-70k,BO(EI),47,2,0.2725,49.80553154710458,0.35255885124206543,0.6850391542087302
QM9-gap-70k,BO(EI),47,3,0.3181,59.65859982713915,0.3525707721710205,0.7246190216364404
QM9-gap-70k,BO(EI),47,4,0.3367,63.677614520311145,0.3562662601470947,0.864956028013565
QM9-gap-70k,BO(EI),47,5,0.3824,73.55229040622298,0.3657810688018799,0.9985142381953269
QM9-gap-70k,BO(EI),47,6,0.3824,73.55229040622298,0.37774014472961426,1.0634317857497049
QM9-gap-70k,BO(EI),47,7,0.3824,73.55229040622298,0.3797481060028076,1.100005451448055
QM9-gap-70k,BO(EI),47,8,0.462,90.75194468452895,0.39080190658569336,1.1143272249009344
QM9-gap-70k,BO(EI),47,9,0.4802,94.68452895419188,0.400515079498291,1.124951839036835
QM9-gap-70k,BO(EI),47,10,0.4802,94.68452895419188,0.397475004196167,1.163600062795271
QM9-gap-70k,BO(EI),47,11,0.4802,94.68452895419188,0.42797398567199707,1.1491384968168246
QM9-gap-70k,BO(EI),47,12,0.4802,94.68452895419188,0.4092588424682617,1.1335022861973854
QM9-gap-70k,BO(EI),47,13,0.4802,94.68452895419188,0.4165682792663574,1.1114376174182121
QM9-gap-70k,BO(EI),47,14,0.5048,100.0,0.4339487552642822,1.1453657868546565
QM9-gap-70k,BO(EI),47,15,0.5048,100.0,0.4432823657989502,1.2119945611044596
QM9-gap-70k,BO(EI),47,16,0.5048,100.0,0.42798900604248047,1.2174585037824979
QM9-gap-70k,BO(EI),47,17,0.5048,100.0,0.4394228458404541,1.2581480997091008
QM9-gap-70k,BO(EI),47,18,0.5048,100.0,0.4511270523071289,1.2520303681248028
QM9-gap-70k,BO(EI),47,19,0.5048,100.0,0.45930981636047363,1.246984820817399
QM9-gap-70k,GA,47,-1,0.2056,35.35004321521175,0.0,0.0
QM9-gap-70k,GA,47,0,0.2374,42.22126188418323,0.41216206550598145,0.9121600485136355
QM9-gap-70k,GA,47,1,0.3348,63.26707000864303,0.4430098533630371,1.1057103063340843
QM9-gap-70k,GA,47,2,0.3348,63.26707000864303,0.45827317237854004,1.2190592603220631
QM9-gap-70k,GA,47,3,0.3348,63.26707000864303,0.4818079471588135,1.1929359045136598
QM9-gap-70k,GA,47,4,0.3391,64.1961970613656,0.507209062576294,1.1272322673483395
QM9-gap-70k,GA,47,5,0.3628,69.31719965427831,0.5425047874450684,1.08124805849952
QM9-gap-70k,GA,47,6,0.4128,80.1210025929127,0.5514230728149414,1.062850605307699
QM9-gap-70k,GA,47,7,0.4128,80.1210025929127,0.5343480110168457,1.0487426689054717
QM9-gap-70k,GA,47,8,0.4128,80.1210025929127,0.5382449626922607,1.0262717302825415
QM9-gap-70k,GA,47,9,0.4128,80.1210025929127,0.5480313301086426,1.0063657579345142
QM9-gap-70k,GA,47,10,0.4128,80.1210025929127,0.5514380931854248,0.9949403901639587
QM9-gap-70k,GA,47,11,0.4128,80.1210025929127,0.559384822845459,0.9789829169053607
QM9-gap-70k,GA,47,12,0.4128,80.1210025929127,0.5624392032623291,0.9651618303704643
QM9-gap-70k,GA,47,13,0.4128,80.1210025929127,0.5731339454650879,0.9499241012390715
QM9-gap-70k,GA,47,14,0.4128,80.1210025929127,0.580153226852417,0.9346958017127017
QM9-gap-70k,GA,47,15,0.4128,80.1210025929127,0.5627951622009277,0.925493891542018
QM9-gap-70k,GA,47,16,0.4128,80.1210025929127,0.5986371040344238,0.9147599180010995
QM9-gap-70k,GA,47,17,0.4128,80.1210025929127,0.5785708427429199,0.9089413739826612
QM9-gap-70k,GA,47,18,0.4128,80.1210025929127,0.587242841720581,0.9099005096107775
QM9-gap-70k,GA,47,19,0.4128,80.1210025929127,0.5767238140106201,0.9046962107485115
QM9-gap-70k,Random,47,-1,0.2056,35.35004321521175,0.0,0.0
QM9-gap-70k,Random,47,0,0.3213,60.35004321521175,0.1555492877960205,1.0179511317446999
QM9-gap-70k,Random,47,1,0.3292,62.05704407951599,0.156203031539917,0.9232845185293627
QM9-gap-70k,Random,47,2,0.3292,62.05704407951599,0.1539931297302246,0.9465959337217418
QM9-gap-70k,Random,47,3,0.3391,64.1961970613656,0.17191195487976074,0.9480142752499332
QM9-gap-70k,Random,47,4,0.3391,64.1961970613656,0.1641230583190918,0.9324609566115423
QM9-gap-70k,Random,47,5,0.3391,64.1961970613656,0.1646721363067627,0.9326743974670805
QM9-gap-70k,Random,47,6,0.3391,64.1961970613656,0.16692900657653809,0.9264665649950427
QM9-gap-70k,Random,47,7,0.3391,64.1961970613656,0.16826987266540527,0.9176818225253899
QM9-gap-70k,Random,47,8,0.3391,64.1961970613656,0.1683042049407959,0.9080701168793731
QM9-gap-70k,Random,47,9,0.3391,64.1961970613656,0.16931891441345215,0.8786160275219733
QM9-gap-70k,Random,47,10,0.3578,68.23681936041487,0.17554187774658203,0.8709260279788106
QM9-gap-70k,Random,47,11,0.3578,68.23681936041487,0.17955684661865234,0.8650103913506244
QM9-gap-70k,Random,47,12,0.3578,68.23681936041487,0.17931199073791504,0.8668520575936325
QM9-gap-70k,Random,47,13,0.3578,68.23681936041487,0.1815202236175537,0.8661330990191539
QM9-gap-70k,Random,47,14,0.3578,68.23681936041487,0.18661093711853027,0.8733368834492102
QM9-gap-70k,Random,47,15,0.3578,68.23681936041487,0.1898508071899414,0.8899470218669115
QM9-gap-70k,Random,47,16,0.3578,68.23681936041487,0.18636202812194824,0.8905897312875116
QM9-gap-70k,Random,47,17,0.3578,68.23681936041487,0.1958458423614502,0.8875776641953381
QM9-gap-70k,Random,47,18,0.3578,68.23681936041487,0.19567298889160156,0.8825178706540299
QM9-gap-70k,Random,47,19,0.3578,68.23681936041487,0.19438576698303223,0.8796096477551185
QM9-gap-70k,GLOSS,53,-1,0.2055,35.32843560933448,0.0,0.0
QM9-gap-70k,GLOSS,53,0,0.3361,63.54796888504753,1.2220571041107178,1.1536783510729547
QM9-gap-70k,GLOSS,53,1,0.3437,65.19014693171997,1.1015822887420654,1.2463742081117966
QM9-gap-70k,GLOSS,53,2,0.5048,100.0,1.1258349418640137,1.3476910659961217
QM9-gap-70k,GLOSS,53,3,0.5048,100.0,1.1615989208221436,1.3442282497138598
QM9-gap-70k,GLOSS,53,4,0.5048,100.0,1.262376308441162,1.359281027985389
QM9-gap-70k,GLOSS,53,5,0.5048,100.0,1.2350959777832031,1.3556508683664714
QM9-gap-70k,GLOSS,53,6,0.5048,100.0,1.291121006011963,1.3225698484816804
QM9-gap-70k,GLOSS,53,7,0.5048,100.0,1.3078341484069824,1.284799457687137
QM9-gap-70k,GLOSS,53,8,0.5048,100.0,1.3047218322753906,1.2471188030738667
QM9-gap-70k,GLOSS,53,9,0.5048,100.0,1.2984309196472168,1.228050061588156
QM9-gap-70k,GLOSS,53,10,0.5048,100.0,1.3239853382110596,1.212179706218021
QM9-gap-70k,GLOSS,53,11,0.5048,100.0,1.3525300025939941,1.2041064532488288
QM9-gap-70k,GLOSS,53,12,0.5048,100.0,1.4126808643341064,1.2001536687472483
QM9-gap-70k,GLOSS,53,13,0.5048,100.0,1.3678829669952393,1.1952255025256695
QM9-gap-70k,GLOSS,53,14,0.5048,100.0,1.3972210884094238,1.1801536910089232
QM9-gap-70k,GLOSS,53,15,0.5048,100.0,1.4168651103973389,1.1998584790287166
QM9-gap-70k,GLOSS,53,16,0.5048,100.0,1.4055962562561035,1.2186514274636302
QM9-gap-70k,GLOSS,53,17,0.5048,100.0,1.4223418235778809,1.2098891828905034
QM9-gap-70k,GLOSS,53,18,0.5048,100.0,1.4467229843139648,1.1923050614127997
QM9-gap-70k,GLOSS,53,19,0.5048,100.0,1.4657750129699707,1.1872467665016482
QM9-gap-70k,UCB-BO,53,-1,0.2055,35.32843560933448,0.0,0.0
QM9-gap-70k,UCB-BO,53,0,0.3322,62.70527225583405,0.3200109004974365,0.5292393633955534
QM9-gap-70k,UCB-BO,53,1,0.3489,66.31374243733794,0.3299589157104492,0.7962330305896044
QM9-gap-70k,UCB-BO,53,2,0.3691,70.67847882454623,0.3506278991699219,1.0203850493414746
QM9-gap-70k,UCB-BO,53,3,0.3699,70.85133967156439,0.35579395294189453,1.0235360056412235
QM9-gap-70k,UCB-BO,53,4,0.376,72.1694036300778,0.37189197540283203,0.9703957654749514
QM9-gap-70k,UCB-BO,53,5,0.418,81.24459809853067,0.36841917037963867,0.9571873423117461
QM9-gap-70k,UCB-BO,53,6,0.4465,87.40276577355229,0.3707120418548584,0.9665520731790321
QM9-gap-70k,UCB-BO,53,7,0.5048,100.0,0.38376712799072266,1.1123524259268502
QM9-gap-70k,UCB-BO,53,8,0.5048,100.0,0.3958010673522949,1.186881386886728
QM9-gap-70k,UCB-BO,53,9,0.5048,100.0,0.3909578323364258,1.1594974430517495
QM9-gap-70k,UCB-BO,53,10,0.5048,100.0,0.3890678882598877,1.1585321110909343
QM9-gap-70k,UCB-BO,53,11,0.5048,100.0,0.3743009567260742,1.139983309065523
QM9-gap-70k,UCB-BO,53,12,0.5048,100.0,0.383991003036499,1.126348354526503
QM9-gap-70k,UCB-BO,53,13,0.5048,100.0,0.3896980285644531,1.181000173449025
QM9-gap-70k,UCB-BO,53,14,0.5048,100.0,0.40644383430480957,1.2043174301212363
QM9-gap-70k,UCB-BO,53,15,0.5048,100.0,0.41709208488464355,1.177455994858932
QM9-gap-70k,UCB-BO,53,16,0.5048,100.0,0.42473578453063965,1.1526072945189667
QM9-gap-70k,UCB-BO,53,17,0.5048,100.0,0.4393458366394043,1.1514279284680036
QM9-gap-70k,UCB-BO,53,18,0.5048,100.0,0.4245030879974365,1.157426514409094
QM9-gap-70k,UCB-BO,53,19,0.5048,100.0,0.4281289577484131,1.1867727746326067
QM9-gap-70k,BO(EI),53,-1,0.2055,35.32843560933448,0.0,0.0
QM9-gap-70k,BO(EI),53,0,0.3322,62.70527225583405,0.3156869411468506,0.4928829752375049
QM9-gap-70k,BO(EI),53,1,0.3322,62.70527225583405,0.3325011730194092,0.7858513797113004
QM9-gap-70k,BO(EI),53,2,0.3653,69.85738980121002,0.33710575103759766,0.846584292748213
QM9-gap-70k,BO(EI),53,3,0.3653,69.85738980121002,0.34739208221435547,0.9323509011799456
QM9-gap-70k,BO(EI),53,4,0.3653,69.85738980121002,0.35732007026672363,1.0181978211694918
QM9-gap-70k,BO(EI),53,5,0.3653,69.85738980121002,0.3854849338531494,1.0371278067342855
QM9-gap-70k,BO(EI),53,6,0.3799,73.01210025929127,0.3812711238861084,1.0241894968500094
QM9-gap-70k,BO(EI),53,7,0.3824,73.55229040622298,0.3827180862426758,1.0175633053432704
QM9-gap-70k,BO(EI),53,8,0.4128,80.1210025929127,0.3923380374908447,1.0167248446173731
QM9-gap-70k,BO(EI),53,9,0.4802,94.68452895419188,0.3862290382385254,1.0844983855597516
QM9-gap-70k,BO(EI),53,10,0.4802,94.68452895419188,0.4058811664581299,1.1339454649186658
QM9-gap-70k,BO(EI),53,11,0.4802,94.68452895419188,0.4051527976989746,1.1743400029766624
QM9-gap-70k,BO(EI),53,12,0.4802,94.68452895419188,0.4298360347747803,1.1723193978965647
QM9-gap-70k,BO(EI),53,13,0.4802,94.68452895419188,0.4232289791107178,1.14830612736625
QM9-gap-70k,BO(EI),53,14,0.4802,94.68452895419188,0.41411900520324707,1.1537198130261106
QM9-gap-70k,BO(EI),53,15,0.4802,94.68452895419188,0.4149172306060791,1.197125937565757
QM9-gap-70k,BO(EI),53,16,0.5048,100.0,0.4344446659088135,1.2238441347177713
QM9-gap-70k,BO(EI),53,17,0.5048,100.0,0.428112268447876,1.2670945211226596
QM9-gap-70k,BO(EI),53,18,0.5048,100.0,0.4372828006744385,1.2797989280654851
QM9-gap-70k,BO(EI),53,19,0.5048,100.0,0.44980502128601074,1.285775308042237
QM9-gap-70k,GA,53,-1,0.2055,35.32843560933448,0.0,0.0
QM9-gap-70k,GA,53,0,0.3405,64.49870354364737,0.4386770725250244,0.9043349449381723
QM9-gap-70k,GA,53,1,0.3673,70.2895419187554,0.4532742500305176,0.916075160982992
QM9-gap-70k,GA,53,2,0.3673,70.2895419187554,0.48813700675964355,0.9805594420740478
QM9-gap-70k,GA,53,3,0.3673,70.2895419187554,0.5165550708770752,0.9612023663314988
QM9-gap-70k,GA,53,4,0.374,71.73725151253241,0.5108423233032227,0.9492701293703371
QM9-gap-70k,GA,53,5,0.374,71.73725151253241,0.5192568302154541,0.9190307986846935
QM9-gap-70k,GA,53,6,0.374,71.73725151253241,0.5183188915252686,0.904255921756872
QM9-gap-70k,GA,53,7,0.374,71.73725151253241,0.554053783416748,0.8950477406110234
QM9-gap-70k,GA,53,8,0.374,71.73725151253241,0.5658848285675049,0.8802141946272501
QM9-gap-70k,GA,53,9,0.374,71.73725151253241,0.5519020557403564,0.8793679965323662
QM9-gap-70k,GA,53,10,0.374,71.73725151253241,0.5506198406219482,0.8738548122505764
QM9-gap-70k,GA,53,11,0.374,71.73725151253241,0.5541057586669922,0.8688361340767687
QM9-gap-70k,GA,53,12,0.374,71.73725151253241,0.562716007232666,0.8582165936478777
QM9-gap-70k,GA,53,13,0.374,71.73725151253241,0.5755548477172852,0.8473104999617913
QM9-gap-70k,GA,53,14,0.4802,94.68452895419188,0.5740501880645752,0.846060619181044
QM9-gap-70k,GA,53,15,0.4802,94.68452895419188,0.5868220329284668,0.8526608245662344
QM9-gap-70k,GA,53,16,0.4802,94.68452895419188,0.5784399509429932,0.8516782102183045
QM9-gap-70k,GA,53,17,0.4802,94.68452895419188,0.5908820629119873,0.8441643036613458
QM9-gap-70k,GA,53,18,0.4802,94.68452895419188,0.6032590866088867,0.8446044533470459
QM9-gap-70k,GA,53,19,0.4802,94.68452895419188,0.6211700439453125,0.8451121917340053
QM9-gap-70k,Random,53,-1,0.2055,35.32843560933448,0.0,0.0
QM9-gap-70k,Random,53,0,0.3345,63.20224719101124,0.16247200965881348,0.7393267881412947
QM9-gap-70k,Random,53,1,0.3345,63.20224719101124,0.15824580192565918,0.8393511621735809
QM9-gap-70k,Random,53,2,0.3345,63.20224719101124,0.15742897987365723,0.9491943654489916
QM9-gap-70k,Random,53,3,0.3345,63.20224719101124,0.160444974899292,0.9288544384461851
QM9-gap-70k,Random,53,4,0.336,63.526361279170274,0.1622300148010254,0.8714820374959852
QM9-gap-70k,Random,53,5,0.336,63.526361279170274,0.16461491584777832,0.8988141547320528
QM9-gap-70k,Random,53,6,0.336,63.526361279170274,0.1681227684020996,0.8885660946797348
QM9-gap-70k,Random,53,7,0.3636,69.49006050129644,0.1691892147064209,0.8789172559709372
QM9-gap-70k,Random,53,8,0.3636,69.49006050129644,0.16857099533081055,0.9013154359268063
QM9-gap-70k,Random,53,9,0.3636,69.49006050129644,0.17098307609558105,0.9001464324618271
QM9-gap-70k,Random,53,10,0.3636,69.49006050129644,0.17096972465515137,0.8981518847656066
QM9-gap-70k,Random,53,11,0.3636,69.49006050129644,0.17266201972961426,0.9009555267270816
QM9-gap-70k,Random,53,12,0.3636,69.49006050129644,0.17729806900024414,0.9084649802720863
QM9-gap-70k,Random,53,13,0.3636,69.49006050129644,0.17763209342956543,0.9043177502042083
QM9-gap-70k,Random,53,14,0.3636,69.49006050129644,0.18247604370117188,0.91983706210456
QM9-gap-70k,Random,53,15,0.3636,69.49006050129644,0.18443608283996582,0.9118899231867408
QM9-gap-70k,Random,53,16,0.3636,69.49006050129644,0.1873478889465332,0.9037995163047994
QM9-gap-70k,Random,53,17,0.3636,69.49006050129644,0.1885991096496582,0.9051675338821198
QM9-gap-70k,Random,53,18,0.3636,69.49006050129644,0.1933281421661377,0.8978861488567303
QM9-gap-70k,Random,53,19,0.3636,69.49006050129644,0.19432926177978516,0.9047272726690188
QM9-gap-70k,GLOSS,59,-1,0.2058,35.39325842696629,0.0,0.0
QM9-gap-70k,GLOSS,59,0,0.3192,59.896283491789106,1.7498910427093506,0.46616254072386437
QM9-gap-70k,GLOSS,59,1,0.3215,60.39325842696629,1.4436838626861572,0.5613399150961456
QM9-gap-70k,GLOSS,59,2,0.3782,72.6447709593777,2.1084511280059814,0.5909618740754087
QM9-gap-70k,GLOSS,59,3,0.3782,72.6447709593777,1.3948149681091309,0.72508795567681
QM9-gap-70k,GLOSS,59,4,0.383,73.68193604148661,1.359403133392334,0.8285864503122118
QM9-gap-70k,GLOSS,59,5,0.383,73.68193604148661,1.3284151554107666,0.8355451453693437
QM9-gap-70k,GLOSS,59,6,0.4306,83.96715643906654,1.3382437229156494,0.9138420804242589
QM9-gap-70k,GLOSS,59,7,0.5048,100.0,1.315587043762207,0.9867738962126819
QM9-gap-70k,GLOSS,59,8,0.5048,100.0,1.3645000457763672,1.055874083065851
QM9-gap-70k,GLOSS,59,9,0.5048,100.0,1.4125261306762695,1.1134147057931485
QM9-gap-70k,GLOSS,59,10,0.5048,100.0,1.3769831657409668,1.154454867194202
QM9-gap-70k,GLOSS,59,11,0.5048,100.0,1.4054341316223145,1.1457375310766937
QM9-gap-70k,GLOSS,59,12,0.5048,100.0,1.4287998676300049,1.1336997017277963
QM9-gap-70k,GLOSS,59,13,0.5048,100.0,1.4581718444824219,1.1240478486773493
QM9-gap-70k,GLOSS,59,14,0.5048,100.0,1.4915318489074707,1.1167357191052243
QM9-gap-70k,GLOSS,59,15,0.5048,100.0,1.475451946258545,1.1105696307284196
QM9-gap-70k,GLOSS,59,16,0.5048,100.0,1.4867780208587646,1.123192857795841
QM9-gap-70k,GLOSS,59,17,0.5048,100.0,1.504166841506958,1.1433304261372645
QM9-gap-70k,GLOSS,59,18,0.5048,100.0,1.4991250038146973,1.1695288807182382
QM9-gap-70k,GLOSS,59,19,0.5048,100.0,1.535452127456665,1.1621896217198073
QM9-gap-70k,UCB-BO,59,-1,0.2058,35.39325842696629,0.0,0.0
QM9-gap-70k,UCB-BO,59,0,0.2841,52.312013828867755,0.31958889961242676,0.2770610798463178
QM9-gap-70k,UCB-BO,59,1,0.3211,60.30682800345721,0.3475027084350586,0.5377361427295243
QM9-gap-70k,UCB-BO,59,2,0.3379,63.936905790838374,0.3648350238800049,0.5812849625339872
QM9-gap-70k,UCB-BO,59,3,0.3728,71.4779602420052,0.3683292865753174,0.5880662963785895
QM9-gap-70k,UCB-BO,59,4,0.3728,71.4779602420052,0.3692150115966797,0.6518627341679389
QM9-gap-70k,UCB-BO,59,5,0.3728,71.4779602420052,0.37619996070861816,0.7062800184147915
QM9-gap-70k,UCB-BO,59,6,0.4177,81.17977528089888,0.3850879669189453,0.8156404778246075
QM9-gap-70k,UCB-BO,59,7,0.4177,81.17977528089888,0.38479089736938477,0.9004597851640587
QM9-gap-70k,UCB-BO,59,8,0.4802,94.68452895419188,0.3927159309387207,0.9401447775160566
QM9-gap-70k,UCB-BO,59,9,0.4802,94.68452895419188,0.4073169231414795,0.956831321374886
QM9-gap-70k,UCB-BO,59,10,0.4802,94.68452895419188,0.421907901763916,0.9467330876178887
QM9-gap-70k,UCB-BO,59,11,0.4802,94.68452895419188,0.41141796112060547,0.9620182432896814
QM9-gap-70k,UCB-BO,59,12,0.5048,100.0,0.3919978141784668,1.0339166367136643
QM9-gap-70k,UCB-BO,59,13,0.5048,100.0,0.4179656505584717,1.0502580518856117
QM9-gap-70k,UCB-BO,59,14,0.5048,100.0,0.4179959297180176,1.093257827030633
QM9-gap-70k,UCB-BO,59,15,0.5048,100.0,0.4122648239135742,1.082788866162366
QM9-gap-70k,UCB-BO,59,16,0.5048,100.0,0.41925811767578125,1.1481099001828716
QM9-gap-70k,UCB-BO,59,17,0.5048,100.0,0.432096004486084,1.1385270642160326
QM9-gap-70k,UCB-BO,59,18,0.5048,100.0,0.46326112747192383,1.1810635336247945
QM9-gap-70k,UCB-BO,59,19,0.5048,100.0,0.45945286750793457,1.187072840068547
QM9-gap-70k,BO(EI),59,-1,0.2058,35.39325842696629,0.0,0.0
QM9-gap-70k,BO(EI),59,0,0.2841,52.312013828867755,0.31520891189575195,0.2435020849192005
QM9-gap-70k,BO(EI),59,1,0.2841,52.312013828867755,0.34874582290649414,0.28642221940340146
QM9-gap-70k,BO(EI),59,2,0.2841,52.312013828867755,0.3618299961090088,0.4472658415647063
QM9-gap-70k,BO(EI),59,3,0.2854,52.59291270527224,0.38840699195861816,0.4633328239417767
QM9-gap-70k,BO(EI),59,4,0.3209,60.263612791702684,0.385361909866333,0.508024041567454
QM9-gap-70k,BO(EI),59,5,0.324,60.933448573898005,0.3853330612182617,0.5970865060164288
QM9-gap-70k,BO(EI),59,6,0.3505,66.65946413137424,0.4067058563232422,0.6683275146713552
QM9-gap-70k,BO(EI),59,7,0.3796,72.94727744165947,0.3934159278869629,0.8628758690958523
QM9-gap-70k,BO(EI),59,8,0.3796,72.94727744165947,0.4223020076751709,0.9600522104815433
QM9-gap-70k,BO(EI),59,9,0.3796,72.94727744165947,0.4115147590637207,0.9659662494772338
QM9-gap-70k,BO(EI),59,10,0.3796,72.94727744165947,0.43039989471435547,1.001257195240122
QM9-gap-70k,BO(EI),59,11,0.3796,72.94727744165947,0.4287760257720947,1.0161648813445696
QM9-gap-70k,BO(EI),59,12,0.3891,75.0,0.44953489303588867,1.0799331548077333
QM9-gap-70k,BO(EI),59,13,0.3891,75.0,0.4391469955444336,1.0786886899501753
QM9-gap-70k,BO(EI),59,14,0.3891,75.0,0.44702625274658203,1.1131342464442073
QM9-gap-70k,BO(EI),59,15,0.5048,100.0,0.4604668617248535,1.1478561897272577
QM9-gap-70k,BO(EI),59,16,0.5048,100.0,0.4560120105743408,1.146201259799297
QM9-gap-70k,BO(EI),59,17,0.5048,100.0,0.4604060649871826,1.1281050092314096
QM9-gap-70k,BO(EI),59,18,0.5048,100.0,0.4395163059234619,1.1413872281099782
QM9-gap-70k,BO(EI),59,19,0.5048,100.0,0.444716215133667,1.1471369500962714
QM9-gap-70k,GA,59,-1,0.2058,35.39325842696629,0.0,0.0
QM9-gap-70k,GA,59,0,0.2994,55.61797752808989,0.424562931060791,0.6152664486639257
QM9-gap-70k,GA,59,1,0.3189,59.8314606741573,0.46935105323791504,0.7339156758547504
QM9-gap-70k,GA,59,2,0.3455,65.5790838375108,0.48049402236938477,0.8327832792953064
QM9-gap-70k,GA,59,3,0.3495,66.44338807260155,0.5125620365142822,0.8514153793585612
QM9-gap-70k,GA,59,4,0.3505,66.65946413137424,0.516556978225708,0.8615816208337679
QM9-gap-70k,GA,59,5,0.3728,71.4779602420052,0.526386022567749,0.8515315606971842
QM9-gap-70k,GA,59,6,0.3728,71.4779602420052,0.5530538558959961,0.8690653521462242
QM9-gap-70k,GA,59,7,0.3728,71.4779602420052,0.5395169258117676,0.867370426537643
QM9-gap-70k,GA,59,8,0.3728,71.4779602420052,0.5422141551971436,0.864068623483264
QM9-gap-70k,GA,59,9,0.4298,83.7942955920484,0.5552771091461182,0.862025854301262
QM9-gap-70k,GA,59,10,0.4298,83.7942955920484,0.585503101348877,0.8684475754774612
QM9-gap-70k,GA,59,11,0.4298,83.7942955920484,0.5760576725006104,0.8623006850522694
QM9-gap-70k,GA,59,12,0.4298,83.7942955920484,0.5763311386108398,0.8553378103026491
QM9-gap-70k,GA,59,13,0.4298,83.7942955920484,0.5831801891326904,0.8523749647825882
QM9-gap-70k,GA,59,14,0.4298,83.7942955920484,0.5949888229370117,0.8551615410380948
QM9-gap-70k,GA,59,15,0.4298,83.7942955920484,0.5950798988342285,0.857298617142059
QM9-gap-70k,GA,59,16,0.4298,83.7942955920484,0.603762149810791,0.851245225326228
QM9-gap-70k,GA,59,17,0.4298,83.7942955920484,0.6057369709014893,0.8419684672604022
QM9-gap-70k,GA,59,18,0.4298,83.7942955920484,0.5986156463623047,0.8513601812508352
QM9-gap-70k,GA,59,19,0.4298,83.7942955920484,0.6133160591125488,0.8529965412994803
QM9-gap-70k,Random,59,-1,0.2058,35.39325842696629,0.0,0.0
QM9-gap-70k,Random,59,0,0.2836,52.20397579948142,0.15654397010803223,0.9537209775806293
QM9-gap-70k,Random,59,1,0.3132,58.59982713915297,0.15793085098266602,0.849844892249326
QM9-gap-70k,Random,59,2,0.3132,58.59982713915297,0.15967893600463867,0.7572811908037503
QM9-gap-70k,Random,59,3,0.3132,58.59982713915297,0.16172218322753906,0.8143439128843513
QM9-gap-70k,Random,59,4,0.3445,65.36300777873811,0.16408610343933105,0.8576278251686335
QM9-gap-70k,Random,59,5,0.3445,65.36300777873811,0.16502904891967773,0.8774377780959287
QM9-gap-70k,Random,59,6,0.3445,65.36300777873811,0.16776704788208008,0.8651128007068316
QM9-gap-70k,Random,59,7,0.3445,65.36300777873811,0.1690528392791748,0.8584992828483815
QM9-gap-70k,Random,59,8,0.3445,65.36300777873811,0.16809701919555664,0.8731812305917133
QM9-gap-70k,Random,59,9,0.3445,65.36300777873811,0.16911101341247559,0.8771244842101773
QM9-gap-70k,Random,59,10,0.3736,71.65082108902332,0.17175912857055664,0.8833445980909607
QM9-gap-70k,Random,59,11,0.3736,71.65082108902332,0.1750328540802002,0.8920493308012919
QM9-gap-70k,Random,59,12,0.3736,71.65082108902332,0.17670702934265137,0.8974476275962996
QM9-gap-70k,Random,59,13,0.3736,71.65082108902332,0.18430209159851074,0.9001068844548937
QM9-gap-70k,Random,59,14,0.3771,72.40708729472773,0.18578314781188965,0.8990545494836657
QM9-gap-70k,Random,59,15,0.3771,72.40708729472773,0.18448305130004883,0.9016849520799856
QM9-gap-70k,Random,59,16,0.3771,72.40708729472773,0.18970108032226562,0.9026601276104109
QM9-gap-70k,Random,59,17,0.3771,72.40708729472773,0.18825793266296387,0.9024213927160557
QM9-gap-70k,Random,59,18,0.3796,72.94727744165947,0.19558191299438477,0.9125271794150616
QM9-gap-70k,Random,59,19,0.3796,72.94727744165947,0.198228120803833,0.9089572481721212
QM9-gap-70k,GLOSS,61,-1,0.2083,35.933448573898005,0.0,0.0
QM9-gap-70k,GLOSS,61,0,0.2709,49.459809853068265,1.2346608638763428,0.7542770712617909
QM9-gap-70k,GLOSS,61,1,0.3252,61.19273984442523,1.405522108078003,1.051159897234236
QM9-gap-70k,GLOSS,61,2,0.3646,69.70613656006913,1.2464408874511719,1.1728780825345748
QM9-gap-70k,GLOSS,61,3,0.462,90.75194468452895,1.2513432502746582,1.1997097397520247
QM9-gap-70k,GLOSS,61,4,0.4802,94.68452895419188,1.2645628452301025,1.2250720883638695
QM9-gap-70k,GLOSS,61,5,0.4802,94.68452895419188,1.2999753952026367,1.3017819717830958
QM9-gap-70k,GLOSS,61,6,0.5048,100.0,1.3144690990447998,1.3902365626563398
QM9-gap-70k,GLOSS,61,7,0.5048,100.0,1.342318058013916,1.3803673006481667
QM9-gap-70k,GLOSS,61,8,0.5048,100.0,1.3141539096832275,1.3319985941095165
QM9-gap-70k,GLOSS,61,9,0.5048,100.0,1.316269874572754,1.3022155153360646
QM9-gap-70k,GLOSS,61,10,0.5048,100.0,1.3456456661224365,1.2905661366016006
QM9-gap-70k,GLOSS,61,11,0.5048,100.0,1.364884853363037,1.2805821362539695
QM9-gap-70k,GLOSS,61,12,0.5048,100.0,1.3665132522583008,1.2639863640037214
QM9-gap-70k,GLOSS,61,13,0.5048,100.0,1.3848350048065186,1.265845788117248
QM9-gap-70k,GLOSS,61,14,0.5048,100.0,1.4574332237243652,1.2613735886114366
QM9-gap-70k,GLOSS,61,15,0.5048,100.0,1.41618013381958,1.2700145916060634
QM9-gap-70k,GLOSS,61,16,0.5048,100.0,1.4336612224578857,1.2804316524064976
QM9-gap-70k,GLOSS,61,17,0.5048,100.0,1.4358551502227783,1.274601530552073
QM9-gap-70k,GLOSS,61,18,0.5048,100.0,1.4604511260986328,1.2686728734285735
QM9-gap-70k,GLOSS,61,19,0.5048,100.0,1.4700710773468018,1.2568856625727771
QM9-gap-70k,UCB-BO,61,-1,0.2083,35.933448573898005,0.0,0.0
QM9-gap-70k,UCB-BO,61,0,0.2709,49.459809853068265,0.30901098251342773,0.835007353192432
QM9-gap-70k,UCB-BO,61,1,0.2774,50.86430423509074,0.34754109382629395,1.0134078125913926
QM9-gap-70k,UCB-BO,61,2,0.3162,59.248055315471035,0.35213804244995117,0.9982041069363515
QM9-gap-70k,UCB-BO,61,3,0.336,63.526361279170274,0.350222110748291,0.984276818176452
QM9-gap-70k,UCB-BO,61,4,0.3401,64.41227312013828,0.3625528812408447,0.9089312716511689
QM9-gap-70k,UCB-BO,61,5,0.342,64.8228176318064,0.36463475227355957,0.9221725405798789
QM9-gap-70k,UCB-BO,61,6,0.3422,64.86603284356093,0.36186885833740234,0.8945928383508338
QM9-gap-70k,UCB-BO,61,7,0.3492,66.37856525496974,0.3652780055999756,0.8692006935493789
QM9-gap-70k,UCB-BO,61,8,0.351,66.76750216076059,0.3750722408294678,0.9497281926097103
QM9-gap-70k,UCB-BO,61,9,0.4802,94.68452895419188,0.41019701957702637,1.0044898948846588
QM9-gap-70k,UCB-BO,61,10,0.4802,94.68452895419188,0.39934802055358887,1.0314195195772387
QM9-gap-70k,UCB-BO,61,11,0.4802,94.68452895419188,0.3979980945587158,1.0871164811608316
QM9-gap-70k,UCB-BO,61,12,0.4802,94.68452895419188,0.4182870388031006,1.1359145808259756
QM9-gap-70k,UCB-BO,61,13,0.4802,94.68452895419188,0.4319138526916504,1.1211438994271186
QM9-gap-70k,UCB-BO,61,14,0.4802,94.68452895419188,0.4242277145385742,1.124833913757076
QM9-gap-70k,UCB-BO,61,15,0.5048,100.0,0.4200618267059326,1.1562002241948952
QM9-gap-70k,UCB-BO,61,16,0.5048,100.0,0.4188370704650879,1.2036513837213072
QM9-gap-70k,UCB-BO,61,17,0.5048,100.0,0.42304110527038574,1.2733144813293773
QM9-gap-70k,UCB-BO,61,18,0.5048,100.0,0.4345672130584717,1.275806114752357
QM9-gap-70k,UCB-BO,61,19,0.5048,100.0,0.43344902992248535,1.2749535573983262
QM9-gap-70k,BO(EI),61,-1,0.2083,35.933448573898005,0.0,0.0
QM9-gap-70k,BO(EI),61,0,0.2401,42.804667242869485,0.3201441764831543,0.3592590395268621
QM9-gap-70k,BO(EI),61,1,0.2496,44.85738980121002,0.34029102325439453,0.41975609244577866
QM9-gap-70k,BO(EI),61,2,0.2532,45.6352636127917,0.3482341766357422,0.5995231534819631
QM9-gap-70k,BO(EI),61,3,0.2773,50.84269662921348,0.3475198745727539,0.7089557951773152
QM9-gap-70k,BO(EI),61,4,0.2773,50.84269662921348,0.34600186347961426,0.7400365959454436
QM9-gap-70k,BO(EI),61,5,0.2773,50.84269662921348,0.3647949695587158,0.7497545390940722
QM9-gap-70k,BO(EI),61,6,0.3067,57.1953327571305,0.369326114654541,0.7320660504772651
QM9-gap-70k,BO(EI),61,7,0.3067,57.1953327571305,0.3644752502441406,0.7736123272988105
QM9-gap-70k,BO(EI),61,8,0.318,59.636992221261885,0.37790799140930176,0.8021287561088333
QM9-gap-70k,BO(EI),61,9,0.318,59.636992221261885,0.3967881202697754,0.8335479933906149
QM9-gap-70k,BO(EI),61,10,0.4063,78.71650821089023,0.3886539936065674,0.9106832712828178
QM9-gap-70k,BO(EI),61,11,0.4063,78.71650821089023,0.40318799018859863,1.007513939971707
QM9-gap-70k,BO(EI),61,12,0.4063,78.71650821089023,0.40202927589416504,1.0461257017650005
QM9-gap-70k,BO(EI),61,13,0.4128,80.1210025929127,0.4022510051727295,1.0654956035163052
QM9-gap-70k,BO(EI),61,14,0.417,81.02852203975799,0.4328029155731201,1.0817948572991483
QM9-gap-70k,BO(EI),61,15,0.4306,83.96715643906654,0.4471862316131592,1.108521570467873
QM9-gap-70k,BO(EI),61,16,0.4306,83.96715643906654,0.44370317459106445,1.1091240650165108
QM9-gap-70k,BO(EI),61,17,0.4802,94.68452895419188,0.43002891540527344,1.138011753192569
QM9-gap-70k,BO(EI),61,18,0.4802,94.68452895419188,0.43058109283447266,1.1350700082543768
QM9-gap-70k,BO(EI),61,19,0.4802,94.68452895419188,0.4456000328063965,1.1567105653518726
QM9-gap-70k,GA,61,-1,0.2083,35.933448573898005,0.0,0.0
QM9-gap-70k,GA,61,0,0.324,60.933448573898005,0.42922377586364746,1.143452151077467
QM9-gap-70k,GA,61,1,0.3673,70.2895419187554,0.46955418586730957,1.1003857212667347
QM9-gap-70k,GA,61,2,0.3673,70.2895419187554,0.4857370853424072,0.9772459170025639
QM9-gap-70k,GA,61,3,0.3673,70.2895419187554,0.49196290969848633,0.9562950217977625
QM9-gap-70k,GA,61,4,0.4128,80.1210025929127,0.5024361610412598,0.91855536517981
QM9-gap-70k,GA,61,5,0.4128,80.1210025929127,0.511307954788208,0.910593129869242
QM9-gap-70k,GA,61,6,0.4128,80.1210025929127,0.5124011039733887,0.896174812578056
QM9-gap-70k,GA,61,7,0.4128,80.1210025929127,0.5141079425811768,0.8839665461967664
QM9-gap-70k,GA,61,8,0.4128,80.1210025929127,0.5269162654876709,0.8609034828331875
QM9-gap-70k,GA,61,9,0.4128,80.1210025929127,0.5208959579467773,0.8404655893978177
QM9-gap-70k,GA,61,10,0.4128,80.1210025929127,0.5415008068084717,0.8347983714055164
QM9-gap-70k,GA,61,11,0.4128,80.1210025929127,0.5395281314849854,0.8208789243095842
QM9-gap-70k,GA,61,12,0.4128,80.1210025929127,0.5430741310119629,0.8293262530851906
QM9-gap-70k,GA,61,13,0.4128,80.1210025929127,0.5539608001708984,0.8239900112642998
QM9-gap-70k,GA,61,14,0.4128,80.1210025929127,0.570019006729126,0.8371363762804752
QM9-gap-70k,GA,61,15,0.4128,80.1210025929127,0.5546371936798096,0.8374745737307038
QM9-gap-70k,GA,61,16,0.4128,80.1210025929127,0.5756609439849854,0.8305139214756501
QM9-gap-70k,GA,61,17,0.4128,80.1210025929127,0.5722081661224365,0.8240022296396383
QM9-gap-70k,GA,61,18,0.4128,80.1210025929127,0.572296142578125,0.8204115037186697
QM9-gap-70k,GA,61,19,0.4128,80.1210025929127,0.593879222869873,0.8266812620055872
QM9-gap-70k,Random,61,-1,0.2083,35.933448573898005,0.0,0.0
QM9-gap-70k,Random,61,0,0.3063,57.10890233362144,0.15945100784301758,0.6868250734769729
QM9-gap-70k,Random,61,1,0.3063,57.10890233362144,0.1547539234161377,0.8168706666053595
QM9-gap-70k,Random,61,2,0.3239,60.91184096802075,0.15732717514038086,0.8368967160486683
QM9-gap-70k,Random,61,3,0.3239,60.91184096802075,0.16298890113830566,0.871201876262371
QM9-gap-70k,Random,61,4,0.3239,60.91184096802075,0.16208195686340332,0.8674407806352484
QM9-gap-70k,Random,61,5,0.332,62.662057044079525,0.1651310920715332,0.8638695966122649
QM9-gap-70k,Random,61,6,0.332,62.662057044079525,0.16858601570129395,0.9173868783694813
QM9-gap-70k,Random,61,7,0.332,62.662057044079525,0.1687459945678711,0.8955971020386743
QM9-gap-70k,Random,61,8,0.332,62.662057044079525,0.1688070297241211,0.8880358798663399
QM9-gap-70k,Random,61,9,0.332,62.662057044079525,0.17088103294372559,0.8785960097031504
QM9-gap-70k,Random,61,10,0.332,62.662057044079525,0.1751110553741455,0.8653674999654557
QM9-gap-70k,Random,61,11,0.332,62.662057044079525,0.17595410346984863,0.8475433650184485
QM9-gap-70k,Random,61,12,0.332,62.662057044079525,0.17890095710754395,0.8376571709626014
QM9-gap-70k,Random,61,13,0.332,62.662057044079525,0.17965483665466309,0.8350367229235978
QM9-gap-70k,Random,61,14,0.332,62.662057044079525,0.18549394607543945,0.8342610822393433
QM9-gap-70k,Random,61,15,0.332,62.662057044079525,0.18166303634643555,0.8216814878357079
QM9-gap-70k,Random,61,16,0.3376,63.87208297320657,0.18762803077697754,0.8349954670663404
QM9-gap-70k,Random,61,17,0.3376,63.87208297320657,0.19185423851013184,0.8424050952174392
QM9-gap-70k,Random,61,18,0.3376,63.87208297320657,0.19274592399597168,0.8506686271722568
QM9-gap-70k,Random,61,19,0.3376,63.87208297320657,0.19573688507080078,0.8552676183455042
QM9-gap-70k,GLOSS,67,-1,0.2081,35.89023336214347,0.0,0.0
QM9-gap-70k,GLOSS,67,0,0.2689,49.02765773552289,1.1325087547302246,0.7328864102231412
QM9-gap-70k,GLOSS,67,1,0.2871,52.96024200518582,1.1694836616516113,0.7739888727197377
QM9-gap-70k,GLOSS,67,2,0.3394,64.2610198789974,1.428346872329712,0.8243468635070293
QM9-gap-70k,GLOSS,67,3,0.3637,69.51166810717373,1.432042121887207,0.9128316196497096
QM9-gap-70k,GLOSS,67,4,0.3637,69.51166810717373,1.3632612228393555,1.0168048355238282
QM9-gap-70k,GLOSS,67,5,0.4802,94.68452895419188,1.5264639854431152,1.026058207598348
QM9-gap-70k,GLOSS,67,6,0.4802,94.68452895419188,1.3680899143218994,1.0577503680011242
QM9-gap-70k,GLOSS,67,7,0.5048,100.0,1.3600189685821533,1.1612322466549045
QM9-gap-70k,GLOSS,67,8,0.5048,100.0,1.3184189796447754,1.2656960033544424
QM9-gap-70k,GLOSS,67,9,0.5048,100.0,1.3441121578216553,1.306539387740369
QM9-gap-70k,GLOSS,67,10,0.5048,100.0,1.384413242340088,1.2775276414007002
QM9-gap-70k,GLOSS,67,11,0.5048,100.0,1.4738600254058838,1.2795232224238777
QM9-gap-70k,GLOSS,67,12,0.5048,100.0,1.4060568809509277,1.272296944893195
QM9-gap-70k,GLOSS,67,13,0.5048,100.0,1.4611639976501465,1.2571354249236417
QM9-gap-70k,GLOSS,67,14,0.5048,100.0,1.4635510444641113,1.2677809422825184
QM9-gap-70k,GLOSS,67,15,0.5048,100.0,1.4851610660552979,1.2791673431049786
QM9-gap-70k,GLOSS,67,16,0.5048,100.0,1.5027999877929688,1.267180975620119
QM9-gap-70k,GLOSS,67,17,0.5048,100.0,1.490968942642212,1.2648980330464608
QM9-gap-70k,GLOSS,67,18,0.5048,100.0,1.5284531116485596,1.2606543915650408
QM9-gap-70k,GLOSS,67,19,0.5048,100.0,1.5631670951843262,1.2555604204048605
QM9-gap-70k,UCB-BO,67,-1,0.2081,35.89023336214347,0.0,0.0
QM9-gap-70k,UCB-BO,67,0,0.2702,49.308556611927386,0.31490373611450195,0.2785273199911932
QM9-gap-70k,UCB-BO,67,1,0.2984,55.401901469317195,0.3335099220275879,0.5425656211666385
QM9-gap-70k,UCB-BO,67,2,0.3051,56.84961106309421,0.3504040241241455,0.6166689230742186
QM9-gap-70k,UCB-BO,67,3,0.3585,68.38807260155573,0.3641037940979004,0.7123228312375351
QM9-gap-70k,UCB-BO,67,4,0.3585,68.38807260155573,0.382282018661499,0.817890173731506
QM9-gap-70k,UCB-BO,67,5,0.3602,68.75540190146931,0.3903980255126953,0.8284309712925845
QM9-gap-70k,UCB-BO,67,6,0.3602,68.75540190146931,0.3920149803161621,0.8285009515896092
QM9-gap-70k,UCB-BO,67,7,0.3698,70.82973206568712,0.39208984375,0.8849211669709691
QM9-gap-70k,UCB-BO,67,8,0.3698,70.82973206568712,0.40468597412109375,0.8614620147378718
QM9-gap-70k,UCB-BO,67,9,0.3891,75.0,0.4011261463165283,0.9070964026191584
QM9-gap-70k,UCB-BO,67,10,0.4128,80.1210025929127,0.4131789207458496,0.946004541986709
QM9-gap-70k,UCB-BO,67,11,0.4306,83.96715643906654,0.40379977226257324,0.9566402865634134
QM9-gap-70k,UCB-BO,67,12,0.4465,87.40276577355229,0.4311959743499756,0.9536653819183949
QM9-gap-70k,UCB-BO,67,13,0.4465,87.40276577355229,0.41742491722106934,0.9756916492428572
QM9-gap-70k,UCB-BO,67,14,0.5048,100.0,0.4145379066467285,1.0580847322721578
QM9-gap-70k,UCB-BO,67,15,0.5048,100.0,0.4175581932067871,1.1173012253590453
QM9-gap-70k,UCB-BO,67,16,0.5048,100.0,0.4143989086151123,1.1048132489488516
QM9-gap-70k,UCB-BO,67,17,0.5048,100.0,0.4262409210205078,1.0893229089094023
QM9-gap-70k,UCB-BO,67,18,0.5048,100.0,0.41478395462036133,1.0757026716321871
QM9-gap-70k,UCB-BO,67,19,0.5048,100.0,0.4295651912689209,1.0720476580580909
QM9-gap-70k,BO(EI),67,-1,0.2081,35.89023336214347,0.0,0.0
QM9-gap-70k,BO(EI),67,0,0.264,47.96888504753673,0.3114807605743408,0.21177324878520856
QM9-gap-70k,BO(EI),67,1,0.314,58.772687986171135,0.3249819278717041,0.3484693607544706
QM9-gap-70k,BO(EI),67,2,0.3159,59.18323249783924,0.3660588264465332,0.4694426626784146
QM9-gap-70k,BO(EI),67,3,0.3345,63.20224719101124,0.3849921226501465,0.607739038378915
QM9-gap-70k,BO(EI),67,4,0.3824,73.55229040622298,0.38076114654541016,0.7567853890434567
QM9-gap-70k,BO(EI),67,5,0.3824,73.55229040622298,0.3908848762512207,0.8011713540062804
QM9-gap-70k,BO(EI),67,6,0.3824,73.55229040622298,0.3972957134246826,0.8320741892138
QM9-gap-70k,BO(EI),67,7,0.3824,73.55229040622298,0.4058680534362793,0.8675028863957467
QM9-gap-70k,BO(EI),67,8,0.4177,81.17977528089888,0.403684139251709,0.8684658928985513
QM9-gap-70k,BO(EI),67,9,0.4802,94.68452895419188,0.4044828414916992,0.8996336480616365
QM9-gap-70k,BO(EI),67,10,0.4802,94.68452895419188,0.4079740047454834,0.9480641331877813
QM9-gap-70k,BO(EI),67,11,0.4802,94.68452895419188,0.4371531009674072,0.9741488975254621
QM9-gap-70k,BO(EI),67,12,0.5048,100.0,0.437532901763916,1.0481582860541268
QM9-gap-70k,BO(EI),67,13,0.5048,100.0,0.4256923198699951,1.1604350852890992
QM9-gap-70k,BO(EI),67,14,0.5048,100.0,0.44940614700317383,1.183981233539809
QM9-gap-70k,BO(EI),67,15,0.5048,100.0,0.45702409744262695,1.202721656937178
QM9-gap-70k,BO(EI),67,16,0.5048,100.0,0.44788408279418945,1.1862831900742077
QM9-gap-70k,BO(EI),67,17,0.5048,100.0,0.4553852081298828,1.17435047668934
QM9-gap-70k,BO(EI),67,18,0.5048,100.0,0.44382286071777344,1.1831011158681826
QM9-gap-70k,BO(EI),67,19,0.5048,100.0,0.4585731029510498,1.1816227043566423
QM9-gap-70k,GA,67,-1,0.2081,35.89023336214347,0.0,0.0
QM9-gap-70k,GA,67,0,0.3323,62.72687986171132,0.46660828590393066,0.6178094981384
QM9-gap-70k,GA,67,1,0.3323,62.72687986171132,0.4722628593444824,0.7083908932351314
QM9-gap-70k,GA,67,2,0.3557,67.78305963699222,0.47406005859375,0.7537303087312056
QM9-gap-70k,GA,67,3,0.3557,67.78305963699222,0.49146413803100586,0.7526010234715715
QM9-gap-70k,GA,67,4,0.3557,67.78305963699222,0.5069229602813721,0.7387259002478045
QM9-gap-70k,GA,67,5,0.3557,67.78305963699222,0.525336742401123,0.739608946129022
QM9-gap-70k,GA,67,6,0.3595,68.60414866032843,0.5364072322845459,0.7298784127122298
QM9-gap-70k,GA,67,7,0.3595,68.60414866032843,0.5484569072723389,0.7198494288652887
QM9-gap-70k,GA,67,8,0.3659,69.98703543647363,0.5432908535003662,0.726740266585123
QM9-gap-70k,GA,67,9,0.3659,69.98703543647363,0.5433120727539062,0.7308712044549387
QM9-gap-70k,GA,67,10,0.3659,69.98703543647363,0.5543701648712158,0.7263542304991387
QM9-gap-70k,GA,67,11,0.3659,69.98703543647363,0.5369219779968262,0.7175511459513054
QM9-gap-70k,GA,67,12,0.3659,69.98703543647363,0.5598499774932861,0.7306179333138063
QM9-gap-70k,GA,67,13,0.418,81.24459809853067,0.5747861862182617,0.7256550392316964
QM9-gap-70k,GA,67,14,0.418,81.24459809853067,0.574444055557251,0.7185055902213916
QM9-gap-70k,GA,67,15,0.418,81.24459809853067,0.5581541061401367,0.7309999693716853
QM9-gap-70k,GA,67,16,0.418,81.24459809853067,0.561474084854126,0.7297592008791628
QM9-gap-70k,GA,67,17,0.418,81.24459809853067,0.5806632041931152,0.7248817563747719
QM9-gap-70k,GA,67,18,0.418,81.24459809853067,0.5867440700531006,0.7258624678645293
QM9-gap-70k,GA,67,19,0.418,81.24459809853067,0.5721049308776855,0.7274407508606575
QM9-gap-70k,Random,67,-1,0.2081,35.89023336214347,0.0,0.0
QM9-gap-70k,Random,67,0,0.3588,68.45289541918756,0.15673494338989258,0.9263428193942216
QM9-gap-70k,Random,67,1,0.3588,68.45289541918756,0.15841293334960938,0.7276070335866021
QM9-gap-70k,Random,67,2,0.3588,68.45289541918756,0.15883302688598633,0.7565414506639135
QM9-gap-70k,Random,67,3,0.3588,68.45289541918756,0.15910601615905762,0.7929494057244323
QM9-gap-70k,Random,67,4,0.3588,68.45289541918756,0.16252994537353516,0.8062284723278372
QM9-gap-70k,Random,67,5,0.3588,68.45289541918756,0.16159510612487793,0.7883031852010518
QM9-gap-70k,Random,67,6,0.3588,68.45289541918756,0.168593168258667,0.8246743908627308
QM9-gap-70k,Random,67,7,0.3588,68.45289541918756,0.17135405540466309,0.836855201211836
QM9-gap-70k,Random,67,8,0.3588,68.45289541918756,0.17388629913330078,0.8339228843918055
QM9-gap-70k,Random,67,9,0.3588,68.45289541918756,0.1763019561767578,0.8345595501865197
QM9-gap-70k,Random,67,10,0.3588,68.45289541918756,0.17857003211975098,0.8429937260455689
QM9-gap-70k,Random,67,11,0.3588,68.45289541918756,0.17679595947265625,0.85372177525073
QM9-gap-70k,Random,67,12,0.3588,68.45289541918756,0.1775970458984375,0.8809957667018617
QM9-gap-70k,Random,67,13,0.3588,68.45289541918756,0.18196392059326172,0.8760335594907396
QM9-gap-70k,Random,67,14,0.3588,68.45289541918756,0.18119502067565918,0.8750010047772144
QM9-gap-70k,Random,67,15,0.3901,75.21607605877269,0.18608307838439941,0.9074639872231395
QM9-gap-70k,Random,67,16,0.3901,75.21607605877269,0.1920299530029297,0.9019333239071844
QM9-gap-70k,Random,67,17,0.3901,75.21607605877269,0.18916773796081543,0.9013759094111385
QM9-gap-70k,Random,67,18,0.3901,75.21607605877269,0.19107985496520996,0.8984168409774311
QM9-gap-70k,Random,67,19,0.3901,75.21607605877269,0.19338393211364746,0.9025150517491011
QM9-gap-75k,GLOSS,47,-1,0.2075,35.760587726879855,0.0,0.0
QM9-gap-75k,GLOSS,47,0,0.2962,54.92653414001729,1.7681589126586914,0.3171642347634962
QM9-gap-75k,GLOSS,47,1,0.3123,58.40535868625757,1.906156063079834,0.4876454385218045
QM9-gap-75k,GLOSS,47,2,0.3411,64.62834917891098,1.9357271194458008,0.5650147381390276
QM9-gap-75k,GLOSS,47,3,0.3411,64.62834917891098,1.8156020641326904,0.5944704807360646
QM9-gap-75k,GLOSS,47,4,0.3501,66.57303370786516,1.5910801887512207,0.6599444871792421
QM9-gap-75k,GLOSS,47,5,0.3628,69.31719965427831,1.6353130340576172,0.6665440914685917
QM9-gap-75k,GLOSS,47,6,0.3824,73.55229040622298,1.4947447776794434,0.758731396652366
QM9-gap-75k,GLOSS,47,7,0.4177,81.17977528089888,1.4553618431091309,0.8439837032053884
QM9-gap-75k,GLOSS,47,8,0.4465,87.40276577355229,1.45060396194458,0.9055921583993358
QM9-gap-75k,GLOSS,47,9,0.4802,94.68452895419188,1.498790979385376,0.9329928341545423
QM9-gap-75k,GLOSS,47,10,0.4802,94.68452895419188,1.4639537334442139,0.956950503970896
QM9-gap-75k,GLOSS,47,11,0.4802,94.68452895419188,1.4986298084259033,1.0037892891009643
QM9-gap-75k,GLOSS,47,12,0.5048,100.0,1.5160479545593262,1.048460587836835
QM9-gap-75k,GLOSS,47,13,0.5048,100.0,1.5808968544006348,1.0919732952530394
QM9-gap-75k,GLOSS,47,14,0.5048,100.0,1.5567197799682617,1.1220462752430425
QM9-gap-75k,GLOSS,47,15,0.5048,100.0,1.544189214706421,1.1271328370400862
QM9-gap-75k,GLOSS,47,16,0.5048,100.0,1.5866138935089111,1.1244389475101204
QM9-gap-75k,GLOSS,47,17,0.5048,100.0,1.589365005493164,1.1215826483744207
QM9-gap-75k,GLOSS,47,18,0.5048,100.0,1.643662929534912,1.1185285860097915
QM9-gap-75k,GLOSS,47,19,0.5048,100.0,1.625356674194336,1.1171649153390202
QM9-gap-75k,UCB-BO,47,-1,0.2075,35.760587726879855,0.0,0.0
QM9-gap-75k,UCB-BO,47,0,0.2781,51.015557476231635,0.335341215133667,0.13125068189193465
QM9-gap-75k,UCB-BO,47,1,0.2873,53.003457216940355,0.37442874908447266,0.21660053644062716
QM9-gap-75k,UCB-BO,47,2,0.2873,53.003457216940355,0.3682098388671875,0.34449388975822537
QM9-gap-75k,UCB-BO,47,3,0.2873,53.003457216940355,0.37766408920288086,0.5330080780854295
QM9-gap-75k,UCB-BO,47,4,0.2873,53.003457216940355,0.40593695640563965,0.4970600328260615
QM9-gap-75k,UCB-BO,47,5,0.2883,53.21953327571305,0.38941097259521484,0.4669567838460592
QM9-gap-75k,UCB-BO,47,6,0.2883,53.21953327571305,0.38802480697631836,0.4767332462957745
QM9-gap-75k,UCB-BO,47,7,0.2962,54.92653414001729,0.4238011837005615,0.45817552371136894
QM9-gap-75k,UCB-BO,47,8,0.2962,54.92653414001729,0.4269077777862549,0.48677937485929557
QM9-gap-75k,UCB-BO,47,9,0.3604,68.79861711322384,0.46799588203430176,0.5557377013750465
QM9-gap-75k,UCB-BO,47,10,0.3864,74.41659464131375,0.46903491020202637,0.6504150516142426
QM9-gap-75k,UCB-BO,47,11,0.3864,74.41659464131375,0.45388293266296387,0.6880678944529303
QM9-gap-75k,UCB-BO,47,12,0.4056,78.56525496974936,0.46045899391174316,0.7393505974747426
QM9-gap-75k,UCB-BO,47,13,0.5048,100.0,0.44978785514831543,0.8560404466251261
QM9-gap-75k,UCB-BO,47,14,0.5048,100.0,0.4666299819946289,0.9511038720715581
QM9-gap-75k,UCB-BO,47,15,0.5048,100.0,0.4647188186645508,0.9662273780592247
QM9-gap-75k,UCB-BO,47,16,0.5048,100.0,0.47520017623901367,0.9829004803490242
QM9-gap-75k,UCB-BO,47,17,0.5048,100.0,0.47095704078674316,1.0167572250831352
QM9-gap-75k,UCB-BO,47,18,0.5048,100.0,0.45768284797668457,1.0122170483131676
QM9-gap-75k,UCB-BO,47,19,0.5048,100.0,0.46722412109375,1.0056162666984856
QM9-gap-75k,BO(EI),47,-1,0.2075,35.760587726879855,0.0,0.0
QM9-gap-75k,BO(EI),47,0,0.2458,44.036300777873805,0.3314480781555176,0.13637005241637892
QM9-gap-75k,BO(EI),47,1,0.3175,59.52895419187554,0.3613581657409668,0.3298604351894223
QM9-gap-75k,BO(EI),47,2,0.3359,63.50475367329299,0.3898899555206299,0.47602839544515846
QM9-gap-75k,BO(EI),47,3,0.3359,63.50475367329299,0.41893577575683594,0.5102225067739221
QM9-gap-75k,BO(EI),47,4,0.3359,63.50475367329299,0.41324496269226074,0.5064111337152124
QM9-gap-75k,BO(EI),47,5,0.364,69.57649092480553,0.42459917068481445,0.6299365430265823
QM9-gap-75k,BO(EI),47,6,0.364,69.57649092480553,0.43666982650756836,0.7067843339294141
QM9-gap-75k,BO(EI),47,7,0.4056,78.56525496974936,0.4379150867462158,0.8180274192481687
QM9-gap-75k,BO(EI),47,8,0.5048,100.0,0.43552589416503906,0.9499586124974875
QM9-gap-75k,BO(EI),47,9,0.5048,100.0,0.4363737106323242,1.028434770347397
QM9-gap-75k,BO(EI),47,10,0.5048,100.0,0.44739603996276855,1.0403016984717905
QM9-gap-75k,BO(EI),47,11,0.5048,100.0,0.4474809169769287,1.0388333516688022
QM9-gap-75k,BO(EI),47,12,0.5048,100.0,0.45613980293273926,1.020132542733591
QM9-gap-75k,BO(EI),47,13,0.5048,100.0,0.457927942276001,1.0311641965342602
QM9-gap-75k,BO(EI),47,14,0.5048,100.0,0.45043396949768066,1.0440032407310935
QM9-gap-75k,BO(EI),47,15,0.5048,100.0,0.4600942134857178,1.0411236758167164
QM9-gap-75k,BO(EI),47,16,0.5048,100.0,0.44686198234558105,1.0437480900565348
QM9-gap-75k,BO(EI),47,17,0.5048,100.0,0.47943711280822754,1.0555598112874773
QM9-gap-75k,BO(EI),47,18,0.5048,100.0,0.49024105072021484,1.0640887459629627
QM9-gap-75k,BO(EI),47,19,0.5048,100.0,0.47899580001831055,1.0882261538303466
QM9-gap-75k,GA,47,-1,0.2075,35.760587726879855,0.0,0.0
QM9-gap-75k,GA,47,0,0.3343,63.159031979256696,0.4533350467681885,0.43915557757141027
QM9-gap-75k,GA,47,1,0.3364,63.61279170267934,0.48834776878356934,0.6635539466444879
QM9-gap-75k,GA,47,2,0.3472,65.94641313742437,0.5036370754241943,0.8006935230664239
QM9-gap-75k,GA,47,3,0.3472,65.94641313742437,0.5059370994567871,0.818246303867396
QM9-gap-75k,GA,47,4,0.3704,70.95937770095074,0.5123629570007324,0.8442819595759717
QM9-gap-75k,GA,47,5,0.3704,70.95937770095074,0.519171953201294,0.8320988249027235
QM9-gap-75k,GA,47,6,0.3704,70.95937770095074,0.539421796798706,0.8227153742737244
QM9-gap-75k,GA,47,7,0.3704,70.95937770095074,0.5377390384674072,0.7914673884900287
QM9-gap-75k,GA,47,8,0.373,71.52117545375972,0.544187068939209,0.785763875114326
QM9-gap-75k,GA,47,9,0.373,71.52117545375972,0.5519781112670898,0.7682059883591692
QM9-gap-75k,GA,47,10,0.3839,73.87640449438202,0.5440330505371094,0.766391350587544
QM9-gap-75k,GA,47,11,0.3955,76.38288677614521,0.5578711032867432,0.749254317023722
QM9-gap-75k,GA,47,12,0.3955,76.38288677614521,0.5650210380554199,0.7359743158383302
QM9-gap-75k,GA,47,13,0.3955,76.38288677614521,0.5645482540130615,0.736557075351937
QM9-gap-75k,GA,47,14,0.3955,76.38288677614521,0.5581731796264648,0.7401223710987821
QM9-gap-75k,GA,47,15,0.3955,76.38288677614521,0.5705211162567139,0.7475613873826294
QM9-gap-75k,GA,47,16,0.3955,76.38288677614521,0.5764579772949219,0.7442126390084908
QM9-gap-75k,GA,47,17,0.3955,76.38288677614521,0.5931153297424316,0.7360126013999412
QM9-gap-75k,GA,47,18,0.3955,76.38288677614521,0.6150186061859131,0.7330958837930651
QM9-gap-75k,GA,47,19,0.3955,76.38288677614521,0.6272470951080322,0.7335093295324718
QM9-gap-75k,Random,47,-1,0.2075,35.760587726879855,0.0,0.0
QM9-gap-75k,Random,47,0,0.3269,61.56006914433881,0.16266393661499023,0.6701275026551606
QM9-gap-75k,Random,47,1,0.3269,61.56006914433881,0.16817903518676758,0.8376912710676658
QM9-gap-75k,Random,47,2,0.3269,61.56006914433881,0.16640901565551758,0.8327647824065025
QM9-gap-75k,Random,47,3,0.3269,61.56006914433881,0.16790103912353516,0.852110428039702
QM9-gap-75k,Random,47,4,0.3269,61.56006914433881,0.17078208923339844,0.8205372255619141
QM9-gap-75k,Random,47,5,0.3293,62.07865168539325,0.17273998260498047,0.8518165700710985
QM9-gap-75k,Random,47,6,0.3484,66.2057044079516,0.1736898422241211,0.8461914149569829
QM9-gap-75k,Random,47,7,0.3484,66.2057044079516,0.18118906021118164,0.8379227006850657
QM9-gap-75k,Random,47,8,0.3484,66.2057044079516,0.18127202987670898,0.8352197073312314
QM9-gap-75k,Random,47,9,0.3484,66.2057044079516,0.1807420253753662,0.8410174970765307
QM9-gap-75k,Random,47,10,0.3484,66.2057044079516,0.1837749481201172,0.8325533173607353
QM9-gap-75k,Random,47,11,0.3484,66.2057044079516,0.18310117721557617,0.8426362178409987
QM9-gap-75k,Random,47,12,0.3484,66.2057044079516,0.18718791007995605,0.8433210367677078
QM9-gap-75k,Random,47,13,0.3484,66.2057044079516,0.18721699714660645,0.8579156906852664
QM9-gap-75k,Random,47,14,0.3484,66.2057044079516,0.190230131149292,0.8558087501821487
QM9-gap-75k,Random,47,15,0.3484,66.2057044079516,0.19778704643249512,0.858191907159392
QM9-gap-75k,Random,47,16,0.3484,66.2057044079516,0.19644713401794434,0.8612072425830212
QM9-gap-75k,Random,47,17,0.3484,66.2057044079516,0.19470882415771484,0.8635318377284174
QM9-gap-75k,Random,47,18,0.3484,66.2057044079516,0.20153331756591797,0.8584110887077937
QM9-gap-75k,Random,47,19,0.3484,66.2057044079516,0.2024550437927246,0.8735677105750687
QM9-gap-75k,GLOSS,53,-1,0.2083,35.933448573898005,0.0,0.0
QM9-gap-75k,GLOSS,53,0,0.3882,74.80553154710458,1.328230857849121,1.0595479595902546
QM9-gap-75k,GLOSS,53,1,0.5048,100.0,1.3274528980255127,1.1309778765707448
QM9-gap-75k,GLOSS,53,2,0.5048,100.0,1.444335699081421,1.23291811674318
QM9-gap-75k,GLOSS,53,3,0.5048,100.0,1.4636359214782715,1.2086815080562627
QM9-gap-75k,GLOSS,53,4,0.5048,100.0,1.3050179481506348,1.196052253085427
QM9-gap-75k,GLOSS,53,5,0.5048,100.0,1.3536148071289062,1.225165666574199
QM9-gap-75k,GLOSS,53,6,0.5048,100.0,1.3176331520080566,1.2527223929472262
QM9-gap-75k,GLOSS,53,7,0.5048,100.0,1.4146358966827393,1.214470488820295
QM9-gap-75k,GLOSS,53,8,0.5048,100.0,1.3942108154296875,1.1742181025383536
QM9-gap-75k,GLOSS,53,9,0.5048,100.0,1.4373672008514404,1.1631291784373237
QM9-gap-75k,GLOSS,53,10,0.5048,100.0,1.5271790027618408,1.1456758828111235
QM9-gap-75k,GLOSS,53,11,0.5048,100.0,1.491642713546753,1.1273750074306834
QM9-gap-75k,GLOSS,53,12,0.5048,100.0,1.5426559448242188,1.1134849493295667
QM9-gap-75k,GLOSS,53,13,0.5048,100.0,1.5039191246032715,1.1290415839801629
QM9-gap-75k,GLOSS,53,14,0.5048,100.0,1.5750668048858643,1.1359606651029992
QM9-gap-75k,GLOSS,53,15,0.5048,100.0,1.511857032775879,1.144973565261815
QM9-gap-75k,GLOSS,53,16,0.5048,100.0,1.5780799388885498,1.1505030748219376
QM9-gap-75k,GLOSS,53,17,0.5048,100.0,1.5204482078552246,1.1388910445283644
QM9-gap-75k,GLOSS,53,18,0.5048,100.0,1.6177618503570557,1.1531813855596322
QM9-gap-75k,GLOSS,53,19,0.5048,100.0,1.6220917701721191,1.1615359901305444
QM9-gap-75k,UCB-BO,53,-1,0.2083,35.933448573898005,0.0,0.0
QM9-gap-75k,UCB-BO,53,0,0.5048,100.0,0.3319408893585205,1.145728038927208
QM9-gap-75k,UCB-BO,53,1,0.5048,100.0,0.37378501892089844,1.1367215332274043
QM9-gap-75k,UCB-BO,53,2,0.5048,100.0,0.3706240653991699,1.3358716355168037
QM9-gap-75k,UCB-BO,53,3,0.5048,100.0,0.37592601776123047,1.239925988434203
QM9-gap-75k,UCB-BO,53,4,0.5048,100.0,0.38521695137023926,1.1692649656599106
QM9-gap-75k,UCB-BO,53,5,0.5048,100.0,0.3925900459289551,1.1323826162664328
QM9-gap-75k,UCB-BO,53,6,0.5048,100.0,0.4037771224975586,1.1350458705657036
QM9-gap-75k,UCB-BO,53,7,0.5048,100.0,0.4140658378601074,1.1394832383783238
QM9-gap-75k,UCB-BO,53,8,0.5048,100.0,0.42006421089172363,1.1130834796544822
QM9-gap-75k,UCB-BO,53,9,0.5048,100.0,0.41418910026550293,1.1428803458177657
QM9-gap-75k,UCB-BO,53,10,0.5048,100.0,0.42705202102661133,1.1215830138981775
QM9-gap-75k,UCB-BO,53,11,0.5048,100.0,0.43413209915161133,1.1110651107280909
QM9-gap-75k,UCB-BO,53,12,0.5048,100.0,0.42940711975097656,1.1734738113443246
QM9-gap-75k,UCB-BO,53,13,0.5048,100.0,0.44504594802856445,1.1624539081620213
QM9-gap-75k,UCB-BO,53,14,0.5048,100.0,0.4543280601501465,1.1546448103227913
QM9-gap-75k,UCB-BO,53,15,0.5048,100.0,0.4537489414215088,1.1322982954030865
QM9-gap-75k,UCB-BO,53,16,0.5048,100.0,0.4469931125640869,1.1368878370533906
QM9-gap-75k,UCB-BO,53,17,0.5048,100.0,0.4601860046386719,1.125133332073684
QM9-gap-75k,UCB-BO,53,18,0.5048,100.0,0.4635169506072998,1.156309341674399
QM9-gap-75k,UCB-BO,53,19,0.5048,100.0,0.457625150680542,1.1417408380869198
QM9-gap-75k,BO(EI),53,-1,0.2083,35.933448573898005,0.0,0.0
QM9-gap-75k,BO(EI),53,0,0.2966,55.01296456352635,0.33840394020080566,0.5573635923338621
QM9-gap-75k,BO(EI),53,1,0.3156,59.11840968020743,0.3795640468597412,0.7203826202336214
QM9-gap-75k,BO(EI),53,2,0.3359,63.50475367329299,0.3826267719268799,0.7530390197809712
QM9-gap-75k,BO(EI),53,3,0.3398,64.34745030250649,0.3889122009277344,0.7717315655981115
QM9-gap-75k,BO(EI),53,4,0.3398,64.34745030250649,0.38820314407348633,0.729118928983441
QM9-gap-75k,BO(EI),53,5,0.3398,64.34745030250649,0.4007740020751953,0.6839340092021228
QM9-gap-75k,BO(EI),53,6,0.3398,64.34745030250649,0.3961772918701172,0.7440530020388919
QM9-gap-75k,BO(EI),53,7,0.3512,66.81071737251513,0.4145808219909668,0.7228959537339401
QM9-gap-75k,BO(EI),53,8,0.356,67.84788245462401,0.43053507804870605,0.7024628706576656
QM9-gap-75k,BO(EI),53,9,0.356,67.84788245462401,0.424074649810791,0.6887568616231756
QM9-gap-75k,BO(EI),53,10,0.356,67.84788245462401,0.4411623477935791,0.7412958543054634
QM9-gap-75k,BO(EI),53,11,0.356,67.84788245462401,0.43447089195251465,0.7634629570735809
QM9-gap-75k,BO(EI),53,12,0.356,67.84788245462401,0.4665548801422119,0.7416945655629814
QM9-gap-75k,BO(EI),53,13,0.3684,70.52722558340537,0.45070910453796387,0.7324629140164713
QM9-gap-75k,BO(EI),53,14,0.3684,70.52722558340537,0.45319318771362305,0.7343852979523166
QM9-gap-75k,BO(EI),53,15,0.3684,70.52722558340537,0.4634511470794678,0.7245253991036492
QM9-gap-75k,BO(EI),53,16,0.3684,70.52722558340537,0.4710991382598877,0.7136122250416685
QM9-gap-75k,BO(EI),53,17,0.3684,70.52722558340537,0.4833033084869385,0.7231007969080854
QM9-gap-75k,BO(EI),53,18,0.462,90.75194468452895,0.46062707901000977,0.7310153026152386
QM9-gap-75k,BO(EI),53,19,0.4802,94.68452895419188,0.462601900100708,0.7699502678205703
QM9-gap-75k,GA,53,-1,0.2083,35.933448573898005,0.0,0.0
QM9-gap-75k,GA,53,0,0.3247,61.08470181503889,0.47171807289123535,0.8629979387538632
QM9-gap-75k,GA,53,1,0.3247,61.08470181503889,0.4993898868560791,0.8159394961319195
QM9-gap-75k,GA,53,2,0.3484,66.2057044079516,0.5222909450531006,0.7888109628827578
QM9-gap-75k,GA,53,3,0.3484,66.2057044079516,0.5397241115570068,0.7787960890930036
QM9-gap-75k,GA,53,4,0.3484,66.2057044079516,0.5391409397125244,0.7849229616374261
QM9-gap-75k,GA,53,5,0.3484,66.2057044079516,0.5535180568695068,0.7868156253289155
QM9-gap-75k,GA,53,6,0.3484,66.2057044079516,0.5474092960357666,0.7755105146400644
QM9-gap-75k,GA,53,7,0.3563,67.91270527225583,0.554246187210083,0.7955214026403581
QM9-gap-75k,GA,53,8,0.3563,67.91270527225583,0.557985782623291,0.7958948775874486
QM9-gap-75k,GA,53,9,0.3563,67.91270527225583,0.573246955871582,0.8029469348751546
QM9-gap-75k,GA,53,10,0.3563,67.91270527225583,0.5708320140838623,0.7930089390702818
QM9-gap-75k,GA,53,11,0.3692,70.7000864304235,0.5729479789733887,0.8006530360759604
QM9-gap-75k,GA,53,12,0.3692,70.7000864304235,0.5866489410400391,0.7983558975385522
QM9-gap-75k,GA,53,13,0.384,73.8980121002593,0.5858333110809326,0.8145958243126952
QM9-gap-75k,GA,53,14,0.384,73.8980121002593,0.6022500991821289,0.8120421630698457
QM9-gap-75k,GA,53,15,0.384,73.8980121002593,0.5864589214324951,0.8063231521101484
QM9-gap-75k,GA,53,16,0.384,73.8980121002593,0.6024167537689209,0.8037711477366359
QM9-gap-75k,GA,53,17,0.384,73.8980121002593,0.5864171981811523,0.803431906714771
QM9-gap-75k,GA,53,18,0.384,73.8980121002593,0.6097221374511719,0.8008276538038639
QM9-gap-75k,GA,53,19,0.384,73.8980121002593,0.6110248565673828,0.8208912886675674
QM9-gap-75k,Random,53,-1,0.2083,35.933448573898005,0.0,0.0
QM9-gap-75k,Random,53,0,0.3228,60.67415730337078,0.1656019687652588,0.9737872311197819
QM9-gap-75k,Random,53,1,0.3258,61.32238547968885,0.16147112846374512,0.8318116294721721
QM9-gap-75k,Random,53,2,0.3258,61.32238547968885,0.1670238971710205,0.8346987299250184
QM9-gap-75k,Random,53,3,0.3258,61.32238547968885,0.16576576232910156,0.9015536710919917
QM9-gap-75k,Random,53,4,0.36,68.71218668971477,0.16715693473815918,0.9115557049889169
QM9-gap-75k,Random,53,5,0.36,68.71218668971477,0.17227387428283691,0.8981787061165185
QM9-gap-75k,Random,53,6,0.36,68.71218668971477,0.17639589309692383,0.8769612734498131
QM9-gap-75k,Random,53,7,0.36,68.71218668971477,0.17260098457336426,0.8772557907446402
QM9-gap-75k,Random,53,8,0.36,68.71218668971477,0.18081116676330566,0.872863882982492
QM9-gap-75k,Random,53,9,0.36,68.71218668971477,0.18033409118652344,0.9000371725216325
QM9-gap-75k,Random,53,10,0.36,68.71218668971477,0.1800861358642578,0.8999594804929364
QM9-gap-75k,Random,53,11,0.36,68.71218668971477,0.1848909854888916,0.8992996536968949
QM9-gap-75k,Random,53,12,0.36,68.71218668971477,0.18575072288513184,0.9111582587263054
QM9-gap-75k,Random,53,13,0.36,68.71218668971477,0.18807506561279297,0.8979497094520745
QM9-gap-75k,Random,53,14,0.36,68.71218668971477,0.18910574913024902,0.889736371476569
QM9-gap-75k,Random,53,15,0.36,68.71218668971477,0.1942300796508789,0.8870381079489131
QM9-gap-75k,Random,53,16,0.36,68.71218668971477,0.20307087898254395,0.8803638268925571
QM9-gap-75k,Random,53,17,0.36,68.71218668971477,0.20430374145507812,0.8827556087674671
QM9-gap-75k,Random,53,18,0.36,68.71218668971477,0.21056413650512695,0.8803411978701042
QM9-gap-75k,Random,53,19,0.36,68.71218668971477,0.21709489822387695,0.8709490718901917
QM9-gap-75k,GLOSS,59,-1,0.2085,35.97666378565254,0.0,0.0
QM9-gap-75k,GLOSS,59,0,0.2538,45.76490924805531,1.2084910869598389,0.6712089891300803
QM9-gap-75k,GLOSS,59,1,0.3352,63.35350043215211,1.2283670902252197,0.8447120355871837
QM9-gap-75k,GLOSS,59,2,0.3824,73.55229040622298,1.2684659957885742,0.9044898440031344
QM9-gap-75k,GLOSS,59,3,0.3824,73.55229040622298,1.3066151142120361,0.9979130502546262
QM9-gap-75k,GLOSS,59,4,0.3824,73.55229040622298,1.411665916442871,0.9949674144290231
QM9-gap-75k,GLOSS,59,5,0.4128,80.1210025929127,1.43178391456604,0.9871006472687955
QM9-gap-75k,GLOSS,59,6,0.4465,87.40276577355229,1.3925971984863281,0.9896313058115891
QM9-gap-75k,GLOSS,59,7,0.4802,94.68452895419188,1.4274389743804932,1.0368593764334877
QM9-gap-75k,GLOSS,59,8,0.5048,100.0,1.4283390045166016,1.135920687839435
QM9-gap-75k,GLOSS,59,9,0.5048,100.0,1.4013240337371826,1.1189890464803383
QM9-gap-75k,GLOSS,59,10,0.5048,100.0,1.3917620182037354,1.1126917760307102
QM9-gap-75k,GLOSS,59,11,0.5048,100.0,1.4523539543151855,1.1204653434837653
QM9-gap-75k,GLOSS,59,12,0.5048,100.0,1.4795098304748535,1.121293883472952
QM9-gap-75k,GLOSS,59,13,0.5048,100.0,1.497351884841919,1.1132232488439118
QM9-gap-75k,GLOSS,59,14,0.5048,100.0,1.4844422340393066,1.1023950374204594
QM9-gap-75k,GLOSS,59,15,0.5048,100.0,1.5110032558441162,1.0960380710081215
QM9-gap-75k,GLOSS,59,16,0.5048,100.0,1.528498888015747,1.0987389581453932
QM9-gap-75k,GLOSS,59,17,0.5048,100.0,1.512094259262085,1.1005012353872718
QM9-gap-75k,GLOSS,59,18,0.5048,100.0,1.613288164138794,1.0978297939773147
QM9-gap-75k,GLOSS,59,19,0.5048,100.0,1.5753450393676758,1.0935456705849966
QM9-gap-75k,UCB-BO,59,-1,0.2085,35.97666378565254,0.0,0.0
QM9-gap-75k,UCB-BO,59,0,0.2604,47.19101123595505,0.3357880115509033,0.2578336456273115
QM9-gap-75k,UCB-BO,59,1,0.2759,50.54019014693171,0.4032130241394043,0.34619105588465143
QM9-gap-75k,UCB-BO,59,2,0.2845,52.39844425237682,0.40672993659973145,0.7355414667242057
QM9-gap-75k,UCB-BO,59,3,0.3027,56.33102852203976,0.4418799877166748,0.7838915952843369
QM9-gap-75k,UCB-BO,59,4,0.3235,60.82541054451167,0.4057180881500244,0.7973053200431403
QM9-gap-75k,UCB-BO,59,5,0.3235,60.82541054451167,0.41260385513305664,0.7939333218708193
QM9-gap-75k,UCB-BO,59,6,0.3235,60.82541054451167,0.4121577739715576,0.7796948451439986
QM9-gap-75k,UCB-BO,59,7,0.3235,60.82541054451167,0.4241609573364258,0.7570117018571598
QM9-gap-75k,UCB-BO,59,8,0.3276,61.71132238547968,0.41997623443603516,0.7459618300159823
QM9-gap-75k,UCB-BO,59,9,0.3276,61.71132238547968,0.43006205558776855,0.7276931071532222
QM9-gap-75k,UCB-BO,59,10,0.3293,62.07865168539325,0.4550938606262207,0.7449512737936855
QM9-gap-75k,UCB-BO,59,11,0.3412,64.64995678478824,0.450192928314209,0.7771034589297602
QM9-gap-75k,UCB-BO,59,12,0.3511,66.78910976663785,0.44919705390930176,0.8182254138920709
QM9-gap-75k,UCB-BO,59,13,0.3824,73.55229040622298,0.4670138359069824,0.8461360475368692
QM9-gap-75k,UCB-BO,59,14,0.3824,73.55229040622298,0.4535250663757324,0.8646371863340095
QM9-gap-75k,UCB-BO,59,15,0.3824,73.55229040622298,0.452211856842041,0.8795662587183318
QM9-gap-75k,UCB-BO,59,16,0.3824,73.55229040622298,0.44534921646118164,0.8828534819317742
QM9-gap-75k,UCB-BO,59,17,0.3824,73.55229040622298,0.4554479122161865,0.8887564547565351
QM9-gap-75k,UCB-BO,59,18,0.3824,73.55229040622298,0.4452526569366455,0.8854546143427734
QM9-gap-75k,UCB-BO,59,19,0.3824,73.55229040622298,0.4816896915435791,0.8836828081841261
QM9-gap-75k,BO(EI),59,-1,0.2085,35.97666378565254,0.0,0.0
QM9-gap-75k,BO(EI),59,0,0.3687,70.59204840103716,0.3398468494415283,0.6539324161237392
QM9-gap-75k,BO(EI),59,1,0.3687,70.59204840103716,0.39349985122680664,0.628664906535926
QM9-gap-75k,BO(EI),59,2,0.3687,70.59204840103716,0.38560009002685547,0.7165442722565565
QM9-gap-75k,BO(EI),59,3,0.3687,70.59204840103716,0.3896629810333252,0.6776466301147316
QM9-gap-75k,BO(EI),59,4,0.418,81.24459809853067,0.4026217460632324,0.7432724410160145
QM9-gap-75k,BO(EI),59,5,0.418,81.24459809853067,0.3865208625793457,0.7649635995051322
QM9-gap-75k,BO(EI),59,6,0.4802,94.68452895419188,0.3880879878997803,0.7703947606506172
QM9-gap-75k,BO(EI),59,7,0.4802,94.68452895419188,0.38596606254577637,0.8668973932169148
QM9-gap-75k,BO(EI),59,8,0.4802,94.68452895419188,0.389801025390625,0.8530222317286313
QM9-gap-75k,BO(EI),59,9,0.4802,94.68452895419188,0.41166162490844727,0.8981963996706099
QM9-gap-75k,BO(EI),59,10,0.5048,100.0,0.4039299488067627,1.027100535344065
QM9-gap-75k,BO(EI),59,11,0.5048,100.0,0.40926408767700195,1.0688807354715202
QM9-gap-75k,BO(EI),59,12,0.5048,100.0,0.4269280433654785,1.1524353792926625
QM9-gap-75k,BO(EI),59,13,0.5048,100.0,0.44814109802246094,1.1496023455317834
QM9-gap-75k,BO(EI),59,14,0.5048,100.0,0.42633509635925293,1.1254725561467867
QM9-gap-75k,BO(EI),59,15,0.5048,100.0,0.43863487243652344,1.1258464454157653
QM9-gap-75k,BO(EI),59,16,0.5048,100.0,0.4413638114929199,1.1773636221821644
QM9-gap-75k,BO(EI),59,17,0.5048,100.0,0.4520869255065918,1.168309329761573
QM9-gap-75k,BO(EI),59,18,0.5048,100.0,0.452167272567749,1.153849618331821
QM9-gap-75k,BO(EI),59,19,0.5048,100.0,0.4617609977722168,1.1666673304864734
QM9-gap-75k,GA,59,-1,0.2085,35.97666378565254,0.0,0.0
QM9-gap-75k,GA,59,0,0.3284,61.88418323249785,0.4537851810455322,0.8442197623717306
QM9-gap-75k,GA,59,1,0.3311,62.4675885911841,0.5030217170715332,0.7780608276636058
QM9-gap-75k,GA,59,2,0.3311,62.4675885911841,0.5255477428436279,0.7423386960808375
QM9-gap-75k,GA,59,3,0.3506,66.68107173725151,0.5358119010925293,0.766907622279197
QM9-gap-75k,GA,59,4,0.3506,66.68107173725151,0.5488228797912598,0.7736066039525585
QM9-gap-75k,GA,59,5,0.3506,66.68107173725151,0.5536298751831055,0.7854636629633767
QM9-gap-75k,GA,59,6,0.4056,78.56525496974936,0.564478874206543,0.8350856745783047
QM9-gap-75k,GA,59,7,0.4056,78.56525496974936,0.5925335884094238,0.8324675674040766
QM9-gap-75k,GA,59,8,0.4056,78.56525496974936,0.5759398937225342,0.8237695782417891
QM9-gap-75k,GA,59,9,0.4056,78.56525496974936,0.5902020931243896,0.8126776018320887
QM9-gap-75k,GA,59,10,0.4056,78.56525496974936,0.5769641399383545,0.808951156380523
QM9-gap-75k,GA,59,11,0.4056,78.56525496974936,0.5705790519714355,0.7972415551374911
QM9-gap-75k,GA,59,12,0.4056,78.56525496974936,0.5792238712310791,0.8100485344674583
QM9-gap-75k,GA,59,13,0.4056,78.56525496974936,0.5740342140197754,0.7974394331287075
QM9-gap-75k,GA,59,14,0.4056,78.56525496974936,0.577052116394043,0.7960502759307633
QM9-gap-75k,GA,59,15,0.4056,78.56525496974936,0.5929520130157471,0.7924146772199852
QM9-gap-75k,GA,59,16,0.4056,78.56525496974936,0.6011321544647217,0.7847185452947426
QM9-gap-75k,GA,59,17,0.4056,78.56525496974936,0.5982799530029297,0.7822581901119506
QM9-gap-75k,GA,59,18,0.4056,78.56525496974936,0.6047658920288086,0.7880940526184815
QM9-gap-75k,GA,59,19,0.4056,78.56525496974936,0.6149318218231201,0.7888163424827079
QM9-gap-75k,Random,59,-1,0.2085,35.97666378565254,0.0,0.0
QM9-gap-75k,Random,59,0,0.3032,56.43906655142611,0.16277384757995605,1.0133028306298466
QM9-gap-75k,Random,59,1,0.312,58.34053586862575,0.1634819507598877,0.9145419007116625
QM9-gap-75k,Random,59,2,0.312,58.34053586862575,0.1670539379119873,0.9335307172520239
QM9-gap-75k,Random,59,3,0.312,58.34053586862575,0.16492223739624023,0.8973723408894071
QM9-gap-75k,Random,59,4,0.312,58.34053586862575,0.17118525505065918,0.8729543980599251
QM9-gap-75k,Random,59,5,0.312,58.34053586862575,0.17255806922912598,0.8970004591666368
QM9-gap-75k,Random,59,6,0.3209,60.263612791702684,0.1796879768371582,0.8998850444068782
QM9-gap-75k,Random,59,7,0.3233,60.78219533275713,0.17617511749267578,0.9142868770516276
QM9-gap-75k,Random,59,8,0.3428,64.99567847882454,0.18315696716308594,0.8991520269261317
QM9-gap-75k,Random,59,9,0.3428,64.99567847882454,0.18174386024475098,0.9206130070649091
QM9-gap-75k,Random,59,10,0.3428,64.99567847882454,0.18729400634765625,0.9213859579386925
QM9-gap-75k,Random,59,11,0.3428,64.99567847882454,0.18553805351257324,0.9238638523397252
QM9-gap-75k,Random,59,12,0.3505,66.65946413137424,0.19292902946472168,0.9335869064852591
QM9-gap-75k,Random,59,13,0.3505,66.65946413137424,0.19196701049804688,0.9374348564388252
QM9-gap-75k,Random,59,14,0.3505,66.65946413137424,0.19466495513916016,0.9266153305820535
QM9-gap-75k,Random,59,15,0.3505,66.65946413137424,0.19637107849121094,0.931483408711746
QM9-gap-75k,Random,59,16,0.375,71.9533275713051,0.1992049217224121,0.9328436750359859
QM9-gap-75k,Random,59,17,0.375,71.9533275713051,0.2021777629852295,0.9342215380185637
QM9-gap-75k,Random,59,18,0.375,71.9533275713051,0.20906496047973633,0.9319964093333927
QM9-gap-75k,Random,59,19,0.375,71.9533275713051,0.20538997650146484,0.9322500584479833
QM9-gap-75k,GLOSS,61,-1,0.2084,35.955056179775276,0.0,0.0
QM9-gap-75k,GLOSS,61,0,0.2257,39.69317199654278,1.687061071395874,0.5370262627417338
QM9-gap-75k,GLOSS,61,1,0.2414,43.08556611927398,1.6355459690093994,0.5853469967341962
QM9-gap-75k,GLOSS,61,2,0.2867,52.87381158167675,1.5550179481506348,0.6370540308225353
QM9-gap-75k,GLOSS,61,3,0.3139,58.751080380293864,1.5326201915740967,0.6748709703104768
QM9-gap-75k,GLOSS,61,4,0.5048,100.0,1.4940519332885742,0.9252318086866111
QM9-gap-75k,GLOSS,61,5,0.5048,100.0,1.3846361637115479,1.174845426626381
QM9-gap-75k,GLOSS,61,6,0.5048,100.0,1.3976566791534424,1.241598066336917
QM9-gap-75k,GLOSS,61,7,0.5048,100.0,1.3553500175476074,1.2445255310089123
QM9-gap-75k,GLOSS,61,8,0.5048,100.0,1.425964117050171,1.220561879843152
QM9-gap-75k,GLOSS,61,9,0.5048,100.0,1.4183528423309326,1.2250621975113387
QM9-gap-75k,GLOSS,61,10,0.5048,100.0,1.4395668506622314,1.2407889335476407
QM9-gap-75k,GLOSS,61,11,0.5048,100.0,1.452368974685669,1.2163413590165422
QM9-gap-75k,GLOSS,61,12,0.5048,100.0,1.5036118030548096,1.197757446298754
QM9-gap-75k,GLOSS,61,13,0.5048,100.0,1.5030710697174072,1.2058833283520842
QM9-gap-75k,GLOSS,61,14,0.5048,100.0,1.5405058860778809,1.2143627497476186
QM9-gap-75k,GLOSS,61,15,0.5048,100.0,1.57857084274292,1.2150866598641692
QM9-gap-75k,GLOSS,61,16,0.5048,100.0,1.5329389572143555,1.20677571712253
QM9-gap-75k,GLOSS,61,17,0.5048,100.0,1.574573040008545,1.1952844030382095
QM9-gap-75k,GLOSS,61,18,0.5048,100.0,1.593071699142456,1.1887454100437174
QM9-gap-75k,GLOSS,61,19,0.5048,100.0,1.628915786743164,1.1830262653691734
QM9-gap-75k,UCB-BO,61,-1,0.2084,35.955056179775276,0.0,0.0
QM9-gap-75k,UCB-BO,61,0,0.227,39.97407087294727,0.35832715034484863,0.3198630725992927
QM9-gap-75k,UCB-BO,61,1,0.292,54.01901469317198,0.3729584217071533,0.6769391857160441
QM9-gap-75k,UCB-BO,61,2,0.292,54.01901469317198,0.38235998153686523,0.9426183020608235
QM9-gap-75k,UCB-BO,61,3,0.3646,69.70613656006913,0.3857002258300781,0.9794172104426337
QM9-gap-75k,UCB-BO,61,4,0.462,90.75194468452895,0.39732813835144043,1.1070303178903198
QM9-gap-75k,UCB-BO,61,5,0.4802,94.68452895419188,0.4259800910949707,1.1882955227280063
QM9-gap-75k,UCB-BO,61,6,0.4802,94.68452895419188,0.4316370487213135,1.2099983522228208
QM9-gap-75k,UCB-BO,61,7,0.4802,94.68452895419188,0.4398927688598633,1.240978307711266
QM9-gap-75k,UCB-BO,61,8,0.4802,94.68452895419188,0.4352250099182129,1.2177056625451983
QM9-gap-75k,UCB-BO,61,9,0.4802,94.68452895419188,0.45387792587280273,1.2125210481346147
QM9-gap-75k,UCB-BO,61,10,0.4802,94.68452895419188,0.46518492698669434,1.2116460864000231
QM9-gap-75k,UCB-BO,61,11,0.4802,94.68452895419188,0.4462850093841553,1.1958396055721483
QM9-gap-75k,UCB-BO,61,12,0.4802,94.68452895419188,0.4477651119232178,1.1747266424151255
QM9-gap-75k,UCB-BO,61,13,0.4802,94.68452895419188,0.46084094047546387,1.162008775186145
QM9-gap-75k,UCB-BO,61,14,0.4802,94.68452895419188,0.47363901138305664,1.1948038095753315
QM9-gap-75k,UCB-BO,61,15,0.5048,100.0,0.4880821704864502,1.212824205476733
QM9-gap-75k,UCB-BO,61,16,0.5048,100.0,0.485400915145874,1.2410184289765753
QM9-gap-75k,UCB-BO,61,17,0.5048,100.0,0.47584009170532227,1.2544638612997436
QM9-gap-75k,UCB-BO,61,18,0.5048,100.0,0.5024471282958984,1.2457367891470075
QM9-gap-75k,UCB-BO,61,19,0.5048,100.0,0.4901771545410156,1.261652305168482
QM9-gap-75k,BO(EI),61,-1,0.2084,35.955056179775276,0.0,0.0
QM9-gap-75k,BO(EI),61,0,0.2269,39.95246326707,0.33261895179748535,0.33975187794878786
QM9-gap-75k,BO(EI),61,1,0.2401,42.804667242869485,0.35537290573120117,0.48837760055661017
QM9-gap-75k,BO(EI),61,2,0.2606,47.23422644770959,0.37737083435058594,0.5085828140189029
QM9-gap-75k,BO(EI),61,3,0.2975,55.20743301642178,0.39440202713012695,0.6049323417534685
QM9-gap-75k,BO(EI),61,4,0.2975,55.20743301642178,0.4033060073852539,0.8171656667900881
QM9-gap-75k,BO(EI),61,5,0.3119,58.31892826274849,0.40831995010375977,0.8773372199388856
QM9-gap-75k,BO(EI),61,6,0.3444,65.34140017286084,0.40601396560668945,0.967131963926568
QM9-gap-75k,BO(EI),61,7,0.3444,65.34140017286084,0.4143550395965576,0.9974559826777191
QM9-gap-75k,BO(EI),61,8,0.3548,67.5885911840968,0.42326784133911133,1.0107168171621703
QM9-gap-75k,BO(EI),61,9,0.3548,67.5885911840968,0.41963791847229004,0.9961119629719336
QM9-gap-75k,BO(EI),61,10,0.3561,67.8694900605013,0.4541349411010742,0.9701456608385678
QM9-gap-75k,BO(EI),61,11,0.3561,67.8694900605013,0.43789124488830566,0.9478344567224448
QM9-gap-75k,BO(EI),61,12,0.462,90.75194468452895,0.41572999954223633,0.9382309505021525
QM9-gap-75k,BO(EI),61,13,0.462,90.75194468452895,0.44296884536743164,0.945182224780156
QM9-gap-75k,BO(EI),61,14,0.462,90.75194468452895,0.4417259693145752,0.9607049474627319
QM9-gap-75k,BO(EI),61,15,0.462,90.75194468452895,0.44536709785461426,0.9649031611747669
QM9-gap-75k,BO(EI),61,16,0.462,90.75194468452895,0.48302412033081055,1.0331911738430677
QM9-gap-75k,BO(EI),61,17,0.4802,94.68452895419188,0.47818803787231445,1.0460038169775066
QM9-gap-75k,BO(EI),61,18,0.4802,94.68452895419188,0.46837401390075684,1.0871408453406042
QM9-gap-75k,BO(EI),61,19,0.4802,94.68452895419188,0.4791278839111328,1.155868360976395
QM9-gap-75k,GA,61,-1,0.2084,35.955056179775276,0.0,0.0
QM9-gap-75k,GA,61,0,0.2814,51.72860847018149,0.49822092056274414,0.8724749985800927
QM9-gap-75k,GA,61,1,0.3177,59.57216940363007,0.4924800395965576,0.8155004206454354
QM9-gap-75k,GA,61,2,0.3277,61.732929991356954,0.5141201019287109,0.794159100394641
QM9-gap-75k,GA,61,3,0.3277,61.732929991356954,0.5164749622344971,0.7790275434988442
QM9-gap-75k,GA,61,4,0.348,66.11927398444251,0.5481617450714111,0.7648086888653773
QM9-gap-75k,GA,61,5,0.348,66.11927398444251,0.5571329593658447,0.7413345067018605
QM9-gap-75k,GA,61,6,0.348,66.11927398444251,0.5697910785675049,0.7553956272227386
QM9-gap-75k,GA,61,7,0.417,81.02852203975799,0.579704999923706,0.7593099953568735
QM9-gap-75k,GA,61,8,0.417,81.02852203975799,0.5781798362731934,0.7743203839559969
QM9-gap-75k,GA,61,9,0.417,81.02852203975799,0.6096470355987549,0.786881904714103
QM9-gap-75k,GA,61,10,0.417,81.02852203975799,0.587195873260498,0.799704473240541
QM9-gap-75k,GA,61,11,0.417,81.02852203975799,0.6062421798706055,0.80154309712181
QM9-gap-75k,GA,61,12,0.417,81.02852203975799,0.6132500171661377,0.7971524041518366
QM9-gap-75k,GA,61,13,0.417,81.02852203975799,0.6173200607299805,0.7865843345477522
QM9-gap-75k,GA,61,14,0.417,81.02852203975799,0.6164040565490723,0.7803188650323037
QM9-gap-75k,GA,61,15,0.417,81.02852203975799,0.6100561618804932,0.7740373140071806
QM9-gap-75k,GA,61,16,0.417,81.02852203975799,0.6313920021057129,0.7697618887102275
QM9-gap-75k,GA,61,17,0.417,81.02852203975799,0.6269121170043945,0.7645919688570814
QM9-gap-75k,GA,61,18,0.417,81.02852203975799,0.6410121917724609,0.762355805123067
QM9-gap-75k,GA,61,19,0.417,81.02852203975799,0.6322629451751709,0.7616821729677061
QM9-gap-75k,Random,61,-1,0.2084,35.955056179775276,0.0,0.0
QM9-gap-75k,Random,61,0,0.3361,63.54796888504753,0.16802000999450684,1.2596437300049506
QM9-gap-75k,Random,61,1,0.3361,63.54796888504753,0.16780996322631836,1.1298877554885294
QM9-gap-75k,Random,61,2,0.3361,63.54796888504753,0.17068696022033691,0.9822384289846965
QM9-gap-75k,Random,61,3,0.3361,63.54796888504753,0.16629385948181152,0.9702346347094312
QM9-gap-75k,Random,61,4,0.3361,63.54796888504753,0.17180895805358887,1.0158221058859789
QM9-gap-75k,Random,61,5,0.3361,63.54796888504753,0.17916584014892578,0.9863285106287598
QM9-gap-75k,Random,61,6,0.3361,63.54796888504753,0.1770000457763672,0.9732476587350731
QM9-gap-75k,Random,61,7,0.3361,63.54796888504753,0.17698884010314941,0.9629105205704275
QM9-gap-75k,Random,61,8,0.3361,63.54796888504753,0.1773521900177002,0.9437786184101328
QM9-gap-75k,Random,61,9,0.351,66.76750216076059,0.17670702934265137,0.9501455388311532
QM9-gap-75k,Random,61,10,0.351,66.76750216076059,0.18147778511047363,0.9413492831209992
QM9-gap-75k,Random,61,11,0.351,66.76750216076059,0.18334388732910156,0.9417452796206258
QM9-gap-75k,Random,61,12,0.3519,66.961970613656,0.1880509853363037,0.9501477741914806
QM9-gap-75k,Random,61,13,0.3519,66.961970613656,0.18950414657592773,0.9521827257717159
QM9-gap-75k,Random,61,14,0.3519,66.961970613656,0.19374418258666992,0.9465244199660442
QM9-gap-75k,Random,61,15,0.3519,66.961970613656,0.20028209686279297,0.9289558453983929
QM9-gap-75k,Random,61,16,0.3519,66.961970613656,0.20204591751098633,0.9130204822179776
QM9-gap-75k,Random,61,17,0.3519,66.961970613656,0.2045450210571289,0.9070853705969526
QM9-gap-75k,Random,61,18,0.3519,66.961970613656,0.20485138893127441,0.9080532835281195
QM9-gap-75k,Random,61,19,0.3519,66.961970613656,0.20625805854797363,0.9069537808800384
QM9-gap-75k,GLOSS,67,-1,0.2096,36.214347450302505,0.0,0.0
QM9-gap-75k,GLOSS,67,0,0.3502,66.59464131374244,1.312060832977295,1.0235097869674534
QM9-gap-75k,GLOSS,67,1,0.352,66.98357821953327,1.2475817203521729,1.2001313121799853
QM9-gap-75k,GLOSS,67,2,0.3565,67.95592048401036,1.2419462203979492,1.0834526901904498
QM9-gap-75k,GLOSS,67,3,0.3565,67.95592048401036,1.8869287967681885,1.0334955407709197
QM9-gap-75k,GLOSS,67,4,0.3668,70.18150388936905,1.6716670989990234,0.9775668508685272
QM9-gap-75k,GLOSS,67,5,0.3668,70.18150388936905,1.4922571182250977,0.9984893491673932
QM9-gap-75k,GLOSS,67,6,0.3901,75.21607605877269,1.4378809928894043,0.9933806352311864
QM9-gap-75k,GLOSS,67,7,0.462,90.75194468452895,1.4237861633300781,1.045911785762764
QM9-gap-75k,GLOSS,67,8,0.5048,100.0,1.4349100589752197,1.1764354190368462
QM9-gap-75k,GLOSS,67,9,0.5048,100.0,1.4156298637390137,1.2060981653650027
QM9-gap-75k,GLOSS,67,10,0.5048,100.0,1.4890358448028564,1.2726271505465498
QM9-gap-75k,GLOSS,67,11,0.5048,100.0,1.5310230255126953,1.253945645863482
QM9-gap-75k,GLOSS,67,12,0.5048,100.0,1.4940481185913086,1.248833542817609
QM9-gap-75k,GLOSS,67,13,0.5048,100.0,1.5366430282592773,1.2314221458360761
QM9-gap-75k,GLOSS,67,14,0.5048,100.0,1.5191080570220947,1.222538372560148
QM9-gap-75k,GLOSS,67,15,0.5048,100.0,1.5804901123046875,1.218701437533693
QM9-gap-75k,GLOSS,67,16,0.5048,100.0,1.545374870300293,1.2188715848858616
QM9-gap-75k,GLOSS,67,17,0.5048,100.0,1.5789670944213867,1.2267961670580192
QM9-gap-75k,GLOSS,67,18,0.5048,100.0,1.6353297233581543,1.2387345724734091
QM9-gap-75k,GLOSS,67,19,0.5048,100.0,1.5915861129760742,1.2281116778453867
QM9-gap-75k,UCB-BO,67,-1,0.2096,36.214347450302505,0.0,0.0
QM9-gap-75k,UCB-BO,67,0,0.2173,37.878133102852196,0.3144190311431885,0.06237510382952198
QM9-gap-75k,UCB-BO,67,1,0.2464,44.16594641313742,0.3425588607788086,0.42268309926287817
QM9-gap-75k,UCB-BO,67,2,0.2635,47.86084701815039,0.3433811664581299,0.5243988016675941
QM9-gap-75k,UCB-BO,67,3,0.2853,52.57130509939498,0.34593701362609863,0.6687766468511042
QM9-gap-75k,UCB-BO,67,4,0.2853,52.57130509939498,0.36080002784729004,0.828530037636893
QM9-gap-75k,UCB-BO,67,5,0.2895,53.47882454624027,0.38147878646850586,0.904243356848933
QM9-gap-75k,UCB-BO,67,6,0.327,61.581676750216076,0.39247679710388184,0.9552718733744163
QM9-gap-75k,UCB-BO,67,7,0.327,61.581676750216076,0.40802788734436035,0.9563174655735273
QM9-gap-75k,UCB-BO,67,8,0.4465,87.40276577355229,0.4094080924987793,1.0113269545518904
QM9-gap-75k,UCB-BO,67,9,0.4465,87.40276577355229,0.434251070022583,1.1128229777346712
QM9-gap-75k,UCB-BO,67,10,0.4465,87.40276577355229,0.4377129077911377,1.2078943020566897
QM9-gap-75k,UCB-BO,67,11,0.5048,100.0,0.44033312797546387,1.2582954076676154
QM9-gap-75k,UCB-BO,67,12,0.5048,100.0,0.42956995964050293,1.277658193938117
QM9-gap-75k,UCB-BO,67,13,0.5048,100.0,0.4521489143371582,1.2791934991106952
QM9-gap-75k,UCB-BO,67,14,0.5048,100.0,0.47240781784057617,1.2757295378720728
QM9-gap-75k,UCB-BO,67,15,0.5048,100.0,0.4682748317718506,1.285564610342576
QM9-gap-75k,UCB-BO,67,16,0.5048,100.0,0.4621391296386719,1.283201826549166
QM9-gap-75k,UCB-BO,67,17,0.5048,100.0,0.48926687240600586,1.290405896019159
QM9-gap-75k,UCB-BO,67,18,0.5048,100.0,0.47037315368652344,1.2825926393576323
QM9-gap-75k,UCB-BO,67,19,0.5048,100.0,0.48386526107788086,1.273575800862742
QM9-gap-75k,BO(EI),67,-1,0.2096,36.214347450302505,0.0,0.0
QM9-gap-75k,BO(EI),67,0,0.25,44.9438202247191,0.33777618408203125,0.38544371624664836
QM9-gap-75k,BO(EI),67,1,0.2577,46.60760587726879,0.3594968318939209,0.5128611100988377
QM9-gap-75k,BO(EI),67,2,0.2825,51.96629213483145,0.36230969429016113,0.6534201616371575
QM9-gap-75k,BO(EI),67,3,0.329,62.013828867761454,0.37747931480407715,0.7648009938106354
QM9-gap-75k,BO(EI),67,4,0.329,62.013828867761454,0.38523292541503906,0.7896666266410216
QM9-gap-75k,BO(EI),67,5,0.3735,71.62921348314606,0.39215779304504395,0.7830908988316065
QM9-gap-75k,BO(EI),67,6,0.3735,71.62921348314606,0.3955349922180176,0.920209432991286
QM9-gap-75k,BO(EI),67,7,0.3735,71.62921348314606,0.4212830066680908,0.8994298303417668
QM9-gap-75k,BO(EI),67,8,0.3814,73.3362143474503,0.4180910587310791,0.8825643914669413
QM9-gap-75k,BO(EI),67,9,0.3864,74.41659464131375,0.4142630100250244,0.8591374788116863
QM9-gap-75k,BO(EI),67,10,0.3864,74.41659464131375,0.4340980052947998,0.8434700309702324
QM9-gap-75k,BO(EI),67,11,0.3864,74.41659464131375,0.44153428077697754,0.8161131303005988
QM9-gap-75k,BO(EI),67,12,0.3864,74.41659464131375,0.43980884552001953,0.7933574512261522
QM9-gap-75k,BO(EI),67,13,0.3897,75.12964563526361,0.4343419075012207,0.7710046527010417
QM9-gap-75k,BO(EI),67,14,0.3897,75.12964563526361,0.4455568790435791,0.7718382005615041
QM9-gap-75k,BO(EI),67,15,0.3897,75.12964563526361,0.4554460048675537,0.7501309139004676
QM9-gap-75k,BO(EI),67,16,0.3897,75.12964563526361,0.4596238136291504,0.7342671240231056
QM9-gap-75k,BO(EI),67,17,0.3897,75.12964563526361,0.4319889545440674,0.7149849266004507
QM9-gap-75k,BO(EI),67,18,0.3897,75.12964563526361,0.4642808437347412,0.6983098980314547
QM9-gap-75k,BO(EI),67,19,0.3897,75.12964563526361,0.4811131954193115,0.6843289616438418
QM9-gap-75k,GA,67,-1,0.2096,36.214347450302505,0.0,0.0
QM9-gap-75k,GA,67,0,0.2767,50.71305099394986,0.4718642234802246,0.9505164435351059
QM9-gap-75k,GA,67,1,0.3484,66.2057044079516,0.47832202911376953,0.9982485655709188
QM9-gap-75k,GA,67,2,0.3484,66.2057044079516,0.5203032493591309,0.9550466566513326
QM9-gap-75k,GA,67,3,0.3484,66.2057044079516,0.5510268211364746,0.9060400296972071
QM9-gap-75k,GA,67,4,0.3504,66.63785652549697,0.5545201301574707,0.8790471427683443
QM9-gap-75k,GA,67,5,0.3534,67.28608470181503,0.5473289489746094,0.8600070478738154
QM9-gap-75k,GA,67,6,0.3534,67.28608470181503,0.5586700439453125,0.8552361714330605
QM9-gap-75k,GA,67,7,0.3534,67.28608470181503,0.5689210891723633,0.830787632465329
QM9-gap-75k,GA,67,8,0.3534,67.28608470181503,0.5751798152923584,0.8213366512524539
QM9-gap-75k,GA,67,9,0.3534,67.28608470181503,0.5851640701293945,0.8277414553574942
QM9-gap-75k,GA,67,10,0.3595,68.60414866032843,0.5958142280578613,0.8256013715641095
QM9-gap-75k,GA,67,11,0.3671,70.24632670700086,0.5976839065551758,0.8227281451779025
QM9-gap-75k,GA,67,12,0.3671,70.24632670700086,0.5869011878967285,0.8058336129866287
QM9-gap-75k,GA,67,13,0.3796,72.94727744165947,0.608518123626709,0.7992704261896029
QM9-gap-75k,GA,67,14,0.3796,72.94727744165947,0.5966629981994629,0.794232611978667
QM9-gap-75k,GA,67,15,0.3796,72.94727744165947,0.5833148956298828,0.794775842323968
QM9-gap-75k,GA,67,16,0.3901,75.21607605877269,0.6176090240478516,0.7955925034405101
QM9-gap-75k,GA,67,17,0.3901,75.21607605877269,0.6077980995178223,0.7930501225248952
QM9-gap-75k,GA,67,18,0.3901,75.21607605877269,0.6035981178283691,0.7789950111714569
QM9-gap-75k,GA,67,19,0.3901,75.21607605877269,0.6166360378265381,0.7751746693158861
QM9-gap-75k,Random,67,-1,0.2096,36.214347450302505,0.0,0.0
QM9-gap-75k,Random,67,0,0.3144,58.859118409680214,0.16648411750793457,1.0069753076409793
QM9-gap-75k,Random,67,1,0.3265,61.47363872082974,0.16623902320861816,0.9197512133026609
QM9-gap-75k,Random,67,2,0.3265,61.47363872082974,0.16805005073547363,0.9343066882295764
QM9-gap-75k,Random,67,3,0.3265,61.47363872082974,0.17227387428283691,0.8931646069682014
QM9-gap-75k,Random,67,4,0.3265,61.47363872082974,0.17302203178405762,0.9082205689658616
QM9-gap-75k,Random,67,5,0.3326,62.79170267934313,0.17426514625549316,0.9070306320601412
QM9-gap-75k,Random,67,6,0.3326,62.79170267934313,0.17698907852172852,0.9262018710059076
QM9-gap-75k,Random,67,7,0.3326,62.79170267934313,0.17969512939453125,0.9351467967434148
QM9-gap-75k,Random,67,8,0.3326,62.79170267934313,0.17911505699157715,0.9311671644834697
QM9-gap-75k,Random,67,9,0.3391,64.1961970613656,0.18927907943725586,0.9248652092246187
QM9-gap-75k,Random,67,10,0.373,71.52117545375972,0.18346595764160156,0.9217217848730077
QM9-gap-75k,Random,67,11,0.373,71.52117545375972,0.18834304809570312,0.9074151281391413
QM9-gap-75k,Random,67,12,0.373,71.52117545375972,0.18650388717651367,0.8955486141038485
QM9-gap-75k,Random,67,13,0.373,71.52117545375972,0.18960285186767578,0.8918733983626004
QM9-gap-75k,Random,67,14,0.373,71.52117545375972,0.1925370693206787,0.8898113898817321
QM9-gap-75k,Random,67,15,0.373,71.52117545375972,0.19370222091674805,0.8864204315351872
QM9-gap-75k,Random,67,16,0.373,71.52117545375972,0.19851112365722656,0.8853758183077673
QM9-gap-75k,Random,67,17,0.373,71.52117545375972,0.1997990608215332,0.8813307502832504
QM9-gap-75k,Random,67,18,0.373,71.52117545375972,0.20003414154052734,0.8813795602657751
QM9-gap-75k,Random,67,19,0.373,71.52117545375972,0.21042585372924805,0.8663125827759943
QM9-gap-80k,GLOSS,47,-1,0.2039,34.98271391529818,0.0,0.0
QM9-gap-80k,GLOSS,47,0,0.3205,60.177182368193606,1.373610019683838,0.6301270552529027
QM9-gap-80k,GLOSS,47,1,0.3371,63.76404494382022,1.3724169731140137,0.751165600349642
QM9-gap-80k,GLOSS,47,2,0.3824,73.55229040622298,1.4287817478179932,0.8491991364104007
QM9-gap-80k,GLOSS,47,3,0.3824,73.55229040622298,1.4470021724700928,0.8841500061677567
QM9-gap-80k,GLOSS,47,4,0.3891,75.0,1.371434211730957,0.8998574054308202
QM9-gap-80k,GLOSS,47,5,0.4179,81.22299049265341,1.4403488636016846,1.0031554936094098
QM9-gap-80k,GLOSS,47,6,0.5048,100.0,1.4365649223327637,1.2450204525847595
QM9-gap-80k,GLOSS,47,7,0.5048,100.0,1.4400839805603027,1.277384551637116
QM9-gap-80k,GLOSS,47,8,0.5048,100.0,1.4977288246154785,1.261007240762524
QM9-gap-80k,GLOSS,47,9,0.5048,100.0,1.5414011478424072,1.2435578228135082
QM9-gap-80k,GLOSS,47,10,0.5048,100.0,1.5371429920196533,1.219179684011694
QM9-gap-80k,GLOSS,47,11,0.5048,100.0,1.526033878326416,1.202647760933151
QM9-gap-80k,GLOSS,47,12,0.5048,100.0,1.5324411392211914,1.2016404688856368
QM9-gap-80k,GLOSS,47,13,0.5048,100.0,1.568721055984497,1.2143798447258716
QM9-gap-80k,GLOSS,47,14,0.5048,100.0,1.5787737369537354,1.2091933211444952
QM9-gap-80k,GLOSS,47,15,0.5048,100.0,1.596445083618164,1.2128005122422345
QM9-gap-80k,GLOSS,47,16,0.5048,100.0,1.691222906112671,1.2093875637473994
QM9-gap-80k,GLOSS,47,17,0.5048,100.0,1.6397368907928467,1.2080041685494975
QM9-gap-80k,GLOSS,47,18,0.5048,100.0,1.6615331172943115,1.209044782133434
QM9-gap-80k,GLOSS,47,19,0.5048,100.0,1.6711821556091309,1.1992445683031843
QM9-gap-80k,UCB-BO,47,-1,0.2039,34.98271391529818,0.0,0.0
QM9-gap-80k,UCB-BO,47,0,0.3096,57.82195332757129,0.3451120853424072,0.2768299746940727
QM9-gap-80k,UCB-BO,47,1,0.3096,57.82195332757129,0.3721630573272705,0.7899306266274204
QM9-gap-80k,UCB-BO,47,2,0.3096,57.82195332757129,0.3831171989440918,0.8933574470237866
QM9-gap-80k,UCB-BO,47,3,0.3263,61.43042350907518,0.39779019355773926,0.8250938040681063
QM9-gap-80k,UCB-BO,47,4,0.3263,61.43042350907518,0.41557979583740234,0.8985252924447342
QM9-gap-80k,UCB-BO,47,5,0.3263,61.43042350907518,0.4157078266143799,0.8732992513645095
QM9-gap-80k,UCB-BO,47,6,0.3263,61.43042350907518,0.4273681640625,0.8228441737662886
QM9-gap-80k,UCB-BO,47,7,0.3475,66.01123595505616,0.44295692443847656,0.7925333796874766
QM9-gap-80k,UCB-BO,47,8,0.3475,66.01123595505616,0.4677450656890869,0.790775594272166
QM9-gap-80k,UCB-BO,47,9,0.3475,66.01123595505616,0.48207712173461914,0.7671102528382072
QM9-gap-80k,UCB-BO,47,10,0.3475,66.01123595505616,0.4711887836456299,0.7401753166374464
QM9-gap-80k,UCB-BO,47,11,0.3475,66.01123595505616,0.4740409851074219,0.740028653501722
QM9-gap-80k,UCB-BO,47,12,0.3601,68.73379429559205,0.49294304847717285,0.7389525567290294
QM9-gap-80k,UCB-BO,47,13,0.3601,68.73379429559205,0.5448369979858398,0.7441115310306088
QM9-gap-80k,UCB-BO,47,14,0.3601,68.73379429559205,0.5322010517120361,0.7599544473267045
QM9-gap-80k,UCB-BO,47,15,0.3601,68.73379429559205,0.4957449436187744,0.7575505988960178
QM9-gap-80k,UCB-BO,47,16,0.3601,68.73379429559205,0.5104436874389648,0.7891166525689551
QM9-gap-80k,UCB-BO,47,17,0.3601,68.73379429559205,0.5117030143737793,0.7752017167479868
QM9-gap-80k,UCB-BO,47,18,0.3601,68.73379429559205,0.5186991691589355,0.7718409122612895
QM9-gap-80k,UCB-BO,47,19,0.3601,68.73379429559205,0.5161929130554199,0.7769667076551727
QM9-gap-80k,BO(EI),47,-1,0.2039,34.98271391529818,0.0,0.0
QM9-gap-80k,BO(EI),47,0,0.3031,56.41745894554882,0.35262298583984375,0.39051709043811783
QM9-gap-80k,BO(EI),47,1,0.3031,56.41745894554882,0.3857431411743164,0.7194134142151024
QM9-gap-80k,BO(EI),47,2,0.3031,56.41745894554882,0.39267992973327637,0.7666360983755586
QM9-gap-80k,BO(EI),47,3,0.3033,56.46067415730337,0.4054880142211914,0.727812777322242
QM9-gap-80k,BO(EI),47,4,0.3046,56.74157303370786,0.4039144515991211,0.6746928848319272
QM9-gap-80k,BO(EI),47,5,0.3202,60.11235955056179,0.4157719612121582,0.6485331744377325
QM9-gap-80k,BO(EI),47,6,0.3229,60.69576490924806,0.4206557273864746,0.6314405064434123
QM9-gap-80k,BO(EI),47,7,0.3229,60.69576490924806,0.423616886138916,0.6283417233907272
QM9-gap-80k,BO(EI),47,8,0.3229,60.69576490924806,0.4155757427215576,0.6266198091646391
QM9-gap-80k,BO(EI),47,9,0.3229,60.69576490924806,0.42583727836608887,0.6107238737962433
QM9-gap-80k,BO(EI),47,10,0.3242,60.97666378565254,0.4322817325592041,0.6524507684335873
QM9-gap-80k,BO(EI),47,11,0.3242,60.97666378565254,0.44065284729003906,0.712416949518026
QM9-gap-80k,BO(EI),47,12,0.3242,60.97666378565254,0.45398402214050293,0.730682736661243
QM9-gap-80k,BO(EI),47,13,0.3242,60.97666378565254,0.4607350826263428,0.7502740286976003
QM9-gap-80k,BO(EI),47,14,0.3242,60.97666378565254,0.4589579105377197,0.7493964012520326
QM9-gap-80k,BO(EI),47,15,0.3242,60.97666378565254,0.47025489807128906,0.750252116256081
QM9-gap-80k,BO(EI),47,16,0.3242,60.97666378565254,0.46398115158081055,0.7528611006984913
QM9-gap-80k,BO(EI),47,17,0.3242,60.97666378565254,0.49442410469055176,0.7462850896013438
QM9-gap-80k,BO(EI),47,18,0.3242,60.97666378565254,0.48778605461120605,0.753173884796962
QM9-gap-80k,BO(EI),47,19,0.3242,60.97666378565254,0.49034786224365234,0.7589113888530454
QM9-gap-80k,GA,47,-1,0.2039,34.98271391529818,0.0,0.0
QM9-gap-80k,GA,47,0,0.3307,62.381158167675025,0.4747018814086914,0.7528653679796609
QM9-gap-80k,GA,47,1,0.3307,62.381158167675025,0.5102992057800293,0.7778684568392952
QM9-gap-80k,GA,47,2,0.3347,63.245462402765774,0.538689136505127,0.7920900704168823
QM9-gap-80k,GA,47,3,0.3425,64.93085566119274,0.5460548400878906,0.7778604377103602
QM9-gap-80k,GA,47,4,0.3437,65.19014693171997,0.5548553466796875,0.742917030698581
QM9-gap-80k,GA,47,5,0.3437,65.19014693171997,0.5771009922027588,0.7547050244809409
QM9-gap-80k,GA,47,6,0.3437,65.19014693171997,0.5778899192810059,0.7394016637783145
QM9-gap-80k,GA,47,7,0.3437,65.19014693171997,0.5829622745513916,0.7200180760974709
QM9-gap-80k,GA,47,8,0.3809,73.22817631806396,0.597254753112793,0.7282291126388951
QM9-gap-80k,GA,47,9,0.3809,73.22817631806396,0.6075539588928223,0.7360182148608448
QM9-gap-80k,GA,47,10,0.3809,73.22817631806396,0.5904998779296875,0.7377631828662411
QM9-gap-80k,GA,47,11,0.3822,73.50907519446844,0.6038811206817627,0.7382825234997027
QM9-gap-80k,GA,47,12,0.3822,73.50907519446844,0.6190969944000244,0.744549696544678
QM9-gap-80k,GA,47,13,0.3822,73.50907519446844,0.6100490093231201,0.7450253169689848
QM9-gap-80k,GA,47,14,0.3822,73.50907519446844,0.6207358837127686,0.7380517407452641
QM9-gap-80k,GA,47,15,0.3822,73.50907519446844,0.6113851070404053,0.7317292143847243
QM9-gap-80k,GA,47,16,0.3822,73.50907519446844,0.6249878406524658,0.7381843542880263
QM9-gap-80k,GA,47,17,0.3824,73.55229040622298,0.6274917125701904,0.7546722092453728
QM9-gap-80k,GA,47,18,0.3824,73.55229040622298,0.6385560035705566,0.7612858055994989
QM9-gap-80k,GA,47,19,0.3824,73.55229040622298,0.6370911598205566,0.7586935784844474
QM9-gap-80k,Random,47,-1,0.2039,34.98271391529818,0.0,0.0
QM9-gap-80k,Random,47,0,0.3067,57.1953327571305,0.1713697910308838,0.9298655631688925
QM9-gap-80k,Random,47,1,0.3293,62.07865168539325,0.17354106903076172,0.8948134793477275
QM9-gap-80k,Random,47,2,0.3293,62.07865168539325,0.17836594581604004,0.9283478507486729
QM9-gap-80k,Random,47,3,0.3293,62.07865168539325,0.17751312255859375,0.9063050372750804
QM9-gap-80k,Random,47,4,0.3293,62.07865168539325,0.18057799339294434,0.873220501628822
QM9-gap-80k,Random,47,5,0.3293,62.07865168539325,0.17927289009094238,0.9069526744608694
QM9-gap-80k,Random,47,6,0.3293,62.07865168539325,0.18584084510803223,0.8807499174918582
QM9-gap-80k,Random,47,7,0.3293,62.07865168539325,0.18435883522033691,0.8675971110027735
QM9-gap-80k,Random,47,8,0.3587,68.43128781331028,0.18786907196044922,0.8547958091955095
QM9-gap-80k,Random,47,9,0.3587,68.43128781331028,0.1874408721923828,0.8521267367349247
QM9-gap-80k,Random,47,10,0.3587,68.43128781331028,0.19225811958312988,0.8620743337665426
QM9-gap-80k,Random,47,11,0.3587,68.43128781331028,0.19231700897216797,0.869549342304499
QM9-gap-80k,Random,47,12,0.3587,68.43128781331028,0.19744181632995605,0.8648332803397027
QM9-gap-80k,Random,47,13,0.3587,68.43128781331028,0.19841790199279785,0.8789601774181862
QM9-gap-80k,Random,47,14,0.3587,68.43128781331028,0.20445489883422852,0.8794313338950466
QM9-gap-80k,Random,47,15,0.3587,68.43128781331028,0.20204496383666992,0.8772502490576548
QM9-gap-80k,Random,47,16,0.3587,68.43128781331028,0.20593523979187012,0.8873599141828862
QM9-gap-80k,Random,47,17,0.3587,68.43128781331028,0.20911884307861328,0.8973557862783591
QM9-gap-80k,Random,47,18,0.3587,68.43128781331028,0.21519708633422852,0.901330998922817
QM9-gap-80k,Random,47,19,0.3587,68.43128781331028,0.2128748893737793,0.8984256051848761
QM9-gap-80k,GLOSS,53,-1,0.2048,35.1771823681936,0.0,0.0
QM9-gap-80k,GLOSS,53,0,0.3478,66.07605877268799,1.2437996864318848,0.6281449853753391
QM9-gap-80k,GLOSS,53,1,0.462,90.75194468452895,1.2588908672332764,0.7822101138928178
QM9-gap-80k,GLOSS,53,2,0.4802,94.68452895419188,1.3528738021850586,0.8482958439258578
QM9-gap-80k,GLOSS,53,3,0.5048,100.0,1.5840940475463867,1.182050107236965
QM9-gap-80k,GLOSS,53,4,0.5048,100.0,1.4209239482879639,1.2550121128556486
QM9-gap-80k,GLOSS,53,5,0.5048,100.0,1.3685591220855713,1.2943561546888906
QM9-gap-80k,GLOSS,53,6,0.5048,100.0,1.3930821418762207,1.307625239064749
QM9-gap-80k,GLOSS,53,7,0.5048,100.0,1.4915180206298828,1.2782070257659564
QM9-gap-80k,GLOSS,53,8,0.5048,100.0,1.4833879470825195,1.2550415599448197
QM9-gap-80k,GLOSS,53,9,0.5048,100.0,1.4654159545898438,1.225385696726842
QM9-gap-80k,GLOSS,53,10,0.5048,100.0,1.5313210487365723,1.2260302191174821
QM9-gap-80k,GLOSS,53,11,0.5048,100.0,1.5649638175964355,1.228382337823347
QM9-gap-80k,GLOSS,53,12,0.5048,100.0,1.5816292762756348,1.2128133077498047
QM9-gap-80k,GLOSS,53,13,0.5048,100.0,1.5090830326080322,1.1959600210345773
QM9-gap-80k,GLOSS,53,14,0.5048,100.0,1.6101362705230713,1.1963626104182175
QM9-gap-80k,GLOSS,53,15,0.5048,100.0,1.5859999656677246,1.2105901156722512
QM9-gap-80k,GLOSS,53,16,0.5048,100.0,1.573157787322998,1.20649632400701
QM9-gap-80k,GLOSS,53,17,0.5048,100.0,1.6297061443328857,1.203029859457865
QM9-gap-80k,GLOSS,53,18,0.5048,100.0,1.675873041152954,1.2005959170376628
QM9-gap-80k,GLOSS,53,19,0.5048,100.0,1.6557490825653076,1.2002110925098122
QM9-gap-80k,UCB-BO,53,-1,0.2048,35.1771823681936,0.0,0.0
QM9-gap-80k,UCB-BO,53,0,0.3247,61.08470181503889,0.3663618564605713,0.2827089853014922
QM9-gap-80k,UCB-BO,53,1,0.331,62.445980985306825,0.37722325325012207,0.38008458442857934
QM9-gap-80k,UCB-BO,53,2,0.379,72.81763180639584,0.38056516647338867,0.5509060559660347
QM9-gap-80k,UCB-BO,53,3,0.379,72.81763180639584,0.37859106063842773,0.7248375235209435
QM9-gap-80k,UCB-BO,53,4,0.3799,73.01210025929127,0.38155388832092285,0.8309705809512313
QM9-gap-80k,UCB-BO,53,5,0.3799,73.01210025929127,0.39311695098876953,0.9917963261590891
QM9-gap-80k,UCB-BO,53,6,0.3799,73.01210025929127,0.3996248245239258,1.0072055420450405
QM9-gap-80k,UCB-BO,53,7,0.3799,73.01210025929127,0.41103196144104004,1.014080334137016
QM9-gap-80k,UCB-BO,53,8,0.4128,80.1210025929127,0.4272158145904541,1.0896820123233488
QM9-gap-80k,UCB-BO,53,9,0.4128,80.1210025929127,0.4456179141998291,1.0536869091575076
QM9-gap-80k,UCB-BO,53,10,0.4177,81.17977528089888,0.4324469566345215,1.0354245253461407
QM9-gap-80k,UCB-BO,53,11,0.418,81.24459809853067,0.4372742176055908,1.0215136086578998
QM9-gap-80k,UCB-BO,53,12,0.418,81.24459809853067,0.44737815856933594,1.000822327252841
QM9-gap-80k,UCB-BO,53,13,0.4465,87.40276577355229,0.45057106018066406,1.0032997981317802
QM9-gap-80k,UCB-BO,53,14,0.4465,87.40276577355229,0.4400181770324707,1.0356344017895882
QM9-gap-80k,UCB-BO,53,15,0.4465,87.40276577355229,0.44675517082214355,1.049000280027554
QM9-gap-80k,UCB-BO,53,16,0.5048,100.0,0.47387218475341797,1.0955107880283255
QM9-gap-80k,UCB-BO,53,17,0.5048,100.0,0.4581010341644287,1.1208441180994204
QM9-gap-80k,UCB-BO,53,18,0.5048,100.0,0.43715500831604004,1.1172242421227134
QM9-gap-80k,UCB-BO,53,19,0.5048,100.0,0.44549107551574707,1.102849202426657
QM9-gap-80k,BO(EI),53,-1,0.2048,35.1771823681936,0.0,0.0
QM9-gap-80k,BO(EI),53,0,0.328,61.79775280898876,0.3742208480834961,0.4010543078685998
QM9-gap-80k,BO(EI),53,1,0.3824,73.55229040622298,0.3786790370941162,0.7292254754808974
QM9-gap-80k,BO(EI),53,2,0.3824,73.55229040622298,0.38049888610839844,0.8433904544257627
QM9-gap-80k,BO(EI),53,3,0.3824,73.55229040622298,0.38592004776000977,0.877324170873367
QM9-gap-80k,BO(EI),53,4,0.3957,76.42610198789974,0.39514803886413574,0.9443200465834576
QM9-gap-80k,BO(EI),53,5,0.3957,76.42610198789974,0.39823293685913086,1.0064151851353786
QM9-gap-80k,BO(EI),53,6,0.3957,76.42610198789974,0.4109928607940674,1.100013226022932
QM9-gap-80k,BO(EI),53,7,0.5048,100.0,0.4135258197784424,1.1930801457226612
QM9-gap-80k,BO(EI),53,8,0.5048,100.0,0.4256861209869385,1.1950521990765373
QM9-gap-80k,BO(EI),53,9,0.5048,100.0,0.4293198585510254,1.2042421697175498
QM9-gap-80k,BO(EI),53,10,0.5048,100.0,0.4277167320251465,1.2916533808574797
QM9-gap-80k,BO(EI),53,11,0.5048,100.0,0.4365072250366211,1.289550440930738
QM9-gap-80k,BO(EI),53,12,0.5048,100.0,0.44559311866760254,1.260258645559452
QM9-gap-80k,BO(EI),53,13,0.5048,100.0,0.44411301612854004,1.237113289018022
QM9-gap-80k,BO(EI),53,14,0.5048,100.0,0.44196295738220215,1.2128814989108285
QM9-gap-80k,BO(EI),53,15,0.5048,100.0,0.44042515754699707,1.1891129480894653
QM9-gap-80k,BO(EI),53,16,0.5048,100.0,0.45115113258361816,1.1645510189742667
QM9-gap-80k,BO(EI),53,17,0.5048,100.0,0.4469449520111084,1.1423526650950357
QM9-gap-80k,BO(EI),53,18,0.5048,100.0,0.4530203342437744,1.127667001310739
QM9-gap-80k,BO(EI),53,19,0.5048,100.0,0.4493260383605957,1.104096335524957
QM9-gap-80k,GA,53,-1,0.2048,35.1771823681936,0.0,0.0
QM9-gap-80k,GA,53,0,0.3244,61.0198789974071,0.49364519119262695,1.2095807951907813
QM9-gap-80k,GA,53,1,0.3426,64.95246326707,0.5269370079040527,1.0510329092263782
QM9-gap-80k,GA,53,2,0.3427,64.97407087294728,0.5189621448516846,0.9273613907585433
QM9-gap-80k,GA,53,3,0.3427,64.97407087294728,0.5328187942504883,0.8774739376356099
QM9-gap-80k,GA,53,4,0.3427,64.97407087294728,0.5396783351898193,0.8403225484571026
QM9-gap-80k,GA,53,5,0.3769,72.3638720829732,0.5473718643188477,0.8314402115962679
QM9-gap-80k,GA,53,6,0.3769,72.3638720829732,0.5495138168334961,0.8021192826953408
QM9-gap-80k,GA,53,7,0.3769,72.3638720829732,0.5634441375732422,0.7933433114201593
QM9-gap-80k,GA,53,8,0.4298,83.7942955920484,0.5564589500427246,0.7976762813900727
QM9-gap-80k,GA,53,9,0.4298,83.7942955920484,0.5595371723175049,0.8180833705582773
QM9-gap-80k,GA,53,10,0.4298,83.7942955920484,0.5769312381744385,0.8071625272397303
QM9-gap-80k,GA,53,11,0.4298,83.7942955920484,0.5701780319213867,0.8085104006570724
QM9-gap-80k,GA,53,12,0.4298,83.7942955920484,0.5912010669708252,0.8049301165335977
QM9-gap-80k,GA,53,13,0.4298,83.7942955920484,0.577629804611206,0.8075336480271501
QM9-gap-80k,GA,53,14,0.4298,83.7942955920484,0.5870528221130371,0.81056675268005
QM9-gap-80k,GA,53,15,0.4298,83.7942955920484,0.6207098960876465,0.8122846079076199
QM9-gap-80k,GA,53,16,0.4298,83.7942955920484,0.6120660305023193,0.8184575251239397
QM9-gap-80k,GA,53,17,0.4298,83.7942955920484,0.619208812713623,0.8098911808316641
QM9-gap-80k,GA,53,18,0.4298,83.7942955920484,0.6114001274108887,0.808528384335591
QM9-gap-80k,GA,53,19,0.4298,83.7942955920484,0.6131801605224609,0.8126551561198333
QM9-gap-80k,Random,53,-1,0.2048,35.1771823681936,0.0,0.0
QM9-gap-80k,Random,53,0,0.3214,60.37165082108903,0.17317914962768555,0.6612556765902065
QM9-gap-80k,Random,53,1,0.3214,60.37165082108903,0.17454099655151367,0.6914375008122795
QM9-gap-80k,Random,53,2,0.3214,60.37165082108903,0.17690300941467285,0.7394149056317332
QM9-gap-80k,Random,53,3,0.3289,61.99222126188418,0.17814898490905762,0.7529151040720311
QM9-gap-80k,Random,53,4,0.3289,61.99222126188418,0.17879390716552734,0.7400563821418298
QM9-gap-80k,Random,53,5,0.3443,65.31979256698357,0.17795491218566895,0.734178481760933
QM9-gap-80k,Random,53,6,0.3496,66.46499567847883,0.18518686294555664,0.7395699975547589
QM9-gap-80k,Random,53,7,0.3496,66.46499567847883,0.1852569580078125,0.7248987346217847
QM9-gap-80k,Random,53,8,0.3496,66.46499567847883,0.18766403198242188,0.7485441856441781
QM9-gap-80k,Random,53,9,0.3496,66.46499567847883,0.18871593475341797,0.7654198043938435
QM9-gap-80k,Random,53,10,0.3496,66.46499567847883,0.1900637149810791,0.7792823726891239
QM9-gap-80k,Random,53,11,0.3496,66.46499567847883,0.19129610061645508,0.7948622594347874
QM9-gap-80k,Random,53,12,0.3496,66.46499567847883,0.19714832305908203,0.8079410249233417
QM9-gap-80k,Random,53,13,0.3496,66.46499567847883,0.19602274894714355,0.8154966299898526
QM9-gap-80k,Random,53,14,0.3496,66.46499567847883,0.1999208927154541,0.8199176246826901
QM9-gap-80k,Random,53,15,0.3496,66.46499567847883,0.1970980167388916,0.8196698376494818
QM9-gap-80k,Random,53,16,0.3496,66.46499567847883,0.2016150951385498,0.8264364117070183
QM9-gap-80k,Random,53,17,0.3496,66.46499567847883,0.2032017707824707,0.8202573099221332
QM9-gap-80k,Random,53,18,0.3547,67.56698357821953,0.2071077823638916,0.8325438220725206
QM9-gap-80k,Random,53,19,0.3547,67.56698357821953,0.20988202095031738,0.8308700521645493
QM9-gap-80k,GLOSS,59,-1,0.2085,35.97666378565254,0.0,0.0
QM9-gap-80k,GLOSS,59,0,0.3358,63.48314606741573,1.5159659385681152,0.8417092148712173
QM9-gap-80k,GLOSS,59,1,0.3473,65.96802074330164,1.4490129947662354,0.9107238993428876
QM9-gap-80k,GLOSS,59,2,0.3501,66.57303370786516,1.5159239768981934,0.8879296088033952
QM9-gap-80k,GLOSS,59,3,0.4426,86.5600691443388,1.5540857315063477,1.0289552568324074
QM9-gap-80k,GLOSS,59,4,0.5048,100.0,1.6652741432189941,1.269352939809439
QM9-gap-80k,GLOSS,59,5,0.5048,100.0,1.6218397617340088,1.2618530560936791
QM9-gap-80k,GLOSS,59,6,0.5048,100.0,1.4622368812561035,1.2390362026433221
QM9-gap-80k,GLOSS,59,7,0.5048,100.0,1.498744010925293,1.2020388399333415
QM9-gap-80k,GLOSS,59,8,0.5048,100.0,1.4623219966888428,1.1899661273832136
QM9-gap-80k,GLOSS,59,9,0.5048,100.0,1.495208978652954,1.1600464619881476
QM9-gap-80k,GLOSS,59,10,0.5048,100.0,1.5134599208831787,1.1556483757618294
QM9-gap-80k,GLOSS,59,11,0.5048,100.0,1.5551629066467285,1.158420820256466
QM9-gap-80k,GLOSS,59,12,0.5048,100.0,1.66457200050354,1.141902206818472
QM9-gap-80k,GLOSS,59,13,0.5048,100.0,1.6277151107788086,1.1289462078143662
QM9-gap-80k,GLOSS,59,14,0.5048,100.0,1.6299290657043457,1.1148203930864051
QM9-gap-80k,GLOSS,59,15,0.5048,100.0,1.5905053615570068,1.1009006393216911
QM9-gap-80k,GLOSS,59,16,0.5048,100.0,1.6025948524475098,1.0907809975695233
QM9-gap-80k,GLOSS,59,17,0.5048,100.0,1.6632797718048096,1.0829037284070817
QM9-gap-80k,GLOSS,59,18,0.5048,100.0,1.7130188941955566,1.0866219013698715
QM9-gap-80k,GLOSS,59,19,0.5048,100.0,1.665173053741455,1.0885420364962752
QM9-gap-80k,UCB-BO,59,-1,0.2085,35.97666378565254,0.0,0.0
QM9-gap-80k,UCB-BO,59,0,0.2311,40.859982713915294,0.35697102546691895,0.288778411344464
QM9-gap-80k,UCB-BO,59,1,0.2479,44.490060501296455,0.3912019729614258,0.5726488702939279
QM9-gap-80k,UCB-BO,59,2,0.2479,44.490060501296455,0.39885997772216797,0.5154416031017883
QM9-gap-80k,UCB-BO,59,3,0.2752,50.38893690579083,0.40895509719848633,0.6960397182574648
QM9-gap-80k,UCB-BO,59,4,0.3103,57.973206568712186,0.4243917465209961,0.7889731331104666
QM9-gap-80k,UCB-BO,59,5,0.3103,57.973206568712186,0.4293057918548584,0.8256303484364996
QM9-gap-80k,UCB-BO,59,6,0.3103,57.973206568712186,0.4345080852508545,0.8657711707818915
QM9-gap-80k,UCB-BO,59,7,0.3103,57.973206568712186,0.42844700813293457,0.8660737893461942
QM9-gap-80k,UCB-BO,59,8,0.3103,57.973206568712186,0.43905115127563477,0.8539144214474373
QM9-gap-80k,UCB-BO,59,9,0.3103,57.973206568712186,0.43621301651000977,0.8414456098881613
QM9-gap-80k,UCB-BO,59,10,0.3257,61.300777873811576,0.4434630870819092,0.8530349121909666
QM9-gap-80k,UCB-BO,59,11,0.3302,62.273120138288675,0.45160794258117676,0.8646723684572469
QM9-gap-80k,UCB-BO,59,12,0.3302,62.273120138288675,0.458737850189209,0.8777712354290136
QM9-gap-80k,UCB-BO,59,13,0.3302,62.273120138288675,0.4725930690765381,0.8801067433432836
QM9-gap-80k,UCB-BO,59,14,0.3302,62.273120138288675,0.4617431163787842,0.9176845425533137
QM9-gap-80k,UCB-BO,59,15,0.3454,65.55747623163353,0.48122477531433105,0.9266201998794013
QM9-gap-80k,UCB-BO,59,16,0.3548,67.5885911840968,0.5230388641357422,0.9342561977664312
QM9-gap-80k,UCB-BO,59,17,0.3548,67.5885911840968,0.5291478633880615,0.950629895033542
QM9-gap-80k,UCB-BO,59,18,0.3548,67.5885911840968,0.5213150978088379,0.9834869249237476
QM9-gap-80k,UCB-BO,59,19,0.3548,67.5885911840968,0.5329058170318604,0.9995258373248002
QM9-gap-80k,BO(EI),59,-1,0.2085,35.97666378565254,0.0,0.0
QM9-gap-80k,BO(EI),59,0,0.2852,52.54969749351771,0.36320996284484863,0.5201596447298067
QM9-gap-80k,BO(EI),59,1,0.3029,56.374243733794295,0.38538098335266113,0.7110966092472484
QM9-gap-80k,BO(EI),59,2,0.3029,56.374243733794295,0.40486788749694824,0.7530245234110641
QM9-gap-80k,BO(EI),59,3,0.3223,60.566119273984434,0.4181370735168457,0.7198509114152212
QM9-gap-80k,BO(EI),59,4,0.3223,60.566119273984434,0.42226314544677734,0.7005954338332412
QM9-gap-80k,BO(EI),59,5,0.3223,60.566119273984434,0.4241788387298584,0.7316470230122406
QM9-gap-80k,BO(EI),59,6,0.3223,60.566119273984434,0.4410691261291504,0.7129458517837446
QM9-gap-80k,BO(EI),59,7,0.3223,60.566119273984434,0.4449331760406494,0.7543396653304713
QM9-gap-80k,BO(EI),59,8,0.3223,60.566119273984434,0.4640507698059082,0.7764017672183602
QM9-gap-80k,BO(EI),59,9,0.3295,62.12186689714779,0.461489200592041,0.7768388323499011
QM9-gap-80k,BO(EI),59,10,0.3295,62.12186689714779,0.4638810157775879,0.77121854395093
QM9-gap-80k,BO(EI),59,11,0.3295,62.12186689714779,0.45380711555480957,0.7592711616790937
QM9-gap-80k,BO(EI),59,12,0.3295,62.12186689714779,0.46766209602355957,0.7529141338784721
QM9-gap-80k,BO(EI),59,13,0.3295,62.12186689714779,0.478316068649292,0.7430834044054441
QM9-gap-80k,BO(EI),59,14,0.3295,62.12186689714779,0.4759337902069092,0.7390626139573179
QM9-gap-80k,BO(EI),59,15,0.3295,62.12186689714779,0.470548152923584,0.7296424301276095
QM9-gap-80k,BO(EI),59,16,0.3295,62.12186689714779,0.46973586082458496,0.7157899569261138
QM9-gap-80k,BO(EI),59,17,0.3295,62.12186689714779,0.47863292694091797,0.7135251750974562
QM9-gap-80k,BO(EI),59,18,0.3295,62.12186689714779,0.4856259822845459,0.7467037643072567
QM9-gap-80k,BO(EI),59,19,0.3295,62.12186689714779,0.5124728679656982,0.7417191711849559
QM9-gap-80k,GA,59,-1,0.2085,35.97666378565254,0.0,0.0
QM9-gap-80k,GA,59,0,0.3379,63.936905790838374,0.499417781829834,0.7634314482393776
QM9-gap-80k,GA,59,1,0.3379,63.936905790838374,0.5217370986938477,0.8270723236059865
QM9-gap-80k,GA,59,2,0.3379,63.936905790838374,0.526540994644165,0.7966748140369512
QM9-gap-80k,GA,59,3,0.3468,65.8599827139153,0.5595459938049316,0.8109673202782224
QM9-gap-80k,GA,59,4,0.3468,65.8599827139153,0.5598170757293701,0.7948057486872403
QM9-gap-80k,GA,59,5,0.3468,65.8599827139153,0.5795981884002686,0.7701193116223342
QM9-gap-80k,GA,59,6,0.3468,65.8599827139153,0.5865981578826904,0.7768616906635369
QM9-gap-80k,GA,59,7,0.3468,65.8599827139153,0.5884711742401123,0.7808156013729562
QM9-gap-80k,GA,59,8,0.3582,68.32324978392394,0.6108520030975342,0.8059656412703656
QM9-gap-80k,GA,59,9,0.4051,78.45721694036301,0.6022279262542725,0.8083571941948198
QM9-gap-80k,GA,59,10,0.4051,78.45721694036301,0.6090188026428223,0.8127002063312714
QM9-gap-80k,GA,59,11,0.4051,78.45721694036301,0.6250600814819336,0.8201202837417129
QM9-gap-80k,GA,59,12,0.4051,78.45721694036301,0.63065505027771,0.8153781598742207
QM9-gap-80k,GA,59,13,0.4051,78.45721694036301,0.6226720809936523,0.8133061878839214
QM9-gap-80k,GA,59,14,0.4051,78.45721694036301,0.6325850486755371,0.8048022324612332
QM9-gap-80k,GA,59,15,0.4051,78.45721694036301,0.629835844039917,0.8073243075847262
QM9-gap-80k,GA,59,16,0.4051,78.45721694036301,0.6469879150390625,0.8131504306095905
QM9-gap-80k,GA,59,17,0.4051,78.45721694036301,0.640618085861206,0.8065956325358481
QM9-gap-80k,GA,59,18,0.4051,78.45721694036301,0.6528561115264893,0.8075977376270996
QM9-gap-80k,GA,59,19,0.4051,78.45721694036301,0.6488518714904785,0.811413457279149
QM9-gap-80k,Random,59,-1,0.2085,35.97666378565254,0.0,0.0
QM9-gap-80k,Random,59,0,0.3097,57.843560933448565,0.17717909812927246,0.8293476633863932
QM9-gap-80k,Random,59,1,0.3226,60.63094209161625,0.17467498779296875,0.8937115324407564
QM9-gap-80k,Random,59,2,0.3226,60.63094209161625,0.17362594604492188,0.9049837118329858
QM9-gap-80k,Random,59,3,0.3226,60.63094209161625,0.174544095993042,0.8916248221163898
QM9-gap-80k,Random,59,4,0.3338,63.050993949870346,0.18292880058288574,0.856075229848741
QM9-gap-80k,Random,59,5,0.3375,63.85047536732931,0.18145012855529785,0.8729394076443519
QM9-gap-80k,Random,59,6,0.3375,63.85047536732931,0.18299388885498047,0.8702297831006903
QM9-gap-80k,Random,59,7,0.3375,63.85047536732931,0.18851685523986816,0.8644988819041981
QM9-gap-80k,Random,59,8,0.3684,70.52722558340537,0.18531227111816406,0.8618771020050476
QM9-gap-80k,Random,59,9,0.3684,70.52722558340537,0.1901998519897461,0.8777010857225435
QM9-gap-80k,Random,59,10,0.3684,70.52722558340537,0.19169902801513672,0.8687869131266209
QM9-gap-80k,Random,59,11,0.3684,70.52722558340537,0.19184470176696777,0.8574017092654453
QM9-gap-80k,Random,59,12,0.3684,70.52722558340537,0.19066667556762695,0.8526177193418383
QM9-gap-80k,Random,59,13,0.3684,70.52722558340537,0.19710803031921387,0.8485032382623475
QM9-gap-80k,Random,59,14,0.3684,70.52722558340537,0.19780397415161133,0.8538003496982806
QM9-gap-80k,Random,59,15,0.3684,70.52722558340537,0.20497894287109375,0.8565324953915355
QM9-gap-80k,Random,59,16,0.3684,70.52722558340537,0.2026197910308838,0.8668417963972352
QM9-gap-80k,Random,59,17,0.3684,70.52722558340537,0.2053985595703125,0.8637009860268207
QM9-gap-80k,Random,59,18,0.3684,70.52722558340537,0.2064952850341797,0.8641250089000786
QM9-gap-80k,Random,59,19,0.3684,70.52722558340537,0.21193504333496094,0.8620462972633004
QM9-gap-80k,GLOSS,61,-1,0.209,36.08470181503889,0.0,0.0
QM9-gap-80k,GLOSS,61,0,0.2202,38.504753673292996,1.2653710842132568,0.5306208193010749
QM9-gap-80k,GLOSS,61,1,0.3194,59.93949870354365,1.3927428722381592,0.6910563520316613
QM9-gap-80k,GLOSS,61,2,0.3805,73.14174589455487,1.33915114402771,1.0058812236138337
QM9-gap-80k,GLOSS,61,3,0.3805,73.14174589455487,1.3873720169067383,1.147675479921828
QM9-gap-80k,GLOSS,61,4,0.3805,73.14174589455487,1.3973650932312012,1.1488568326711923
QM9-gap-80k,GLOSS,61,5,0.3824,73.55229040622298,1.4215419292449951,1.1380985705344344
QM9-gap-80k,GLOSS,61,6,0.4179,81.22299049265341,1.4485538005828857,1.1428007487773417
QM9-gap-80k,GLOSS,61,7,0.5048,100.0,1.4751977920532227,1.24243509390283
QM9-gap-80k,GLOSS,61,8,0.5048,100.0,1.5119760036468506,1.3110098337453193
QM9-gap-80k,GLOSS,61,9,0.5048,100.0,1.471886157989502,1.3169892034211665
QM9-gap-80k,GLOSS,61,10,0.5048,100.0,1.476104736328125,1.3048809025994577
QM9-gap-80k,GLOSS,61,11,0.5048,100.0,1.5217061042785645,1.301727215688898
QM9-gap-80k,GLOSS,61,12,0.5048,100.0,1.5589351654052734,1.2790502961422368
QM9-gap-80k,GLOSS,61,13,0.5048,100.0,1.590381145477295,1.2614350798030975
QM9-gap-80k,GLOSS,61,14,0.5048,100.0,1.5491249561309814,1.2505818025232636
QM9-gap-80k,GLOSS,61,15,0.5048,100.0,1.5748889446258545,1.2408390320485123
QM9-gap-80k,GLOSS,61,16,0.5048,100.0,1.621204137802124,1.2297066315583645
QM9-gap-80k,GLOSS,61,17,0.5048,100.0,1.607079267501831,1.227945337831261
QM9-gap-80k,GLOSS,61,18,0.5048,100.0,1.6476519107818604,1.2284628138210298
QM9-gap-80k,GLOSS,61,19,0.5048,100.0,1.6889801025390625,1.2138812176022578
QM9-gap-80k,UCB-BO,61,-1,0.209,36.08470181503889,0.0,0.0
QM9-gap-80k,UCB-BO,61,0,0.209,36.08470181503889,0.35060906410217285,0.24271984590152268
QM9-gap-80k,UCB-BO,61,1,0.2421,43.23681936041486,0.3566091060638428,0.3766431725426177
QM9-gap-80k,UCB-BO,61,2,0.2669,48.59550561797752,0.3703348636627197,0.47085020362892427
QM9-gap-80k,UCB-BO,61,3,0.3037,56.547104580812444,0.3667001724243164,0.6622133149942548
QM9-gap-80k,UCB-BO,61,4,0.3435,65.14693171996542,0.38633203506469727,1.0420154481772317
QM9-gap-80k,UCB-BO,61,5,0.3729,71.49956784788245,0.4073810577392578,1.2191283395346897
QM9-gap-80k,UCB-BO,61,6,0.3729,71.49956784788245,0.40994977951049805,1.2601118265809814
QM9-gap-80k,UCB-BO,61,7,0.3729,71.49956784788245,0.419140100479126,1.2860742415082713
QM9-gap-80k,UCB-BO,61,8,0.3729,71.49956784788245,0.43307995796203613,1.263159991310951
QM9-gap-80k,UCB-BO,61,9,0.3729,71.49956784788245,0.4374420642852783,1.2358289179343052
QM9-gap-80k,UCB-BO,61,10,0.4117,79.88331892826275,0.43239784240722656,1.2133877858610815
QM9-gap-80k,UCB-BO,61,11,0.418,81.24459809853067,0.44309186935424805,1.2311031029646358
QM9-gap-80k,UCB-BO,61,12,0.418,81.24459809853067,0.45223021507263184,1.2414374119997993
QM9-gap-80k,UCB-BO,61,13,0.418,81.24459809853067,0.45502805709838867,1.2631815294219775
QM9-gap-80k,UCB-BO,61,14,0.418,81.24459809853067,0.4449331760406494,1.2419086602373817
QM9-gap-80k,UCB-BO,61,15,0.418,81.24459809853067,0.448253870010376,1.23442323556049
QM9-gap-80k,UCB-BO,61,16,0.4802,94.68452895419188,0.44768214225769043,1.223645432364114
QM9-gap-80k,UCB-BO,61,17,0.4802,94.68452895419188,0.46700286865234375,1.2274536902637818
QM9-gap-80k,UCB-BO,61,18,0.4802,94.68452895419188,0.4789738655090332,1.2139022483651902
QM9-gap-80k,UCB-BO,61,19,0.5048,100.0,0.46207714080810547,1.252249590870915
QM9-gap-80k,BO(EI),61,-1,0.209,36.08470181503889,0.0,0.0
QM9-gap-80k,BO(EI),61,0,0.209,36.08470181503889,0.3487050533294678,0.03698547563133735
QM9-gap-80k,BO(EI),61,1,0.209,36.08470181503889,0.3656179904937744,0.23831200806964675
QM9-gap-80k,BO(EI),61,2,0.209,36.08470181503889,0.37837910652160645,0.28875233085029217
QM9-gap-80k,BO(EI),61,3,0.2186,38.15903197925669,0.38135719299316406,0.42382597810406486
QM9-gap-80k,BO(EI),61,4,0.2186,38.15903197925669,0.38704800605773926,0.45028520007889017
QM9-gap-80k,BO(EI),61,5,0.2186,38.15903197925669,0.3938901424407959,0.43201390905136644
QM9-gap-80k,BO(EI),61,6,0.2186,38.15903197925669,0.4108316898345947,0.48825789532320785
QM9-gap-80k,BO(EI),61,7,0.2242,39.369057908383745,0.41765880584716797,0.506102613850324
QM9-gap-80k,BO(EI),61,8,0.2242,39.369057908383745,0.42102503776550293,0.578174508669151
QM9-gap-80k,BO(EI),61,9,0.2273,40.03889369057908,0.437330961227417,0.6168209802137907
QM9-gap-80k,BO(EI),61,10,0.2273,40.03889369057908,0.43811511993408203,0.620897354473248
QM9-gap-80k,BO(EI),61,11,0.2273,40.03889369057908,0.45418524742126465,0.6109213792239359
QM9-gap-80k,BO(EI),61,12,0.2273,40.03889369057908,0.43613195419311523,0.6181449810811204
QM9-gap-80k,BO(EI),61,13,0.2273,40.03889369057908,0.4435598850250244,0.6501966270390375
QM9-gap-80k,BO(EI),61,14,0.2273,40.03889369057908,0.4395010471343994,0.6596123945053575
QM9-gap-80k,BO(EI),61,15,0.2434,43.517718236819356,0.44176506996154785,0.6807063395051431
QM9-gap-80k,BO(EI),61,16,0.2601,47.126188418323245,0.45415496826171875,0.7305704107972741
QM9-gap-80k,BO(EI),61,17,0.2948,54.62402765773552,0.47129082679748535,0.8223921941210233
QM9-gap-80k,BO(EI),61,18,0.355,67.63180639585133,0.4774818420410156,0.9179923627165895
QM9-gap-80k,BO(EI),61,19,0.3783,72.66637856525497,0.4726688861846924,0.9894416842649595
QM9-gap-80k,GA,61,-1,0.209,36.08470181503889,0.0,0.0
QM9-gap-80k,GA,61,0,0.2701,49.28694900605012,0.5097432136535645,1.0852052679462054
QM9-gap-80k,GA,61,1,0.2886,53.284356093344854,0.5431017875671387,1.0903506674016943
QM9-gap-80k,GA,61,2,0.3238,60.89023336214346,0.574692964553833,1.016554904633234
QM9-gap-80k,GA,61,3,0.3458,65.6439066551426,0.5845091342926025,1.003738503536804
QM9-gap-80k,GA,61,4,0.356,67.84788245462401,0.5882740020751953,0.9868526792884208
QM9-gap-80k,GA,61,5,0.3735,71.62921348314606,0.6111640930175781,0.9828498970423429
QM9-gap-80k,GA,61,6,0.3735,71.62921348314606,0.5938899517059326,0.9339685480431206
QM9-gap-80k,GA,61,7,0.3743,71.80207433016422,0.6050376892089844,0.9226368363808662
QM9-gap-80k,GA,61,8,0.3771,72.40708729472773,0.6155970096588135,0.9055401688175199
QM9-gap-80k,GA,61,9,0.3771,72.40708729472773,0.6189589500427246,0.8867477799186072
QM9-gap-80k,GA,61,10,0.3771,72.40708729472773,0.6204180717468262,0.8671689659618068
QM9-gap-80k,GA,61,11,0.3771,72.40708729472773,0.6248500347137451,0.8591641067046151
QM9-gap-80k,GA,61,12,0.3771,72.40708729472773,0.6238558292388916,0.839121185099849
QM9-gap-80k,GA,61,13,0.4128,80.1210025929127,0.6372661590576172,0.8338696626773432
QM9-gap-80k,GA,61,14,0.4128,80.1210025929127,0.6384990215301514,0.8163105741319859
QM9-gap-80k,GA,61,15,0.4128,80.1210025929127,0.6448562145233154,0.8082242839220728
QM9-gap-80k,GA,61,16,0.4128,80.1210025929127,0.6384170055389404,0.7934917538211167
QM9-gap-80k,GA,61,17,0.4128,80.1210025929127,0.6590299606323242,0.7925941659508764
QM9-gap-80k,GA,61,18,0.4128,80.1210025929127,0.6768999099731445,0.7993803846034472
QM9-gap-80k,GA,61,19,0.4128,80.1210025929127,0.7324368953704834,0.7991388741916686
QM9-gap-80k,Random,61,-1,0.209,36.08470181503889,0.0,0.0
QM9-gap-80k,Random,61,0,0.316,59.204840103716506,0.178635835647583,0.7048942773319063
QM9-gap-80k,Random,61,1,0.316,59.204840103716506,0.1784830093383789,0.737706300972584
QM9-gap-80k,Random,61,2,0.3181,59.65859982713915,0.1807117462158203,0.7882946172498546
QM9-gap-80k,Random,61,3,0.3276,61.71132238547968,0.18325495719909668,0.8611622537564586
QM9-gap-80k,Random,61,4,0.3276,61.71132238547968,0.18757009506225586,0.8511012206836225
QM9-gap-80k,Random,61,5,0.3334,62.964563526361275,0.18410015106201172,0.908929324781772
QM9-gap-80k,Random,61,6,0.3334,62.964563526361275,0.19354915618896484,0.903441427521909
QM9-gap-80k,Random,61,7,0.3334,62.964563526361275,0.19817185401916504,0.9222283225483812
QM9-gap-80k,Random,61,8,0.3334,62.964563526361275,0.19003891944885254,0.9124852027416362
QM9-gap-80k,Random,61,9,0.3334,62.964563526361275,0.18956899642944336,0.8963350064481813
QM9-gap-80k,Random,61,10,0.3455,65.5790838375108,0.19356703758239746,0.8940146529345814
QM9-gap-80k,Random,61,11,0.3455,65.5790838375108,0.19259905815124512,0.9214125818548227
QM9-gap-80k,Random,61,12,0.3455,65.5790838375108,0.20273303985595703,0.9182633106106931
QM9-gap-80k,Random,61,13,0.3455,65.5790838375108,0.20151495933532715,0.9078329935155587
QM9-gap-80k,Random,61,14,0.3455,65.5790838375108,0.20163726806640625,0.9140984577554017
QM9-gap-80k,Random,61,15,0.3455,65.5790838375108,0.20381593704223633,0.8997893724221976
QM9-gap-80k,Random,61,16,0.3455,65.5790838375108,0.20629382133483887,0.8969726778690039
QM9-gap-80k,Random,61,17,0.3455,65.5790838375108,0.20918726921081543,0.891882461235977
QM9-gap-80k,Random,61,18,0.3455,65.5790838375108,0.2115159034729004,0.8915166945596913
QM9-gap-80k,Random,61,19,0.3455,65.5790838375108,0.21407222747802734,0.8948969037066359
QM9-gap-80k,GLOSS,67,-1,0.2078,35.82541054451166,0.0,0.0
QM9-gap-80k,GLOSS,67,0,0.27,49.26534140017286,1.6819803714752197,0.7186326677450697
QM9-gap-80k,GLOSS,67,1,0.462,90.75194468452895,1.694437026977539,0.9746901983950228
QM9-gap-80k,GLOSS,67,2,0.4802,94.68452895419188,1.406991958618164,1.0342061493614183
QM9-gap-80k,GLOSS,67,3,0.4802,94.68452895419188,1.4789788722991943,1.1481314713090096
QM9-gap-80k,GLOSS,67,4,0.4802,94.68452895419188,1.4098811149597168,1.2488048988118634
QM9-gap-80k,GLOSS,67,5,0.4802,94.68452895419188,1.4868929386138916,1.193446125828721
QM9-gap-80k,GLOSS,67,6,0.4802,94.68452895419188,1.4835219383239746,1.1625207964888509
QM9-gap-80k,GLOSS,67,7,0.5048,100.0,1.4926879405975342,1.2223311039719966
QM9-gap-80k,GLOSS,67,8,0.5048,100.0,1.5458266735076904,1.264185864102169
QM9-gap-80k,GLOSS,67,9,0.5048,100.0,1.6053400039672852,1.2529407250215885
QM9-gap-80k,GLOSS,67,10,0.5048,100.0,1.5589628219604492,1.2325746604180345
QM9-gap-80k,GLOSS,67,11,0.5048,100.0,1.5780410766601562,1.2225122208083732
QM9-gap-80k,GLOSS,67,12,0.5048,100.0,1.6200032234191895,1.2095216876999946
QM9-gap-80k,GLOSS,67,13,0.5048,100.0,1.6794281005859375,1.2027803252142668
QM9-gap-80k,GLOSS,67,14,0.5048,100.0,1.6930761337280273,1.184763869434663
QM9-gap-80k,GLOSS,67,15,0.5048,100.0,1.7298860549926758,1.1862573467230575
QM9-gap-80k,GLOSS,67,16,0.5048,100.0,1.7048780918121338,1.175582339665023
QM9-gap-80k,GLOSS,67,17,0.5048,100.0,1.7446520328521729,1.1669363487084607
QM9-gap-80k,GLOSS,67,18,0.5048,100.0,1.773036003112793,1.1752610940941213
QM9-gap-80k,GLOSS,67,19,0.5048,100.0,1.7519547939300537,1.170094255546268
QM9-gap-80k,UCB-BO,67,-1,0.2078,35.82541054451166,0.0,0.0
QM9-gap-80k,UCB-BO,67,0,0.231,40.83837510803803,0.36394214630126953,0.33977314266794173
QM9-gap-80k,UCB-BO,67,1,0.2471,44.3171996542783,0.38467884063720703,0.35700755712998516
QM9-gap-80k,UCB-BO,67,2,0.2471,44.3171996542783,0.41564106941223145,0.43264883011972033
QM9-gap-80k,UCB-BO,67,3,0.2547,45.959377700950725,0.42480993270874023,0.41803251388344054
QM9-gap-80k,UCB-BO,67,4,0.4802,94.68452895419188,0.41864514350891113,0.6442904921050011
QM9-gap-80k,UCB-BO,67,5,0.4802,94.68452895419188,0.41872406005859375,0.9016152310193958
QM9-gap-80k,UCB-BO,67,6,0.4802,94.68452895419188,0.4517350196838379,1.0774205662159206
QM9-gap-80k,UCB-BO,67,7,0.4802,94.68452895419188,0.4514799118041992,1.1308153260413376
QM9-gap-80k,UCB-BO,67,8,0.4802,94.68452895419188,0.46075892448425293,1.1760264616139713
QM9-gap-80k,UCB-BO,67,9,0.4802,94.68452895419188,0.47191596031188965,1.1628191870158135
QM9-gap-80k,UCB-BO,67,10,0.4802,94.68452895419188,0.47076869010925293,1.1932045757315954
QM9-gap-80k,UCB-BO,67,11,0.5048,100.0,0.465695858001709,1.2534703725086398
QM9-gap-80k,UCB-BO,67,12,0.5048,100.0,0.4655590057373047,1.2456262176775716
QM9-gap-80k,UCB-BO,67,13,0.5048,100.0,0.49913978576660156,1.259980898048732
QM9-gap-80k,UCB-BO,67,14,0.5048,100.0,0.48023295402526855,1.2422104240875504
QM9-gap-80k,UCB-BO,67,15,0.5048,100.0,0.48436570167541504,1.2253176702903075
QM9-gap-80k,UCB-BO,67,16,0.5048,100.0,0.487382173538208,1.250506209428796
QM9-gap-80k,UCB-BO,67,17,0.5048,100.0,0.5005810260772705,1.239180392269592
QM9-gap-80k,UCB-BO,67,18,0.5048,100.0,0.5137040615081787,1.226707205319918
QM9-gap-80k,UCB-BO,67,19,0.5048,100.0,0.5365328788757324,1.2067830515429743
QM9-gap-80k,BO(EI),67,-1,0.2078,35.82541054451166,0.0,0.0
QM9-gap-80k,BO(EI),67,0,0.236,41.91875540190146,0.38724684715270996,0.27034155356573164
QM9-gap-80k,BO(EI),67,1,0.236,41.91875540190146,0.4328880310058594,0.30887109702784454
QM9-gap-80k,BO(EI),67,2,0.2652,48.228176318063944,0.41506409645080566,0.3503282147025245
QM9-gap-80k,BO(EI),67,3,0.2652,48.228176318063944,0.42421984672546387,0.40808300144701415
QM9-gap-80k,BO(EI),67,4,0.3428,64.99567847882454,0.4346489906311035,0.6196246120437473
QM9-gap-80k,BO(EI),67,5,0.3428,64.99567847882454,0.44533467292785645,0.9143712192347795
QM9-gap-80k,BO(EI),67,6,0.3431,65.06050129645635,0.44289398193359375,1.0579796401888033
QM9-gap-80k,BO(EI),67,7,0.3431,65.06050129645635,0.44278693199157715,1.1170701984505595
QM9-gap-80k,BO(EI),67,8,0.5048,100.0,0.4493889808654785,1.2097209891985685
QM9-gap-80k,BO(EI),67,9,0.5048,100.0,0.4676837921142578,1.3024233636290279
QM9-gap-80k,BO(EI),67,10,0.5048,100.0,0.47899913787841797,1.3262398135301996
QM9-gap-80k,BO(EI),67,11,0.5048,100.0,0.4720149040222168,1.3197113592242615
QM9-gap-80k,BO(EI),67,12,0.5048,100.0,0.48471689224243164,1.322696540527318
QM9-gap-80k,BO(EI),67,13,0.5048,100.0,0.5020630359649658,1.3442338858358982
QM9-gap-80k,BO(EI),67,14,0.5048,100.0,0.5017039775848389,1.3403013506960217
QM9-gap-80k,BO(EI),67,15,0.5048,100.0,0.5235471725463867,1.3576622989630267
QM9-gap-80k,BO(EI),67,16,0.5048,100.0,0.520684003829956,1.3611873778492367
QM9-gap-80k,BO(EI),67,17,0.5048,100.0,0.5301229953765869,1.3676419708603063
QM9-gap-80k,BO(EI),67,18,0.5048,100.0,0.5288529396057129,1.3524263284132154
QM9-gap-80k,BO(EI),67,19,0.5048,100.0,0.5245633125305176,1.3380883805284225
QM9-gap-80k,GA,67,-1,0.2078,35.82541054451166,0.0,0.0
QM9-gap-80k,GA,67,0,0.2405,42.891097666378556,0.5441091060638428,0.7858642302477075
QM9-gap-80k,GA,67,1,0.2889,53.34917891097666,0.5415520668029785,0.9204948986250403
QM9-gap-80k,GA,67,2,0.3327,62.81331028522039,0.5587258338928223,1.1122071681168209
QM9-gap-80k,GA,67,3,0.3413,64.67156439066551,0.5868079662322998,1.0874400575089418
QM9-gap-80k,GA,67,4,0.3413,64.67156439066551,0.6036269664764404,1.0526778664743466
QM9-gap-80k,GA,67,5,0.5048,100.0,0.6196949481964111,1.1184498107069003
QM9-gap-80k,GA,67,6,0.5048,100.0,0.632753849029541,1.0575286938593047
QM9-gap-80k,GA,67,7,0.5048,100.0,0.6411120891571045,1.036349638993162
QM9-gap-80k,GA,67,8,0.5048,100.0,0.6521651744842529,1.0434980821829296
QM9-gap-80k,GA,67,9,0.5048,100.0,0.6478371620178223,1.0332741054775438
QM9-gap-80k,GA,67,10,0.5048,100.0,0.6500661373138428,1.01944726833418
QM9-gap-80k,GA,67,11,0.5048,100.0,0.66274094581604,1.0073941213016457
QM9-gap-80k,GA,67,12,0.5048,100.0,0.6758010387420654,0.9896807684045164
QM9-gap-80k,GA,67,13,0.5048,100.0,0.722585916519165,0.9755739552561989
QM9-gap-80k,GA,67,14,0.5048,100.0,0.6667101383209229,0.957915362234083
QM9-gap-80k,GA,67,15,0.5048,100.0,0.6671319007873535,0.9370161580574097
QM9-gap-80k,GA,67,16,0.5048,100.0,0.700951099395752,0.9354218707668791
QM9-gap-80k,GA,67,17,0.5048,100.0,0.7208719253540039,0.9257603733697536
QM9-gap-80k,GA,67,18,0.5048,100.0,0.7428939342498779,0.9248574921390333
QM9-gap-80k,GA,67,19,0.5048,100.0,0.7081317901611328,0.9217009486825392
QM9-gap-80k,Random,67,-1,0.2078,35.82541054451166,0.0,0.0
QM9-gap-80k,Random,67,0,0.3188,59.80985306828003,0.17813491821289062,0.6483728393989555
QM9-gap-80k,Random,67,1,0.3188,59.80985306828003,0.1766650676727295,0.8577613209166289
QM9-gap-80k,Random,67,2,0.3188,59.80985306828003,0.17933106422424316,0.8723650851119108
QM9-gap-80k,Random,67,3,0.3188,59.80985306828003,0.18611693382263184,0.8745204507441534
QM9-gap-80k,Random,67,4,0.3188,59.80985306828003,0.18728375434875488,0.8909171070069181
QM9-gap-80k,Random,67,5,0.3246,61.063094209161626,0.18622589111328125,0.9016800246859756
QM9-gap-80k,Random,67,6,0.3246,61.063094209161626,0.19196701049804688,0.9116300886802171
QM9-gap-80k,Random,67,7,0.3246,61.063094209161626,0.19283771514892578,0.9183257080931071
QM9-gap-80k,Random,67,8,0.3246,61.063094209161626,0.194108247756958,0.9338894891006816
QM9-gap-80k,Random,67,9,0.3262,61.40881590319792,0.19220995903015137,0.9230902282078648
QM9-gap-80k,Random,67,10,0.3273,61.646499567847876,0.19493699073791504,0.9309967996128067
QM9-gap-80k,Random,67,11,0.3407,64.5419187554019,0.20213770866394043,0.9224522730783978
QM9-gap-80k,Random,67,12,0.3407,64.5419187554019,0.23300909996032715,0.9247496740417495
QM9-gap-80k,Random,67,13,0.3407,64.5419187554019,0.2023298740386963,0.9251551893972252
QM9-gap-80k,Random,67,14,0.3407,64.5419187554019,0.201401948928833,0.9239933827370042
QM9-gap-80k,Random,67,15,0.3407,64.5419187554019,0.20485997200012207,0.9106114873226109
QM9-gap-80k,Random,67,16,0.3407,64.5419187554019,0.20819997787475586,0.8989047422326455
QM9-gap-80k,Random,67,17,0.3407,64.5419187554019,0.21392107009887695,0.9046445179818215
QM9-gap-80k,Random,67,18,0.3407,64.5419187554019,0.21657657623291016,0.9061341650506776
QM9-gap-80k,Random,67,19,0.3407,64.5419187554019,0.2181377410888672,0.9031309349349267
QM9-gap-85k,GLOSS,47,-1,0.2086,35.99827139152981,0.0,0.0
QM9-gap-85k,GLOSS,47,0,0.3116,58.25410544511668,1.750699758529663,0.8549993261087682
QM9-gap-85k,GLOSS,47,1,0.3202,60.11235955056179,1.9290111064910889,0.8404804793678676
QM9-gap-85k,GLOSS,47,2,0.3324,62.74848746758859,2.03643798828125,0.7776094227165075
QM9-gap-85k,GLOSS,47,3,0.3824,73.55229040622298,1.7079789638519287,0.868633121486561
QM9-gap-85k,GLOSS,47,4,0.3824,73.55229040622298,1.583893060684204,0.9631879385784099
QM9-gap-85k,GLOSS,47,5,0.3957,76.42610198789974,1.6591460704803467,0.9947049158241383
QM9-gap-85k,GLOSS,47,6,0.5048,100.0,1.701786994934082,1.1660180697307732
QM9-gap-85k,GLOSS,47,7,0.5048,100.0,1.741776943206787,1.3167980322238795
QM9-gap-85k,GLOSS,47,8,0.5048,100.0,1.745737075805664,1.3153860168056197
QM9-gap-85k,GLOSS,47,9,0.5048,100.0,1.7192869186401367,1.3002331972595556
QM9-gap-85k,GLOSS,47,10,0.5048,100.0,1.8187618255615234,1.2793758803379833
QM9-gap-85k,GLOSS,47,11,0.5048,100.0,1.7914962768554688,1.2611097956981605
QM9-gap-85k,GLOSS,47,12,0.5048,100.0,1.7831840515136719,1.2505067528644807
QM9-gap-85k,GLOSS,47,13,0.5048,100.0,1.7902162075042725,1.2390801545079648
QM9-gap-85k,GLOSS,47,14,0.5048,100.0,1.8939430713653564,1.230631449051097
QM9-gap-85k,GLOSS,47,15,0.5048,100.0,1.8367571830749512,1.2197411692746172
QM9-gap-85k,GLOSS,47,16,0.5048,100.0,1.8905422687530518,1.2097765956334972
QM9-gap-85k,GLOSS,47,17,0.5048,100.0,1.8856217861175537,1.2083254820824751
QM9-gap-85k,GLOSS,47,18,0.5048,100.0,1.9381446838378906,1.2123566477361865
QM9-gap-85k,GLOSS,47,19,0.5048,100.0,1.9027550220489502,1.200194100382252
QM9-gap-85k,UCB-BO,47,-1,0.2086,35.99827139152981,0.0,0.0
QM9-gap-85k,UCB-BO,47,0,0.2877,53.089887640449426,0.38358402252197266,0.3875743087672713
QM9-gap-85k,UCB-BO,47,1,0.2877,53.089887640449426,0.38457822799682617,0.8808584598934096
QM9-gap-85k,UCB-BO,47,2,0.2877,53.089887640449426,0.3879098892211914,0.9246961788679833
QM9-gap-85k,UCB-BO,47,3,0.3214,60.37165082108903,0.40846896171569824,0.9263017165929469
QM9-gap-85k,UCB-BO,47,4,0.3422,64.86603284356093,0.40909695625305176,1.0528149821546937
QM9-gap-85k,UCB-BO,47,5,0.3891,75.0,0.4303741455078125,1.0927265042139267
QM9-gap-85k,UCB-BO,47,6,0.3891,75.0,0.4318089485168457,1.174278643420028
QM9-gap-85k,UCB-BO,47,7,0.3891,75.0,0.4422900676727295,1.1736610786962915
QM9-gap-85k,UCB-BO,47,8,0.3891,75.0,0.44391393661499023,1.1650690871873017
QM9-gap-85k,UCB-BO,47,9,0.462,90.75194468452895,0.45307493209838867,1.1622781293408784
QM9-gap-85k,UCB-BO,47,10,0.4802,94.68452895419188,0.4519822597503662,1.20551004588377
QM9-gap-85k,UCB-BO,47,11,0.4802,94.68452895419188,0.47859978675842285,1.1950071657088126
QM9-gap-85k,UCB-BO,47,12,0.4802,94.68452895419188,0.47941088676452637,1.1867806005403834
QM9-gap-85k,UCB-BO,47,13,0.5048,100.0,0.47976016998291016,1.2232308494753696
QM9-gap-85k,UCB-BO,47,14,0.5048,100.0,0.4893331527709961,1.2580043867368507
QM9-gap-85k,UCB-BO,47,15,0.5048,100.0,0.49166393280029297,1.245137892710818
QM9-gap-85k,UCB-BO,47,16,0.5048,100.0,0.507422924041748,1.2326836556991427
QM9-gap-85k,UCB-BO,47,17,0.5048,100.0,0.5177528858184814,1.2216194827176075
QM9-gap-85k,UCB-BO,47,18,0.5048,100.0,0.5099129676818848,1.2077047430293881
QM9-gap-85k,UCB-BO,47,19,0.5048,100.0,0.4968140125274658,1.195459352435206
QM9-gap-85k,BO(EI),47,-1,0.2086,35.99827139152981,0.0,0.0
QM9-gap-85k,BO(EI),47,0,0.3386,64.08815903197926,0.3895070552825928,0.5405062420405209
QM9-gap-85k,BO(EI),47,1,0.3386,64.08815903197926,0.40607476234436035,0.9124183375830072
QM9-gap-85k,BO(EI),47,2,0.3388,64.13137424373379,0.40787601470947266,0.9415354785558613
QM9-gap-85k,BO(EI),47,3,0.3957,76.42610198789974,0.4260590076446533,0.9587356438157054
QM9-gap-85k,BO(EI),47,4,0.3957,76.42610198789974,0.4368870258331299,1.101012292169519
QM9-gap-85k,BO(EI),47,5,0.3957,76.42610198789974,0.43665003776550293,1.0972934429219807
QM9-gap-85k,BO(EI),47,6,0.3957,76.42610198789974,0.46900105476379395,1.1230094599091962
QM9-gap-85k,BO(EI),47,7,0.3957,76.42610198789974,0.4834260940551758,1.1046410276823722
QM9-gap-85k,BO(EI),47,8,0.3957,76.42610198789974,0.48302292823791504,1.0839016069138772
QM9-gap-85k,BO(EI),47,9,0.3957,76.42610198789974,0.4947052001953125,1.0647276244318975
QM9-gap-85k,BO(EI),47,10,0.5048,100.0,0.4966728687286377,1.1420970168584175
QM9-gap-85k,BO(EI),47,11,0.5048,100.0,0.49900197982788086,1.2567807102245951
QM9-gap-85k,BO(EI),47,12,0.5048,100.0,0.5073611736297607,1.2564995323849875
QM9-gap-85k,BO(EI),47,13,0.5048,100.0,0.5095360279083252,1.2573600649691814
QM9-gap-85k,BO(EI),47,14,0.5048,100.0,0.5329329967498779,1.2861747337991343
QM9-gap-85k,BO(EI),47,15,0.5048,100.0,0.5281720161437988,1.298204328634382
QM9-gap-85k,BO(EI),47,16,0.5048,100.0,0.5362410545349121,1.3227883173548627
QM9-gap-85k,BO(EI),47,17,0.5048,100.0,0.537053108215332,1.303732553160686
QM9-gap-85k,BO(EI),47,18,0.5048,100.0,0.5473840236663818,1.2931750006432503
QM9-gap-85k,BO(EI),47,19,0.5048,100.0,0.5579500198364258,1.2815317743990928
QM9-gap-85k,GA,47,-1,0.2086,35.99827139152981,0.0,0.0
QM9-gap-85k,GA,47,0,0.2943,54.51598962834918,0.5530469417572021,0.7670787551305115
QM9-gap-85k,GA,47,1,0.3095,57.800345721694036,0.554440975189209,0.8705689052819943
QM9-gap-85k,GA,47,2,0.3167,59.356093344857385,0.5904018878936768,0.8563626591240967
QM9-gap-85k,GA,47,3,0.3285,61.90579083837511,0.6054339408874512,0.8660221123781257
QM9-gap-85k,GA,47,4,0.3294,62.10025929127053,0.6269540786743164,0.8691364853252692
QM9-gap-85k,GA,47,5,0.3556,67.76145203111496,0.6412243843078613,0.8661032492062003
QM9-gap-85k,GA,47,6,0.3556,67.76145203111496,0.6608281135559082,0.860889218324325
QM9-gap-85k,GA,47,7,0.3556,67.76145203111496,0.6711280345916748,0.8501252255235263
QM9-gap-85k,GA,47,8,0.3556,67.76145203111496,0.6806967258453369,0.8462566511590783
QM9-gap-85k,GA,47,9,0.3602,68.75540190146931,0.6844210624694824,0.8408327859878445
QM9-gap-85k,GA,47,10,0.3602,68.75540190146931,0.7011380195617676,0.8437015760108832
QM9-gap-85k,GA,47,11,0.3602,68.75540190146931,0.6939277648925781,0.8334946562518152
QM9-gap-85k,GA,47,12,0.3669,70.20311149524633,0.68886399269104,0.8180681248057737
QM9-gap-85k,GA,47,13,0.3679,70.41918755401902,0.7011950016021729,0.8138316510785374
QM9-gap-85k,GA,47,14,0.3679,70.41918755401902,0.715728759765625,0.8146890197579126
QM9-gap-85k,GA,47,15,0.3679,70.41918755401902,0.7091450691223145,0.8067079254487423
QM9-gap-85k,GA,47,16,0.3679,70.41918755401902,0.7067902088165283,0.7960547113969548
QM9-gap-85k,GA,47,17,0.3679,70.41918755401902,0.7123639583587646,0.7867175262997793
QM9-gap-85k,GA,47,18,0.3743,71.80207433016422,0.7123541831970215,0.7754201181549503
QM9-gap-85k,GA,47,19,0.3934,75.92912705272255,0.7245330810546875,0.7869730651520167
QM9-gap-85k,Random,47,-1,0.2086,35.99827139152981,0.0,0.0
QM9-gap-85k,Random,47,0,0.3585,68.38807260155573,0.1866288185119629,0.9738959789321253
QM9-gap-85k,Random,47,1,0.3585,68.38807260155573,0.18650126457214355,1.1088768968812983
QM9-gap-85k,Random,47,2,0.3585,68.38807260155573,0.18822002410888672,1.040669108213226
QM9-gap-85k,Random,47,3,0.3585,68.38807260155573,0.19157719612121582,0.9916571425629114
QM9-gap-85k,Random,47,4,0.3585,68.38807260155573,0.19245004653930664,0.9966826312698247
QM9-gap-85k,Random,47,5,0.3585,68.38807260155573,0.19278812408447266,0.9734381802212946
QM9-gap-85k,Random,47,6,0.3585,68.38807260155573,0.19463586807250977,0.9826941110387037
QM9-gap-85k,Random,47,7,0.3585,68.38807260155573,0.1978318691253662,0.9476526993093239
QM9-gap-85k,Random,47,8,0.3585,68.38807260155573,0.1983809471130371,0.9337673211474486
QM9-gap-85k,Random,47,9,0.3585,68.38807260155573,0.19967317581176758,0.940852936536141
QM9-gap-85k,Random,47,10,0.3585,68.38807260155573,0.20682382583618164,0.9505888458225509
QM9-gap-85k,Random,47,11,0.3585,68.38807260155573,0.20363783836364746,0.9475100174595693
QM9-gap-85k,Random,47,12,0.3585,68.38807260155573,0.20702695846557617,0.9394074961861076
QM9-gap-85k,Random,47,13,0.3585,68.38807260155573,0.21348118782043457,0.9241617416583449
QM9-gap-85k,Random,47,14,0.3585,68.38807260155573,0.2123100757598877,0.9150600443875279
QM9-gap-85k,Random,47,15,0.3585,68.38807260155573,0.21532177925109863,0.9109238297474814
QM9-gap-85k,Random,47,16,0.3585,68.38807260155573,0.21731305122375488,0.915975418822924
QM9-gap-85k,Random,47,17,0.3585,68.38807260155573,0.22170305252075195,0.9076888704404252
QM9-gap-85k,Random,47,18,0.3585,68.38807260155573,0.2250199317932129,0.9055463324322378
QM9-gap-85k,Random,47,19,0.3585,68.38807260155573,0.22659707069396973,0.8993415913445189
QM9-gap-85k,GLOSS,53,-1,0.2076,35.78219533275713,0.0,0.0
QM9-gap-85k,GLOSS,53,0,0.2959,54.861711322385474,1.8738408088684082,0.5590096499224572
QM9-gap-85k,GLOSS,53,1,0.3184,59.72342264477096,2.014774799346924,0.6517848414032342
QM9-gap-85k,GLOSS,53,2,0.3422,64.86603284356093,1.9780898094177246,0.6946722737465849
QM9-gap-85k,GLOSS,53,3,0.3628,69.31719965427831,1.9655468463897705,0.7425953830174364
QM9-gap-85k,GLOSS,53,4,0.3824,73.55229040622298,1.6340811252593994,0.8192420670803345
QM9-gap-85k,GLOSS,53,5,0.3891,75.0,1.68190598487854,0.8656560853186389
QM9-gap-85k,GLOSS,53,6,0.5048,100.0,1.6314940452575684,1.0154245019672796
QM9-gap-85k,GLOSS,53,7,0.5048,100.0,1.570986032485962,1.1622629004778076
QM9-gap-85k,GLOSS,53,8,0.5048,100.0,1.6679730415344238,1.1569270978013244
QM9-gap-85k,GLOSS,53,9,0.5048,100.0,1.6648659706115723,1.1723477432079399
QM9-gap-85k,GLOSS,53,10,0.5048,100.0,1.6914989948272705,1.1555276898467304
QM9-gap-85k,GLOSS,53,11,0.5048,100.0,1.6837670803070068,1.139028326048521
QM9-gap-85k,GLOSS,53,12,0.5048,100.0,1.7554118633270264,1.1210551020010404
QM9-gap-85k,GLOSS,53,13,0.5048,100.0,1.7304418087005615,1.1033550501953806
QM9-gap-85k,GLOSS,53,14,0.5048,100.0,1.774735927581787,1.099228797686217
QM9-gap-85k,GLOSS,53,15,0.5048,100.0,1.8320250511169434,1.0965813279921788
QM9-gap-85k,GLOSS,53,16,0.5048,100.0,1.8419640064239502,1.0868799104417715
QM9-gap-85k,GLOSS,53,17,0.5048,100.0,1.8395931720733643,1.0890943469401988
QM9-gap-85k,GLOSS,53,18,0.5048,100.0,2.221816062927246,1.089782792529727
QM9-gap-85k,GLOSS,53,19,0.5048,100.0,2.7956900596618652,1.1150396658470532
QM9-gap-85k,UCB-BO,53,-1,0.2076,35.78219533275713,0.0,0.0
QM9-gap-85k,UCB-BO,53,0,0.2921,54.04062229904927,0.5608210563659668,0.21501842215441017
QM9-gap-85k,UCB-BO,53,1,0.2921,54.04062229904927,0.5992870330810547,0.4197672377779406
QM9-gap-85k,UCB-BO,53,2,0.3129,58.53500432152118,0.6278119087219238,0.5228339131186226
QM9-gap-85k,UCB-BO,53,3,0.4179,81.22299049265341,0.6515922546386719,0.9592103977875863
QM9-gap-85k,UCB-BO,53,4,0.4179,81.22299049265341,0.6582260131835938,1.049111512567741
QM9-gap-85k,UCB-BO,53,5,0.4179,81.22299049265341,0.6896507740020752,1.0732219021497327
QM9-gap-85k,UCB-BO,53,6,0.5048,100.0,0.6863598823547363,1.1260468033080306
QM9-gap-85k,UCB-BO,53,7,0.5048,100.0,0.7021660804748535,1.1818450386464279
QM9-gap-85k,UCB-BO,53,8,0.5048,100.0,0.7307991981506348,1.1828103961908834
QM9-gap-85k,UCB-BO,53,9,0.5048,100.0,0.7268691062927246,1.158560330942619
QM9-gap-85k,UCB-BO,53,10,0.5048,100.0,0.7109029293060303,1.1313832949390246
QM9-gap-85k,UCB-BO,53,11,0.5048,100.0,0.7281689643859863,1.0980305457423938
QM9-gap-85k,UCB-BO,53,12,0.5048,100.0,0.7406041622161865,1.0632805106206722
QM9-gap-85k,UCB-BO,53,13,0.5048,100.0,0.7486457824707031,1.0532060069025577
QM9-gap-85k,UCB-BO,53,14,0.5048,100.0,0.738379955291748,1.029781927338482
QM9-gap-85k,UCB-BO,53,15,0.5048,100.0,0.7434802055358887,0.9974650081506597
QM9-gap-85k,UCB-BO,53,16,0.5048,100.0,0.7399618625640869,0.97682540750224
QM9-gap-85k,UCB-BO,53,17,0.5048,100.0,0.7436017990112305,0.9589539421948233
QM9-gap-85k,UCB-BO,53,18,0.5048,100.0,0.7465331554412842,0.9529978665040432
QM9-gap-85k,UCB-BO,53,19,0.5048,100.0,0.7556931972503662,0.9346797986951991
QM9-gap-85k,BO(EI),53,-1,0.2076,35.78219533275713,0.0,0.0
QM9-gap-85k,BO(EI),53,0,0.3284,61.88418323249785,0.5656290054321289,0.3108077670117522
QM9-gap-85k,BO(EI),53,1,0.3411,64.62834917891098,0.6253819465637207,0.5363589077224492
QM9-gap-85k,BO(EI),53,2,0.3809,73.22817631806396,0.6201279163360596,0.6233217385407468
QM9-gap-85k,BO(EI),53,3,0.3957,76.42610198789974,0.6447269916534424,0.7496556773092965
QM9-gap-85k,BO(EI),53,4,0.4107,79.66724286949007,0.6477539539337158,0.7707392937843903
QM9-gap-85k,BO(EI),53,5,0.5048,100.0,0.6632611751556396,0.949682467920952
QM9-gap-85k,BO(EI),53,6,0.5048,100.0,0.6588120460510254,1.085524295934304
QM9-gap-85k,BO(EI),53,7,0.5048,100.0,0.6847538948059082,1.0886581203910417
QM9-gap-85k,BO(EI),53,8,0.5048,100.0,0.70656418800354,1.0854399254318856
QM9-gap-85k,BO(EI),53,9,0.5048,100.0,0.6840379238128662,1.1520521428295638
QM9-gap-85k,BO(EI),53,10,0.5048,100.0,0.7015731334686279,1.1862898217700975
QM9-gap-85k,BO(EI),53,11,0.5048,100.0,0.7450978755950928,1.1811065846046798
QM9-gap-85k,BO(EI),53,12,0.5048,100.0,0.7323529720306396,1.1786277842469055
QM9-gap-85k,BO(EI),53,13,0.5048,100.0,0.7644453048706055,1.1699525377004278
QM9-gap-85k,BO(EI),53,14,0.5048,100.0,0.773655891418457,1.1544853206125427
QM9-gap-85k,BO(EI),53,15,0.5048,100.0,0.7501120567321777,1.1650166936601842
QM9-gap-85k,BO(EI),53,16,0.5048,100.0,0.7702360153198242,1.1880469557012934
QM9-gap-85k,BO(EI),53,17,0.5048,100.0,0.7725811004638672,1.1980516374893737
QM9-gap-85k,BO(EI),53,18,0.5048,100.0,0.7877042293548584,1.2415915620205646
QM9-gap-85k,BO(EI),53,19,0.5048,100.0,0.7925288677215576,1.2556031891501183
QM9-gap-85k,GA,53,-1,0.2076,35.78219533275713,0.0,0.0
QM9-gap-85k,GA,53,0,0.3511,66.78910976663785,0.7715787887573242,0.5827754411538643
QM9-gap-85k,GA,53,1,0.3511,66.78910976663785,0.8106269836425781,0.7111569802556864
QM9-gap-85k,GA,53,2,0.3596,68.6257562662057,0.8411860466003418,0.7085840030975689
QM9-gap-85k,GA,53,3,0.3596,68.6257562662057,0.8558919429779053,0.7303961091703982
QM9-gap-85k,GA,53,4,0.3596,68.6257562662057,0.8580021858215332,0.7310381227394711
QM9-gap-85k,GA,53,5,0.3734,71.6076058772688,0.8816478252410889,0.7374872472477848
QM9-gap-85k,GA,53,6,0.3734,71.6076058772688,0.8865509033203125,0.7577298625937583
QM9-gap-85k,GA,53,7,0.3734,71.6076058772688,0.9121809005737305,0.7571184679895109
QM9-gap-85k,GA,53,8,0.3734,71.6076058772688,0.8974442481994629,0.7576026391236971
QM9-gap-85k,GA,53,9,0.3734,71.6076058772688,0.9105958938598633,0.7599177497059468
QM9-gap-85k,GA,53,10,0.3734,71.6076058772688,0.9210331439971924,0.7522932501256366
QM9-gap-85k,GA,53,11,0.3734,71.6076058772688,0.9576139450073242,0.7454561178888517
QM9-gap-85k,GA,53,12,0.3734,71.6076058772688,0.9577422142028809,0.7454333909371896
QM9-gap-85k,GA,53,13,0.3734,71.6076058772688,0.9527170658111572,0.7501295719586915
QM9-gap-85k,GA,53,14,0.3734,71.6076058772688,0.9566550254821777,0.7428169496684663
QM9-gap-85k,GA,53,15,0.3734,71.6076058772688,0.9576230049133301,0.7388886213718783
QM9-gap-85k,GA,53,16,0.3734,71.6076058772688,0.9561870098114014,0.731991794799912
QM9-gap-85k,GA,53,17,0.375,71.9533275713051,0.9582948684692383,0.7400984753713902
QM9-gap-85k,GA,53,18,0.375,71.9533275713051,0.9580752849578857,0.7336194881648788
QM9-gap-85k,GA,53,19,0.3782,72.6447709593777,0.9595208168029785,0.7295659456487935
QM9-gap-85k,Random,53,-1,0.2076,35.78219533275713,0.0,0.0
QM9-gap-85k,Random,53,0,0.3255,61.25756266205704,0.27342915534973145,0.8919981150515632
QM9-gap-85k,Random,53,1,0.3435,65.14693171996542,0.2801947593688965,0.8290963830879512
QM9-gap-85k,Random,53,2,0.3435,65.14693171996542,0.27654409408569336,0.7876240771394238
QM9-gap-85k,Random,53,3,0.3435,65.14693171996542,0.2794761657714844,0.855949083268579
QM9-gap-85k,Random,53,4,0.3435,65.14693171996542,0.2807598114013672,0.8588258897645442
QM9-gap-85k,Random,53,5,0.3435,65.14693171996542,0.2873048782348633,0.8602436494942647
QM9-gap-85k,Random,53,6,0.3435,65.14693171996542,0.2900862693786621,0.897465475182132
QM9-gap-85k,Random,53,7,0.3435,65.14693171996542,0.2958199977874756,0.8910538537995013
QM9-gap-85k,Random,53,8,0.3435,65.14693171996542,0.29959893226623535,0.8843242019934185
QM9-gap-85k,Random,53,9,0.3435,65.14693171996542,0.2996652126312256,0.878983407688594
QM9-gap-85k,Random,53,10,0.3435,65.14693171996542,0.30211710929870605,0.8888634472565698
QM9-gap-85k,Random,53,11,0.3435,65.14693171996542,0.3076329231262207,0.8909289585619098
QM9-gap-85k,Random,53,12,0.3435,65.14693171996542,0.3062131404876709,0.8865020658585314
QM9-gap-85k,Random,53,13,0.3796,72.94727744165947,0.30763697624206543,0.8886575075857327
QM9-gap-85k,Random,53,14,0.3796,72.94727744165947,0.3173489570617676,0.9032084613297836
QM9-gap-85k,Random,53,15,0.3796,72.94727744165947,0.3193490505218506,0.9035797432052185
QM9-gap-85k,Random,53,16,0.3796,72.94727744165947,0.32625913619995117,0.893084841523603
QM9-gap-85k,Random,53,17,0.3796,72.94727744165947,0.32792115211486816,0.8846031416936102
QM9-gap-85k,Random,53,18,0.3796,72.94727744165947,0.3338289260864258,0.881651663824386
QM9-gap-85k,Random,53,19,0.3796,72.94727744165947,0.3333277702331543,0.8775138749967867
QM9-gap-85k,GLOSS,59,-1,0.2045,35.11235955056179,0.0,0.0
QM9-gap-85k,GLOSS,59,0,0.3426,64.95246326707,2.3443210124969482,0.935876910408812
QM9-gap-85k,GLOSS,59,1,0.5048,100.0,2.0508131980895996,1.2562757320763462
QM9-gap-85k,GLOSS,59,2,0.5048,100.0,2.110579013824463,1.1504525075894694
QM9-gap-85k,GLOSS,59,3,0.5048,100.0,2.0846967697143555,1.131797269412324
QM9-gap-85k,GLOSS,59,4,0.5048,100.0,2.095461845397949,1.1852963978615478
QM9-gap-85k,GLOSS,59,5,0.5048,100.0,2.20146107673645,1.2011953247868303
QM9-gap-85k,GLOSS,59,6,0.5048,100.0,2.2392630577087402,1.1849089757076767
QM9-gap-85k,GLOSS,59,7,0.5048,100.0,2.214632749557495,1.1767098450586613
QM9-gap-85k,GLOSS,59,8,0.5048,100.0,2.248034715652466,1.1599544486870812
QM9-gap-85k,GLOSS,59,9,0.5048,100.0,2.3291640281677246,1.1390222772580958
QM9-gap-85k,GLOSS,59,10,0.5048,100.0,2.3605387210845947,1.1260146527161132
QM9-gap-85k,GLOSS,59,11,0.5048,100.0,2.4559528827667236,1.1330971055064543
QM9-gap-85k,GLOSS,59,12,0.5048,100.0,2.488010883331299,1.1749729841384968
QM9-gap-85k,GLOSS,59,13,0.5048,100.0,2.4193499088287354,1.1733668510079094
QM9-gap-85k,GLOSS,59,14,0.5048,100.0,2.441028118133545,1.1666435585599135
QM9-gap-85k,GLOSS,59,15,0.5048,100.0,2.508190870285034,1.1733916775352724
QM9-gap-85k,GLOSS,59,16,0.5048,100.0,2.5964369773864746,1.1577578788158018
QM9-gap-85k,GLOSS,59,17,0.5048,100.0,2.5793352127075195,1.1504534359483451
QM9-gap-85k,GLOSS,59,18,0.5048,100.0,2.608487129211426,1.157382106170021
QM9-gap-85k,GLOSS,59,19,0.5048,100.0,2.7274832725524902,1.181263250487145
QM9-gap-85k,UCB-BO,59,-1,0.2045,35.11235955056179,0.0,0.0
QM9-gap-85k,UCB-BO,59,0,0.354,67.41573033707866,0.5542070865631104,0.4038235477257336
QM9-gap-85k,UCB-BO,59,1,0.354,67.41573033707866,0.5918629169464111,0.7272583546715966
QM9-gap-85k,UCB-BO,59,2,0.354,67.41573033707866,0.5969648361206055,0.7990815247968127
QM9-gap-85k,UCB-BO,59,3,0.354,67.41573033707866,0.5986082553863525,0.7677345160056767
QM9-gap-85k,UCB-BO,59,4,0.354,67.41573033707866,0.6182291507720947,0.7764827826531304
QM9-gap-85k,UCB-BO,59,5,0.354,67.41573033707866,0.641491174697876,0.7738452568517541
QM9-gap-85k,UCB-BO,59,6,0.354,67.41573033707866,0.6569228172302246,0.8228278473436174
QM9-gap-85k,UCB-BO,59,7,0.354,67.41573033707866,0.6902241706848145,0.8249026482721429
QM9-gap-85k,UCB-BO,59,8,0.354,67.41573033707866,0.6928131580352783,0.8799107753571702
QM9-gap-85k,UCB-BO,59,9,0.3594,68.58254105445116,0.6875081062316895,0.9061014986283833
QM9-gap-85k,UCB-BO,59,10,0.3594,68.58254105445116,0.7171180248260498,0.8946741199221979
QM9-gap-85k,UCB-BO,59,11,0.3594,68.58254105445116,0.7239048480987549,0.8919591072003936
QM9-gap-85k,UCB-BO,59,12,0.3594,68.58254105445116,0.732614278793335,0.8789598677428725
QM9-gap-85k,UCB-BO,59,13,0.3657,69.9438202247191,0.7496461868286133,0.8824206541156798
QM9-gap-85k,UCB-BO,59,14,0.374,71.73725151253241,0.7484240531921387,0.8762541182593894
QM9-gap-85k,UCB-BO,59,15,0.374,71.73725151253241,0.7403931617736816,0.8583969776040771
QM9-gap-85k,UCB-BO,59,16,0.374,71.73725151253241,0.7601158618927002,0.8616442668185431
QM9-gap-85k,UCB-BO,59,17,0.3796,72.94727744165947,0.7618691921234131,0.8927490173035714
QM9-gap-85k,UCB-BO,59,18,0.3796,72.94727744165947,0.7658951282501221,0.9208375017243162
QM9-gap-85k,UCB-BO,59,19,0.3796,72.94727744165947,0.7579867839813232,0.9224023038170825
QM9-gap-85k,BO(EI),59,-1,0.2045,35.11235955056179,0.0,0.0
QM9-gap-85k,BO(EI),59,0,0.354,67.41573033707866,0.5479259490966797,0.3637819126299819
QM9-gap-85k,BO(EI),59,1,0.354,67.41573033707866,0.5794219970703125,0.7484174710722036
QM9-gap-85k,BO(EI),59,2,0.354,67.41573033707866,0.5869708061218262,0.8503402691178413
QM9-gap-85k,BO(EI),59,3,0.354,67.41573033707866,0.5839977264404297,0.8022673453935348
QM9-gap-85k,BO(EI),59,4,0.354,67.41573033707866,0.6010489463806152,0.9134331603957012
QM9-gap-85k,BO(EI),59,5,0.354,67.41573033707866,0.6280529499053955,0.8665218573169962
QM9-gap-85k,BO(EI),59,6,0.354,67.41573033707866,0.6527228355407715,0.8990956862251668
QM9-gap-85k,BO(EI),59,7,0.354,67.41573033707866,0.6673741340637207,0.874304086711276
QM9-gap-85k,BO(EI),59,8,0.354,67.41573033707866,0.6925787925720215,0.868882531536237
QM9-gap-85k,BO(EI),59,9,0.354,67.41573033707866,0.7049331665039062,0.8445197725890117
QM9-gap-85k,BO(EI),59,10,0.4306,83.96715643906654,0.7107388973236084,0.842915706604869
QM9-gap-85k,BO(EI),59,11,0.4306,83.96715643906654,0.6992650032043457,0.8479913258657902
QM9-gap-85k,BO(EI),59,12,0.4802,94.68452895419188,0.6989068984985352,0.8802159057570906
QM9-gap-85k,BO(EI),59,13,0.5048,100.0,0.7147719860076904,0.9257780572257253
QM9-gap-85k,BO(EI),59,14,0.5048,100.0,0.7062678337097168,0.9886490569282324
QM9-gap-85k,BO(EI),59,15,0.5048,100.0,0.7091608047485352,1.005112032769562
QM9-gap-85k,BO(EI),59,16,0.5048,100.0,0.7147860527038574,1.0586390341919103
QM9-gap-85k,BO(EI),59,17,0.5048,100.0,0.7305452823638916,1.0526757866228056
QM9-gap-85k,BO(EI),59,18,0.5048,100.0,0.7486038208007812,1.0648234908281247
QM9-gap-85k,BO(EI),59,19,0.5048,100.0,0.7524280548095703,1.1186020289161098
QM9-gap-85k,GA,59,-1,0.2045,35.11235955056179,0.0,0.0
QM9-gap-85k,GA,59,0,0.3423,64.8876404494382,0.7547099590301514,0.8308354532809378
QM9-gap-85k,GA,59,1,0.3423,64.8876404494382,0.7782747745513916,0.7541454842033413
QM9-gap-85k,GA,59,2,0.3534,67.28608470181503,0.8135700225830078,0.7743112248275302
QM9-gap-85k,GA,59,3,0.3534,67.28608470181503,0.8339660167694092,0.771863948122409
QM9-gap-85k,GA,59,4,0.3565,67.95592048401036,0.8471488952636719,0.7728073763317268
QM9-gap-85k,GA,59,5,0.3565,67.95592048401036,0.8695979118347168,0.777280175531057
QM9-gap-85k,GA,59,6,0.3565,67.95592048401036,0.8953306674957275,0.8064886207384073
QM9-gap-85k,GA,59,7,0.3784,72.68798617113224,0.9047989845275879,0.8328817101155174
QM9-gap-85k,GA,59,8,0.3784,72.68798617113224,0.9182007312774658,0.8132585082304069
QM9-gap-85k,GA,59,9,0.3784,72.68798617113224,0.922295093536377,0.7998363323340284
QM9-gap-85k,GA,59,10,0.3784,72.68798617113224,0.9380829334259033,0.802548839753635
QM9-gap-85k,GA,59,11,0.3784,72.68798617113224,0.9458451271057129,0.799492144390827
QM9-gap-85k,GA,59,12,0.3784,72.68798617113224,0.9541501998901367,0.7979075471737469
QM9-gap-85k,GA,59,13,0.3784,72.68798617113224,0.953251838684082,0.7920133997084198
QM9-gap-85k,GA,59,14,0.3784,72.68798617113224,0.9723577499389648,0.7811936845000642
QM9-gap-85k,GA,59,15,0.3864,74.41659464131375,0.9863128662109375,0.7782344002995508
QM9-gap-85k,GA,59,16,0.3864,74.41659464131375,0.9919631481170654,0.7811779049801157
QM9-gap-85k,GA,59,17,0.3864,74.41659464131375,1.0003681182861328,0.788387273277758
QM9-gap-85k,GA,59,18,0.3901,75.21607605877269,0.9983720779418945,0.7828228236306094
QM9-gap-85k,GA,59,19,0.3901,75.21607605877269,0.9974231719970703,0.7861720030635277
QM9-gap-85k,Random,59,-1,0.2045,35.11235955056179,0.0,0.0
QM9-gap-85k,Random,59,0,0.3129,58.53500432152118,0.28253698348999023,0.8291194691330123
QM9-gap-85k,Random,59,1,0.3131,58.578219533275714,0.2770359516143799,0.885359312864072
QM9-gap-85k,Random,59,2,0.3332,62.92134831460674,0.2843751907348633,0.8398324160925705
QM9-gap-85k,Random,59,3,0.3332,62.92134831460674,0.28476715087890625,0.8856348434421709
QM9-gap-85k,Random,59,4,0.3332,62.92134831460674,0.2821469306945801,0.8697891691897154
QM9-gap-85k,Random,59,5,0.3365,63.63439930855661,0.2872579097747803,0.8994542384482723
QM9-gap-85k,Random,59,6,0.3365,63.63439930855661,0.28922295570373535,0.8792164321630618
QM9-gap-85k,Random,59,7,0.3365,63.63439930855661,0.295123815536499,0.8723369218678559
QM9-gap-85k,Random,59,8,0.3365,63.63439930855661,0.2952258586883545,0.8575497115179241
QM9-gap-85k,Random,59,9,0.3365,63.63439930855661,0.29985785484313965,0.8621239608985753
QM9-gap-85k,Random,59,10,0.3365,63.63439930855661,0.3004753589630127,0.8511896702102777
QM9-gap-85k,Random,59,11,0.3365,63.63439930855661,0.30494093894958496,0.8503802106825216
QM9-gap-85k,Random,59,12,0.3365,63.63439930855661,0.3076927661895752,0.854776322685613
QM9-gap-85k,Random,59,13,0.3365,63.63439930855661,0.31082773208618164,0.8594433560308177
QM9-gap-85k,Random,59,14,0.3365,63.63439930855661,0.31328797340393066,0.8521393846806211
QM9-gap-85k,Random,59,15,0.3365,63.63439930855661,0.32065701484680176,0.854245118031962
QM9-gap-85k,Random,59,16,0.3365,63.63439930855661,0.3211650848388672,0.8530218318640079
QM9-gap-85k,Random,59,17,0.3365,63.63439930855661,0.3426218032836914,0.8521213299411701
QM9-gap-85k,Random,59,18,0.3365,63.63439930855661,0.330366849899292,0.8569348649936537
QM9-gap-85k,Random,59,19,0.338,63.958513396715645,0.3371109962463379,0.8603867876545634
QM9-gap-85k,GLOSS,61,-1,0.2083,35.933448573898005,0.0,0.0
QM9-gap-85k,GLOSS,61,0,0.2146,37.29472774416595,1.9368083477020264,0.3723799535916366
QM9-gap-85k,GLOSS,61,1,0.2308,40.79515989628349,2.0912811756134033,0.5275078505016751
QM9-gap-85k,GLOSS,61,2,0.2371,42.15643906655142,2.277717113494873,0.6695118897282473
QM9-gap-85k,GLOSS,61,3,0.2625,47.644770959377695,2.1839873790740967,0.8205056246054842
QM9-gap-85k,GLOSS,61,4,0.3038,56.568712186689716,2.1645913124084473,1.0103711369286308
QM9-gap-85k,GLOSS,61,5,0.3283,61.86257562662056,2.17675518989563,1.1361238439554056
QM9-gap-85k,GLOSS,61,6,0.5048,100.0,2.1625232696533203,1.37270697667428
QM9-gap-85k,GLOSS,61,7,0.5048,100.0,2.2055418491363525,1.449616577819586
QM9-gap-85k,GLOSS,61,8,0.5048,100.0,2.2510221004486084,1.4822281290788746
QM9-gap-85k,GLOSS,61,9,0.5048,100.0,2.2238609790802,1.5046164176364636
QM9-gap-85k,GLOSS,61,10,0.5048,100.0,2.2607979774475098,1.4889211769001498
QM9-gap-85k,GLOSS,61,11,0.5048,100.0,2.354094982147217,1.478997544334634
QM9-gap-85k,GLOSS,61,12,0.5048,100.0,2.4190924167633057,1.4660726303986513
QM9-gap-85k,GLOSS,61,13,0.5048,100.0,2.411576271057129,1.4613214975409028
QM9-gap-85k,GLOSS,61,14,0.5048,100.0,2.5030550956726074,1.4529329967807385
QM9-gap-85k,GLOSS,61,15,0.5048,100.0,2.532672166824341,1.434063753556148
QM9-gap-85k,GLOSS,61,16,0.5048,100.0,2.4961469173431396,1.413845818353255
QM9-gap-85k,GLOSS,61,17,0.5048,100.0,2.630913019180298,1.3982828034166788
QM9-gap-85k,GLOSS,61,18,0.5048,100.0,2.6040890216827393,1.3911564517905517
QM9-gap-85k,GLOSS,61,19,0.5048,100.0,2.5971410274505615,1.3865062116025224
QM9-gap-85k,UCB-BO,61,-1,0.2083,35.933448573898005,0.0,0.0
QM9-gap-85k,UCB-BO,61,0,0.2216,38.80726015557475,0.5493988990783691,0.06243577737588598
QM9-gap-85k,UCB-BO,61,1,0.2216,38.80726015557475,0.5639686584472656,0.4347919096624023
QM9-gap-85k,UCB-BO,61,2,0.2418,43.171996542783056,0.6104381084442139,0.3970581368409272
QM9-gap-85k,UCB-BO,61,3,0.2782,51.03716508210889,0.6119909286499023,0.7842145435252446
QM9-gap-85k,UCB-BO,61,4,0.3202,60.11235955056179,0.6244590282440186,0.9312792332369044
QM9-gap-85k,UCB-BO,61,5,0.3202,60.11235955056179,0.6622493267059326,1.060318830829357
QM9-gap-85k,UCB-BO,61,6,0.3338,63.050993949870346,0.7059788703918457,1.1044914991405255
QM9-gap-85k,UCB-BO,61,7,0.3515,66.87554019014692,0.7153229713439941,1.1519875005354452
QM9-gap-85k,UCB-BO,61,8,0.3515,66.87554019014692,0.7358648777008057,1.1726613772942884
QM9-gap-85k,UCB-BO,61,9,0.3672,70.26793431287814,0.7439138889312744,1.1755563597251328
QM9-gap-85k,UCB-BO,61,10,0.3672,70.26793431287814,0.7694039344787598,1.1945173140696832
QM9-gap-85k,UCB-BO,61,11,0.3716,71.21866897147795,0.7745828628540039,1.1944663257630295
QM9-gap-85k,UCB-BO,61,12,0.3842,73.94122731201382,0.7639808654785156,1.1961156005104718
QM9-gap-85k,UCB-BO,61,13,0.3901,75.21607605877269,0.7777490615844727,1.1946105334907713
QM9-gap-85k,UCB-BO,61,14,0.4306,83.96715643906654,0.7692296504974365,1.1981342548106029
QM9-gap-85k,UCB-BO,61,15,0.4802,94.68452895419188,0.7779569625854492,1.215236584973764
QM9-gap-85k,UCB-BO,61,16,0.4802,94.68452895419188,0.7889337539672852,1.207571428530221
QM9-gap-85k,UCB-BO,61,17,0.5048,100.0,0.7899749279022217,1.251963186011535
QM9-gap-85k,UCB-BO,61,18,0.5048,100.0,0.804128885269165,1.2647381393352144
QM9-gap-85k,UCB-BO,61,19,0.5048,100.0,0.7987101078033447,1.2642669131362176
QM9-gap-85k,BO(EI),61,-1,0.2083,35.933448573898005,0.0,0.0
QM9-gap-85k,BO(EI),61,0,0.2154,37.46758859118409,0.5541839599609375,0.036021080823337784
QM9-gap-85k,BO(EI),61,1,0.2268,39.93085566119273,0.5655848979949951,0.19723128744346594
QM9-gap-85k,BO(EI),61,2,0.2299,40.600691443388065,0.5883100032806396,0.2817671889779393
QM9-gap-85k,BO(EI),61,3,0.2572,46.499567847882446,0.5928390026092529,0.6018539836287284
QM9-gap-85k,BO(EI),61,4,0.3379,63.936905790838374,0.6135759353637695,0.9394138627096196
QM9-gap-85k,BO(EI),61,5,0.3901,75.21607605877269,0.6264550685882568,1.187561500111969
QM9-gap-85k,BO(EI),61,6,0.3901,75.21607605877269,0.6577138900756836,1.3772211199932536
QM9-gap-85k,BO(EI),61,7,0.3901,75.21607605877269,0.6561739444732666,1.413669105266691
QM9-gap-85k,BO(EI),61,8,0.418,81.24459809853067,0.6901421546936035,1.4271653294079985
QM9-gap-85k,BO(EI),61,9,0.4802,94.68452895419188,0.6700489521026611,1.4166789052930486
QM9-gap-85k,BO(EI),61,10,0.4802,94.68452895419188,0.6786561012268066,1.4133636299187882
QM9-gap-85k,BO(EI),61,11,0.4802,94.68452895419188,0.7064340114593506,1.4104274229787184
QM9-gap-85k,BO(EI),61,12,0.4802,94.68452895419188,0.7165501117706299,1.3943120468248535
QM9-gap-85k,BO(EI),61,13,0.4802,94.68452895419188,0.7375209331512451,1.3990621549906332
QM9-gap-85k,BO(EI),61,14,0.4802,94.68452895419188,0.7244951725006104,1.3852017517788744
QM9-gap-85k,BO(EI),61,15,0.4802,94.68452895419188,0.7350559234619141,1.3659560819037875
QM9-gap-85k,BO(EI),61,16,0.4802,94.68452895419188,0.753450870513916,1.3513720959331457
QM9-gap-85k,BO(EI),61,17,0.4802,94.68452895419188,0.7592990398406982,1.3331835453127088
QM9-gap-85k,BO(EI),61,18,0.4802,94.68452895419188,0.76627516746521,1.312097921257876
QM9-gap-85k,BO(EI),61,19,0.4802,94.68452895419188,0.772515058517456,1.2999158596777247
QM9-gap-85k,GA,61,-1,0.2083,35.933448573898005,0.0,0.0
QM9-gap-85k,GA,61,0,0.3476,66.03284356093346,0.7669079303741455,1.0324757296871492
QM9-gap-85k,GA,61,1,0.374,71.73725151253241,0.8006081581115723,1.034432924888808
QM9-gap-85k,GA,61,2,0.374,71.73725151253241,0.8337068557739258,0.9774723332625294
QM9-gap-85k,GA,61,3,0.374,71.73725151253241,0.8661801815032959,0.914741247451712
QM9-gap-85k,GA,61,4,0.374,71.73725151253241,0.908951997756958,0.9143783754699887
QM9-gap-85k,GA,61,5,0.374,71.73725151253241,0.937859058380127,0.9241491389583594
QM9-gap-85k,GA,61,6,0.374,71.73725151253241,0.9440219402313232,0.9062715174611549
QM9-gap-85k,GA,61,7,0.4465,87.40276577355229,0.9552981853485107,0.9156317035724256
QM9-gap-85k,GA,61,8,0.4465,87.40276577355229,0.9534242153167725,0.8904078796584832
QM9-gap-85k,GA,61,9,0.4465,87.40276577355229,0.9656319618225098,0.8710285969086122
QM9-gap-85k,GA,61,10,0.4465,87.40276577355229,0.9504799842834473,0.845712689142148
QM9-gap-85k,GA,61,11,0.4465,87.40276577355229,0.9576330184936523,0.8336928920509259
QM9-gap-85k,GA,61,12,0.4465,87.40276577355229,0.9686777591705322,0.8244051715249967
QM9-gap-85k,GA,61,13,0.4465,87.40276577355229,0.9598488807678223,0.80543535806828
QM9-gap-85k,GA,61,14,0.4465,87.40276577355229,0.9674370288848877,0.805532420423271
QM9-gap-85k,GA,61,15,0.4465,87.40276577355229,0.9682650566101074,0.8052303222587214
QM9-gap-85k,GA,61,16,0.4465,87.40276577355229,0.971574068069458,0.8039304628414122
QM9-gap-85k,GA,61,17,0.4465,87.40276577355229,0.9841041564941406,0.8006376562616236
QM9-gap-85k,GA,61,18,0.4465,87.40276577355229,1.013463020324707,0.7970018484457949
QM9-gap-85k,GA,61,19,0.4465,87.40276577355229,1.0319499969482422,0.7945128353605442
QM9-gap-85k,Random,61,-1,0.2083,35.933448573898005,0.0,0.0
QM9-gap-85k,Random,61,0,0.3443,65.31979256698357,0.2804539203643799,0.7500682073081615
QM9-gap-85k,Random,61,1,0.3447,65.40622299049265,0.28615808486938477,0.834691002801584
QM9-gap-85k,Random,61,2,0.3447,65.40622299049265,0.28324460983276367,0.7855644926169251
QM9-gap-85k,Random,61,3,0.3447,65.40622299049265,0.28429698944091797,0.8609655324276683
QM9-gap-85k,Random,61,4,0.3447,65.40622299049265,0.2887558937072754,0.8494504999036834
QM9-gap-85k,Random,61,5,0.3447,65.40622299049265,0.29303503036499023,0.8588846916186362
QM9-gap-85k,Random,61,6,0.3447,65.40622299049265,0.2928438186645508,0.8950443455200696
QM9-gap-85k,Random,61,7,0.3447,65.40622299049265,0.29926419258117676,0.9038000331179382
QM9-gap-85k,Random,61,8,0.3447,65.40622299049265,0.3000180721282959,0.895257318555394
QM9-gap-85k,Random,61,9,0.3447,65.40622299049265,0.3031449317932129,0.8842138989606927
QM9-gap-85k,Random,61,10,0.3448,65.42783059636992,0.2996079921722412,0.8836626061165199
QM9-gap-85k,Random,61,11,0.3448,65.42783059636992,0.30560922622680664,0.8892710367582927
QM9-gap-85k,Random,61,12,0.3448,65.42783059636992,0.3118247985839844,0.8773393577266589
QM9-gap-85k,Random,61,13,0.3448,65.42783059636992,0.31516504287719727,0.8927202827744096
QM9-gap-85k,Random,61,14,0.3454,65.55747623163353,0.3214240074157715,0.892487170133865
QM9-gap-85k,Random,61,15,0.3454,65.55747623163353,0.32079005241394043,0.8899025292593046
QM9-gap-85k,Random,61,16,0.3454,65.55747623163353,0.32650208473205566,0.8865863379138352
QM9-gap-85k,Random,61,17,0.3454,65.55747623163353,0.3307688236236572,0.8780826545702641
QM9-gap-85k,Random,61,18,0.3454,65.55747623163353,0.33219218254089355,0.8700180287693631
QM9-gap-85k,Random,61,19,0.3454,65.55747623163353,0.3550698757171631,0.864497575049637
QM9-gap-85k,GLOSS,67,-1,0.2085,35.97666378565254,0.0,0.0
QM9-gap-85k,GLOSS,67,0,0.2694,49.13569576490924,2.64054012298584,0.43858866354068216
QM9-gap-85k,GLOSS,67,1,0.2752,50.38893690579083,2.7353286743164062,0.7545586341995086
QM9-gap-85k,GLOSS,67,2,0.3059,57.02247191011236,3.1584811210632324,0.6724269324174553
QM9-gap-85k,GLOSS,67,3,0.323,60.71737251512532,3.475334882736206,0.674089402292118
QM9-gap-85k,GLOSS,67,4,0.3591,68.51771823681935,3.424868106842041,0.7274341585585691
QM9-gap-85k,GLOSS,67,5,0.3645,69.68452895419188,2.687865972518921,0.8415498610026841
QM9-gap-85k,GLOSS,67,6,0.3957,76.42610198789974,2.5239510536193848,0.8937257334745359
QM9-gap-85k,GLOSS,67,7,0.5048,100.0,2.416660785675049,1.0694040030425096
QM9-gap-85k,GLOSS,67,8,0.5048,100.0,2.3973543643951416,1.1772637026115693
QM9-gap-85k,GLOSS,67,9,0.5048,100.0,2.4102559089660645,1.1922446932194137
QM9-gap-85k,GLOSS,67,10,0.5048,100.0,2.449876070022583,1.1880073088871506
QM9-gap-85k,GLOSS,67,11,0.5048,100.0,2.508610248565674,1.1742810067698095
QM9-gap-85k,GLOSS,67,12,0.5048,100.0,2.4834508895874023,1.1812083375117481
QM9-gap-85k,GLOSS,67,13,0.5048,100.0,2.558387279510498,1.1777405678441955
QM9-gap-85k,GLOSS,67,14,0.5048,100.0,2.5957579612731934,1.1781772471822782
QM9-gap-85k,GLOSS,67,15,0.5048,100.0,2.599653959274292,1.1742772228664216
QM9-gap-85k,GLOSS,67,16,0.5048,100.0,2.743304967880249,1.1664460652059636
QM9-gap-85k,GLOSS,67,17,0.5048,100.0,2.7322800159454346,1.1646337661643498
QM9-gap-85k,GLOSS,67,18,0.5048,100.0,2.698838949203491,1.160609778346245
QM9-gap-85k,GLOSS,67,19,0.5048,100.0,2.8445889949798584,1.1603608101002894
QM9-gap-85k,UCB-BO,67,-1,0.2085,35.97666378565254,0.0,0.0
QM9-gap-85k,UCB-BO,67,0,0.2694,49.13569576490924,0.5413932800292969,0.3536261239470147
QM9-gap-85k,UCB-BO,67,1,0.2694,49.13569576490924,0.592271089553833,0.5035168894782347
QM9-gap-85k,UCB-BO,67,2,0.2764,50.64822817631806,0.6167581081390381,0.7062280112648479
QM9-gap-85k,UCB-BO,67,3,0.2786,51.12359550561797,0.610781192779541,0.6842085598411625
QM9-gap-85k,UCB-BO,67,4,0.3097,57.843560933448565,0.6400408744812012,0.631517325862787
QM9-gap-85k,UCB-BO,67,5,0.3255,61.25756266205704,0.6690587997436523,0.6962833073304704
QM9-gap-85k,UCB-BO,67,6,0.3255,61.25756266205704,0.7461419105529785,0.7426088081502576
QM9-gap-85k,UCB-BO,67,7,0.354,67.41573033707866,0.7213730812072754,0.7682736662766793
QM9-gap-85k,UCB-BO,67,8,0.354,67.41573033707866,0.7623448371887207,0.7906270624243374
QM9-gap-85k,UCB-BO,67,9,0.3799,73.01210025929127,0.7548398971557617,0.8640064588607569
QM9-gap-85k,UCB-BO,67,10,0.4056,78.56525496974936,0.7561919689178467,0.9543271343616789
QM9-gap-85k,UCB-BO,67,11,0.4056,78.56525496974936,0.780019998550415,1.0483099308346648
QM9-gap-85k,UCB-BO,67,12,0.5048,100.0,0.7874600887298584,1.1342304023863035
QM9-gap-85k,UCB-BO,67,13,0.5048,100.0,0.8089249134063721,1.135031633071881
QM9-gap-85k,UCB-BO,67,14,0.5048,100.0,0.7913539409637451,1.1418163421848733
QM9-gap-85k,UCB-BO,67,15,0.5048,100.0,0.8361680507659912,1.1699024532745035
QM9-gap-85k,UCB-BO,67,16,0.5048,100.0,0.8139181137084961,1.1738508387570004
QM9-gap-85k,UCB-BO,67,17,0.5048,100.0,0.8130209445953369,1.1794002701301303
QM9-gap-85k,UCB-BO,67,18,0.5048,100.0,0.7911269664764404,1.1660273592720343
QM9-gap-85k,UCB-BO,67,19,0.5048,100.0,0.7952640056610107,1.170001845198358
QM9-gap-85k,BO(EI),67,-1,0.2085,35.97666378565254,0.0,0.0
QM9-gap-85k,BO(EI),67,0,0.2793,51.27484874675885,0.5544850826263428,0.25800082322895374
QM9-gap-85k,BO(EI),67,1,0.3062,57.08729472774417,0.6128549575805664,0.31753884630749857
QM9-gap-85k,BO(EI),67,2,0.3062,57.08729472774417,0.6399519443511963,0.7285388015602389
QM9-gap-85k,BO(EI),67,3,0.3118,58.29732065687122,0.6410071849822998,0.6713399632649137
QM9-gap-85k,BO(EI),67,4,0.3207,60.220397579948134,0.6575927734375,0.675210370359103
QM9-gap-85k,BO(EI),67,5,0.3421,64.84442523768367,0.685034990310669,0.7038154370630245
QM9-gap-85k,BO(EI),67,6,0.3465,65.79515989628348,0.7167701721191406,0.7297129936142532
QM9-gap-85k,BO(EI),67,7,0.3465,65.79515989628348,0.738861083984375,0.7803286960551469
QM9-gap-85k,BO(EI),67,8,0.3465,65.79515989628348,0.7437901496887207,0.76534044902097
QM9-gap-85k,BO(EI),67,9,0.3465,65.79515989628348,0.7463569641113281,0.7724190244674278
QM9-gap-85k,BO(EI),67,10,0.3465,65.79515989628348,0.7617001533508301,0.7838094205505673
QM9-gap-85k,BO(EI),67,11,0.3465,65.79515989628348,0.7666318416595459,0.7975450351903811
QM9-gap-85k,BO(EI),67,12,0.3465,65.79515989628348,0.766516923904419,0.8269010042728521
QM9-gap-85k,BO(EI),67,13,0.3488,66.29213483146067,0.7887039184570312,0.8391919538507202
QM9-gap-85k,BO(EI),67,14,0.4802,94.68452895419188,0.7689700126647949,0.8492021331745102
QM9-gap-85k,BO(EI),67,15,0.4802,94.68452895419188,0.7732059955596924,0.8690578118280867
QM9-gap-85k,BO(EI),67,16,0.4802,94.68452895419188,0.7912530899047852,0.9086358506407004
QM9-gap-85k,BO(EI),67,17,0.4802,94.68452895419188,0.7999718189239502,0.9275309257876166
QM9-gap-85k,BO(EI),67,18,0.4802,94.68452895419188,0.8338980674743652,0.950217090074655
QM9-gap-85k,BO(EI),67,19,0.4802,94.68452895419188,0.8229727745056152,0.9640630888710771
QM9-gap-85k,GA,67,-1,0.2085,35.97666378565254,0.0,0.0
QM9-gap-85k,GA,67,0,0.2973,55.164217804667246,0.7628128528594971,0.7453984403761572
QM9-gap-85k,GA,67,1,0.361,68.92826274848747,0.7923281192779541,0.96040638701176
QM9-gap-85k,GA,67,2,0.361,68.92826274848747,0.8134870529174805,1.0150974702061961
QM9-gap-85k,GA,67,3,0.3715,71.19706136560069,0.8390789031982422,0.966252605912886
QM9-gap-85k,GA,67,4,0.3921,75.64822817631807,0.8473069667816162,0.9425661620578468
QM9-gap-85k,GA,67,5,0.3921,75.64822817631807,0.8878958225250244,0.9285748053943181
QM9-gap-85k,GA,67,6,0.3921,75.64822817631807,0.9099361896514893,0.9065869273951879
QM9-gap-85k,GA,67,7,0.3921,75.64822817631807,0.9313199520111084,0.8757168228165043
QM9-gap-85k,GA,67,8,0.3921,75.64822817631807,0.9514241218566895,0.8796551861402545
QM9-gap-85k,GA,67,9,0.4465,87.40276577355229,0.935478925704956,0.8846570664512539
QM9-gap-85k,GA,67,10,0.4465,87.40276577355229,0.9598841667175293,0.882602438683083
QM9-gap-85k,GA,67,11,0.4465,87.40276577355229,0.9373140335083008,0.877357891348221
QM9-gap-85k,GA,67,12,0.4465,87.40276577355229,0.9606091976165771,0.8737537273860402
QM9-gap-85k,GA,67,13,0.4465,87.40276577355229,0.9396369457244873,0.8585698304326289
QM9-gap-85k,GA,67,14,0.4465,87.40276577355229,0.9352889060974121,0.8506126201724739
QM9-gap-85k,GA,67,15,0.4465,87.40276577355229,0.9703168869018555,0.849172070418841
QM9-gap-85k,GA,67,16,0.4465,87.40276577355229,0.9732880592346191,0.8392665880684822
QM9-gap-85k,GA,67,17,0.4465,87.40276577355229,0.9804673194885254,0.8356003922318329
QM9-gap-85k,GA,67,18,0.4465,87.40276577355229,0.9709389209747314,0.8424269993357952
QM9-gap-85k,GA,67,19,0.4465,87.40276577355229,0.975275993347168,0.8355563469017481
QM9-gap-85k,Random,67,-1,0.2085,35.97666378565254,0.0,0.0
QM9-gap-85k,Random,67,0,0.3432,65.08210890233363,0.27379584312438965,0.8965985042140138
QM9-gap-85k,Random,67,1,0.3432,65.08210890233363,0.2763519287109375,0.8920262914975914
QM9-gap-85k,Random,67,2,0.3432,65.08210890233363,0.277724027633667,0.8642110163392532
QM9-gap-85k,Random,67,3,0.3432,65.08210890233363,0.2868082523345947,0.8409389852224983
QM9-gap-85k,Random,67,4,0.3432,65.08210890233363,0.2903561592102051,0.8569255811452424
QM9-gap-85k,Random,67,5,0.3432,65.08210890233363,0.2928159236907959,0.8614517783409038
QM9-gap-85k,Random,67,6,0.3432,65.08210890233363,0.29636192321777344,0.9013610595974776
QM9-gap-85k,Random,67,7,0.3454,65.55747623163353,0.29424214363098145,0.9216662510583398
QM9-gap-85k,Random,67,8,0.3454,65.55747623163353,0.2968456745147705,0.9348903859269394
QM9-gap-85k,Random,67,9,0.3454,65.55747623163353,0.3029358386993408,0.9280296053402683
QM9-gap-85k,Random,67,10,0.3454,65.55747623163353,0.30939698219299316,0.911655305108827
QM9-gap-85k,Random,67,11,0.3454,65.55747623163353,0.3331010341644287,0.9016808341377276
QM9-gap-85k,Random,67,12,0.3454,65.55747623163353,0.3133270740509033,0.907529229086452
QM9-gap-85k,Random,67,13,0.3454,65.55747623163353,0.3480067253112793,0.9130830833096867
QM9-gap-85k,Random,67,14,0.3619,69.12273120138288,0.32074809074401855,0.9127678807732486
QM9-gap-85k,Random,67,15,0.3619,69.12273120138288,0.3312211036682129,0.9143756907718199
QM9-gap-85k,Random,67,16,0.3619,69.12273120138288,0.37313103675842285,0.9177368305992408
QM9-gap-85k,Random,67,17,0.3619,69.12273120138288,0.3370208740234375,0.9234171645565188
QM9-gap-85k,Random,67,18,0.3619,69.12273120138288,0.3378279209136963,0.924112914713305
QM9-gap-85k,Random,67,19,0.3619,69.12273120138288,0.3446202278137207,0.9181494339999191
QM9-gap-90k,GLOSS,47,-1,0.2099,36.279170267934305,0.0,0.0
QM9-gap-90k,GLOSS,47,0,0.2925,54.12705272255833,2.1464359760284424,0.6077569655474219
QM9-gap-90k,GLOSS,47,1,0.3161,59.22644770959378,2.1307718753814697,0.7545241020233803
QM9-gap-90k,GLOSS,47,2,0.4128,80.1210025929127,2.149301052093506,0.902482840149478
QM9-gap-90k,GLOSS,47,3,0.462,90.75194468452895,2.1837189197540283,1.0296451345894546
QM9-gap-90k,GLOSS,47,4,0.4802,94.68452895419188,2.435933828353882,1.1026858839863347
QM9-gap-90k,GLOSS,47,5,0.4802,94.68452895419188,2.3739471435546875,1.2228546128138464
QM9-gap-90k,GLOSS,47,6,0.4802,94.68452895419188,2.496262788772583,1.2604312947681326
QM9-gap-90k,GLOSS,47,7,0.5048,100.0,2.4263060092926025,1.2955451327240244
QM9-gap-90k,GLOSS,47,8,0.5048,100.0,2.3715879917144775,1.3783600848376023
QM9-gap-90k,GLOSS,47,9,0.5048,100.0,2.4718618392944336,1.3704942736669945
QM9-gap-90k,GLOSS,47,10,0.5048,100.0,2.527116060256958,1.3727371460342752
QM9-gap-90k,GLOSS,47,11,0.5048,100.0,2.6101207733154297,1.3469030130955735
QM9-gap-90k,GLOSS,47,12,0.5048,100.0,2.5532419681549072,1.3289835306095747
QM9-gap-90k,GLOSS,47,13,0.5048,100.0,2.6408488750457764,1.3187589781841151
QM9-gap-90k,GLOSS,47,14,0.5048,100.0,2.6834352016448975,1.2961107445536477
QM9-gap-90k,GLOSS,47,15,0.5048,100.0,2.757807731628418,1.2761564053726815
QM9-gap-90k,GLOSS,47,16,0.5048,100.0,2.8021061420440674,1.2650061533907453
QM9-gap-90k,GLOSS,47,17,0.5048,100.0,2.8123791217803955,1.257186408082056
QM9-gap-90k,GLOSS,47,18,0.5048,100.0,2.7478621006011963,1.2490658009895974
QM9-gap-90k,GLOSS,47,19,0.5048,100.0,2.8572182655334473,1.2339103473644102
QM9-gap-90k,UCB-BO,47,-1,0.2099,36.279170267934305,0.0,0.0
QM9-gap-90k,UCB-BO,47,0,0.2659,48.37942955920484,0.6044681072235107,0.33600003565953634
QM9-gap-90k,UCB-BO,47,1,0.2768,50.73465859982713,0.6239941120147705,0.7829791284639778
QM9-gap-90k,UCB-BO,47,2,0.2768,50.73465859982713,0.6389470100402832,0.8373936492639564
QM9-gap-90k,UCB-BO,47,3,0.3162,59.248055315471035,0.6463220119476318,0.947627084544809
QM9-gap-90k,UCB-BO,47,4,0.4802,94.68452895419188,0.6554110050201416,1.0535106791098394
QM9-gap-90k,UCB-BO,47,5,0.4802,94.68452895419188,0.6755678653717041,1.1987994472676144
QM9-gap-90k,UCB-BO,47,6,0.4802,94.68452895419188,0.6957037448883057,1.1773672737160297
QM9-gap-90k,UCB-BO,47,7,0.4802,94.68452895419188,0.695091962814331,1.197285725456591
QM9-gap-90k,UCB-BO,47,8,0.4802,94.68452895419188,0.6923568248748779,1.1872079984246522
QM9-gap-90k,UCB-BO,47,9,0.4802,94.68452895419188,0.7301719188690186,1.2367347797073087
QM9-gap-90k,UCB-BO,47,10,0.4802,94.68452895419188,0.7250959873199463,1.207008580209589
QM9-gap-90k,UCB-BO,47,11,0.4802,94.68452895419188,0.7584772109985352,1.2328395098509348
QM9-gap-90k,UCB-BO,47,12,0.5048,100.0,0.7564821243286133,1.278189348819598
QM9-gap-90k,UCB-BO,47,13,0.5048,100.0,0.7808558940887451,1.3355374074835569
QM9-gap-90k,UCB-BO,47,14,0.5048,100.0,0.7883241176605225,1.305197309811365
QM9-gap-90k,UCB-BO,47,15,0.5048,100.0,0.7923638820648193,1.3009053686284995
QM9-gap-90k,UCB-BO,47,16,0.5048,100.0,0.8029959201812744,1.3032030501855434
QM9-gap-90k,UCB-BO,47,17,0.5048,100.0,0.7929480075836182,1.2858488612952785
QM9-gap-90k,UCB-BO,47,18,0.5048,100.0,0.7839832305908203,1.28935984579584
QM9-gap-90k,UCB-BO,47,19,0.5048,100.0,0.814337968826294,1.2742174527698116
QM9-gap-90k,BO(EI),47,-1,0.2099,36.279170267934305,0.0,0.0
QM9-gap-90k,BO(EI),47,0,0.217,37.81331028522039,0.6331660747528076,0.2933300468220468
QM9-gap-90k,BO(EI),47,1,0.2311,40.859982713915294,0.646125078201294,0.3962090540633497
QM9-gap-90k,BO(EI),47,2,0.2686,48.962834917891094,0.674293041229248,0.5360301033286475
QM9-gap-90k,BO(EI),47,3,0.2743,50.194468452895414,0.668510913848877,0.5378224654819104
QM9-gap-90k,BO(EI),47,4,0.298,55.31547104580812,0.6831181049346924,0.5326120119234312
QM9-gap-90k,BO(EI),47,5,0.3144,58.859118409680214,0.7117469310760498,0.5988620363072591
QM9-gap-90k,BO(EI),47,6,0.3144,58.859118409680214,0.7001709938049316,0.6053931947120611
QM9-gap-90k,BO(EI),47,7,0.3185,59.74503025064822,0.7267856597900391,0.6028252583810628
QM9-gap-90k,BO(EI),47,8,0.3222,60.54451166810717,0.7328288555145264,0.6656380057532596
QM9-gap-90k,BO(EI),47,9,0.3222,60.54451166810717,0.750432014465332,0.7202466505014539
QM9-gap-90k,BO(EI),47,10,0.3239,60.91184096802075,0.7870478630065918,0.7465942257809133
QM9-gap-90k,BO(EI),47,11,0.3441,65.27657735522904,0.7882809638977051,0.782735935232607
QM9-gap-90k,BO(EI),47,12,0.3441,65.27657735522904,0.8303439617156982,0.7967542038695941
QM9-gap-90k,BO(EI),47,13,0.3441,65.27657735522904,0.8474841117858887,0.8049284333558119
QM9-gap-90k,BO(EI),47,14,0.3441,65.27657735522904,0.8453869819641113,0.8197216200703351
QM9-gap-90k,BO(EI),47,15,0.3441,65.27657735522904,0.8701932430267334,0.8364134292064831
QM9-gap-90k,BO(EI),47,16,0.3643,69.64131374243733,0.8466622829437256,0.8636314953963472
QM9-gap-90k,BO(EI),47,17,0.3782,72.6447709593777,0.8352768421173096,0.8844248137977678
QM9-gap-90k,BO(EI),47,18,0.3824,73.55229040622298,0.8365259170532227,0.9172019942916012
QM9-gap-90k,BO(EI),47,19,0.3957,76.42610198789974,0.8396599292755127,0.9386046228016515
QM9-gap-90k,GA,47,-1,0.2099,36.279170267934305,0.0,0.0
QM9-gap-90k,GA,47,0,0.3258,61.32238547968885,0.8195312023162842,0.8523166375932849
QM9-gap-90k,GA,47,1,0.3258,61.32238547968885,0.850100040435791,0.9392640784454831
QM9-gap-90k,GA,47,2,0.3468,65.8599827139153,0.8970258235931396,0.9230467813917137
QM9-gap-90k,GA,47,3,0.3468,65.8599827139153,0.9447450637817383,0.9338524150593558
QM9-gap-90k,GA,47,4,0.351,66.76750216076059,0.9768779277801514,0.9305509680908085
QM9-gap-90k,GA,47,5,0.3637,69.51166810717373,0.9351010322570801,0.8947562752863709
QM9-gap-90k,GA,47,6,0.3637,69.51166810717373,0.9651970863342285,0.8767341905320286
QM9-gap-90k,GA,47,7,0.3637,69.51166810717373,0.987591028213501,0.8543620818412043
QM9-gap-90k,GA,47,8,0.3637,69.51166810717373,0.9670140743255615,0.8344842738406107
QM9-gap-90k,GA,47,9,0.3637,69.51166810717373,0.9832708835601807,0.8195629219185501
QM9-gap-90k,GA,47,10,0.3669,70.20311149524633,0.9726860523223877,0.8066560273028498
QM9-gap-90k,GA,47,11,0.3897,75.12964563526361,0.9867491722106934,0.7983628554075786
QM9-gap-90k,GA,47,12,0.3897,75.12964563526361,0.9921810626983643,0.7881443757940646
QM9-gap-90k,GA,47,13,0.3897,75.12964563526361,1.0056941509246826,0.7882052622724021
QM9-gap-90k,GA,47,14,0.3897,75.12964563526361,1.0080490112304688,0.7810817777331787
QM9-gap-90k,GA,47,15,0.3897,75.12964563526361,1.052015781402588,0.7752317861687514
QM9-gap-90k,GA,47,16,0.3897,75.12964563526361,1.027195930480957,0.7734883009247034
QM9-gap-90k,GA,47,17,0.3897,75.12964563526361,1.0345489978790283,0.7790085446452448
QM9-gap-90k,GA,47,18,0.3897,75.12964563526361,1.0630648136138916,0.7684064620245119
QM9-gap-90k,GA,47,19,0.3897,75.12964563526361,1.0538029670715332,0.7661404097587522
QM9-gap-90k,Random,47,-1,0.2099,36.279170267934305,0.0,0.0
QM9-gap-90k,Random,47,0,0.3258,61.32238547968885,0.29522705078125,0.7250438086133644
QM9-gap-90k,Random,47,1,0.3266,61.495246326707,0.29404497146606445,0.9019929930904945
QM9-gap-90k,Random,47,2,0.3266,61.495246326707,0.29546189308166504,0.897759080440971
QM9-gap-90k,Random,47,3,0.3266,61.495246326707,0.30110812187194824,0.8995007218650398
QM9-gap-90k,Random,47,4,0.3331,62.89974070872947,0.303394079208374,0.8745096754463373
QM9-gap-90k,Random,47,5,0.3331,62.89974070872947,0.30388903617858887,0.8520096957200815
QM9-gap-90k,Random,47,6,0.3331,62.89974070872947,0.3126349449157715,0.8541667123530622
QM9-gap-90k,Random,47,7,0.3331,62.89974070872947,0.3149528503417969,0.8633614645249124
QM9-gap-90k,Random,47,8,0.3331,62.89974070872947,0.31482720375061035,0.8521987281169701
QM9-gap-90k,Random,47,9,0.3331,62.89974070872947,0.31650781631469727,0.8490263129344621
QM9-gap-90k,Random,47,10,0.3331,62.89974070872947,0.32140207290649414,0.8612849404683594
QM9-gap-90k,Random,47,11,0.3331,62.89974070872947,0.3248109817504883,0.856274267543477
QM9-gap-90k,Random,47,12,0.3331,62.89974070872947,0.3289809226989746,0.8565630352103629
QM9-gap-90k,Random,47,13,0.3331,62.89974070872947,0.32977890968322754,0.8470353413620523
QM9-gap-90k,Random,47,14,0.3405,64.49870354364737,0.33622002601623535,0.8618102653465942
QM9-gap-90k,Random,47,15,0.3405,64.49870354364737,0.33854198455810547,0.8828124214097296
QM9-gap-90k,Random,47,16,0.3405,64.49870354364737,0.34147214889526367,0.8971795065443205
QM9-gap-90k,Random,47,17,0.3512,66.81071737251513,0.34210205078125,0.8874611410074826
QM9-gap-90k,Random,47,18,0.3614,69.01469317199654,0.3539142608642578,0.8969199753856231
QM9-gap-90k,Random,47,19,0.3614,69.01469317199654,0.35423779487609863,0.8884046021308706
QM9-gap-90k,GLOSS,53,-1,0.2096,36.214347450302505,0.0,0.0
QM9-gap-90k,GLOSS,53,0,0.2804,51.512532411408806,2.3427560329437256,1.0069761148082743
QM9-gap-90k,GLOSS,53,1,0.3001,55.76923076923076,2.798487901687622,0.8300059682129515
QM9-gap-90k,GLOSS,53,2,0.302,56.179775280898866,2.861496925354004,0.8090224001299349
QM9-gap-90k,GLOSS,53,3,0.302,56.179775280898866,2.924694061279297,0.795207985249159
QM9-gap-90k,GLOSS,53,4,0.3209,60.263612791702684,3.042513370513916,0.7740212851358074
QM9-gap-90k,GLOSS,53,5,0.3386,64.08815903197926,3.222039222717285,0.8871409209720863
QM9-gap-90k,GLOSS,53,6,0.3386,64.08815903197926,2.7570862770080566,0.8964691629499258
QM9-gap-90k,GLOSS,53,7,0.3824,73.55229040622298,2.786134719848633,0.9601138099438956
QM9-gap-90k,GLOSS,53,8,0.3957,76.42610198789974,2.63301682472229,1.0223424097727936
QM9-gap-90k,GLOSS,53,9,0.5048,100.0,2.5651819705963135,1.1022882012901793
QM9-gap-90k,GLOSS,53,10,0.5048,100.0,2.637734889984131,1.1931521052613627
QM9-gap-90k,GLOSS,53,11,0.5048,100.0,2.613701105117798,1.2543258868531646
QM9-gap-90k,GLOSS,53,12,0.5048,100.0,2.7261059284210205,1.2560804965706398
QM9-gap-90k,GLOSS,53,13,0.5048,100.0,2.7497339248657227,1.2435753671542797
QM9-gap-90k,GLOSS,53,14,0.5048,100.0,2.78987193107605,1.2237617167969048
QM9-gap-90k,GLOSS,53,15,0.5048,100.0,2.8385579586029053,1.2152536915957108
QM9-gap-90k,GLOSS,53,16,0.5048,100.0,2.8441479206085205,1.209428201498274
QM9-gap-90k,GLOSS,53,17,0.5048,100.0,2.917268991470337,1.2000884890016874
QM9-gap-90k,GLOSS,53,18,0.5048,100.0,2.8933658599853516,1.1921277166809017
QM9-gap-90k,GLOSS,53,19,0.5048,100.0,2.927732229232788,1.1798492624081998
QM9-gap-90k,UCB-BO,53,-1,0.2096,36.214347450302505,0.0,0.0
QM9-gap-90k,UCB-BO,53,0,0.2399,42.76145203111495,0.5704388618469238,0.8250168364807671
QM9-gap-90k,UCB-BO,53,1,0.2502,44.987035436473626,0.6168620586395264,0.8347328887598516
QM9-gap-90k,UCB-BO,53,2,0.2502,44.987035436473626,0.6413629055023193,0.7728639498741664
QM9-gap-90k,UCB-BO,53,3,0.2625,47.644770959377695,0.6580638885498047,0.9003496472447097
QM9-gap-90k,UCB-BO,53,4,0.2825,51.96629213483145,0.6685152053833008,0.9306658022233414
QM9-gap-90k,UCB-BO,53,5,0.2825,51.96629213483145,0.6888790130615234,0.9210307103420053
QM9-gap-90k,UCB-BO,53,6,0.3129,58.53500432152118,0.6933271884918213,0.9534991683774442
QM9-gap-90k,UCB-BO,53,7,0.3399,64.36905790838374,0.7215628623962402,1.0902562201768222
QM9-gap-90k,UCB-BO,53,8,0.364,69.57649092480553,0.7209169864654541,1.2536137544306365
QM9-gap-90k,UCB-BO,53,9,0.364,69.57649092480553,0.7309010028839111,1.3042322603638254
QM9-gap-90k,UCB-BO,53,10,0.3796,72.94727744165947,0.8022258281707764,1.3748544128199203
QM9-gap-90k,UCB-BO,53,11,0.3796,72.94727744165947,0.7813849449157715,1.361801230679647
QM9-gap-90k,UCB-BO,53,12,0.3957,76.42610198789974,0.8025929927825928,1.3919559122717566
QM9-gap-90k,UCB-BO,53,13,0.3957,76.42610198789974,0.8395400047302246,1.409514209564127
QM9-gap-90k,UCB-BO,53,14,0.5048,100.0,0.8258869647979736,1.447649286725692
QM9-gap-90k,UCB-BO,53,15,0.5048,100.0,0.8238160610198975,1.4572297248431985
QM9-gap-90k,UCB-BO,53,16,0.5048,100.0,0.8350281715393066,1.448439456488486
QM9-gap-90k,UCB-BO,53,17,0.5048,100.0,0.84716796875,1.4419748479613432
QM9-gap-90k,UCB-BO,53,18,0.5048,100.0,0.8457221984863281,1.4323150632955488
QM9-gap-90k,UCB-BO,53,19,0.5048,100.0,0.834287166595459,1.438071028769258
QM9-gap-90k,BO(EI),53,-1,0.2096,36.214347450302505,0.0,0.0
QM9-gap-90k,BO(EI),53,0,0.2338,41.44338807260155,0.5718960762023926,0.5590742316446828
QM9-gap-90k,BO(EI),53,1,0.2749,50.32411408815902,0.6463308334350586,0.6109954115234663
QM9-gap-90k,BO(EI),53,2,0.2838,52.24719101123595,0.6898870468139648,0.5837201831275151
QM9-gap-90k,BO(EI),53,3,0.2932,54.278305963699225,0.6957001686096191,0.6119867325960593
QM9-gap-90k,BO(EI),53,4,0.3243,60.99827139152981,0.7187602519989014,0.6578405106917791
QM9-gap-90k,BO(EI),53,5,0.3243,60.99827139152981,0.7419118881225586,0.7836942345339747
QM9-gap-90k,BO(EI),53,6,0.343,65.03889369057909,0.7531089782714844,0.8674429486830274
QM9-gap-90k,BO(EI),53,7,0.343,65.03889369057909,0.755101203918457,0.9100628172669767
QM9-gap-90k,BO(EI),53,8,0.343,65.03889369057909,0.8009090423583984,0.9309251429946327
QM9-gap-90k,BO(EI),53,9,0.343,65.03889369057909,0.8045830726623535,0.9600247411984629
QM9-gap-90k,BO(EI),53,10,0.4107,79.66724286949007,0.7965471744537354,1.027203747355402
QM9-gap-90k,BO(EI),53,11,0.5048,100.0,0.8062398433685303,1.1021388505779552
QM9-gap-90k,BO(EI),53,12,0.5048,100.0,0.7996931076049805,1.220958231515239
QM9-gap-90k,BO(EI),53,13,0.5048,100.0,0.8122520446777344,1.2272575884216084
QM9-gap-90k,BO(EI),53,14,0.5048,100.0,0.8497779369354248,1.2220619076049375
QM9-gap-90k,BO(EI),53,15,0.5048,100.0,0.8526022434234619,1.2402085633369322
QM9-gap-90k,BO(EI),53,16,0.5048,100.0,0.8677208423614502,1.234300396569416
QM9-gap-90k,BO(EI),53,17,0.5048,100.0,0.868877649307251,1.2536428723009714
QM9-gap-90k,BO(EI),53,18,0.5048,100.0,0.8931667804718018,1.253909757937848
QM9-gap-90k,BO(EI),53,19,0.5048,100.0,0.8989088535308838,1.2378949489180604
QM9-gap-90k,GA,53,-1,0.2096,36.214347450302505,0.0,0.0
QM9-gap-90k,GA,53,0,0.2445,43.75540190146931,0.7939670085906982,0.8483327105414519
QM9-gap-90k,GA,53,1,0.3054,56.91443388072601,0.8213529586791992,0.9307219133843156
QM9-gap-90k,GA,53,2,0.3217,60.43647363872082,0.878669023513794,0.9605769790805561
QM9-gap-90k,GA,53,3,0.3372,63.78565254969749,0.9215719699859619,0.9734521025979246
QM9-gap-90k,GA,53,4,0.3372,63.78565254969749,0.9465978145599365,0.9291747235714041
QM9-gap-90k,GA,53,5,0.3691,70.67847882454623,0.9446799755096436,0.9301053893033306
QM9-gap-90k,GA,53,6,0.3691,70.67847882454623,0.9328808784484863,0.8924498765687547
QM9-gap-90k,GA,53,7,0.3691,70.67847882454623,0.952751636505127,0.8820939486453002
QM9-gap-90k,GA,53,8,0.3691,70.67847882454623,0.9709079265594482,0.8820242449351784
QM9-gap-90k,GA,53,9,0.3691,70.67847882454623,0.9733948707580566,0.873486923699731
QM9-gap-90k,GA,53,10,0.3691,70.67847882454623,0.9811928272247314,0.8815825438311001
QM9-gap-90k,GA,53,11,0.3691,70.67847882454623,0.9863128662109375,0.874707128153774
QM9-gap-90k,GA,53,12,0.3691,70.67847882454623,0.994957685470581,0.8577372828446744
QM9-gap-90k,GA,53,13,0.3691,70.67847882454623,0.985853910446167,0.8566640294368119
QM9-gap-90k,GA,53,14,0.3691,70.67847882454623,1.013845682144165,0.8456679264525456
QM9-gap-90k,GA,53,15,0.3691,70.67847882454623,1.0137279033660889,0.8365154222961725
QM9-gap-90k,GA,53,16,0.3736,71.65082108902332,1.012355089187622,0.8266846397415295
QM9-gap-90k,GA,53,17,0.3736,71.65082108902332,1.0337061882019043,0.8143298570534044
QM9-gap-90k,GA,53,18,0.3736,71.65082108902332,1.033984899520874,0.8111781636172735
QM9-gap-90k,GA,53,19,0.3736,71.65082108902332,1.0287790298461914,0.8017964889885543
QM9-gap-90k,Random,53,-1,0.2096,36.214347450302505,0.0,0.0
QM9-gap-90k,Random,53,0,0.3012,56.00691443388073,0.2873520851135254,0.8790417209877702
QM9-gap-90k,Random,53,1,0.3012,56.00691443388073,0.29245495796203613,0.928856786147481
QM9-gap-90k,Random,53,2,0.3181,59.65859982713915,0.2965550422668457,0.8955203563121852
QM9-gap-90k,Random,53,3,0.3181,59.65859982713915,0.308459997177124,0.8702147696766952
QM9-gap-90k,Random,53,4,0.3328,62.83491789109766,0.3075430393218994,0.9097665146589787
QM9-gap-90k,Random,53,5,0.3328,62.83491789109766,0.31151509284973145,0.9269704481662913
QM9-gap-90k,Random,53,6,0.3328,62.83491789109766,0.314985990524292,0.9101523318304603
QM9-gap-90k,Random,53,7,0.3328,62.83491789109766,0.31088805198669434,0.9030849042477784
QM9-gap-90k,Random,53,8,0.34,64.39066551426103,0.318756103515625,0.9107976478149091
QM9-gap-90k,Random,53,9,0.34,64.39066551426103,0.31694793701171875,0.9083909035888529
QM9-gap-90k,Random,53,10,0.34,64.39066551426103,0.3284187316894531,0.9047649044087115
QM9-gap-90k,Random,53,11,0.34,64.39066551426103,0.3255641460418701,0.9164400632377138
QM9-gap-90k,Random,53,12,0.34,64.39066551426103,0.33535194396972656,0.9136985998389486
QM9-gap-90k,Random,53,13,0.34,64.39066551426103,0.3508331775665283,0.9104689619987321
QM9-gap-90k,Random,53,14,0.34,64.39066551426103,0.3343491554260254,0.9039655521076814
QM9-gap-90k,Random,53,15,0.34,64.39066551426103,0.3372929096221924,0.894527858418921
QM9-gap-90k,Random,53,16,0.34,64.39066551426103,0.347811222076416,0.8941200497045564
QM9-gap-90k,Random,53,17,0.34,64.39066551426103,0.35039806365966797,0.8914442052073351
QM9-gap-90k,Random,53,18,0.34,64.39066551426103,0.35442209243774414,0.89717586283524
QM9-gap-90k,Random,53,19,0.34,64.39066551426103,0.3529698848724365,0.8923260157199241
QM9-gap-90k,GLOSS,59,-1,0.2074,35.73898012100259,0.0,0.0
QM9-gap-90k,GLOSS,59,0,0.2707,49.41659464131373,2.101180076599121,0.6354506772990647
QM9-gap-90k,GLOSS,59,1,0.2999,55.72601555747623,2.501431941986084,0.6719825163950662
QM9-gap-90k,GLOSS,59,2,0.3143,58.83751080380294,2.423941135406494,0.7850626513343029
QM9-gap-90k,GLOSS,59,3,0.346,65.68712186689713,2.549578905105591,0.8826789773709461
QM9-gap-90k,GLOSS,59,4,0.4107,79.66724286949007,2.505122184753418,0.9648842923467513
QM9-gap-90k,GLOSS,59,5,0.5048,100.0,2.4475278854370117,1.1718745154270034
QM9-gap-90k,GLOSS,59,6,0.5048,100.0,2.489271879196167,1.2532457073594754
QM9-gap-90k,GLOSS,59,7,0.5048,100.0,2.4663679599761963,1.26628570271584
QM9-gap-90k,GLOSS,59,8,0.5048,100.0,2.539983034133911,1.2476102869744568
QM9-gap-90k,GLOSS,59,9,0.5048,100.0,2.498460054397583,1.2360468825413828
QM9-gap-90k,GLOSS,59,10,0.5048,100.0,2.6387810707092285,1.2228177826853446
QM9-gap-90k,GLOSS,59,11,0.5048,100.0,2.6226959228515625,1.2089700507388623
QM9-gap-90k,GLOSS,59,12,0.5048,100.0,2.61238694190979,1.198923270777676
QM9-gap-90k,GLOSS,59,13,0.5048,100.0,2.694145917892456,1.1971187440034252
QM9-gap-90k,GLOSS,59,14,0.5048,100.0,2.6783931255340576,1.1948102543119783
QM9-gap-90k,GLOSS,59,15,0.5048,100.0,2.733372926712036,1.1857402214921464
QM9-gap-90k,GLOSS,59,16,0.5048,100.0,2.7218830585479736,1.1819569655047608
QM9-gap-90k,GLOSS,59,17,0.5048,100.0,2.821495771408081,1.228314275463048
QM9-gap-90k,GLOSS,59,18,0.5048,100.0,2.808314085006714,1.2264368506090901
QM9-gap-90k,GLOSS,59,19,0.5048,100.0,2.7792210578918457,1.2170738566283414
QM9-gap-90k,UCB-BO,59,-1,0.2074,35.73898012100259,0.0,0.0
QM9-gap-90k,UCB-BO,59,0,0.2707,49.41659464131373,0.6064090728759766,0.4249218605965527
QM9-gap-90k,UCB-BO,59,1,0.2832,52.11754537597234,0.648684024810791,0.4653861128728291
QM9-gap-90k,UCB-BO,59,2,0.2832,52.11754537597234,0.6415071487426758,0.533309287249967
QM9-gap-90k,UCB-BO,59,3,0.2847,52.44165946413138,0.660942792892456,0.5324352230998213
QM9-gap-90k,UCB-BO,59,4,0.3051,56.84961106309421,0.6665449142456055,0.5985626535746943
QM9-gap-90k,UCB-BO,59,5,0.3086,57.60587726879861,0.6754257678985596,0.7389751378620747
QM9-gap-90k,UCB-BO,59,6,0.3086,57.60587726879861,0.6981067657470703,0.9547621558629005
QM9-gap-90k,UCB-BO,59,7,0.3086,57.60587726879861,0.696732759475708,0.9801999400819105
QM9-gap-90k,UCB-BO,59,8,0.3086,57.60587726879861,0.7218050956726074,0.9539616997939022
QM9-gap-90k,UCB-BO,59,9,0.3086,57.60587726879861,0.720454216003418,0.9682326641093932
QM9-gap-90k,UCB-BO,59,10,0.3086,57.60587726879861,0.7090511322021484,0.9737538480967646
QM9-gap-90k,UCB-BO,59,11,0.3086,57.60587726879861,0.7239339351654053,0.9807449119500162
QM9-gap-90k,UCB-BO,59,12,0.3336,63.00777873811582,0.7299098968505859,0.9688543109696345
QM9-gap-90k,UCB-BO,59,13,0.3336,63.00777873811582,0.743452787399292,0.9696162447452534
QM9-gap-90k,UCB-BO,59,14,0.3336,63.00777873811582,0.7539761066436768,0.9676832352102105
QM9-gap-90k,UCB-BO,59,15,0.3336,63.00777873811582,0.7629899978637695,0.9638776021685973
QM9-gap-90k,UCB-BO,59,16,0.3336,63.00777873811582,0.7633588314056396,0.9633336490525066
QM9-gap-90k,UCB-BO,59,17,0.3336,63.00777873811582,0.7590000629425049,0.9539405348873872
QM9-gap-90k,UCB-BO,59,18,0.3336,63.00777873811582,0.7785241603851318,0.9503538460839475
QM9-gap-90k,UCB-BO,59,19,0.3336,63.00777873811582,0.780524730682373,0.9527969753437219
QM9-gap-90k,BO(EI),59,-1,0.2074,35.73898012100259,0.0,0.0
QM9-gap-90k,BO(EI),59,0,0.2403,42.84788245462403,0.6144089698791504,0.6734886080691446
QM9-gap-90k,BO(EI),59,1,0.2657,48.336214347450294,0.6390371322631836,0.5773285692543835
QM9-gap-90k,BO(EI),59,2,0.2698,49.222126188418315,0.6655800342559814,0.5866924378771751
QM9-gap-90k,BO(EI),59,3,0.2824,51.94468452895418,0.6625080108642578,0.6881767241910751
QM9-gap-90k,BO(EI),59,4,0.3033,56.46067415730337,0.6846940517425537,0.7781027009556379
QM9-gap-90k,BO(EI),59,5,0.3161,59.22644770959378,0.685291051864624,0.8223293766131915
QM9-gap-90k,BO(EI),59,6,0.3277,61.732929991356954,0.6987049579620361,0.8251741463577178
QM9-gap-90k,BO(EI),59,7,0.3399,64.36905790838374,0.7050859928131104,1.0307204273637631
QM9-gap-90k,BO(EI),59,8,0.5048,100.0,0.7246417999267578,1.2097218551188909
QM9-gap-90k,BO(EI),59,9,0.5048,100.0,0.7364468574523926,1.2768084575305056
QM9-gap-90k,BO(EI),59,10,0.5048,100.0,0.7567481994628906,1.2671200245842373
QM9-gap-90k,BO(EI),59,11,0.5048,100.0,0.7682268619537354,1.2779010792775298
QM9-gap-90k,BO(EI),59,12,0.5048,100.0,0.8065469264984131,1.3114301422440866
QM9-gap-90k,BO(EI),59,13,0.5048,100.0,0.8316080570220947,1.2961582689563833
QM9-gap-90k,BO(EI),59,14,0.5048,100.0,0.829035758972168,1.278951714761825
QM9-gap-90k,BO(EI),59,15,0.5048,100.0,0.8352556228637695,1.2707765987201438
QM9-gap-90k,BO(EI),59,16,0.5048,100.0,0.8429789543151855,1.249782105611794
QM9-gap-90k,BO(EI),59,17,0.5048,100.0,0.8955068588256836,1.2458047020567924
QM9-gap-90k,BO(EI),59,18,0.5048,100.0,0.8707060813903809,1.2296022170283754
QM9-gap-90k,BO(EI),59,19,0.5048,100.0,0.8762140274047852,1.216833891397372
QM9-gap-90k,GA,59,-1,0.2074,35.73898012100259,0.0,0.0
QM9-gap-90k,GA,59,0,0.3281,61.81936041486603,0.8231017589569092,0.7370110006720489
QM9-gap-90k,GA,59,1,0.335,63.310285220397574,0.8728020191192627,0.7942567103623976
QM9-gap-90k,GA,59,2,0.3586,68.40968020743301,0.9122309684753418,0.780078501691108
QM9-gap-90k,GA,59,3,0.3586,68.40968020743301,0.9330029487609863,0.7832537091998379
QM9-gap-90k,GA,59,4,0.3586,68.40968020743301,0.9447610378265381,0.7739567227250422
QM9-gap-90k,GA,59,5,0.418,81.24459809853067,0.9645371437072754,0.780833265221231
QM9-gap-90k,GA,59,6,0.418,81.24459809853067,0.9475929737091064,0.8106216862821017
QM9-gap-90k,GA,59,7,0.418,81.24459809853067,0.9481527805328369,0.8141361421035855
QM9-gap-90k,GA,59,8,0.418,81.24459809853067,0.9533951282501221,0.793247339338412
QM9-gap-90k,GA,59,9,0.418,81.24459809853067,0.9863994121551514,0.7730245023618355
QM9-gap-90k,GA,59,10,0.418,81.24459809853067,0.9978969097137451,0.7821525172097439
QM9-gap-90k,GA,59,11,0.418,81.24459809853067,1.0157742500305176,0.7779144339568401
QM9-gap-90k,GA,59,12,0.418,81.24459809853067,0.9895899295806885,0.7931646302774742
QM9-gap-90k,GA,59,13,0.418,81.24459809853067,0.9907810688018799,0.7819006104514779
QM9-gap-90k,GA,59,14,0.418,81.24459809853067,1.010619878768921,0.7798818423498319
QM9-gap-90k,GA,59,15,0.418,81.24459809853067,1.0069029331207275,0.7748850609413545
QM9-gap-90k,GA,59,16,0.418,81.24459809853067,1.0093672275543213,0.7854231752586105
QM9-gap-90k,GA,59,17,0.418,81.24459809853067,1.000837802886963,0.7783398094660701
QM9-gap-90k,GA,59,18,0.418,81.24459809853067,1.0168020725250244,0.7730888788272363
QM9-gap-90k,GA,59,19,0.418,81.24459809853067,1.0164308547973633,0.7659692359640026
QM9-gap-90k,Random,59,-1,0.2074,35.73898012100259,0.0,0.0
QM9-gap-90k,Random,59,0,0.3236,60.847018150388934,0.29498291015625,0.7893865532528618
QM9-gap-90k,Random,59,1,0.342,64.8228176318064,0.2984347343444824,0.7347694790304021
QM9-gap-90k,Random,59,2,0.342,64.8228176318064,0.3057410717010498,0.7537503866202371
QM9-gap-90k,Random,59,3,0.342,64.8228176318064,0.3183169364929199,0.8094860526991703
QM9-gap-90k,Random,59,4,0.342,64.8228176318064,0.30460309982299805,0.8476168714823445
QM9-gap-90k,Random,59,5,0.342,64.8228176318064,0.30794501304626465,0.8515348342354465
QM9-gap-90k,Random,59,6,0.342,64.8228176318064,0.3141360282897949,0.867099829811097
QM9-gap-90k,Random,59,7,0.342,64.8228176318064,0.3166677951812744,0.8436482362784588
QM9-gap-90k,Random,59,8,0.342,64.8228176318064,0.3202958106994629,0.8508392766100737
QM9-gap-90k,Random,59,9,0.342,64.8228176318064,0.3234829902648926,0.8399374886875983
QM9-gap-90k,Random,59,10,0.342,64.8228176318064,0.3185849189758301,0.8347292740913017
QM9-gap-90k,Random,59,11,0.342,64.8228176318064,0.32420873641967773,0.8498180972782213
QM9-gap-90k,Random,59,12,0.342,64.8228176318064,0.3264000415802002,0.870794830896007
QM9-gap-90k,Random,59,13,0.342,64.8228176318064,0.33344316482543945,0.8588057264033577
QM9-gap-90k,Random,59,14,0.342,64.8228176318064,0.33801984786987305,0.8743938699833461
QM9-gap-90k,Random,59,15,0.342,64.8228176318064,0.3418567180633545,0.8631344125310992
QM9-gap-90k,Random,59,16,0.342,64.8228176318064,0.35063791275024414,0.8685815248547035
QM9-gap-90k,Random,59,17,0.342,64.8228176318064,0.34967613220214844,0.8635572118948428
QM9-gap-90k,Random,59,18,0.342,64.8228176318064,0.3539540767669678,0.8831542024548744
QM9-gap-90k,Random,59,19,0.3519,66.961970613656,0.35457587242126465,0.8842168547181992
QM9-gap-90k,GLOSS,61,-1,0.207,35.652549697493505,0.0,0.0
QM9-gap-90k,GLOSS,61,0,0.2695,49.157303370786515,2.452270984649658,0.6415727246756449
QM9-gap-90k,GLOSS,61,1,0.3096,57.82195332757129,2.2223570346832275,1.0631870011997813
QM9-gap-90k,GLOSS,61,2,0.3901,75.21607605877269,2.2970449924468994,1.187751642582675
QM9-gap-90k,GLOSS,61,3,0.4179,81.22299049265341,2.243072032928467,1.2947715164067146
QM9-gap-90k,GLOSS,61,4,0.4426,86.5600691443388,2.33530592918396,1.2674580303487373
QM9-gap-90k,GLOSS,61,5,0.5048,100.0,2.388244867324829,1.273034064376511
QM9-gap-90k,GLOSS,61,6,0.5048,100.0,2.450716972351074,1.3176258196709911
QM9-gap-90k,GLOSS,61,7,0.5048,100.0,2.5033788681030273,1.2897217563161825
QM9-gap-90k,GLOSS,61,8,0.5048,100.0,2.4622230529785156,1.2580675825040826
QM9-gap-90k,GLOSS,61,9,0.5048,100.0,2.4756832122802734,1.2337323296754195
QM9-gap-90k,GLOSS,61,10,0.5048,100.0,2.595505952835083,1.2255087596665895
QM9-gap-90k,GLOSS,61,11,0.5048,100.0,2.5482146739959717,1.2223325324088072
QM9-gap-90k,GLOSS,61,12,0.5048,100.0,2.62754487991333,1.19865558730264
QM9-gap-90k,GLOSS,61,13,0.5048,100.0,2.639366865158081,1.1923075262515541
QM9-gap-90k,GLOSS,61,14,0.5048,100.0,2.6618831157684326,1.1913140155494295
QM9-gap-90k,GLOSS,61,15,0.5048,100.0,2.7462239265441895,1.181608468715845
QM9-gap-90k,GLOSS,61,16,0.5048,100.0,2.732823133468628,1.1797930772300702
QM9-gap-90k,GLOSS,61,17,0.5048,100.0,2.7430179119110107,1.1926258630882358
QM9-gap-90k,GLOSS,61,18,0.5048,100.0,2.778437852859497,1.1952054676916322
QM9-gap-90k,GLOSS,61,19,0.5048,100.0,2.8423919677734375,1.184172252522374
QM9-gap-90k,UCB-BO,61,-1,0.207,35.652549697493505,0.0,0.0
QM9-gap-90k,UCB-BO,61,0,0.207,35.652549697493505,0.5958600044250488,0.10980167270026515
QM9-gap-90k,UCB-BO,61,1,0.2736,50.043215211754536,0.6453990936279297,0.27057498111684514
QM9-gap-90k,UCB-BO,61,2,0.316,59.204840103716506,0.6760978698730469,0.6862109463157136
QM9-gap-90k,UCB-BO,61,3,0.316,59.204840103716506,0.7038369178771973,0.799976950928165
QM9-gap-90k,UCB-BO,61,4,0.316,59.204840103716506,0.7231581211090088,0.8357328327154118
QM9-gap-90k,UCB-BO,61,5,0.316,59.204840103716506,0.7278990745544434,0.8564242362437224
QM9-gap-90k,UCB-BO,61,6,0.3957,76.42610198789974,0.7324428558349609,0.8848272679265098
QM9-gap-90k,UCB-BO,61,7,0.4465,87.40276577355229,0.7276699542999268,0.9883195164027825
QM9-gap-90k,UCB-BO,61,8,0.4465,87.40276577355229,0.7327721118927002,0.9810422306414064
QM9-gap-90k,UCB-BO,61,9,0.4802,94.68452895419188,0.7504258155822754,0.990422358003371
QM9-gap-90k,UCB-BO,61,10,0.4802,94.68452895419188,0.7367417812347412,0.9877177622851575
QM9-gap-90k,UCB-BO,61,11,0.4802,94.68452895419188,0.7448229789733887,1.0707536721225317
QM9-gap-90k,UCB-BO,61,12,0.4802,94.68452895419188,0.7574291229248047,1.1066164459630954
QM9-gap-90k,UCB-BO,61,13,0.4802,94.68452895419188,0.7884399890899658,1.1026981723991773
QM9-gap-90k,UCB-BO,61,14,0.4802,94.68452895419188,0.777177095413208,1.1010414737261105
QM9-gap-90k,UCB-BO,61,15,0.4802,94.68452895419188,0.7934470176696777,1.094442320048959
QM9-gap-90k,UCB-BO,61,16,0.4802,94.68452895419188,0.7776839733123779,1.0815701332963432
QM9-gap-90k,UCB-BO,61,17,0.4802,94.68452895419188,0.7845239639282227,1.082276427822181
QM9-gap-90k,UCB-BO,61,18,0.4802,94.68452895419188,0.7875819206237793,1.076896218737479
QM9-gap-90k,UCB-BO,61,19,0.4802,94.68452895419188,0.7950551509857178,1.0713417097130071
QM9-gap-90k,BO(EI),61,-1,0.207,35.652549697493505,0.0,0.0
QM9-gap-90k,BO(EI),61,0,0.2777,50.929127052722556,0.6122920513153076,0.3461601767616584
QM9-gap-90k,BO(EI),61,1,0.2777,50.929127052722556,0.6366450786590576,0.28882519060346734
QM9-gap-90k,BO(EI),61,2,0.2858,52.67934312878132,0.648468017578125,0.3919855041908077
QM9-gap-90k,BO(EI),61,3,0.2858,52.67934312878132,0.6584360599517822,0.5597689904077197
QM9-gap-90k,BO(EI),61,4,0.2858,52.67934312878132,0.6877052783966064,0.5692584063144419
QM9-gap-90k,BO(EI),61,5,0.3248,61.10630942091616,0.7089252471923828,0.6004999305707869
QM9-gap-90k,BO(EI),61,6,0.3248,61.10630942091616,0.7730820178985596,0.7090067424002697
QM9-gap-90k,BO(EI),61,7,0.3248,61.10630942091616,0.7756099700927734,0.7280278749979446
QM9-gap-90k,BO(EI),61,8,0.3248,61.10630942091616,0.7767400741577148,0.8153634569460358
QM9-gap-90k,BO(EI),61,9,0.3248,61.10630942091616,0.7911632061004639,0.8351344577661278
QM9-gap-90k,BO(EI),61,10,0.3248,61.10630942091616,0.8142149448394775,0.8334000725422855
QM9-gap-90k,BO(EI),61,11,0.3248,61.10630942091616,0.7921569347381592,0.8509195639059
QM9-gap-90k,BO(EI),61,12,0.3248,61.10630942091616,0.8338198661804199,0.8682680199554197
QM9-gap-90k,BO(EI),61,13,0.3312,62.48919619706136,0.8774800300598145,0.8984048825953913
QM9-gap-90k,BO(EI),61,14,0.3312,62.48919619706136,0.8655500411987305,0.9287584149921733
QM9-gap-90k,BO(EI),61,15,0.3312,62.48919619706136,0.8858020305633545,0.9487262390978327
QM9-gap-90k,BO(EI),61,16,0.3312,62.48919619706136,0.8882737159729004,0.9641952423780648
QM9-gap-90k,BO(EI),61,17,0.3637,69.51166810717373,0.9050331115722656,0.966593353847329
QM9-gap-90k,BO(EI),61,18,0.4802,94.68452895419188,0.9192690849304199,0.9949746691827038
QM9-gap-90k,BO(EI),61,19,0.4802,94.68452895419188,0.9009659290313721,1.00591961002691
QM9-gap-90k,GA,61,-1,0.207,35.652549697493505,0.0,0.0
QM9-gap-90k,GA,61,0,0.2996,55.661192739844424,0.8031113147735596,0.8444327464449212
QM9-gap-90k,GA,61,1,0.3237,60.868625756266205,0.849578857421875,1.001918107971729
QM9-gap-90k,GA,61,2,0.3378,63.9152981849611,0.8892838954925537,1.0002815077433826
QM9-gap-90k,GA,61,3,0.355,67.63180639585133,0.9064319133758545,0.9426581175192239
QM9-gap-90k,GA,61,4,0.355,67.63180639585133,0.9670541286468506,0.9313736481469765
QM9-gap-90k,GA,61,5,0.355,67.63180639585133,0.9720280170440674,0.9096427028385311
QM9-gap-90k,GA,61,6,0.3585,68.38807260155573,0.9754490852355957,0.8893410162370572
QM9-gap-90k,GA,61,7,0.3701,70.89455488331892,0.9730730056762695,0.8867395936827456
QM9-gap-90k,GA,61,8,0.373,71.52117545375972,0.966869592666626,0.8798000176417872
QM9-gap-90k,GA,61,9,0.378,72.60155574762315,0.9924328327178955,0.8800142468385532
QM9-gap-90k,GA,61,10,0.378,72.60155574762315,1.0062298774719238,0.8635624079173222
QM9-gap-90k,GA,61,11,0.378,72.60155574762315,1.0278170108795166,0.8504953078696047
QM9-gap-90k,GA,61,12,0.378,72.60155574762315,1.0202720165252686,0.8566592402081249
QM9-gap-90k,GA,61,13,0.378,72.60155574762315,1.0258841514587402,0.8399761422901993
QM9-gap-90k,GA,61,14,0.4056,78.56525496974936,1.029831886291504,0.8351715266465457
QM9-gap-90k,GA,61,15,0.4056,78.56525496974936,1.0319597721099854,0.8170914076872501
QM9-gap-90k,GA,61,16,0.4056,78.56525496974936,1.047605037689209,0.8112524557463507
QM9-gap-90k,GA,61,17,0.4056,78.56525496974936,1.047713041305542,0.8034223902341887
QM9-gap-90k,GA,61,18,0.4056,78.56525496974936,1.0445458889007568,0.7952112891774945
QM9-gap-90k,GA,61,19,0.4056,78.56525496974936,1.0472362041473389,0.7897726593232868
QM9-gap-90k,Random,61,-1,0.207,35.652549697493505,0.0,0.0
QM9-gap-90k,Random,61,0,0.3331,62.89974070872947,0.28611111640930176,0.8651391468783601
QM9-gap-90k,Random,61,1,0.3331,62.89974070872947,0.2959890365600586,0.9484580244431453
QM9-gap-90k,Random,61,2,0.3331,62.89974070872947,0.2938859462738037,0.9209831156179676
QM9-gap-90k,Random,61,3,0.3331,62.89974070872947,0.30179500579833984,0.9087372621068401
QM9-gap-90k,Random,61,4,0.3331,62.89974070872947,0.29822301864624023,0.9140878187441441
QM9-gap-90k,Random,61,5,0.3331,62.89974070872947,0.30631089210510254,0.9072394845162938
QM9-gap-90k,Random,61,6,0.3331,62.89974070872947,0.303952693939209,0.8987286084621615
QM9-gap-90k,Random,61,7,0.3331,62.89974070872947,0.30480504035949707,0.8927717541669092
QM9-gap-90k,Random,61,8,0.3331,62.89974070872947,0.31580209732055664,0.8935623830738264
QM9-gap-90k,Random,61,9,0.3331,62.89974070872947,0.31636810302734375,0.8876857533877243
QM9-gap-90k,Random,61,10,0.3331,62.89974070872947,0.31595921516418457,0.8915130254884046
QM9-gap-90k,Random,61,11,0.3494,66.42178046672427,0.3166158199310303,0.8838119024931228
QM9-gap-90k,Random,61,12,0.3494,66.42178046672427,0.32032322883605957,0.8904426362179376
QM9-gap-90k,Random,61,13,0.3494,66.42178046672427,0.3266119956970215,0.9091216057750985
QM9-gap-90k,Random,61,14,0.4015,77.67934312878133,0.3290250301361084,0.9099529131594629
QM9-gap-90k,Random,61,15,0.4015,77.67934312878133,0.3399817943572998,0.9138937440356716
QM9-gap-90k,Random,61,16,0.4015,77.67934312878133,0.34296441078186035,0.9150629833050239
QM9-gap-90k,Random,61,17,0.4015,77.67934312878133,0.34929680824279785,0.9065344573958432
QM9-gap-90k,Random,61,18,0.4015,77.67934312878133,0.35517215728759766,0.9050019779836945
QM9-gap-90k,Random,61,19,0.4015,77.67934312878133,0.35770416259765625,0.9019566123302368
QM9-gap-90k,GLOSS,67,-1,0.2037,34.93949870354364,0.0,0.0
QM9-gap-90k,GLOSS,67,0,0.2294,40.49265341400172,2.1638638973236084,0.6976963504042433
QM9-gap-90k,GLOSS,67,1,0.2503,45.008643042350904,2.2319159507751465,0.8845124396674023
QM9-gap-90k,GLOSS,67,2,0.3922,75.66983578219532,2.329524040222168,1.2705436064480353
QM9-gap-90k,GLOSS,67,3,0.5048,100.0,2.263105869293213,1.5271798980132592
QM9-gap-90k,GLOSS,67,4,0.5048,100.0,2.344121217727661,1.6343933748559887
QM9-gap-90k,GLOSS,67,5,0.5048,100.0,2.4695730209350586,1.5994684510052342
QM9-gap-90k,GLOSS,67,6,0.5048,100.0,2.474433183670044,1.578438269731681
QM9-gap-90k,GLOSS,67,7,0.5048,100.0,2.4991021156311035,1.5299237100996015
QM9-gap-90k,GLOSS,67,8,0.5048,100.0,2.4811630249023438,1.5117237647600126
QM9-gap-90k,GLOSS,67,9,0.5048,100.0,2.4701123237609863,1.4627690645703215
QM9-gap-90k,GLOSS,67,10,0.5048,100.0,2.4017441272735596,1.426768255097766
QM9-gap-90k,GLOSS,67,11,0.5048,100.0,2.49123215675354,1.42929816448037
QM9-gap-90k,GLOSS,67,12,0.5048,100.0,2.558487892150879,1.403187713428539
QM9-gap-90k,GLOSS,67,13,0.5048,100.0,2.5937209129333496,1.3752146137472516
QM9-gap-90k,GLOSS,67,14,0.5048,100.0,2.5929651260375977,1.35166255091548
QM9-gap-90k,GLOSS,67,15,0.5048,100.0,2.651280164718628,1.3310980169788744
QM9-gap-90k,GLOSS,67,16,0.5048,100.0,2.6395139694213867,1.312108019966327
QM9-gap-90k,GLOSS,67,17,0.5048,100.0,2.713056802749634,1.3027010977961442
QM9-gap-90k,GLOSS,67,18,0.5048,100.0,2.796628952026367,1.3080672504664541
QM9-gap-90k,GLOSS,67,19,0.5048,100.0,2.862060070037842,1.2950541446484451
QM9-gap-90k,UCB-BO,67,-1,0.2037,34.93949870354364,0.0,0.0
QM9-gap-90k,UCB-BO,67,0,0.2294,40.49265341400172,0.5795278549194336,0.44614941023490723
QM9-gap-90k,UCB-BO,67,1,0.2294,40.49265341400172,0.6191601753234863,0.42382154080023926
QM9-gap-90k,UCB-BO,67,2,0.2294,40.49265341400172,0.6243760585784912,0.4564849933450014
QM9-gap-90k,UCB-BO,67,3,0.2294,40.49265341400172,0.6450552940368652,0.4704818843408363
QM9-gap-90k,UCB-BO,67,4,0.2294,40.49265341400172,0.647191047668457,0.46487953149583267
QM9-gap-90k,UCB-BO,67,5,0.2294,40.49265341400172,0.6523911952972412,0.473094664318799
QM9-gap-90k,UCB-BO,67,6,0.2294,40.49265341400172,0.6478519439697266,0.48518386047780176
QM9-gap-90k,UCB-BO,67,7,0.2294,40.49265341400172,0.6573340892791748,0.4893878684420196
QM9-gap-90k,UCB-BO,67,8,0.2697,49.20051858254105,0.6841778755187988,0.511788137658566
QM9-gap-90k,UCB-BO,67,9,0.4802,94.68452895419188,0.6922659873962402,0.5688647923716401
QM9-gap-90k,UCB-BO,67,10,0.4802,94.68452895419188,0.7092809677124023,0.8176253213731405
QM9-gap-90k,UCB-BO,67,11,0.4802,94.68452895419188,0.7007749080657959,0.9923591529765087
QM9-gap-90k,UCB-BO,67,12,0.4802,94.68452895419188,0.7389681339263916,1.073510183663168
QM9-gap-90k,UCB-BO,67,13,0.4802,94.68452895419188,0.7617170810699463,1.1526290424131904
QM9-gap-90k,UCB-BO,67,14,0.4802,94.68452895419188,0.7571320533752441,1.207348676891142
QM9-gap-90k,UCB-BO,67,15,0.4802,94.68452895419188,0.75838303565979,1.2483905947546197
QM9-gap-90k,UCB-BO,67,16,0.4802,94.68452895419188,0.7732291221618652,1.312380431050122
QM9-gap-90k,UCB-BO,67,17,0.4802,94.68452895419188,0.7805910110473633,1.3405045272580973
QM9-gap-90k,UCB-BO,67,18,0.5048,100.0,0.7850470542907715,1.3947550207246406
QM9-gap-90k,UCB-BO,67,19,0.5048,100.0,0.8020408153533936,1.420600083184154
QM9-gap-90k,BO(EI),67,-1,0.2037,34.93949870354364,0.0,0.0
QM9-gap-90k,BO(EI),67,0,0.2323,41.119273984442515,0.5840237140655518,0.45109866217114486
QM9-gap-90k,BO(EI),67,1,0.2431,43.45289541918755,0.6184089183807373,0.5093254286627495
QM9-gap-90k,BO(EI),67,2,0.2683,48.89801210025928,0.625748872756958,0.5428413443029351
QM9-gap-90k,BO(EI),67,3,0.2723,49.76231633535003,0.6354708671569824,0.6644046471992697
QM9-gap-90k,BO(EI),67,4,0.2878,53.1114952463267,0.6618778705596924,0.8583049792974886
QM9-gap-90k,BO(EI),67,5,0.3665,70.11668107173725,0.6587812900543213,1.030369782948904
QM9-gap-90k,BO(EI),67,6,0.4107,79.66724286949007,0.6929740905761719,1.1626254819493183
QM9-gap-90k,BO(EI),67,7,0.4179,81.22299049265341,0.6968960762023926,1.2465963499645287
QM9-gap-90k,BO(EI),67,8,0.4179,81.22299049265341,0.6899778842926025,1.2829401535784153
QM9-gap-90k,BO(EI),67,9,0.5048,100.0,0.7064781188964844,1.3310270456448539
QM9-gap-90k,BO(EI),67,10,0.5048,100.0,0.723283052444458,1.3560138993622126
QM9-gap-90k,BO(EI),67,11,0.5048,100.0,0.7362377643585205,1.3562635489272212
QM9-gap-90k,BO(EI),67,12,0.5048,100.0,0.727773904800415,1.3472826820423265
QM9-gap-90k,BO(EI),67,13,0.5048,100.0,0.7339646816253662,1.334521808868644
QM9-gap-90k,BO(EI),67,14,0.5048,100.0,0.7438230514526367,1.3318237150544667
QM9-gap-90k,BO(EI),67,15,0.5048,100.0,0.7664279937744141,1.3524599416096257
QM9-gap-90k,BO(EI),67,16,0.5048,100.0,0.7557277679443359,1.3453658699783138
QM9-gap-90k,BO(EI),67,17,0.5048,100.0,0.7709720134735107,1.3378967744306984
QM9-gap-90k,BO(EI),67,18,0.5048,100.0,0.7791917324066162,1.361771850032807
QM9-gap-90k,BO(EI),67,19,0.5048,100.0,0.7885458469390869,1.3507733699758808
QM9-gap-90k,GA,67,-1,0.2037,34.93949870354364,0.0,0.0
QM9-gap-90k,GA,67,0,0.2742,50.17286084701814,0.8044822216033936,1.1430463264723165
QM9-gap-90k,GA,67,1,0.3478,66.07605877268799,0.8104219436645508,1.1906783883320942
QM9-gap-90k,GA,67,2,0.3478,66.07605877268799,0.9141390323638916,1.1390858825157772
QM9-gap-90k,GA,67,3,0.3736,71.65082108902332,0.9593846797943115,1.1250926253728157
QM9-gap-90k,GA,67,4,0.3736,71.65082108902332,0.9533650875091553,1.089130716825909
QM9-gap-90k,GA,67,5,0.3736,71.65082108902332,0.9589078426361084,1.0321968902755214
QM9-gap-90k,GA,67,6,0.3736,71.65082108902332,0.9771389961242676,0.9892058826635305
QM9-gap-90k,GA,67,7,0.3881,74.7839239412273,0.9834029674530029,0.9653640692170969
QM9-gap-90k,GA,67,8,0.3881,74.7839239412273,0.9826309680938721,0.9459868658040853
QM9-gap-90k,GA,67,9,0.4465,87.40276577355229,0.9954438209533691,0.9306068844833
QM9-gap-90k,GA,67,10,0.4465,87.40276577355229,1.0073552131652832,0.9205547013243477
QM9-gap-90k,GA,67,11,0.4465,87.40276577355229,1.0409011840820312,0.916874328359603
QM9-gap-90k,GA,67,12,0.4465,87.40276577355229,1.0211119651794434,0.9035937083711838
QM9-gap-90k,GA,67,13,0.4465,87.40276577355229,1.0352070331573486,0.8940952212968345
QM9-gap-90k,GA,67,14,0.4465,87.40276577355229,1.0465409755706787,0.8817604336452011
QM9-gap-90k,GA,67,15,0.4465,87.40276577355229,1.0454819202423096,0.8850079170224181
QM9-gap-90k,GA,67,16,0.4465,87.40276577355229,1.0502572059631348,0.8714657848330729
QM9-gap-90k,GA,67,17,0.4465,87.40276577355229,1.0461881160736084,0.8605052028233723
QM9-gap-90k,GA,67,18,0.4465,87.40276577355229,1.0695841312408447,0.8723546155484071
QM9-gap-90k,GA,67,19,0.4465,87.40276577355229,1.08144211769104,0.8617579976672538
QM9-gap-90k,Random,67,-1,0.2037,34.93949870354364,0.0,0.0
QM9-gap-90k,Random,67,0,0.331,62.445980985306825,0.29271697998046875,0.6021128032041523
QM9-gap-90k,Random,67,1,0.331,62.445980985306825,0.2919938564300537,0.7861132492209777
QM9-gap-90k,Random,67,2,0.331,62.445980985306825,0.29254603385925293,0.8827967213343029
QM9-gap-90k,Random,67,3,0.331,62.445980985306825,0.2983691692352295,0.8873333571368527
QM9-gap-90k,Random,67,4,0.3446,65.38461538461539,0.3022189140319824,0.8906128196967537
QM9-gap-90k,Random,67,5,0.3446,65.38461538461539,0.3040592670440674,0.8948045135417159
QM9-gap-90k,Random,67,6,0.3446,65.38461538461539,0.30422401428222656,0.8791018583835577
QM9-gap-90k,Random,67,7,0.3446,65.38461538461539,0.30875611305236816,0.9022538928580485
QM9-gap-90k,Random,67,8,0.3446,65.38461538461539,0.3165252208709717,0.9077033442669534
QM9-gap-90k,Random,67,9,0.3446,65.38461538461539,0.3160228729248047,0.8991794317820616
QM9-gap-90k,Random,67,10,0.371,71.08902333621434,0.31719088554382324,0.9071543460271221
QM9-gap-90k,Random,67,11,0.371,71.08902333621434,0.31753110885620117,0.9070035722826831
QM9-gap-90k,Random,67,12,0.371,71.08902333621434,0.32427072525024414,0.9017783971710001
QM9-gap-90k,Random,67,13,0.371,71.08902333621434,0.3297312259674072,0.9119711745691531
QM9-gap-90k,Random,67,14,0.371,71.08902333621434,0.3296377658843994,0.907554063106186
QM9-gap-90k,Random,67,15,0.371,71.08902333621434,0.334993839263916,0.9041786533636115
QM9-gap-90k,Random,67,16,0.371,71.08902333621434,0.3377859592437744,0.9099187166990337
QM9-gap-90k,Random,67,17,0.371,71.08902333621434,0.34400367736816406,0.9076799488129021
QM9-gap-90k,Random,67,18,0.371,71.08902333621434,0.3470649719238281,0.9093694201269041
QM9-gap-90k,Random,67,19,0.371,71.08902333621434,0.34911012649536133,0.9096867300022967
QM9-gap-95k,GLOSS,47,-1,0.2077,35.80380293863439,0.0,0.0
QM9-gap-95k,GLOSS,47,0,0.286,52.722558340535855,2.659236192703247,0.5253629036048243
QM9-gap-95k,GLOSS,47,1,0.3321,62.68366464995678,2.7846431732177734,0.6406831892665376
QM9-gap-95k,GLOSS,47,2,0.3321,62.68366464995678,2.4212729930877686,0.9538121375688021
QM9-gap-95k,GLOSS,47,3,0.3427,64.97407087294728,2.5628058910369873,0.9667350820505441
QM9-gap-95k,GLOSS,47,4,0.3694,70.74330164217805,2.499985933303833,0.9217892420583191
QM9-gap-95k,GLOSS,47,5,0.3901,75.21607605877269,2.614211082458496,0.9457837486086885
QM9-gap-95k,GLOSS,47,6,0.4802,94.68452895419188,2.5859251022338867,0.9809577485929222
QM9-gap-95k,GLOSS,47,7,0.4802,94.68452895419188,2.7400238513946533,1.026125797099222
QM9-gap-95k,GLOSS,47,8,0.4802,94.68452895419188,2.715146064758301,1.0667303943841409
QM9-gap-95k,GLOSS,47,9,0.4802,94.68452895419188,2.6538820266723633,1.0982216642065228
QM9-gap-95k,GLOSS,47,10,0.5048,100.0,2.6616621017456055,1.172791720306415
QM9-gap-95k,GLOSS,47,11,0.5048,100.0,2.6766269207000732,1.2297469096840752
QM9-gap-95k,GLOSS,47,12,0.5048,100.0,2.672616958618164,1.2085391485382095
QM9-gap-95k,GLOSS,47,13,0.5048,100.0,2.7517569065093994,1.2035398474113235
QM9-gap-95k,GLOSS,47,14,0.5048,100.0,2.78401780128479,1.1955845134027672
QM9-gap-95k,GLOSS,47,15,0.5048,100.0,2.8525619506835938,1.1857074983883196
QM9-gap-95k,GLOSS,47,16,0.5048,100.0,2.861346960067749,1.1902705924020716
QM9-gap-95k,GLOSS,47,17,0.5048,100.0,2.811614990234375,1.1997054429344838
QM9-gap-95k,GLOSS,47,18,0.5048,100.0,2.85292387008667,1.1866500271620686
QM9-gap-95k,GLOSS,47,19,0.5048,100.0,2.837815046310425,1.1824873481910543
QM9-gap-95k,UCB-BO,47,-1,0.2077,35.80380293863439,0.0,0.0
QM9-gap-95k,UCB-BO,47,0,0.2865,52.8305963699222,0.600161075592041,0.1565996126899694
QM9-gap-95k,UCB-BO,47,1,0.3371,63.76404494382022,0.6467928886413574,0.34202142763100246
QM9-gap-95k,UCB-BO,47,2,0.3371,63.76404494382022,0.6683242321014404,0.48327000263924197
QM9-gap-95k,UCB-BO,47,3,0.3371,63.76404494382022,0.7091729640960693,0.48206306905383817
QM9-gap-95k,UCB-BO,47,4,0.3371,63.76404494382022,0.7414898872375488,0.4538601372655962
QM9-gap-95k,UCB-BO,47,5,0.3637,69.51166810717373,0.7479560375213623,0.45395556441736123
QM9-gap-95k,UCB-BO,47,6,0.3872,74.5894554883319,0.7477259635925293,0.5337739503074185
QM9-gap-95k,UCB-BO,47,7,0.4465,87.40276577355229,0.7307169437408447,0.6222450713984079
QM9-gap-95k,UCB-BO,47,8,0.4802,94.68452895419188,0.7527480125427246,0.7940975188284287
QM9-gap-95k,UCB-BO,47,9,0.4802,94.68452895419188,0.7731547355651855,0.8535544768077026
QM9-gap-95k,UCB-BO,47,10,0.4802,94.68452895419188,0.7666981220245361,0.8884907106605918
QM9-gap-95k,UCB-BO,47,11,0.4802,94.68452895419188,0.7695231437683105,0.8875402029841684
QM9-gap-95k,UCB-BO,47,12,0.4802,94.68452895419188,0.7894628047943115,0.919117767619713
QM9-gap-95k,UCB-BO,47,13,0.5048,100.0,0.7783041000366211,0.9862019546968377
QM9-gap-95k,UCB-BO,47,14,0.5048,100.0,0.8000648021697998,0.9973458750177585
QM9-gap-95k,UCB-BO,47,15,0.5048,100.0,0.8037807941436768,0.9931775865068597
QM9-gap-95k,UCB-BO,47,16,0.5048,100.0,0.8010239601135254,0.9786015690215232
QM9-gap-95k,UCB-BO,47,17,0.5048,100.0,0.8036348819732666,0.959740531927716
QM9-gap-95k,UCB-BO,47,18,0.5048,100.0,0.7999899387359619,0.9591195280119267
QM9-gap-95k,UCB-BO,47,19,0.5048,100.0,0.8037309646606445,0.9607150363670943
QM9-gap-95k,BO(EI),47,-1,0.2077,35.80380293863439,0.0,0.0
QM9-gap-95k,BO(EI),47,0,0.2312,40.88159031979256,0.5949959754943848,0.16288763343318297
QM9-gap-95k,BO(EI),47,1,0.3549,67.61019878997406,0.6377558708190918,0.31680557945785054
QM9-gap-95k,BO(EI),47,2,0.3653,69.85738980121002,0.6655700206756592,0.5853468261356528
QM9-gap-95k,BO(EI),47,3,0.3653,69.85738980121002,0.6926090717315674,0.7183027748874907
QM9-gap-95k,BO(EI),47,4,0.5048,100.0,0.6975557804107666,0.8767132690406491
QM9-gap-95k,BO(EI),47,5,0.5048,100.0,0.7092611789703369,1.1349494508252993
QM9-gap-95k,BO(EI),47,6,0.5048,100.0,0.7253830432891846,1.1055635923537717
QM9-gap-95k,BO(EI),47,7,0.5048,100.0,0.7365188598632812,1.1213413359815347
QM9-gap-95k,BO(EI),47,8,0.5048,100.0,0.7337138652801514,1.131670726550318
QM9-gap-95k,BO(EI),47,9,0.5048,100.0,0.7417387962341309,1.1041572636051191
QM9-gap-95k,BO(EI),47,10,0.5048,100.0,0.7472639083862305,1.1310791310043844
QM9-gap-95k,BO(EI),47,11,0.5048,100.0,0.751335859298706,1.1322353130813154
QM9-gap-95k,BO(EI),47,12,0.5048,100.0,0.7616477012634277,1.1705706387608243
QM9-gap-95k,BO(EI),47,13,0.5048,100.0,0.7826621532440186,1.2047659303578826
QM9-gap-95k,BO(EI),47,14,0.5048,100.0,0.7954270839691162,1.180666950426784
QM9-gap-95k,BO(EI),47,15,0.5048,100.0,0.8216021060943604,1.1858115858590326
QM9-gap-95k,BO(EI),47,16,0.5048,100.0,0.801616907119751,1.18812666171789
QM9-gap-95k,BO(EI),47,17,0.5048,100.0,0.8371241092681885,1.221820010513211
QM9-gap-95k,BO(EI),47,18,0.5048,100.0,0.8154449462890625,1.2099218114125125
QM9-gap-95k,BO(EI),47,19,0.5048,100.0,0.8606200218200684,1.2093576330184033
QM9-gap-95k,GA,47,-1,0.2077,35.80380293863439,0.0,0.0
QM9-gap-95k,GA,47,0,0.3174,59.50734658599828,0.8326661586761475,0.41228726763073226
QM9-gap-95k,GA,47,1,0.3314,62.53241140881589,0.8848187923431396,0.5572192483143704
QM9-gap-95k,GA,47,2,0.3437,65.19014693171997,0.9187591075897217,0.6519342766412065
QM9-gap-95k,GA,47,3,0.3577,68.21521175453759,0.9462337493896484,0.6767039619021278
QM9-gap-95k,GA,47,4,0.3577,68.21521175453759,0.9332001209259033,0.690352258345484
QM9-gap-95k,GA,47,5,0.3577,68.21521175453759,0.9428417682647705,0.6934408608673711
QM9-gap-95k,GA,47,6,0.3577,68.21521175453759,0.9525051116943359,0.6926491869800666
QM9-gap-95k,GA,47,7,0.3577,68.21521175453759,1.0039868354797363,0.679924236346837
QM9-gap-95k,GA,47,8,0.3577,68.21521175453759,0.9959030151367188,0.6899830476171269
QM9-gap-95k,GA,47,9,0.3621,69.16594641313742,0.9743130207061768,0.7058311445850942
QM9-gap-95k,GA,47,10,0.3621,69.16594641313742,0.9877891540527344,0.7151463322397951
QM9-gap-95k,GA,47,11,0.3621,69.16594641313742,1.0124220848083496,0.7173532998045585
QM9-gap-95k,GA,47,12,0.3621,69.16594641313742,1.0148260593414307,0.7238966581086976
QM9-gap-95k,GA,47,13,0.3621,69.16594641313742,1.0503990650177002,0.7362986494947578
QM9-gap-95k,GA,47,14,0.3621,69.16594641313742,1.0344419479370117,0.7358896817052597
QM9-gap-95k,GA,47,15,0.4802,94.68452895419188,1.0610558986663818,0.7341726032374025
QM9-gap-95k,GA,47,16,0.4802,94.68452895419188,1.0578210353851318,0.7461949313596009
QM9-gap-95k,GA,47,17,0.4802,94.68452895419188,1.0801138877868652,0.7577397284790004
QM9-gap-95k,GA,47,18,0.4802,94.68452895419188,1.1046438217163086,0.7691107968897007
QM9-gap-95k,GA,47,19,0.4802,94.68452895419188,1.096662998199463,0.7680957677038996
QM9-gap-95k,Random,47,-1,0.2077,35.80380293863439,0.0,0.0
QM9-gap-95k,Random,47,0,0.308,57.476231633535,0.3040032386779785,0.8941320335367292
QM9-gap-95k,Random,47,1,0.3287,61.94900605012964,0.3079409599304199,0.9069352480935661
QM9-gap-95k,Random,47,2,0.3354,63.396715643906646,0.3069040775299072,0.9059760895496024
QM9-gap-95k,Random,47,3,0.3354,63.396715643906646,0.3156571388244629,0.8867755007932581
QM9-gap-95k,Random,47,4,0.3354,63.396715643906646,0.32095813751220703,0.9084153801232127
QM9-gap-95k,Random,47,5,0.3606,68.84183232497838,0.33019113540649414,0.9077679358879738
QM9-gap-95k,Random,47,6,0.3606,68.84183232497838,0.3211178779602051,0.9295637800253255
QM9-gap-95k,Random,47,7,0.3606,68.84183232497838,0.32249903678894043,0.9470880095309102
QM9-gap-95k,Random,47,8,0.3606,68.84183232497838,0.32540416717529297,0.9191082945144607
QM9-gap-95k,Random,47,9,0.3606,68.84183232497838,0.32828307151794434,0.9142712550761906
QM9-gap-95k,Random,47,10,0.3606,68.84183232497838,0.33467912673950195,0.9172580487200873
QM9-gap-95k,Random,47,11,0.3606,68.84183232497838,0.3311760425567627,0.9248105103171111
QM9-gap-95k,Random,47,12,0.3606,68.84183232497838,0.33676815032958984,0.9215695306379078
QM9-gap-95k,Random,47,13,0.3606,68.84183232497838,0.3434760570526123,0.9111388575578995
QM9-gap-95k,Random,47,14,0.3606,68.84183232497838,0.3455030918121338,0.9128066485298435
QM9-gap-95k,Random,47,15,0.3606,68.84183232497838,0.34719109535217285,0.912195318810124
QM9-gap-95k,Random,47,16,0.3606,68.84183232497838,0.3499629497528076,0.9152110904822339
QM9-gap-95k,Random,47,17,0.3606,68.84183232497838,0.3512001037597656,0.9081692283609061
QM9-gap-95k,Random,47,18,0.3606,68.84183232497838,0.3593928813934326,0.9256821435876326
QM9-gap-95k,Random,47,19,0.3778,72.55834053586862,0.35804080963134766,0.9187886952699581
QM9-gap-95k,GLOSS,53,-1,0.2067,35.587726879861705,0.0,0.0
QM9-gap-95k,GLOSS,53,0,0.2336,41.400172860847015,2.5072848796844482,0.472239507963151
QM9-gap-95k,GLOSS,53,1,0.3067,57.1953327571305,2.5219829082489014,0.7641374009019547
QM9-gap-95k,GLOSS,53,2,0.4063,78.71650821089023,2.548687219619751,1.0506410630270897
QM9-gap-95k,GLOSS,53,3,0.462,90.75194468452895,2.4026172161102295,1.1085226391236032
QM9-gap-95k,GLOSS,53,4,0.4802,94.68452895419188,2.498702049255371,1.0785492451487182
QM9-gap-95k,GLOSS,53,5,0.4802,94.68452895419188,2.4290213584899902,1.2219398256836143
QM9-gap-95k,GLOSS,53,6,0.4802,94.68452895419188,2.56284499168396,1.2135980556785808
QM9-gap-95k,GLOSS,53,7,0.5048,100.0,2.586972236633301,1.276004701052153
QM9-gap-95k,GLOSS,53,8,0.5048,100.0,2.5801329612731934,1.3020280762316119
QM9-gap-95k,GLOSS,53,9,0.5048,100.0,2.606091022491455,1.309685469841172
QM9-gap-95k,GLOSS,53,10,0.5048,100.0,2.6509108543395996,1.3026024420157025
QM9-gap-95k,GLOSS,53,11,0.5048,100.0,2.727991819381714,1.2764655670159397
QM9-gap-95k,GLOSS,53,12,0.5048,100.0,2.8066978454589844,1.2588631754782176
QM9-gap-95k,GLOSS,53,13,0.5048,100.0,2.779123067855835,1.2438354062736852
QM9-gap-95k,GLOSS,53,14,0.5048,100.0,2.763468027114868,1.233589637106916
QM9-gap-95k,GLOSS,53,15,0.5048,100.0,2.8158798217773438,1.212138454455896
QM9-gap-95k,GLOSS,53,16,0.5048,100.0,2.9419679641723633,1.2003061098872319
QM9-gap-95k,GLOSS,53,17,0.5048,100.0,2.9973230361938477,1.1993068774811466
QM9-gap-95k,GLOSS,53,18,0.5048,100.0,2.893259048461914,1.1816854826569527
QM9-gap-95k,GLOSS,53,19,0.5048,100.0,2.941444158554077,1.1815739780913477
QM9-gap-95k,UCB-BO,53,-1,0.2067,35.587726879861705,0.0,0.0
QM9-gap-95k,UCB-BO,53,0,0.2252,39.58513396715644,0.600369930267334,0.3177993694274523
QM9-gap-95k,UCB-BO,53,1,0.2348,41.65946413137424,0.6364221572875977,0.46213696416396544
QM9-gap-95k,UCB-BO,53,2,0.3199,60.04753673293,0.6636509895324707,0.8296077051373059
QM9-gap-95k,UCB-BO,53,3,0.3353,63.37510803802938,0.701483964920044,0.893075473236135
QM9-gap-95k,UCB-BO,53,4,0.3353,63.37510803802938,0.7073202133178711,0.9744248817483563
QM9-gap-95k,UCB-BO,53,5,0.3684,70.52722558340537,0.7449131011962891,0.9632704148218169
QM9-gap-95k,UCB-BO,53,6,0.4465,87.40276577355229,0.7513589859008789,0.99384295371186
QM9-gap-95k,UCB-BO,53,7,0.5048,100.0,0.7534482479095459,1.1689714015908426
QM9-gap-95k,UCB-BO,53,8,0.5048,100.0,0.759605884552002,1.1924914422973634
QM9-gap-95k,UCB-BO,53,9,0.5048,100.0,0.754204273223877,1.2167818548092748
QM9-gap-95k,UCB-BO,53,10,0.5048,100.0,0.7722148895263672,1.2092322786729264
QM9-gap-95k,UCB-BO,53,11,0.5048,100.0,0.8162100315093994,1.1995257945524633
QM9-gap-95k,UCB-BO,53,12,0.5048,100.0,0.8231701850891113,1.251169552956874
QM9-gap-95k,UCB-BO,53,13,0.5048,100.0,0.8200719356536865,1.2383784792832748
QM9-gap-95k,UCB-BO,53,14,0.5048,100.0,0.8289239406585693,1.2234216370913154
QM9-gap-95k,UCB-BO,53,15,0.5048,100.0,0.8319790363311768,1.217422242361788
QM9-gap-95k,UCB-BO,53,16,0.5048,100.0,0.8514711856842041,1.2042250858419545
QM9-gap-95k,UCB-BO,53,17,0.5048,100.0,0.8393011093139648,1.1870971696331003
QM9-gap-95k,UCB-BO,53,18,0.5048,100.0,0.8716108798980713,1.1762148378911441
QM9-gap-95k,UCB-BO,53,19,0.5048,100.0,0.866391658782959,1.1631923865459048
QM9-gap-95k,BO(EI),53,-1,0.2067,35.587726879861705,0.0,0.0
QM9-gap-95k,BO(EI),53,0,0.2111,36.53846153846153,0.6070601940155029,0.025730527419245385
QM9-gap-95k,BO(EI),53,1,0.2437,43.58254105445116,0.62447190284729,0.19566297967818091
QM9-gap-95k,BO(EI),53,2,0.3042,56.655142610198794,0.8283050060272217,0.5477230333060205
QM9-gap-95k,BO(EI),53,3,0.336,63.526361279170274,0.6588149070739746,0.7872352425057458
QM9-gap-95k,BO(EI),53,4,0.336,63.526361279170274,0.7206168174743652,0.8960168477244613
QM9-gap-95k,BO(EI),53,5,0.336,63.526361279170274,0.7552399635314941,0.8917061716640428
QM9-gap-95k,BO(EI),53,6,0.3471,65.92480553154711,0.7768700122833252,0.9540922234190522
QM9-gap-95k,BO(EI),53,7,0.3471,65.92480553154711,0.7879321575164795,1.0096627574444825
QM9-gap-95k,BO(EI),53,8,0.3842,73.94122731201382,0.7958440780639648,1.0017772690854072
QM9-gap-95k,BO(EI),53,9,0.3957,76.42610198789974,0.8032400608062744,1.0794894747645412
QM9-gap-95k,BO(EI),53,10,0.3957,76.42610198789974,0.8055410385131836,1.0635144366925402
QM9-gap-95k,BO(EI),53,11,0.3957,76.42610198789974,0.8125057220458984,1.0831092159477895
QM9-gap-95k,BO(EI),53,12,0.4128,80.1210025929127,0.8317568302154541,1.0808940007721615
QM9-gap-95k,BO(EI),53,13,0.462,90.75194468452895,0.8369359970092773,1.0904248061368544
QM9-gap-95k,BO(EI),53,14,0.4802,94.68452895419188,0.8300769329071045,1.0915484275420508
QM9-gap-95k,BO(EI),53,15,0.4802,94.68452895419188,0.8377578258514404,1.0920435976830167
QM9-gap-95k,BO(EI),53,16,0.4802,94.68452895419188,0.8446087837219238,1.1271345057420883
QM9-gap-95k,BO(EI),53,17,0.4802,94.68452895419188,0.8732850551605225,1.1226554580021957
QM9-gap-95k,BO(EI),53,18,0.4802,94.68452895419188,0.8841371536254883,1.1069002319013155
QM9-gap-95k,BO(EI),53,19,0.4802,94.68452895419188,0.9065771102905273,1.1070833849740362
QM9-gap-95k,GA,53,-1,0.2067,35.587726879861705,0.0,0.0
QM9-gap-95k,GA,53,0,0.3014,56.05012964563526,0.8165409564971924,0.9210965352603975
QM9-gap-95k,GA,53,1,0.3523,67.04840103716508,0.8616251945495605,1.1270723948647647
QM9-gap-95k,GA,53,2,0.3737,71.67242869490059,0.9174540042877197,1.0988544807872913
QM9-gap-95k,GA,53,3,0.3737,71.67242869490059,0.9748520851135254,1.0440147877976806
QM9-gap-95k,GA,53,4,0.3737,71.67242869490059,0.9900960922241211,1.027330364307819
QM9-gap-95k,GA,53,5,0.3737,71.67242869490059,0.9980521202087402,0.9982352088266957
QM9-gap-95k,GA,53,6,0.3737,71.67242869490059,1.0263781547546387,0.9890115488088698
QM9-gap-95k,GA,53,7,0.3737,71.67242869490059,1.0377748012542725,0.9892720036252187
QM9-gap-95k,GA,53,8,0.3737,71.67242869490059,1.0381288528442383,0.9709110921953407
QM9-gap-95k,GA,53,9,0.3737,71.67242869490059,1.0603861808776855,0.9430516813614506
QM9-gap-95k,GA,53,10,0.3737,71.67242869490059,1.065303087234497,0.9415519091045182
QM9-gap-95k,GA,53,11,0.3737,71.67242869490059,1.07600998878479,0.9272091469000846
QM9-gap-95k,GA,53,12,0.3737,71.67242869490059,1.0799517631530762,0.9096963261490638
QM9-gap-95k,GA,53,13,0.3737,71.67242869490059,1.0923869609832764,0.9049662447600634
QM9-gap-95k,GA,53,14,0.3737,71.67242869490059,1.0811288356781006,0.8937391839749239
QM9-gap-95k,GA,53,15,0.3737,71.67242869490059,1.1393673419952393,0.8900102838179454
QM9-gap-95k,GA,53,16,0.3737,71.67242869490059,1.1130869388580322,0.8877697010141602
QM9-gap-95k,GA,53,17,0.3737,71.67242869490059,1.140089988708496,0.8819062680992646
QM9-gap-95k,GA,53,18,0.3737,71.67242869490059,1.1334760189056396,0.8780339925566509
QM9-gap-95k,GA,53,19,0.3737,71.67242869490059,1.1525728702545166,0.8720064184988232
QM9-gap-95k,Random,53,-1,0.2067,35.587726879861705,0.0,0.0
QM9-gap-95k,Random,53,0,0.308,57.476231633535,0.3006007671356201,0.9460472143566016
QM9-gap-95k,Random,53,1,0.3174,59.50734658599828,0.3030850887298584,0.9879869156124647
QM9-gap-95k,Random,53,2,0.3311,62.4675885911841,0.3060119152069092,0.9416254506414619
QM9-gap-95k,Random,53,3,0.3311,62.4675885911841,0.3109860420227051,0.9165505014518647
QM9-gap-95k,Random,53,4,0.3311,62.4675885911841,0.3153848648071289,0.8735627663351505
QM9-gap-95k,Random,53,5,0.3311,62.4675885911841,0.3145296573638916,0.8569546221001904
QM9-gap-95k,Random,53,6,0.3334,62.964563526361275,0.3240530490875244,0.826913694616034
QM9-gap-95k,Random,53,7,0.3334,62.964563526361275,0.3208317756652832,0.812814328001768
QM9-gap-95k,Random,53,8,0.3499,66.52981849611062,0.32498598098754883,0.8092281832134571
QM9-gap-95k,Random,53,9,0.3499,66.52981849611062,0.32244396209716797,0.7920999738113725
QM9-gap-95k,Random,53,10,0.3499,66.52981849611062,0.3255620002746582,0.8059472083140232
QM9-gap-95k,Random,53,11,0.3499,66.52981849611062,0.3307778835296631,0.8281477803596102
QM9-gap-95k,Random,53,12,0.3499,66.52981849611062,0.33867502212524414,0.8212986237020028
QM9-gap-95k,Random,53,13,0.3499,66.52981849611062,0.34218335151672363,0.8262625739401748
QM9-gap-95k,Random,53,14,0.3499,66.52981849611062,0.3436880111694336,0.8111279132898449
QM9-gap-95k,Random,53,15,0.3499,66.52981849611062,0.3435781002044678,0.8171509830889752
QM9-gap-95k,Random,53,16,0.3499,66.52981849611062,0.35466599464416504,0.8204084216728094
QM9-gap-95k,Random,53,17,0.3499,66.52981849611062,0.356766939163208,0.8233460263757519
QM9-gap-95k,Random,53,18,0.3499,66.52981849611062,0.362471342086792,0.8326221388256556
QM9-gap-95k,Random,53,19,0.3499,66.52981849611062,0.3649590015411377,0.8251773932070706
QM9-gap-95k,GLOSS,59,-1,0.2091,36.10630942091616,0.0,0.0
QM9-gap-95k,GLOSS,59,0,0.3405,64.49870354364737,3.2572343349456787,0.6464358562179603
QM9-gap-95k,GLOSS,59,1,0.3405,64.49870354364737,2.4307141304016113,0.8417189085660712
QM9-gap-95k,GLOSS,59,2,0.3473,65.96802074330164,2.9768807888031006,0.8727670412965429
QM9-gap-95k,GLOSS,59,3,0.4802,94.68452895419188,2.547008991241455,0.9237735468158245
QM9-gap-95k,GLOSS,59,4,0.4802,94.68452895419188,2.5009610652923584,1.0691163805375359
QM9-gap-95k,GLOSS,59,5,0.4802,94.68452895419188,2.597566843032837,1.1135674124845938
QM9-gap-95k,GLOSS,59,6,0.5048,100.0,2.5737709999084473,1.2796614035445704
QM9-gap-95k,GLOSS,59,7,0.5048,100.0,2.648164749145508,1.32978862927375
QM9-gap-95k,GLOSS,59,8,0.5048,100.0,2.535439968109131,1.2977100116139957
QM9-gap-95k,GLOSS,59,9,0.5048,100.0,1.8000068664550781,1.2945432510282018
QM9-gap-95k,GLOSS,59,10,0.5048,100.0,1.774043083190918,1.2777939331034076
QM9-gap-95k,GLOSS,59,11,0.5048,100.0,1.8040802478790283,1.2650783378570092
QM9-gap-95k,GLOSS,59,12,0.5048,100.0,1.8059308528900146,1.2554039848826433
QM9-gap-95k,GLOSS,59,13,0.5048,100.0,1.8603088855743408,1.2372592464938046
QM9-gap-95k,GLOSS,59,14,0.5048,100.0,1.8355889320373535,1.2227830103184156
QM9-gap-95k,GLOSS,59,15,0.5048,100.0,1.8696198463439941,1.216134769966044
QM9-gap-95k,GLOSS,59,16,0.5048,100.0,1.870352029800415,1.213974262303479
QM9-gap-95k,GLOSS,59,17,0.5048,100.0,1.942669153213501,1.2072877519083574
QM9-gap-95k,GLOSS,59,18,0.5048,100.0,1.9580211639404297,1.2059019611087745
QM9-gap-95k,GLOSS,59,19,0.5048,100.0,2.026547908782959,1.213718570234965
QM9-gap-95k,UCB-BO,59,-1,0.2091,36.10630942091616,0.0,0.0
QM9-gap-95k,UCB-BO,59,0,0.2767,50.71305099394986,0.4196159839630127,0.21180033100862147
QM9-gap-95k,UCB-BO,59,1,0.2767,50.71305099394986,0.4524359703063965,0.8909481241710153
QM9-gap-95k,UCB-BO,59,2,0.2767,50.71305099394986,0.46971702575683594,0.8503573227547055
QM9-gap-95k,UCB-BO,59,3,0.3021,56.201382886776145,0.479964017868042,0.8167460910267044
QM9-gap-95k,UCB-BO,59,4,0.3221,60.5229040622299,0.4922049045562744,0.769556174658287
QM9-gap-95k,UCB-BO,59,5,0.3285,61.90579083837511,0.4922749996185303,0.7620289370445839
QM9-gap-95k,UCB-BO,59,6,0.3285,61.90579083837511,0.5024330615997314,0.7590811623582712
QM9-gap-95k,UCB-BO,59,7,0.3285,61.90579083837511,0.5011839866638184,0.7899842479386168
QM9-gap-95k,UCB-BO,59,8,0.3285,61.90579083837511,0.5016210079193115,0.7716868447323149
QM9-gap-95k,UCB-BO,59,9,0.3285,61.90579083837511,0.498136043548584,0.7479362119521203
QM9-gap-95k,UCB-BO,59,10,0.3285,61.90579083837511,0.5219120979309082,0.7248691209369956
QM9-gap-95k,UCB-BO,59,11,0.3285,61.90579083837511,0.5197429656982422,0.7095368575198184
QM9-gap-95k,UCB-BO,59,12,0.3285,61.90579083837511,0.5164549350738525,0.7206192897328886
QM9-gap-95k,UCB-BO,59,13,0.3288,61.97061365600691,0.5317709445953369,0.7097424718107278
QM9-gap-95k,UCB-BO,59,14,0.3332,62.92134831460674,0.5540502071380615,0.6958086994485234
QM9-gap-95k,UCB-BO,59,15,0.3332,62.92134831460674,0.5241949558258057,0.6963204221008105
QM9-gap-95k,UCB-BO,59,16,0.3332,62.92134831460674,0.5285389423370361,0.6916918844791847
QM9-gap-95k,UCB-BO,59,17,0.3332,62.92134831460674,0.5346529483795166,0.7025425937598514
QM9-gap-95k,UCB-BO,59,18,0.3332,62.92134831460674,0.5524611473083496,0.6956515543336509
QM9-gap-95k,UCB-BO,59,19,0.3332,62.92134831460674,0.5377709865570068,0.699812332064838
QM9-gap-95k,BO(EI),59,-1,0.2091,36.10630942091616,0.0,0.0
QM9-gap-95k,BO(EI),59,0,0.2207,38.61279170267934,0.4094269275665283,0.13792147047908435
QM9-gap-95k,BO(EI),59,1,0.3145,58.88072601555747,0.4423182010650635,0.3111951615529705
QM9-gap-95k,BO(EI),59,2,0.3737,71.67242869490059,0.4750862121582031,0.5209705967329914
QM9-gap-95k,BO(EI),59,3,0.3864,74.41659464131375,0.4700179100036621,0.6497187836982345
QM9-gap-95k,BO(EI),59,4,0.3864,74.41659464131375,0.4875960350036621,0.657474218755918
QM9-gap-95k,BO(EI),59,5,0.3864,74.41659464131375,0.48117780685424805,0.7275351841793504
QM9-gap-95k,BO(EI),59,6,0.3864,74.41659464131375,0.49443578720092773,0.7055135618852003
QM9-gap-95k,BO(EI),59,7,0.3864,74.41659464131375,0.489851713180542,0.7566860697218871
QM9-gap-95k,BO(EI),59,8,0.3864,74.41659464131375,0.5245540142059326,0.7592315989793351
QM9-gap-95k,BO(EI),59,9,0.462,90.75194468452895,0.5217490196228027,0.7763660588027654
QM9-gap-95k,BO(EI),59,10,0.462,90.75194468452895,0.5296008586883545,0.8409377751078845
QM9-gap-95k,BO(EI),59,11,0.4802,94.68452895419188,0.5383749008178711,0.9280138616792667
QM9-gap-95k,BO(EI),59,12,0.4802,94.68452895419188,0.5477890968322754,0.9393793263978896
QM9-gap-95k,BO(EI),59,13,0.4802,94.68452895419188,0.5781240463256836,1.0284332604311133
QM9-gap-95k,BO(EI),59,14,0.4802,94.68452895419188,0.5562102794647217,1.0759667184148225
QM9-gap-95k,BO(EI),59,15,0.4802,94.68452895419188,0.5604937076568604,1.066002962610171
QM9-gap-95k,BO(EI),59,16,0.4802,94.68452895419188,0.5753870010375977,1.0591407289651265
QM9-gap-95k,BO(EI),59,17,0.4802,94.68452895419188,0.5616898536682129,1.0412366066436638
QM9-gap-95k,BO(EI),59,18,0.4802,94.68452895419188,0.5636632442474365,1.0395207354750557
QM9-gap-95k,BO(EI),59,19,0.5048,100.0,0.5711708068847656,1.060404645082846
QM9-gap-95k,GA,59,-1,0.2091,36.10630942091616,0.0,0.0
QM9-gap-95k,GA,59,0,0.2776,50.907519446845285,0.5803749561309814,0.7262510412548763
QM9-gap-95k,GA,59,1,0.3795,72.92566983578219,0.6223428249359131,0.8436900440699023
QM9-gap-95k,GA,59,2,0.3795,72.92566983578219,0.620614767074585,0.8302982557663808
QM9-gap-95k,GA,59,3,0.3795,72.92566983578219,0.6577811241149902,0.8253591990212026
QM9-gap-95k,GA,59,4,0.3795,72.92566983578219,0.6637909412384033,0.8139434703956361
QM9-gap-95k,GA,59,5,0.3795,72.92566983578219,0.6783478260040283,0.8138299365081734
QM9-gap-95k,GA,59,6,0.3795,72.92566983578219,0.7449119091033936,0.8108049848232938
QM9-gap-95k,GA,59,7,0.3795,72.92566983578219,0.6894352436065674,0.8154994967139918
QM9-gap-95k,GA,59,8,0.3795,72.92566983578219,0.6817741394042969,0.7936365043884124
QM9-gap-95k,GA,59,9,0.3795,72.92566983578219,0.6955661773681641,0.796795093998909
QM9-gap-95k,GA,59,10,0.3997,77.2904062229905,0.7146408557891846,0.779047665954476
QM9-gap-95k,GA,59,11,0.3997,77.2904062229905,0.718576192855835,0.7599942990310262
QM9-gap-95k,GA,59,12,0.3997,77.2904062229905,0.709481954574585,0.7472816065126029
QM9-gap-95k,GA,59,13,0.3997,77.2904062229905,0.7335758209228516,0.746905072476452
QM9-gap-95k,GA,59,14,0.3997,77.2904062229905,0.7201399803161621,0.7382905330770875
QM9-gap-95k,GA,59,15,0.3997,77.2904062229905,0.73183274269104,0.7292784641259622
QM9-gap-95k,GA,59,16,0.3997,77.2904062229905,0.7498600482940674,0.7351430950367763
QM9-gap-95k,GA,59,17,0.3997,77.2904062229905,0.7505779266357422,0.7304210667124473
QM9-gap-95k,GA,59,18,0.3997,77.2904062229905,0.7776970863342285,0.7189474301071903
QM9-gap-95k,GA,59,19,0.3997,77.2904062229905,0.7420971393585205,0.7113286183033309
QM9-gap-95k,Random,59,-1,0.2091,36.10630942091616,0.0,0.0
QM9-gap-95k,Random,59,0,0.3233,60.78219533275713,0.20435285568237305,0.8546213746944089
QM9-gap-95k,Random,59,1,0.345,65.47104580812444,0.20390582084655762,0.8568462636732376
QM9-gap-95k,Random,59,2,0.345,65.47104580812444,0.20037603378295898,0.8419540781920776
QM9-gap-95k,Random,59,3,0.345,65.47104580812444,0.20318603515625,0.838619140497788
QM9-gap-95k,Random,59,4,0.345,65.47104580812444,0.2071981430053711,0.882547999778635
QM9-gap-95k,Random,59,5,0.345,65.47104580812444,0.2082071304321289,0.8546225420575895
QM9-gap-95k,Random,59,6,0.345,65.47104580812444,0.20990324020385742,0.8392922173029274
QM9-gap-95k,Random,59,7,0.345,65.47104580812444,0.2146470546722412,0.819856287284386
QM9-gap-95k,Random,59,8,0.345,65.47104580812444,0.21457266807556152,0.8121960697920209
QM9-gap-95k,Random,59,9,0.345,65.47104580812444,0.2114708423614502,0.841975684364638
QM9-gap-95k,Random,59,10,0.345,65.47104580812444,0.22284412384033203,0.827952263081306
QM9-gap-95k,Random,59,11,0.345,65.47104580812444,0.21878504753112793,0.8340020484202262
QM9-gap-95k,Random,59,12,0.345,65.47104580812444,0.21666789054870605,0.8350168451533703
QM9-gap-95k,Random,59,13,0.345,65.47104580812444,0.22076988220214844,0.8565065724564719
QM9-gap-95k,Random,59,14,0.345,65.47104580812444,0.2246549129486084,0.8492743882043838
QM9-gap-95k,Random,59,15,0.345,65.47104580812444,0.22847294807434082,0.8451496751469232
QM9-gap-95k,Random,59,16,0.345,65.47104580812444,0.2330169677734375,0.8530784193805204
QM9-gap-95k,Random,59,17,0.345,65.47104580812444,0.22826886177062988,0.8472868991118377
QM9-gap-95k,Random,59,18,0.345,65.47104580812444,0.24105477333068848,0.8502193815347501
QM9-gap-95k,Random,59,19,0.3481,66.1408815903198,0.24071502685546875,0.8459445711765028
QM9-gap-95k,GLOSS,61,-1,0.2068,35.60933448573898,0.0,0.0
QM9-gap-95k,GLOSS,61,0,0.3304,62.31633535004322,1.6621429920196533,0.9746398391151889
QM9-gap-95k,GLOSS,61,1,0.3654,69.8789974070873,1.6670100688934326,1.0020867488370968
QM9-gap-95k,GLOSS,61,2,0.3654,69.8789974070873,1.6961579322814941,0.9892420930506431
QM9-gap-95k,GLOSS,61,3,0.3796,72.94727744165947,1.9197099208831787,1.0081091415520513
QM9-gap-95k,GLOSS,61,4,0.3957,76.42610198789974,1.8995661735534668,0.9928650508218718
QM9-gap-95k,GLOSS,61,5,0.4465,87.40276577355229,1.762451171875,1.012119985997085
QM9-gap-95k,GLOSS,61,6,0.4465,87.40276577355229,1.6998200416564941,1.050483995387788
QM9-gap-95k,GLOSS,61,7,0.5048,100.0,1.7709178924560547,1.1050440438128641
QM9-gap-95k,GLOSS,61,8,0.5048,100.0,1.768928050994873,1.1490412879583227
QM9-gap-95k,GLOSS,61,9,0.5048,100.0,1.8502089977264404,1.1642338332931057
QM9-gap-95k,GLOSS,61,10,0.5048,100.0,1.902824878692627,1.1578650073322478
QM9-gap-95k,GLOSS,61,11,0.5048,100.0,1.890225887298584,1.1655805844855889
QM9-gap-95k,GLOSS,61,12,0.5048,100.0,1.8847110271453857,1.205554475871517
QM9-gap-95k,GLOSS,61,13,0.5048,100.0,1.932096004486084,1.2219160958048996
QM9-gap-95k,GLOSS,61,14,0.5048,100.0,1.9943580627441406,1.2068927076515148
QM9-gap-95k,GLOSS,61,15,0.5048,100.0,2.0888822078704834,1.1947551441543165
QM9-gap-95k,GLOSS,61,16,0.5048,100.0,1.96104097366333,1.189067014417097
QM9-gap-95k,GLOSS,61,17,0.5048,100.0,2.0159661769866943,1.1699293514202769
QM9-gap-95k,GLOSS,61,18,0.5048,100.0,2.050246238708496,1.1597742745231048
QM9-gap-95k,GLOSS,61,19,0.5048,100.0,1.9715609550476074,1.1600201007957565
QM9-gap-95k,UCB-BO,61,-1,0.2068,35.60933448573898,0.0,0.0
QM9-gap-95k,UCB-BO,61,0,0.3153,59.053586862575635,0.43117713928222656,0.6844664656402326
QM9-gap-95k,UCB-BO,61,1,0.3223,60.566119273984434,0.4904611110687256,0.8559937513753417
QM9-gap-95k,UCB-BO,61,2,0.3223,60.566119273984434,0.5163769721984863,0.854871371045543
QM9-gap-95k,UCB-BO,61,3,0.3553,67.69662921348313,0.5283358097076416,0.9322564196153458
QM9-gap-95k,UCB-BO,61,4,0.3796,72.94727744165947,0.5283770561218262,1.2172767524990447
QM9-gap-95k,UCB-BO,61,5,0.5048,100.0,0.5347037315368652,1.2753854613758233
QM9-gap-95k,UCB-BO,61,6,0.5048,100.0,0.5673770904541016,1.27373868078939
QM9-gap-95k,UCB-BO,61,7,0.5048,100.0,0.5750899314880371,1.251938828043744
QM9-gap-95k,UCB-BO,61,8,0.5048,100.0,0.5727181434631348,1.2636613391350369
QM9-gap-95k,UCB-BO,61,9,0.5048,100.0,0.5701339244842529,1.2700701241024956
QM9-gap-95k,UCB-BO,61,10,0.5048,100.0,0.5581140518188477,1.3051206584182207
QM9-gap-95k,UCB-BO,61,11,0.5048,100.0,0.5596168041229248,1.2879913027571939
QM9-gap-95k,UCB-BO,61,12,0.5048,100.0,0.5558309555053711,1.2861972991733706
QM9-gap-95k,UCB-BO,61,13,0.5048,100.0,0.5939958095550537,1.2676852765374793
QM9-gap-95k,UCB-BO,61,14,0.5048,100.0,0.5724120140075684,1.2357797131510257
QM9-gap-95k,UCB-BO,61,15,0.5048,100.0,0.580280065536499,1.2139769103755405
QM9-gap-95k,UCB-BO,61,16,0.5048,100.0,0.5785422325134277,1.1901212145310578
QM9-gap-95k,UCB-BO,61,17,0.5048,100.0,0.5612947940826416,1.1603733824840168
QM9-gap-95k,UCB-BO,61,18,0.5048,100.0,0.5708370208740234,1.1397836745161798
QM9-gap-95k,UCB-BO,61,19,0.5048,100.0,0.5733821392059326,1.1226965247779026
QM9-gap-95k,BO(EI),61,-1,0.2068,35.60933448573898,0.0,0.0
QM9-gap-95k,BO(EI),61,0,0.2714,49.567847882454615,0.41797304153442383,0.24621762758512394
QM9-gap-95k,BO(EI),61,1,0.294,54.45116681071737,0.42444419860839844,0.24748870780425386
QM9-gap-95k,BO(EI),61,2,0.3008,55.92048401037165,0.44490694999694824,0.3726600810883003
QM9-gap-95k,BO(EI),61,3,0.3028,56.35263612791703,0.44451308250427246,0.39142335397327016
QM9-gap-95k,BO(EI),61,4,0.3233,60.78219533275713,0.4634120464324951,0.4459505181687077
QM9-gap-95k,BO(EI),61,5,0.3445,65.36300777873811,0.47022080421447754,0.6315110895092796
QM9-gap-95k,BO(EI),61,6,0.3445,65.36300777873811,0.48775696754455566,0.7191911250696887
QM9-gap-95k,BO(EI),61,7,0.3445,65.36300777873811,0.5428740978240967,0.7627633702376124
QM9-gap-95k,BO(EI),61,8,0.3903,75.25929127052721,0.5199639797210693,0.80910607694528
QM9-gap-95k,BO(EI),61,9,0.5048,100.0,0.5274012088775635,0.9321082667971596
QM9-gap-95k,BO(EI),61,10,0.5048,100.0,0.5322771072387695,1.069311823577319
QM9-gap-95k,BO(EI),61,11,0.5048,100.0,0.5475966930389404,1.1163691310462156
QM9-gap-95k,BO(EI),61,12,0.5048,100.0,0.5571961402893066,1.235746775757996
QM9-gap-95k,BO(EI),61,13,0.5048,100.0,0.5677728652954102,1.2212289248033477
QM9-gap-95k,BO(EI),61,14,0.5048,100.0,0.5723311901092529,1.242155565936601
QM9-gap-95k,BO(EI),61,15,0.5048,100.0,0.5638167858123779,1.2239560660613908
QM9-gap-95k,BO(EI),61,16,0.5048,100.0,0.5782470703125,1.2273117585699986
QM9-gap-95k,BO(EI),61,17,0.5048,100.0,0.5936362743377686,1.2428751564605574
QM9-gap-95k,BO(EI),61,18,0.5048,100.0,0.5995731353759766,1.253476103271146
QM9-gap-95k,BO(EI),61,19,0.5048,100.0,0.6188819408416748,1.255975958998997
QM9-gap-95k,GA,61,-1,0.2068,35.60933448573898,0.0,0.0
QM9-gap-95k,GA,61,0,0.3215,60.39325842696629,0.5823609828948975,0.7074953720896688
QM9-gap-95k,GA,61,1,0.3242,60.97666378565254,0.6228909492492676,0.6492283424552419
QM9-gap-95k,GA,61,2,0.3443,65.31979256698357,0.6461801528930664,0.7828827328305566
QM9-gap-95k,GA,61,3,0.3443,65.31979256698357,0.6655728816986084,0.9095623455121542
QM9-gap-95k,GA,61,4,0.356,67.84788245462401,0.6675961017608643,0.8876090881621381
QM9-gap-95k,GA,61,5,0.356,67.84788245462401,0.697404146194458,0.8648721084590963
QM9-gap-95k,GA,61,6,0.3683,70.50561797752809,0.6954021453857422,0.8522835338189808
QM9-gap-95k,GA,61,7,0.3683,70.50561797752809,0.7177810668945312,0.8305150188550628
QM9-gap-95k,GA,61,8,0.3683,70.50561797752809,0.6893467903137207,0.8160847279523367
QM9-gap-95k,GA,61,9,0.3778,72.55834053586862,0.7022879123687744,0.8165873264633918
QM9-gap-95k,GA,61,10,0.3778,72.55834053586862,0.7441492080688477,0.8041947389208761
QM9-gap-95k,GA,61,11,0.3778,72.55834053586862,0.7110021114349365,0.7974858264264018
QM9-gap-95k,GA,61,12,0.3778,72.55834053586862,0.7257170677185059,0.7949432617852982
QM9-gap-95k,GA,61,13,0.3778,72.55834053586862,0.718101978302002,0.7872132512256694
QM9-gap-95k,GA,61,14,0.3778,72.55834053586862,0.7342536449432373,0.7778992827446937
QM9-gap-95k,GA,61,15,0.3778,72.55834053586862,0.7449891567230225,0.7761180704188064
QM9-gap-95k,GA,61,16,0.3778,72.55834053586862,0.7407219409942627,0.7722642024413354
QM9-gap-95k,GA,61,17,0.3778,72.55834053586862,0.7373449802398682,0.7696403845039853
QM9-gap-95k,GA,61,18,0.3778,72.55834053586862,0.7477431297302246,0.7653041763097409
QM9-gap-95k,GA,61,19,0.3778,72.55834053586862,0.7495541572570801,0.7608949283359577
QM9-gap-95k,Random,61,-1,0.2068,35.60933448573898,0.0,0.0
QM9-gap-95k,Random,61,0,0.2863,52.78738115816767,0.20311784744262695,0.7395000917953299
QM9-gap-95k,Random,61,1,0.3001,55.76923076923076,0.20307087898254395,0.7453802854916183
QM9-gap-95k,Random,61,2,0.3001,55.76923076923076,0.20172786712646484,0.8893944262967401
QM9-gap-95k,Random,61,3,0.3001,55.76923076923076,0.2035541534423828,0.8797886432471135
QM9-gap-95k,Random,61,4,0.3151,59.01037165082108,0.2066648006439209,0.8602931651723189
QM9-gap-95k,Random,61,5,0.3151,59.01037165082108,0.2073519229888916,0.8810968727586169
QM9-gap-95k,Random,61,6,0.3158,59.16162489196197,0.20944786071777344,0.8481398336166494
QM9-gap-95k,Random,61,7,0.3341,63.11581676750217,0.21472907066345215,0.8570234651783584
QM9-gap-95k,Random,61,8,0.3341,63.11581676750217,0.21492505073547363,0.8555296873654525
QM9-gap-95k,Random,61,9,0.3341,63.11581676750217,0.21620392799377441,0.8514110639566533
QM9-gap-95k,Random,61,10,0.347,65.90319792566983,0.21409201622009277,0.8522425411636776
QM9-gap-95k,Random,61,11,0.347,65.90319792566983,0.21500492095947266,0.8622341934541424
QM9-gap-95k,Random,61,12,0.347,65.90319792566983,0.22117304801940918,0.8511236636818998
QM9-gap-95k,Random,61,13,0.347,65.90319792566983,0.22561287879943848,0.8672612272314691
QM9-gap-95k,Random,61,14,0.347,65.90319792566983,0.2258589267730713,0.8787108343838917
QM9-gap-95k,Random,61,15,0.347,65.90319792566983,0.23138928413391113,0.8844175289847153
QM9-gap-95k,Random,61,16,0.347,65.90319792566983,0.23092198371887207,0.8719625692620487
QM9-gap-95k,Random,61,17,0.347,65.90319792566983,0.23358488082885742,0.8701794760602776
QM9-gap-95k,Random,61,18,0.347,65.90319792566983,0.23631620407104492,0.8687888518988347
QM9-gap-95k,Random,61,19,0.3705,70.980985306828,0.2438971996307373,0.8685229484510669
QM9-gap-95k,GLOSS,67,-1,0.2094,36.17113223854796,0.0,0.0
QM9-gap-95k,GLOSS,67,0,0.2326,41.18409680207433,1.822599172592163,0.9004920897055058
QM9-gap-95k,GLOSS,67,1,0.2476,44.42523768366464,1.7463080883026123,0.875587093827919
QM9-gap-95k,GLOSS,67,2,0.2476,44.42523768366464,1.7155377864837646,0.9004729491983131
QM9-gap-95k,GLOSS,67,3,0.3239,60.91184096802075,1.7225236892700195,0.9394107807127016
QM9-gap-95k,GLOSS,67,4,0.4802,94.68452895419188,1.7443280220031738,1.0826182622754457
QM9-gap-95k,GLOSS,67,5,0.4802,94.68452895419188,1.8432319164276123,1.2326642381595307
QM9-gap-95k,GLOSS,67,6,0.4802,94.68452895419188,1.678779125213623,1.2807449752421247
QM9-gap-95k,GLOSS,67,7,0.4802,94.68452895419188,1.7565340995788574,1.284823556327019
QM9-gap-95k,GLOSS,67,8,0.5048,100.0,1.8063549995422363,1.3303438206925797
QM9-gap-95k,GLOSS,67,9,0.5048,100.0,1.787431001663208,1.404083656119172
QM9-gap-95k,GLOSS,67,10,0.5048,100.0,1.8334689140319824,1.4222573211084768
QM9-gap-95k,GLOSS,67,11,0.5048,100.0,1.8224573135375977,1.4332832588175042
QM9-gap-95k,GLOSS,67,12,0.5048,100.0,1.914257287979126,1.4053230575544469
QM9-gap-95k,GLOSS,67,13,0.5048,100.0,1.848909854888916,1.3875224779642432
QM9-gap-95k,GLOSS,67,14,0.5048,100.0,1.9457778930664062,1.3730094722830186
QM9-gap-95k,GLOSS,67,15,0.5048,100.0,1.9507331848144531,1.3614882546147586
QM9-gap-95k,GLOSS,67,16,0.5048,100.0,1.9829607009887695,1.3397804279259082
QM9-gap-95k,GLOSS,67,17,0.5048,100.0,1.9745738506317139,1.3298227831443254
QM9-gap-95k,GLOSS,67,18,0.5048,100.0,1.9665508270263672,1.324287126416933
QM9-gap-95k,GLOSS,67,19,0.5048,100.0,2.010007858276367,1.3274495134415765
QM9-gap-95k,UCB-BO,67,-1,0.2094,36.17113223854796,0.0,0.0
QM9-gap-95k,UCB-BO,67,0,0.2182,38.07260155574762,0.4234929084777832,0.875868681163297
QM9-gap-95k,UCB-BO,67,1,0.3106,58.03802938634399,0.453826904296875,0.8342566796874262
QM9-gap-95k,UCB-BO,67,2,0.3406,64.52031114952463,0.466580867767334,0.8958502691875383
QM9-gap-95k,UCB-BO,67,3,0.3438,65.21175453759723,0.46685123443603516,0.8446816359466524
QM9-gap-95k,UCB-BO,67,4,0.3438,65.21175453759723,0.4812941551208496,0.8540392226702108
QM9-gap-95k,UCB-BO,67,5,0.3438,65.21175453759723,0.4876077175140381,0.8157432558250534
QM9-gap-95k,UCB-BO,67,6,0.3438,65.21175453759723,0.5166010856628418,0.7535527070227281
QM9-gap-95k,UCB-BO,67,7,0.3438,65.21175453759723,0.5333011150360107,0.7690688214232919
QM9-gap-95k,UCB-BO,67,8,0.3455,65.5790838375108,0.5524508953094482,0.7641040207859691
QM9-gap-95k,UCB-BO,67,9,0.3455,65.5790838375108,0.5670609474182129,0.7420980519012447
QM9-gap-95k,UCB-BO,67,10,0.3488,66.29213483146067,0.5576612949371338,0.835488750802607
QM9-gap-95k,UCB-BO,67,11,0.3501,66.57303370786516,0.537322998046875,0.8701289893964582
QM9-gap-95k,UCB-BO,67,12,0.3501,66.57303370786516,0.5470190048217773,0.889511554921114
QM9-gap-95k,UCB-BO,67,13,0.3796,72.94727744165947,0.5775880813598633,1.0275639724378025
QM9-gap-95k,UCB-BO,67,14,0.3796,72.94727744165947,0.568213939666748,1.0147414770737835
QM9-gap-95k,UCB-BO,67,15,0.3796,72.94727744165947,0.5982708930969238,1.0910955371059412
QM9-gap-95k,UCB-BO,67,16,0.3796,72.94727744165947,0.566673755645752,1.117404858211344
QM9-gap-95k,UCB-BO,67,17,0.3796,72.94727744165947,0.5772569179534912,1.1303032974059468
QM9-gap-95k,UCB-BO,67,18,0.4426,86.5600691443388,0.5789217948913574,1.1587545047290602
QM9-gap-95k,UCB-BO,67,19,0.4426,86.5600691443388,0.5727999210357666,1.1835917172970636
QM9-gap-95k,BO(EI),67,-1,0.2094,36.17113223854796,0.0,0.0
QM9-gap-95k,BO(EI),67,0,0.2154,37.46758859118409,0.418942928314209,0.10752008855573027
QM9-gap-95k,BO(EI),67,1,0.2608,47.27744165946412,0.4476323127746582,0.4963670700924245
QM9-gap-95k,BO(EI),67,2,0.3526,67.11322385479689,0.47838711738586426,0.8615584076708728
QM9-gap-95k,BO(EI),67,3,0.5048,100.0,0.4848499298095703,1.1352328470380988
QM9-gap-95k,BO(EI),67,4,0.5048,100.0,0.5034589767456055,1.3091943221202023
QM9-gap-95k,BO(EI),67,5,0.5048,100.0,0.507634162902832,1.3129830668383888
QM9-gap-95k,BO(EI),67,6,0.5048,100.0,0.5265679359436035,1.3066609850044995
QM9-gap-95k,BO(EI),67,7,0.5048,100.0,0.5429809093475342,1.311397023358093
QM9-gap-95k,BO(EI),67,8,0.5048,100.0,0.5318348407745361,1.2738167136204763
QM9-gap-95k,BO(EI),67,9,0.5048,100.0,0.5456070899963379,1.2320147856709798
QM9-gap-95k,BO(EI),67,10,0.5048,100.0,0.5557899475097656,1.2513605726836592
QM9-gap-95k,BO(EI),67,11,0.5048,100.0,0.5520241260528564,1.3092769951630567
QM9-gap-95k,BO(EI),67,12,0.5048,100.0,0.5827381610870361,1.3023806219162506
QM9-gap-95k,BO(EI),67,13,0.5048,100.0,0.5861849784851074,1.3241450336564515
QM9-gap-95k,BO(EI),67,14,0.5048,100.0,0.5963108539581299,1.3111474756158572
QM9-gap-95k,BO(EI),67,15,0.5048,100.0,0.5907731056213379,1.2984040613699797
QM9-gap-95k,BO(EI),67,16,0.5048,100.0,0.5733592510223389,1.2875166656815495
QM9-gap-95k,BO(EI),67,17,0.5048,100.0,0.587913990020752,1.3017825434343562
QM9-gap-95k,BO(EI),67,18,0.5048,100.0,0.5860612392425537,1.2864159583781682
QM9-gap-95k,BO(EI),67,19,0.5048,100.0,0.6073479652404785,1.272260865586222
QM9-gap-95k,GA,67,-1,0.2094,36.17113223854796,0.0,0.0
QM9-gap-95k,GA,67,0,0.3216,60.41486603284356,0.6036531925201416,0.7819974891481111
QM9-gap-95k,GA,67,1,0.3359,63.50475367329299,0.619743824005127,0.8162058951802084
QM9-gap-95k,GA,67,2,0.3359,63.50475367329299,0.6856420040130615,0.7836873729674161
QM9-gap-95k,GA,67,3,0.3408,64.56352636127917,0.6903700828552246,0.7569656313707062
QM9-gap-95k,GA,67,4,0.3408,64.56352636127917,0.6872618198394775,0.7286422118453046
QM9-gap-95k,GA,67,5,0.3408,64.56352636127917,0.6707861423492432,0.7528028191419788
QM9-gap-95k,GA,67,6,0.3408,64.56352636127917,0.6713647842407227,0.7377938620961797
QM9-gap-95k,GA,67,7,0.3408,64.56352636127917,0.705394983291626,0.7437906533216929
QM9-gap-95k,GA,67,8,0.3408,64.56352636127917,0.718329906463623,0.7328956633415727
QM9-gap-95k,GA,67,9,0.3408,64.56352636127917,0.7062091827392578,0.7377792037878838
QM9-gap-95k,GA,67,10,0.3473,65.96802074330164,0.710909366607666,0.7494240409837646
QM9-gap-95k,GA,67,11,0.3755,72.06136560069145,0.7194862365722656,0.750044743950734
QM9-gap-95k,GA,67,12,0.3755,72.06136560069145,0.7157142162322998,0.7555005052853091
QM9-gap-95k,GA,67,13,0.3755,72.06136560069145,0.7359287738800049,0.7502064887144613
QM9-gap-95k,GA,67,14,0.3755,72.06136560069145,0.7617008686065674,0.7470067885291932
QM9-gap-95k,GA,67,15,0.3755,72.06136560069145,0.7498769760131836,0.7636450467787292
QM9-gap-95k,GA,67,16,0.3755,72.06136560069145,0.744438886642456,0.779598706889412
QM9-gap-95k,GA,67,17,0.3755,72.06136560069145,0.7525937557220459,0.7809642332319876
QM9-gap-95k,GA,67,18,0.3997,77.2904062229905,0.7412631511688232,0.7810716043204242
QM9-gap-95k,GA,67,19,0.3997,77.2904062229905,0.7368838787078857,0.791278518737818
QM9-gap-95k,Random,67,-1,0.2094,36.17113223854796,0.0,0.0
QM9-gap-95k,Random,67,0,0.3249,61.12791702679343,0.2021780014038086,1.0172466150256005
QM9-gap-95k,Random,67,1,0.3249,61.12791702679343,0.20406198501586914,1.049291607528516
QM9-gap-95k,Random,67,2,0.3329,62.856525496974925,0.20178604125976562,0.9260979948536292
QM9-gap-95k,Random,67,3,0.3329,62.856525496974925,0.20316386222839355,0.9241137011672312
QM9-gap-95k,Random,67,4,0.3329,62.856525496974925,0.2051372528076172,0.8835569739201616
QM9-gap-95k,Random,67,5,0.3678,70.39757994814174,0.20567798614501953,0.869607563556115
QM9-gap-95k,Random,67,6,0.3678,70.39757994814174,0.2112257480621338,0.8782725717294089
QM9-gap-95k,Random,67,7,0.3678,70.39757994814174,0.21728897094726562,0.9150155318272619
QM9-gap-95k,Random,67,8,0.3678,70.39757994814174,0.21499276161193848,0.9292109055030379
QM9-gap-95k,Random,67,9,0.3678,70.39757994814174,0.2176799774169922,0.9292060646310631
QM9-gap-95k,Random,67,10,0.3678,70.39757994814174,0.21419477462768555,0.919488688199197
QM9-gap-95k,Random,67,11,0.3678,70.39757994814174,0.21903586387634277,0.9046432729154017
QM9-gap-95k,Random,67,12,0.3678,70.39757994814174,0.22205686569213867,0.90509317679508
QM9-gap-95k,Random,67,13,0.3678,70.39757994814174,0.2272782325744629,0.8967281935979157
QM9-gap-95k,Random,67,14,0.3678,70.39757994814174,0.24945712089538574,0.8910121876502964
QM9-gap-95k,Random,67,15,0.3678,70.39757994814174,0.22959423065185547,0.8986516620916064
QM9-gap-95k,Random,67,16,0.3678,70.39757994814174,0.23052406311035156,0.8950206237109498
QM9-gap-95k,Random,67,17,0.3678,70.39757994814174,0.2374730110168457,0.9028301153788522
QM9-gap-95k,Random,67,18,0.3678,70.39757994814174,0.2380969524383545,0.8947107021731835
QM9-gap-95k,Random,67,19,0.3678,70.39757994814174,0.23859500885009766,0.8849361084975774
QM9-gap-100k,GLOSS,47,-1,0.1995,36.422324031653474,0.0,0.0
QM9-gap-100k,GLOSS,47,0,0.2494,46.81382757184506,1.8740558624267578,0.5105928091852459
QM9-gap-100k,GLOSS,47,1,0.2596,48.93794252394835,1.8780968189239502,0.5671705701108584
QM9-gap-100k,GLOSS,47,2,0.2918,55.64348188254894,2.110542058944702,0.6078659096560869
QM9-gap-100k,GLOSS,47,3,0.2997,57.288629737609334,2.2398793697357178,0.7124540766725669
QM9-gap-100k,GLOSS,47,4,0.3373,65.11870054144106,2.3128719329833984,0.7920142768365203
QM9-gap-100k,GLOSS,47,5,0.5048,100.0,2.0576140880584717,0.9819494737593654
QM9-gap-100k,GLOSS,47,6,0.5048,100.0,2.0450358390808105,1.1644955528859957
QM9-gap-100k,GLOSS,47,7,0.5048,100.0,2.118640184402466,1.2047540849309577
QM9-gap-100k,GLOSS,47,8,0.5048,100.0,1.9808838367462158,1.213239959835912
QM9-gap-100k,GLOSS,47,9,0.5048,100.0,1.921142816543579,1.1918471926894563
QM9-gap-100k,GLOSS,47,10,0.5048,100.0,2.1062209606170654,1.1969103149833962
QM9-gap-100k,GLOSS,47,11,0.5048,100.0,1.9853520393371582,1.193505419169006
QM9-gap-100k,GLOSS,47,12,0.5048,100.0,2.235671043395996,1.2227128109422831
QM9-gap-100k,GLOSS,47,13,0.5048,100.0,2.1991539001464844,1.2194671652112734
QM9-gap-100k,GLOSS,47,14,0.5048,100.0,2.292574167251587,1.220917030119344
QM9-gap-100k,GLOSS,47,15,0.5048,100.0,2.207872152328491,1.2049804619445044
QM9-gap-100k,GLOSS,47,16,0.5048,100.0,2.0924899578094482,1.1982935178753227
QM9-gap-100k,GLOSS,47,17,0.5048,100.0,2.1217200756073,1.1873322396426385
QM9-gap-100k,GLOSS,47,18,0.5048,100.0,2.1232240200042725,1.177234828557785
QM9-gap-100k,GLOSS,47,19,0.5048,100.0,2.1148040294647217,1.1733257481509953
QM9-gap-100k,UCB-BO,47,-1,0.1995,36.422324031653474,0.0,0.0
QM9-gap-100k,UCB-BO,47,0,0.2574,48.47980008329863,0.44246888160705566,0.2393560065560983
QM9-gap-100k,UCB-BO,47,1,0.2574,48.47980008329863,0.4574298858642578,0.30725367863989445
QM9-gap-100k,UCB-BO,47,2,0.3187,61.245314452311526,0.4883089065551758,0.3469075798619992
QM9-gap-100k,UCB-BO,47,3,0.3348,64.59808413161183,0.48670101165771484,0.5470991708194086
QM9-gap-100k,UCB-BO,47,4,0.3547,68.74219075385255,0.5050549507141113,0.6659959606595881
QM9-gap-100k,UCB-BO,47,5,0.3696,71.8450645564348,0.49463486671447754,0.6992604685731205
QM9-gap-100k,UCB-BO,47,6,0.3696,71.8450645564348,0.5172600746154785,0.7042810154006911
QM9-gap-100k,UCB-BO,47,7,0.3696,71.8450645564348,0.5213320255279541,0.7026514587453676
QM9-gap-100k,UCB-BO,47,8,0.3696,71.8450645564348,0.5301709175109863,0.6825558734579185
QM9-gap-100k,UCB-BO,47,9,0.3778,73.55268638067471,0.5374948978424072,0.6738445779973998
QM9-gap-100k,UCB-BO,47,10,0.4128,80.84131611828404,0.5521359443664551,0.723026166929957
QM9-gap-100k,UCB-BO,47,11,0.417,81.71595168679715,0.5547940731048584,0.8283337235887904
QM9-gap-100k,UCB-BO,47,12,0.4177,81.86172428154936,0.5743598937988281,0.829773360630821
QM9-gap-100k,UCB-BO,47,13,0.462,91.08704706372345,0.5640640258789062,0.8429345065278475
QM9-gap-100k,UCB-BO,47,14,0.4802,94.87713452728029,0.5877749919891357,0.8680867732712093
QM9-gap-100k,UCB-BO,47,15,0.4802,94.87713452728029,0.5793936252593994,0.881010392808215
QM9-gap-100k,UCB-BO,47,16,0.5048,100.0,0.5849719047546387,0.9524322501513154
QM9-gap-100k,UCB-BO,47,17,0.5048,100.0,0.577606201171875,1.005412771905879
QM9-gap-100k,UCB-BO,47,18,0.5048,100.0,0.5745060443878174,1.0314760707070039
QM9-gap-100k,UCB-BO,47,19,0.5048,100.0,0.5855789184570312,1.0331056160674066
QM9-gap-100k,BO(EI),47,-1,0.1995,36.422324031653474,0.0,0.0
QM9-gap-100k,BO(EI),47,0,0.2528,47.521865889212826,0.4324660301208496,0.2553108973931346
QM9-gap-100k,BO(EI),47,1,0.2545,47.8758850478967,0.47889161109924316,0.3652050929495532
QM9-gap-100k,BO(EI),47,2,0.2634,49.7292794668888,0.4983699321746826,0.5118439028419681
QM9-gap-100k,BO(EI),47,3,0.267,50.47896709704289,0.5121049880981445,0.6517603463040601
QM9-gap-100k,BO(EI),47,4,0.2991,57.1636817992503,0.5117487907409668,0.6648668219807511
QM9-gap-100k,BO(EI),47,5,0.3168,60.849645980841316,0.5288667678833008,0.6954227813752941
QM9-gap-100k,BO(EI),47,6,0.3319,63.99416909620991,0.5350668430328369,0.7449343320371787
QM9-gap-100k,BO(EI),47,7,0.351,67.97167846730528,0.5508029460906982,0.7967023281882967
QM9-gap-100k,BO(EI),47,8,0.3786,73.71928363182006,0.5781888961791992,0.8662835490235307
QM9-gap-100k,BO(EI),47,9,0.3786,73.71928363182006,0.5667839050292969,0.9010698051002944
QM9-gap-100k,BO(EI),47,10,0.3786,73.71928363182006,0.566673755645752,0.9117388441025133
QM9-gap-100k,BO(EI),47,11,0.3786,73.71928363182006,0.593757152557373,0.909381028133034
QM9-gap-100k,BO(EI),47,12,0.4128,80.84131611828404,0.6011838912963867,0.916094846683904
QM9-gap-100k,BO(EI),47,13,0.4802,94.87713452728029,0.6112270355224609,0.9268631596306162
QM9-gap-100k,BO(EI),47,14,0.4802,94.87713452728029,0.5986480712890625,0.986342368836162
QM9-gap-100k,BO(EI),47,15,0.4802,94.87713452728029,0.6069188117980957,1.0134082927382786
QM9-gap-100k,BO(EI),47,16,0.4802,94.87713452728029,0.6236910820007324,1.007787502856547
QM9-gap-100k,BO(EI),47,17,0.4802,94.87713452728029,0.6406619548797607,0.9924906664388541
QM9-gap-100k,BO(EI),47,18,0.4802,94.87713452728029,0.6379530429840088,1.0003478111321553
QM9-gap-100k,BO(EI),47,19,0.5048,100.0,0.6380558013916016,1.0609088724005928
QM9-gap-100k,GA,47,-1,0.1995,36.422324031653474,0.0,0.0
QM9-gap-100k,GA,47,0,0.3057,58.5381091211995,0.6359989643096924,0.6915302663088138
QM9-gap-100k,GA,47,1,0.327,62.9737609329446,0.685150146484375,0.7577994780119185
QM9-gap-100k,GA,47,2,0.3422,66.13910870470637,0.6864800453186035,0.7604773215182832
QM9-gap-100k,GA,47,3,0.3422,66.13910870470637,0.7040319442749023,0.758980932934868
QM9-gap-100k,GA,47,4,0.4128,80.84131611828404,0.6963798999786377,0.7693992815498121
QM9-gap-100k,GA,47,5,0.4128,80.84131611828404,0.7100129127502441,0.7723491174227278
QM9-gap-100k,GA,47,6,0.4128,80.84131611828404,0.7265889644622803,0.7733776015831048
QM9-gap-100k,GA,47,7,0.4128,80.84131611828404,0.731992244720459,0.7760566711183823
QM9-gap-100k,GA,47,8,0.4128,80.84131611828404,0.7312641143798828,0.7660541710592927
QM9-gap-100k,GA,47,9,0.4128,80.84131611828404,0.7451159954071045,0.7736054201440672
QM9-gap-100k,GA,47,10,0.4128,80.84131611828404,0.7539999485015869,0.7692084553022281
QM9-gap-100k,GA,47,11,0.4128,80.84131611828404,0.764491081237793,0.7861610145214816
QM9-gap-100k,GA,47,12,0.4128,80.84131611828404,0.7986049652099609,0.7894706701708623
QM9-gap-100k,GA,47,13,0.4128,80.84131611828404,0.7712280750274658,0.7855358039214968
QM9-gap-100k,GA,47,14,0.4128,80.84131611828404,0.794917106628418,0.795844812198482
QM9-gap-100k,GA,47,15,0.4128,80.84131611828404,0.8017580509185791,0.8087798096302264
QM9-gap-100k,GA,47,16,0.4128,80.84131611828404,0.823249101638794,0.8038535313354818
QM9-gap-100k,GA,47,17,0.4128,80.84131611828404,0.8193891048431396,0.8171445099260956
QM9-gap-100k,GA,47,18,0.4128,80.84131611828404,0.8291492462158203,0.8139278005749723
QM9-gap-100k,GA,47,19,0.4128,80.84131611828404,0.8249430656433105,0.8186833640448111
QM9-gap-100k,Random,47,-1,0.1995,36.422324031653474,0.0,0.0
QM9-gap-100k,Random,47,0,0.3455,66.82632236568095,0.21225690841674805,0.6605428076205567
QM9-gap-100k,Random,47,1,0.3455,66.82632236568095,0.21143126487731934,0.6758222167546065
QM9-gap-100k,Random,47,2,0.3455,66.82632236568095,0.21225905418395996,0.703855758828755
QM9-gap-100k,Random,47,3,0.3455,66.82632236568095,0.21666693687438965,0.7472285961172749
QM9-gap-100k,Random,47,4,0.3455,66.82632236568095,0.21855998039245605,0.7469130510180882
QM9-gap-100k,Random,47,5,0.3455,66.82632236568095,0.2210218906402588,0.7483057367538265
QM9-gap-100k,Random,47,6,0.3455,66.82632236568095,0.2188739776611328,0.7510023457464415
QM9-gap-100k,Random,47,7,0.3455,66.82632236568095,0.22435402870178223,0.774569649550592
QM9-gap-100k,Random,47,8,0.3455,66.82632236568095,0.22800278663635254,0.7828046460843097
QM9-gap-100k,Random,47,9,0.3455,66.82632236568095,0.22928905487060547,0.7942964364459976
QM9-gap-100k,Random,47,10,0.3455,66.82632236568095,0.23109197616577148,0.7899440785692696
QM9-gap-100k,Random,47,11,0.3455,66.82632236568095,0.22868919372558594,0.8038346680795414
QM9-gap-100k,Random,47,12,0.3455,66.82632236568095,0.23519420623779297,0.8127971368933914
QM9-gap-100k,Random,47,13,0.3455,66.82632236568095,0.23360610008239746,0.8134151760971425
QM9-gap-100k,Random,47,14,0.3455,66.82632236568095,0.2596001625061035,0.8267508694304134
QM9-gap-100k,Random,47,15,0.3455,66.82632236568095,0.2344818115234375,0.8334538967883597
QM9-gap-100k,Random,47,16,0.3455,66.82632236568095,0.24080896377563477,0.8376212321630077
QM9-gap-100k,Random,47,17,0.3455,66.82632236568095,0.24431824684143066,0.8288629673233324
QM9-gap-100k,Random,47,18,0.3455,66.82632236568095,0.24619102478027344,0.8265865608843068
QM9-gap-100k,Random,47,19,0.3455,66.82632236568095,0.24902105331420898,0.8274701494090939
QM9-gap-100k,GLOSS,53,-1,0.2094,38.48396501457725,0.0,0.0
QM9-gap-100k,GLOSS,53,0,0.2225,41.21199500208246,1.966984748840332,0.6282318481769937
QM9-gap-100k,GLOSS,53,1,0.2681,50.708038317367766,2.225602149963379,0.6688217639400998
QM9-gap-100k,GLOSS,53,2,0.2885,54.956268221574334,1.860525131225586,0.8903445992182365
QM9-gap-100k,GLOSS,53,3,0.3207,61.66180758017492,2.016145944595337,0.8846723504172322
QM9-gap-100k,GLOSS,53,4,0.3287,63.32778009162848,2.1578729152679443,0.9166522831844243
QM9-gap-100k,GLOSS,53,5,0.3526,68.304872969596,2.1182520389556885,0.9946870623743912
QM9-gap-100k,GLOSS,53,6,0.4426,87.04706372344856,1.9642560482025146,1.109006514487486
QM9-gap-100k,GLOSS,53,7,0.5048,100.0,1.9359138011932373,1.2614236747271805
QM9-gap-100k,GLOSS,53,8,0.5048,100.0,1.9391751289367676,1.28875998209384
QM9-gap-100k,GLOSS,53,9,0.5048,100.0,1.8963079452514648,1.3074043394307822
QM9-gap-100k,GLOSS,53,10,0.5048,100.0,1.963162899017334,1.2996192215115019
QM9-gap-100k,GLOSS,53,11,0.5048,100.0,1.8716788291931152,1.2918954005591614
QM9-gap-100k,GLOSS,53,12,0.5048,100.0,2.0535988807678223,1.2833089299406413
QM9-gap-100k,GLOSS,53,13,0.5048,100.0,2.068251848220825,1.2705699069611245
QM9-gap-100k,GLOSS,53,14,0.5048,100.0,2.0363261699676514,1.266870414166467
QM9-gap-100k,GLOSS,53,15,0.5048,100.0,2.134108781814575,1.2896216880896367
QM9-gap-100k,GLOSS,53,16,0.5048,100.0,2.1615002155303955,1.2876863624823716
QM9-gap-100k,GLOSS,53,17,0.5048,100.0,2.091632127761841,1.2793977801698893
QM9-gap-100k,GLOSS,53,18,0.5048,100.0,2.1445729732513428,1.2666734521328555
QM9-gap-100k,GLOSS,53,19,0.5048,100.0,2.1573898792266846,1.2604103864898326
QM9-gap-100k,UCB-BO,53,-1,0.2094,38.48396501457725,0.0,0.0
QM9-gap-100k,UCB-BO,53,0,0.2231,41.33694294044148,0.4664289951324463,0.03590042405936127
QM9-gap-100k,UCB-BO,53,1,0.2808,53.35276967930028,0.474714994430542,0.8692517899557847
QM9-gap-100k,UCB-BO,53,2,0.2808,53.35276967930028,0.48284196853637695,0.979972774153572
QM9-gap-100k,UCB-BO,53,3,0.3115,59.74593919200333,0.5252590179443359,1.1051078727685204
QM9-gap-100k,UCB-BO,53,4,0.3409,65.86838817159516,0.5304429531097412,1.1321702955246147
QM9-gap-100k,UCB-BO,53,5,0.386,75.26030820491462,0.5419759750366211,1.1189928996550027
QM9-gap-100k,UCB-BO,53,6,0.3897,76.03082049146188,0.5293629169464111,1.103810543545583
QM9-gap-100k,UCB-BO,53,7,0.3897,76.03082049146188,0.5241742134094238,1.0659971628863227
QM9-gap-100k,UCB-BO,53,8,0.3897,76.03082049146188,0.5521879196166992,1.0492773979631895
QM9-gap-100k,UCB-BO,53,9,0.3897,76.03082049146188,0.5610010623931885,1.027808421940741
QM9-gap-100k,UCB-BO,53,10,0.415,81.29945855893376,0.5678956508636475,1.0790955769700676
QM9-gap-100k,UCB-BO,53,11,0.415,81.29945855893376,0.5844080448150635,1.0543752169709326
QM9-gap-100k,UCB-BO,53,12,0.415,81.29945855893376,0.5854580402374268,1.0227849195432774
QM9-gap-100k,UCB-BO,53,13,0.415,81.29945855893376,0.5863747596740723,0.9953029638786192
QM9-gap-100k,UCB-BO,53,14,0.417,81.71595168679715,0.578402042388916,1.0015244786861066
QM9-gap-100k,UCB-BO,53,15,0.4306,84.5481049562682,0.5820918083190918,1.0224177342620748
QM9-gap-100k,UCB-BO,53,16,0.4306,84.5481049562682,0.5822200775146484,1.028561719013594
QM9-gap-100k,UCB-BO,53,17,0.4465,87.85922532278218,0.5819652080535889,1.0299489510725295
QM9-gap-100k,UCB-BO,53,18,0.4465,87.85922532278218,0.6044621467590332,1.0330070340188022
QM9-gap-100k,UCB-BO,53,19,0.4465,87.85922532278218,0.5848031044006348,1.0375409369336817
QM9-gap-100k,BO(EI),53,-1,0.2094,38.48396501457725,0.0,0.0
QM9-gap-100k,BO(EI),53,0,0.2094,38.48396501457725,0.44544219970703125,0.010734329758694261
QM9-gap-100k,BO(EI),53,1,0.2792,53.01957517700958,0.46114397048950195,0.741227418564895
QM9-gap-100k,BO(EI),53,2,0.2792,53.01957517700958,0.4834098815917969,0.8735863619447801
QM9-gap-100k,BO(EI),53,3,0.2951,56.330695543523525,0.5023038387298584,0.8507528154328058
QM9-gap-100k,BO(EI),53,4,0.3053,58.454810495626816,0.5133469104766846,0.8569780163503444
QM9-gap-100k,BO(EI),53,5,0.3053,58.454810495626816,0.5335390567779541,0.8489029349207126
QM9-gap-100k,BO(EI),53,6,0.3115,59.74593919200333,0.5522520542144775,0.8357706636955798
QM9-gap-100k,BO(EI),53,7,0.3128,60.01665972511454,0.5645217895507812,0.8147188395158308
QM9-gap-100k,BO(EI),53,8,0.3289,63.369429404414824,0.560570240020752,0.8283039774535671
QM9-gap-100k,BO(EI),53,9,0.3289,63.369429404414824,0.5680053234100342,0.8580730695980086
QM9-gap-100k,BO(EI),53,10,0.3537,68.53394418992087,0.5531830787658691,0.8511971269264751
QM9-gap-100k,BO(EI),53,11,0.462,91.08704706372345,0.5741581916809082,0.8944569521195966
QM9-gap-100k,BO(EI),53,12,0.462,91.08704706372345,0.5714907646179199,0.950750425909399
QM9-gap-100k,BO(EI),53,13,0.462,91.08704706372345,0.5700778961181641,0.9626290282348555
QM9-gap-100k,BO(EI),53,14,0.462,91.08704706372345,0.5834989547729492,0.963237950039492
QM9-gap-100k,BO(EI),53,15,0.462,91.08704706372345,0.5820529460906982,0.9627184891635453
QM9-gap-100k,BO(EI),53,16,0.462,91.08704706372345,0.5985779762268066,0.977540002401979
QM9-gap-100k,BO(EI),53,17,0.462,91.08704706372345,0.6211860179901123,1.0062328358605686
QM9-gap-100k,BO(EI),53,18,0.462,91.08704706372345,0.6098511219024658,1.0051917955095198
QM9-gap-100k,BO(EI),53,19,0.462,91.08704706372345,0.6209850311279297,1.0045223096668687
QM9-gap-100k,GA,53,-1,0.2094,38.48396501457725,0.0,0.0
QM9-gap-100k,GA,53,0,0.3123,59.91253644314869,0.6641359329223633,1.0882667123350473
QM9-gap-100k,GA,53,1,0.3194,61.39108704706372,0.6944732666015625,1.0266464827046142
QM9-gap-100k,GA,53,2,0.3752,73.0112453144523,0.6862978935241699,1.0230597038105942
QM9-gap-100k,GA,53,3,0.3752,73.0112453144523,0.7090249061584473,1.016175820439338
QM9-gap-100k,GA,53,4,0.3994,78.05081216159932,0.7559061050415039,0.9739243944390551
QM9-gap-100k,GA,53,5,0.3994,78.05081216159932,0.7477281093597412,0.9531013956238614
QM9-gap-100k,GA,53,6,0.3994,78.05081216159932,0.7437231540679932,0.9261068237580294
QM9-gap-100k,GA,53,7,0.3994,78.05081216159932,0.7393689155578613,0.8957417501980569
QM9-gap-100k,GA,53,8,0.3994,78.05081216159932,0.7769100666046143,0.8671598009321472
QM9-gap-100k,GA,53,9,0.3994,78.05081216159932,0.8129971027374268,0.8524362293262705
QM9-gap-100k,GA,53,10,0.3997,78.11328613077883,0.7962510585784912,0.8348590208162735
QM9-gap-100k,GA,53,11,0.3997,78.11328613077883,0.8175451755523682,0.8240170885180665
QM9-gap-100k,GA,53,12,0.3997,78.11328613077883,0.8075041770935059,0.808410330063471
QM9-gap-100k,GA,53,13,0.3997,78.11328613077883,0.8237981796264648,0.7913022141961807
QM9-gap-100k,GA,53,14,0.3997,78.11328613077883,0.9080619812011719,0.7767649164317171
QM9-gap-100k,GA,53,15,0.3997,78.11328613077883,0.8058469295501709,0.7792481316089207
QM9-gap-100k,GA,53,16,0.3997,78.11328613077883,0.8196542263031006,0.7735632438458838
QM9-gap-100k,GA,53,17,0.3997,78.11328613077883,0.8307328224182129,0.76855743693302
QM9-gap-100k,GA,53,18,0.3997,78.11328613077883,0.8405671119689941,0.764760649151251
QM9-gap-100k,GA,53,19,0.3997,78.11328613077883,0.8339440822601318,0.7615341760515922
QM9-gap-100k,Random,53,-1,0.2094,38.48396501457725,0.0,0.0
QM9-gap-100k,Random,53,0,0.3189,61.28696376509788,0.2118682861328125,1.0664462173170295
QM9-gap-100k,Random,53,1,0.3189,61.28696376509788,0.21800994873046875,1.0318308816535398
QM9-gap-100k,Random,53,2,0.3202,61.55768429820907,0.21714520454406738,0.9337602116418484
QM9-gap-100k,Random,53,3,0.3594,69.72094960433152,0.21390676498413086,0.8942564498982463
QM9-gap-100k,Random,53,4,0.3594,69.72094960433152,0.2158052921295166,0.9083782489296807
QM9-gap-100k,Random,53,5,0.3594,69.72094960433152,0.22044801712036133,0.9764020488189395
QM9-gap-100k,Random,53,6,0.3594,69.72094960433152,0.22426295280456543,0.957561084017924
QM9-gap-100k,Random,53,7,0.3594,69.72094960433152,0.2280569076538086,0.9523870256544876
QM9-gap-100k,Random,53,8,0.3594,69.72094960433152,0.22844696044921875,0.9635728839110006
QM9-gap-100k,Random,53,9,0.3594,69.72094960433152,0.22632598876953125,0.9534598762696072
QM9-gap-100k,Random,53,10,0.3808,74.17742607246981,0.23053312301635742,0.9456223955303702
QM9-gap-100k,Random,53,11,0.3808,74.17742607246981,0.23398113250732422,0.9387740708145286
QM9-gap-100k,Random,53,12,0.3808,74.17742607246981,0.23733997344970703,0.9362264209263415
QM9-gap-100k,Random,53,13,0.3808,74.17742607246981,0.23547601699829102,0.9256158462756765
QM9-gap-100k,Random,53,14,0.3808,74.17742607246981,0.23998284339904785,0.9167336674634897
QM9-gap-100k,Random,53,15,0.3808,74.17742607246981,0.2457289695739746,0.9188005668457269
QM9-gap-100k,Random,53,16,0.3808,74.17742607246981,0.24247097969055176,0.916220132359725
QM9-gap-100k,Random,53,17,0.3808,74.17742607246981,0.2512791156768799,0.9091639376845556
QM9-gap-100k,Random,53,18,0.3808,74.17742607246981,0.25412702560424805,0.9094176253454379
QM9-gap-100k,Random,53,19,0.3808,74.17742607246981,0.24735188484191895,0.9132988847226937
QM9-gap-100k,GLOSS,59,-1,0.2031,37.17201166180757,0.0,0.0
QM9-gap-100k,GLOSS,59,0,0.2253,41.795085381091205,1.6801841259002686,0.7724885758061966
QM9-gap-100k,GLOSS,59,1,0.2942,56.143273635985004,1.9985499382019043,0.7569542275008944
QM9-gap-100k,GLOSS,59,2,0.318,61.099541857559345,1.6440980434417725,0.9837437291674267
QM9-gap-100k,GLOSS,59,3,0.462,91.08704706372345,1.7437262535095215,1.0543955075060865
QM9-gap-100k,GLOSS,59,4,0.4802,94.87713452728029,1.7726640701293945,1.0810998269746401
QM9-gap-100k,GLOSS,59,5,0.4802,94.87713452728029,1.893631935119629,1.2047580577745078
QM9-gap-100k,GLOSS,59,6,0.5048,100.0,1.849797010421753,1.302381628752252
QM9-gap-100k,GLOSS,59,7,0.5048,100.0,2.0049009323120117,1.3096736225257033
QM9-gap-100k,GLOSS,59,8,0.5048,100.0,1.8782439231872559,1.2829565445722944
QM9-gap-100k,GLOSS,59,9,0.5048,100.0,1.9635140895843506,1.2743601546623349
QM9-gap-100k,GLOSS,59,10,0.5048,100.0,1.985886812210083,1.2584703681010618
QM9-gap-100k,GLOSS,59,11,0.5048,100.0,2.0047531127929688,1.2371836535386267
QM9-gap-100k,GLOSS,59,12,0.5048,100.0,2.031524181365967,1.22162601944557
QM9-gap-100k,GLOSS,59,13,0.5048,100.0,2.076296091079712,1.2088726263457958
QM9-gap-100k,GLOSS,59,14,0.5048,100.0,2.052483081817627,1.1969719808993589
QM9-gap-100k,GLOSS,59,15,0.5048,100.0,2.0734052658081055,1.1922887756268208
QM9-gap-100k,GLOSS,59,16,0.5048,100.0,2.048565149307251,1.1886810400386578
QM9-gap-100k,GLOSS,59,17,0.5048,100.0,2.1227641105651855,1.17380053081039
QM9-gap-100k,GLOSS,59,18,0.5048,100.0,2.123615026473999,1.1695870728117685
QM9-gap-100k,GLOSS,59,19,0.5048,100.0,2.1109731197357178,1.1607978616167915
QM9-gap-100k,UCB-BO,59,-1,0.2031,37.17201166180757,0.0,0.0
QM9-gap-100k,UCB-BO,59,0,0.2255,41.836734693877546,0.44225120544433594,0.28572602359011595
QM9-gap-100k,UCB-BO,59,1,0.4128,80.84131611828404,0.4642791748046875,0.5094531741466729
QM9-gap-100k,UCB-BO,59,2,0.4128,80.84131611828404,0.4866209030151367,0.8493591680128966
QM9-gap-100k,UCB-BO,59,3,0.4128,80.84131611828404,0.48380398750305176,0.8762502463549408
QM9-gap-100k,UCB-BO,59,4,0.4128,80.84131611828404,0.4920229911804199,0.9031209627696911
QM9-gap-100k,UCB-BO,59,5,0.4128,80.84131611828404,0.509788990020752,0.9006700204262224
QM9-gap-100k,UCB-BO,59,6,0.4128,80.84131611828404,0.5073080062866211,0.9113528047708181
QM9-gap-100k,UCB-BO,59,7,0.462,91.08704706372345,0.5153281688690186,0.9173765383901643
QM9-gap-100k,UCB-BO,59,8,0.4802,94.87713452728029,0.5360112190246582,0.9217991906897615
QM9-gap-100k,UCB-BO,59,9,0.4802,94.87713452728029,0.5283348560333252,0.9960044059202582
QM9-gap-100k,UCB-BO,59,10,0.5048,100.0,0.5253758430480957,1.112310552312894
QM9-gap-100k,UCB-BO,59,11,0.5048,100.0,0.5269331932067871,1.1757526450002724
QM9-gap-100k,UCB-BO,59,12,0.5048,100.0,0.5543320178985596,1.1797485761553301
QM9-gap-100k,UCB-BO,59,13,0.5048,100.0,0.5469648838043213,1.1460163991072678
QM9-gap-100k,UCB-BO,59,14,0.5048,100.0,0.5372281074523926,1.1571194143915673
QM9-gap-100k,UCB-BO,59,15,0.5048,100.0,0.5495128631591797,1.1429930851087786
QM9-gap-100k,UCB-BO,59,16,0.5048,100.0,0.5595109462738037,1.126888197858913
QM9-gap-100k,UCB-BO,59,17,0.5048,100.0,0.5483887195587158,1.117747736541297
QM9-gap-100k,UCB-BO,59,18,0.5048,100.0,0.5702910423278809,1.122724557634197
QM9-gap-100k,UCB-BO,59,19,0.5048,100.0,0.5468430519104004,1.1658128550495424
QM9-gap-100k,BO(EI),59,-1,0.2031,37.17201166180757,0.0,0.0
QM9-gap-100k,BO(EI),59,0,0.2405,44.96043315285297,0.4488029479980469,0.21324659732948834
QM9-gap-100k,BO(EI),59,1,0.3755,73.07371928363182,0.46858882904052734,0.7810933305183648
QM9-gap-100k,BO(EI),59,2,0.3755,73.07371928363182,0.5360770225524902,0.957590015739455
QM9-gap-100k,BO(EI),59,3,0.3824,74.51062057476051,0.49398088455200195,0.9353519812829975
QM9-gap-100k,BO(EI),59,4,0.3824,74.51062057476051,0.5009217262268066,0.9150436432242115
QM9-gap-100k,BO(EI),59,5,0.3824,74.51062057476051,0.5094518661499023,0.9704957440233872
QM9-gap-100k,BO(EI),59,6,0.3957,77.28029987505207,0.5088229179382324,0.9794776916452987
QM9-gap-100k,BO(EI),59,7,0.3957,77.28029987505207,0.5188999176025391,0.9926089688424067
QM9-gap-100k,BO(EI),59,8,0.3957,77.28029987505207,0.5273988246917725,1.0155151151981134
QM9-gap-100k,BO(EI),59,9,0.3957,77.28029987505207,0.5356230735778809,1.013464203237717
QM9-gap-100k,BO(EI),59,10,0.3957,77.28029987505207,0.5448498725891113,1.1072538787521342
QM9-gap-100k,BO(EI),59,11,0.3957,77.28029987505207,0.5688691139221191,1.1003751524520795
QM9-gap-100k,BO(EI),59,12,0.4179,81.90337359433568,0.568242073059082,1.124333762202885
QM9-gap-100k,BO(EI),59,13,0.5048,100.0,0.6093401908874512,1.1772587804986174
QM9-gap-100k,BO(EI),59,14,0.5048,100.0,0.5792369842529297,1.1860633124062303
QM9-gap-100k,BO(EI),59,15,0.5048,100.0,0.5975320339202881,1.2080029301842272
QM9-gap-100k,BO(EI),59,16,0.5048,100.0,0.6004970073699951,1.2320384943691307
QM9-gap-100k,BO(EI),59,17,0.5048,100.0,0.5989489555358887,1.2164687792293634
QM9-gap-100k,BO(EI),59,18,0.5048,100.0,0.6145539283752441,1.2165818276556968
QM9-gap-100k,BO(EI),59,19,0.5048,100.0,0.6105060577392578,1.2007702060075265
QM9-gap-100k,GA,59,-1,0.2031,37.17201166180757,0.0,0.0
QM9-gap-100k,GA,59,0,0.3427,66.24323198667221,0.6586968898773193,0.9631399713205674
QM9-gap-100k,GA,59,1,0.3613,70.11661807580175,0.6554689407348633,1.0322144004132705
QM9-gap-100k,GA,59,2,0.3613,70.11661807580175,0.6776349544525146,0.9622760060312912
QM9-gap-100k,GA,59,3,0.3663,71.15785089546023,0.7045049667358398,0.9392181662564504
QM9-gap-100k,GA,59,4,0.3663,71.15785089546023,0.7056519985198975,0.8901458062951729
QM9-gap-100k,GA,59,5,0.3663,71.15785089546023,0.7289729118347168,0.8562945835967531
QM9-gap-100k,GA,59,6,0.3663,71.15785089546023,0.7689459323883057,0.8701880304282977
QM9-gap-100k,GA,59,7,0.3663,71.15785089546023,0.7800848484039307,0.8549613206153971
QM9-gap-100k,GA,59,8,0.3663,71.15785089546023,0.7826590538024902,0.839992723075561
QM9-gap-100k,GA,59,9,0.3882,75.71845064556435,0.7851400375366211,0.8398163498962132
QM9-gap-100k,GA,59,10,0.3882,75.71845064556435,0.8012378215789795,0.839172163604584
QM9-gap-100k,GA,59,11,0.3882,75.71845064556435,0.8027379512786865,0.8213054243643392
QM9-gap-100k,GA,59,12,0.3882,75.71845064556435,0.8023359775543213,0.821876368766204
QM9-gap-100k,GA,59,13,0.3901,76.11411911703456,0.8176569938659668,0.8247923093374612
QM9-gap-100k,GA,59,14,0.3901,76.11411911703456,0.7982151508331299,0.8256197327458706
QM9-gap-100k,GA,59,15,0.3901,76.11411911703456,0.7982919216156006,0.8190028268604198
QM9-gap-100k,GA,59,16,0.3901,76.11411911703456,0.8011612892150879,0.8189159604037908
QM9-gap-100k,GA,59,17,0.3901,76.11411911703456,0.8104922771453857,0.8104254146844548
QM9-gap-100k,GA,59,18,0.3901,76.11411911703456,0.8530921936035156,0.8048842937098346
QM9-gap-100k,GA,59,19,0.3901,76.11411911703456,0.8310558795928955,0.8055212609236851
QM9-gap-100k,Random,59,-1,0.2031,37.17201166180757,0.0,0.0
QM9-gap-100k,Random,59,0,0.2719,51.4993752603082,0.2112431526184082,0.5871435160832351
QM9-gap-100k,Random,59,1,0.2999,57.33027905039566,0.21187376976013184,0.7682207528712677
QM9-gap-100k,Random,59,2,0.3177,61.03706788837984,0.21390485763549805,0.8150574878935558
QM9-gap-100k,Random,59,3,0.3177,61.03706788837984,0.2129528522491455,0.8439933014770481
QM9-gap-100k,Random,59,4,0.3291,63.411078717201164,0.21544694900512695,0.8287242307913513
QM9-gap-100k,Random,59,5,0.3291,63.411078717201164,0.21671605110168457,0.8436681521977781
QM9-gap-100k,Random,59,6,0.3291,63.411078717201164,0.22527694702148438,0.8321915422849865
QM9-gap-100k,Random,59,7,0.3291,63.411078717201164,0.22288823127746582,0.8695922534230692
QM9-gap-100k,Random,59,8,0.3291,63.411078717201164,0.2252979278564453,0.8505285926923508
QM9-gap-100k,Random,59,9,0.3291,63.411078717201164,0.22377490997314453,0.848722542561091
QM9-gap-100k,Random,59,10,0.3291,63.411078717201164,0.22570586204528809,0.8548932034259541
QM9-gap-100k,Random,59,11,0.3291,63.411078717201164,0.22944116592407227,0.8457210618015849
QM9-gap-100k,Random,59,12,0.3291,63.411078717201164,0.22950983047485352,0.8552484912804781
QM9-gap-100k,Random,59,13,0.3318,63.973344439816735,0.23382806777954102,0.8525090350460856
QM9-gap-100k,Random,59,14,0.3318,63.973344439816735,0.23610591888427734,0.8451004393017835
QM9-gap-100k,Random,59,15,0.3318,63.973344439816735,0.23547077178955078,0.8301647901137117
QM9-gap-100k,Random,59,16,0.3318,63.973344439816735,0.23962903022766113,0.8202391115687638
QM9-gap-100k,Random,59,17,0.3318,63.973344439816735,0.24201393127441406,0.812370266766285
QM9-gap-100k,Random,59,18,0.3318,63.973344439816735,0.2447679042816162,0.8082896970656461
QM9-gap-100k,Random,59,19,0.3318,63.973344439816735,0.2498950958251953,0.8098934532366968
QM9-gap-100k,GLOSS,61,-1,0.2082,38.23406913785922,0.0,0.0
QM9-gap-100k,GLOSS,61,0,0.308,59.017076218242394,2.0067601203918457,0.7482920264032892
QM9-gap-100k,GLOSS,61,1,0.3546,68.7213660974594,1.8400938510894775,1.028079648383668
QM9-gap-100k,GLOSS,61,2,0.3827,74.57309454394002,1.7824020385742188,1.1009109066302072
QM9-gap-100k,GLOSS,61,3,0.3891,75.90587255310287,1.7827668190002441,1.1099099579162066
QM9-gap-100k,GLOSS,61,4,0.4298,84.38150770512286,1.7145581245422363,1.0967534966432246
QM9-gap-100k,GLOSS,61,5,0.5048,100.0,1.6728160381317139,1.2020409933411687
QM9-gap-100k,GLOSS,61,6,0.5048,100.0,1.7707858085632324,1.3052202757352986
QM9-gap-100k,GLOSS,61,7,0.5048,100.0,1.824023962020874,1.3210904957453873
QM9-gap-100k,GLOSS,61,8,0.5048,100.0,1.863100290298462,1.2880127327572761
QM9-gap-100k,GLOSS,61,9,0.5048,100.0,1.8588690757751465,1.2526416124863575
QM9-gap-100k,GLOSS,61,10,0.5048,100.0,1.9143197536468506,1.239823997841823
QM9-gap-100k,GLOSS,61,11,0.5048,100.0,1.941572904586792,1.2216300761953667
QM9-gap-100k,GLOSS,61,12,0.5048,100.0,1.9175732135772705,1.207914494187591
QM9-gap-100k,GLOSS,61,13,0.5048,100.0,2.0254499912261963,1.2094272607499763
QM9-gap-100k,GLOSS,61,14,0.5048,100.0,2.1723546981811523,1.2062335125444443
QM9-gap-100k,GLOSS,61,15,0.5048,100.0,2.0087497234344482,1.1994451555968004
QM9-gap-100k,GLOSS,61,16,0.5048,100.0,2.1040709018707275,1.2000742201725214
QM9-gap-100k,GLOSS,61,17,0.5048,100.0,2.0710530281066895,1.1888844737746298
QM9-gap-100k,GLOSS,61,18,0.5048,100.0,2.1555750370025635,1.1834885032948208
QM9-gap-100k,GLOSS,61,19,0.5048,100.0,2.0904691219329834,1.1944716415483831
QM9-gap-100k,UCB-BO,61,-1,0.2082,38.23406913785922,0.0,0.0
QM9-gap-100k,UCB-BO,61,0,0.2216,41.02457309454394,0.44263696670532227,0.12660934380537472
QM9-gap-100k,UCB-BO,61,1,0.2681,50.708038317367766,0.4650290012359619,0.3849415224551161
QM9-gap-100k,UCB-BO,61,2,0.2681,50.708038317367766,0.4880959987640381,0.4457452289486954
QM9-gap-100k,UCB-BO,61,3,0.4802,94.87713452728029,0.48614501953125,0.7205636639634425
QM9-gap-100k,UCB-BO,61,4,0.4802,94.87713452728029,0.5055408477783203,1.2357714319676754
QM9-gap-100k,UCB-BO,61,5,0.4802,94.87713452728029,0.5036458969116211,1.3447154765420335
QM9-gap-100k,UCB-BO,61,6,0.4802,94.87713452728029,0.516901969909668,1.3572044740016056
QM9-gap-100k,UCB-BO,61,7,0.4802,94.87713452728029,0.5289788246154785,1.3497897064760247
QM9-gap-100k,UCB-BO,61,8,0.4802,94.87713452728029,0.5387201309204102,1.3788985494284844
QM9-gap-100k,UCB-BO,61,9,0.4802,94.87713452728029,0.5392460823059082,1.3915358650145397
QM9-gap-100k,UCB-BO,61,10,0.4802,94.87713452728029,0.5647470951080322,1.371147636770169
QM9-gap-100k,UCB-BO,61,11,0.4802,94.87713452728029,0.5597918033599854,1.390701127899333
QM9-gap-100k,UCB-BO,61,12,0.4802,94.87713452728029,0.5933539867401123,1.4101677584144396
QM9-gap-100k,UCB-BO,61,13,0.4802,94.87713452728029,0.575448751449585,1.3851925026007292
QM9-gap-100k,UCB-BO,61,14,0.4802,94.87713452728029,0.5971930027008057,1.393518352224004
QM9-gap-100k,UCB-BO,61,15,0.4802,94.87713452728029,0.5798008441925049,1.3826879056890675
QM9-gap-100k,UCB-BO,61,16,0.4802,94.87713452728029,0.5868349075317383,1.361734508170677
QM9-gap-100k,UCB-BO,61,17,0.5048,100.0,0.5981979370117188,1.4082433820282396
QM9-gap-100k,UCB-BO,61,18,0.5048,100.0,0.5829713344573975,1.4379195941437473
QM9-gap-100k,UCB-BO,61,19,0.5048,100.0,0.5950069427490234,1.4156532763601686
QM9-gap-100k,BO(EI),61,-1,0.2082,38.23406913785922,0.0,0.0
QM9-gap-100k,BO(EI),61,0,0.2715,51.41607663473553,0.4468801021575928,0.3981342886235499
QM9-gap-100k,BO(EI),61,1,0.2715,51.41607663473553,0.4492001533508301,0.6974958447131855
QM9-gap-100k,BO(EI),61,2,0.2715,51.41607663473553,0.4898691177368164,0.7797311673986056
QM9-gap-100k,BO(EI),61,3,0.2715,51.41607663473553,0.5106561183929443,0.7453761829476601
QM9-gap-100k,BO(EI),61,4,0.2715,51.41607663473553,0.49600911140441895,0.7517272440513145
QM9-gap-100k,BO(EI),61,5,0.2727,51.66597251145356,0.5050621032714844,0.7406042571532939
QM9-gap-100k,BO(EI),61,6,0.2866,54.560599750104124,0.5206079483032227,0.7377150810395902
QM9-gap-100k,BO(EI),61,7,0.3013,57.62182423990004,0.4965250492095947,0.7577462313497468
QM9-gap-100k,BO(EI),61,8,0.3013,57.62182423990004,0.4862179756164551,0.7550865713010433
QM9-gap-100k,BO(EI),61,9,0.3028,57.934194085797586,0.49275994300842285,0.747121049395834
QM9-gap-100k,BO(EI),61,10,0.3028,57.934194085797586,0.5132269859313965,0.7800697440081068
QM9-gap-100k,BO(EI),61,11,0.3028,57.934194085797586,0.5403637886047363,0.769930222083053
QM9-gap-100k,BO(EI),61,12,0.3028,57.934194085797586,0.5480728149414062,0.7657523009353693
QM9-gap-100k,BO(EI),61,13,0.3089,59.20449812578092,0.5765089988708496,0.7548853629896529
QM9-gap-100k,BO(EI),61,14,0.3112,59.68346522282382,0.5891819000244141,0.7433521910382248
QM9-gap-100k,BO(EI),61,15,0.3112,59.68346522282382,0.5843400955200195,0.7461911636123555
QM9-gap-100k,BO(EI),61,16,0.3112,59.68346522282382,0.5731909275054932,0.7374821587370709
QM9-gap-100k,BO(EI),61,17,0.3112,59.68346522282382,0.5964629650115967,0.7484815692288239
QM9-gap-100k,BO(EI),61,18,0.3112,59.68346522282382,0.585878849029541,0.739751382356444
QM9-gap-100k,BO(EI),61,19,0.3112,59.68346522282382,0.6338760852813721,0.7424352324511796
QM9-gap-100k,GA,61,-1,0.2082,38.23406913785922,0.0,0.0
QM9-gap-100k,GA,61,0,0.3251,62.57809246147438,0.6065120697021484,1.0009920972580832
QM9-gap-100k,GA,61,1,0.3346,64.5564348188255,0.6627180576324463,1.0238067948166185
QM9-gap-100k,GA,61,2,0.3479,67.32611411911704,0.7130799293518066,0.9440467051169894
QM9-gap-100k,GA,61,3,0.3479,67.32611411911704,0.7829170227050781,0.9466108327332201
QM9-gap-100k,GA,61,4,0.3479,67.32611411911704,0.7088789939880371,0.9115283467090897
QM9-gap-100k,GA,61,5,0.3479,67.32611411911704,0.7240378856658936,0.9071668939577759
QM9-gap-100k,GA,61,6,0.349,67.55518533944189,0.7149791717529297,0.8800879236413006
QM9-gap-100k,GA,61,7,0.349,67.55518533944189,0.7332742214202881,0.8785128401666266
QM9-gap-100k,GA,61,8,0.3838,74.80216576426488,0.7332789897918701,0.876448924309891
QM9-gap-100k,GA,61,9,0.3838,74.80216576426488,0.7755661010742188,0.8745847804559994
QM9-gap-100k,GA,61,10,0.3838,74.80216576426488,0.7647790908813477,0.8588511634875129
QM9-gap-100k,GA,61,11,0.3838,74.80216576426488,0.7909159660339355,0.8520862485914511
QM9-gap-100k,GA,61,12,0.3838,74.80216576426488,0.7697291374206543,0.8628486344970525
QM9-gap-100k,GA,61,13,0.3838,74.80216576426488,0.7697789669036865,0.8601914968834903
QM9-gap-100k,GA,61,14,0.3838,74.80216576426488,0.7618849277496338,0.8523156253438716
QM9-gap-100k,GA,61,15,0.3838,74.80216576426488,0.7691619396209717,0.8403010353842404
QM9-gap-100k,GA,61,16,0.3838,74.80216576426488,0.7959399223327637,0.8411758851691717
QM9-gap-100k,GA,61,17,0.3838,74.80216576426488,0.7933111190795898,0.8302846671415096
QM9-gap-100k,GA,61,18,0.3838,74.80216576426488,0.797393798828125,0.8269301251146326
QM9-gap-100k,GA,61,19,0.3838,74.80216576426488,0.7995572090148926,0.8266909597432246
QM9-gap-100k,Random,61,-1,0.2082,38.23406913785922,0.0,0.0
QM9-gap-100k,Random,61,0,0.2479,46.50145772594752,0.21326017379760742,0.8918904633997348
QM9-gap-100k,Random,61,1,0.3125,59.95418575593502,0.20605897903442383,0.8823034022681111
QM9-gap-100k,Random,61,2,0.3394,65.55601832569762,0.21049880981445312,0.8763966413230649
QM9-gap-100k,Random,61,3,0.3394,65.55601832569762,0.2150120735168457,0.7892628664191533
QM9-gap-100k,Random,61,4,0.3394,65.55601832569762,0.2164311408996582,0.7983398191628778
QM9-gap-100k,Random,61,5,0.3407,65.82673885880882,0.21894288063049316,0.8084814050936391
QM9-gap-100k,Random,61,6,0.3407,65.82673885880882,0.22054195404052734,0.8223389675180599
QM9-gap-100k,Random,61,7,0.3407,65.82673885880882,0.21778202056884766,0.8261636525199599
QM9-gap-100k,Random,61,8,0.3407,65.82673885880882,0.22329497337341309,0.8258840632442187
QM9-gap-100k,Random,61,9,0.3407,65.82673885880882,0.2257249355316162,0.8252300636850871
QM9-gap-100k,Random,61,10,0.3407,65.82673885880882,0.2322559356689453,0.8305616386272991
QM9-gap-100k,Random,61,11,0.3407,65.82673885880882,0.23784875869750977,0.8234114237954444
QM9-gap-100k,Random,61,12,0.3407,65.82673885880882,0.2345578670501709,0.8127747246051902
QM9-gap-100k,Random,61,13,0.3407,65.82673885880882,0.23655080795288086,0.8203969635532651
QM9-gap-100k,Random,61,14,0.3663,71.15785089546023,0.2370460033416748,0.8396145869811334
QM9-gap-100k,Random,61,15,0.3663,71.15785089546023,0.2422177791595459,0.8455822599006705
QM9-gap-100k,Random,61,16,0.3663,71.15785089546023,0.24141716957092285,0.83932424692936
QM9-gap-100k,Random,61,17,0.3663,71.15785089546023,0.24603986740112305,0.846122272805765
QM9-gap-100k,Random,61,18,0.3663,71.15785089546023,0.2519831657409668,0.8458777977599596
QM9-gap-100k,Random,61,19,0.3663,71.15785089546023,0.24927115440368652,0.860637898683592
QM9-gap-100k,GLOSS,67,-1,0.2082,38.23406913785922,0.0,0.0
QM9-gap-100k,GLOSS,67,0,0.2704,51.187005414410656,2.2720751762390137,0.4197395987102555
QM9-gap-100k,GLOSS,67,1,0.2753,52.207413577675965,2.5130841732025146,0.7437875968537035
QM9-gap-100k,GLOSS,67,2,0.2753,52.207413577675965,2.33860182762146,0.748807605491697
QM9-gap-100k,GLOSS,67,3,0.2753,52.207413577675965,2.4986329078674316,0.7029689943667355
QM9-gap-100k,GLOSS,67,4,0.299,57.14285714285714,2.432859182357788,0.6874990067787152
QM9-gap-100k,GLOSS,67,5,0.3142,60.3082049146189,2.6492130756378174,0.7447706914247736
QM9-gap-100k,GLOSS,67,6,0.3602,69.88754685547688,2.282104253768921,0.7823718174316123
QM9-gap-100k,GLOSS,67,7,0.3661,71.11620158267388,2.1941142082214355,0.8603802558949328
QM9-gap-100k,GLOSS,67,8,0.3799,73.99000416493128,2.035085916519165,0.9245259466732049
QM9-gap-100k,GLOSS,67,9,0.4802,94.87713452728029,2.029575824737549,0.9917309804129316
QM9-gap-100k,GLOSS,67,10,0.4802,94.87713452728029,1.9988369941711426,1.0469526299796967
QM9-gap-100k,GLOSS,67,11,0.4802,94.87713452728029,1.9844751358032227,1.0468778118874278
QM9-gap-100k,GLOSS,67,12,0.4802,94.87713452728029,2.0359740257263184,1.0687123680036723
QM9-gap-100k,GLOSS,67,13,0.5048,100.0,2.0973808765411377,1.1227312331275348
QM9-gap-100k,GLOSS,67,14,0.5048,100.0,2.100036859512329,1.161267328141692
QM9-gap-100k,GLOSS,67,15,0.5048,100.0,2.1558449268341064,1.1669056897282615
QM9-gap-100k,GLOSS,67,16,0.5048,100.0,2.169239044189453,1.1590489423533183
QM9-gap-100k,GLOSS,67,17,0.5048,100.0,2.1959307193756104,1.1454717023983898
QM9-gap-100k,GLOSS,67,18,0.5048,100.0,2.164216995239258,1.1574894087753587
QM9-gap-100k,GLOSS,67,19,0.5048,100.0,2.348052978515625,1.157125510810316
QM9-gap-100k,UCB-BO,67,-1,0.2082,38.23406913785922,0.0,0.0
QM9-gap-100k,UCB-BO,67,0,0.2709,51.2911286963765,0.44126009941101074,0.05887896471270824
QM9-gap-100k,UCB-BO,67,1,0.2709,51.2911286963765,0.4775228500366211,0.4717670935946856
QM9-gap-100k,UCB-BO,67,2,0.2874,54.72719700124947,0.4857819080352783,0.4852873448298602
QM9-gap-100k,UCB-BO,67,3,0.3121,59.87088713036234,0.49471616744995117,0.4467536564974265
QM9-gap-100k,UCB-BO,67,4,0.3299,63.577675968346526,0.4987359046936035,0.4415575887341647
QM9-gap-100k,UCB-BO,67,5,0.3404,65.7642648896293,0.5213518142700195,0.5988833477561119
QM9-gap-100k,UCB-BO,67,6,0.3404,65.7642648896293,0.553739070892334,0.6789638138814178
QM9-gap-100k,UCB-BO,67,7,0.3404,65.7642648896293,0.5852100849151611,0.7115993719383432
QM9-gap-100k,UCB-BO,67,8,0.3404,65.7642648896293,0.5811998844146729,0.7540019251605417
QM9-gap-100k,UCB-BO,67,9,0.3408,65.84756351520198,0.5740292072296143,0.7649274878778146
QM9-gap-100k,UCB-BO,67,10,0.3482,67.38858808829654,0.5838589668273926,0.758942797455123
QM9-gap-100k,UCB-BO,67,11,0.3482,67.38858808829654,0.5931131839752197,0.7587795144504854
QM9-gap-100k,UCB-BO,67,12,0.3482,67.38858808829654,0.6334648132324219,0.7498959846765185
QM9-gap-100k,UCB-BO,67,13,0.3997,78.11328613077883,0.5977842807769775,0.7634427514270484
QM9-gap-100k,UCB-BO,67,14,0.4465,87.85922532278218,0.6049196720123291,0.8001662508889729
QM9-gap-100k,UCB-BO,67,15,0.4465,87.85922532278218,0.599390983581543,0.8515513443214444
QM9-gap-100k,UCB-BO,67,16,0.4465,87.85922532278218,0.6155750751495361,0.8571425292899876
QM9-gap-100k,UCB-BO,67,17,0.4802,94.87713452728029,0.6481530666351318,0.8804120611960451
QM9-gap-100k,UCB-BO,67,18,0.4802,94.87713452728029,0.6227359771728516,0.9031732810021459
QM9-gap-100k,UCB-BO,67,19,0.4802,94.87713452728029,0.617913007736206,0.9022749463451701
QM9-gap-100k,BO(EI),67,-1,0.2082,38.23406913785922,0.0,0.0
QM9-gap-100k,BO(EI),67,0,0.2399,44.83548521449396,0.44179677963256836,0.19588340667497803
QM9-gap-100k,BO(EI),67,1,0.3149,60.45397750937109,0.5311019420623779,0.35971721544134355
QM9-gap-100k,BO(EI),67,2,0.3272,63.01541024573094,0.5107808113098145,0.5954856997235417
QM9-gap-100k,BO(EI),67,3,0.3418,66.05581007913369,0.5687220096588135,0.6311880680460215
QM9-gap-100k,BO(EI),67,4,0.3418,66.05581007913369,0.5412149429321289,0.6315739929266199
QM9-gap-100k,BO(EI),67,5,0.364,70.67888379841733,0.5655789375305176,0.6398448162822311
QM9-gap-100k,BO(EI),67,6,0.364,70.67888379841733,0.5404870510101318,0.6396204928834356
QM9-gap-100k,BO(EI),67,7,0.364,70.67888379841733,0.5639920234680176,0.6099316665687682
QM9-gap-100k,BO(EI),67,8,0.364,70.67888379841733,0.614825963973999,0.6275163823828263
QM9-gap-100k,BO(EI),67,9,0.3737,72.69887546855476,0.56728196144104,0.6186161951486221
QM9-gap-100k,BO(EI),67,10,0.4063,79.48771345272803,0.5811140537261963,0.6363919352648835
QM9-gap-100k,BO(EI),67,11,0.4128,80.84131611828404,0.5779199600219727,0.7143698669009043
QM9-gap-100k,BO(EI),67,12,0.4128,80.84131611828404,0.6042852401733398,0.7912411177243888
QM9-gap-100k,BO(EI),67,13,0.4128,80.84131611828404,0.6165528297424316,0.8824321433420348
QM9-gap-100k,BO(EI),67,14,0.4128,80.84131611828404,0.5990631580352783,0.8739825251119109
QM9-gap-100k,BO(EI),67,15,0.4802,94.87713452728029,0.5808279514312744,0.8883338447084892
QM9-gap-100k,BO(EI),67,16,0.4802,94.87713452728029,0.5959987640380859,0.9343315162894091
QM9-gap-100k,BO(EI),67,17,0.4802,94.87713452728029,0.6444039344787598,0.9380385088722715
QM9-gap-100k,BO(EI),67,18,0.4802,94.87713452728029,0.6061480045318604,0.9554183030504465
QM9-gap-100k,BO(EI),67,19,0.4802,94.87713452728029,0.647697925567627,0.9718752590015293
QM9-gap-100k,GA,67,-1,0.2082,38.23406913785922,0.0,0.0
QM9-gap-100k,GA,67,0,0.3015,57.66347355268637,0.6626245975494385,0.738692688757449
QM9-gap-100k,GA,67,1,0.317,60.89129529362766,0.6948699951171875,0.7383358010610032
QM9-gap-100k,GA,67,2,0.317,60.89129529362766,0.6833498477935791,0.750868541458111
QM9-gap-100k,GA,67,3,0.3371,65.07705122865472,0.6946570873260498,0.7760035906443468
QM9-gap-100k,GA,67,4,0.3697,71.86588921282798,0.7224011421203613,0.8452632456414898
QM9-gap-100k,GA,67,5,0.373,72.55310287380257,0.7280828952789307,0.868240836316932
QM9-gap-100k,GA,67,6,0.373,72.55310287380257,0.7294619083404541,0.8254373560151176
QM9-gap-100k,GA,67,7,0.373,72.55310287380257,0.7337989807128906,0.8252489280891996
QM9-gap-100k,GA,67,8,0.373,72.55310287380257,0.7323529720306396,0.8229813544569236
QM9-gap-100k,GA,67,9,0.373,72.55310287380257,0.7301030158996582,0.813739979321148
QM9-gap-100k,GA,67,10,0.374,72.76134943773427,0.755291223526001,0.8046823898879594
QM9-gap-100k,GA,67,11,0.374,72.76134943773427,0.7663629055023193,0.7981962720481527
QM9-gap-100k,GA,67,12,0.374,72.76134943773427,0.7548129558563232,0.7894641728519254
QM9-gap-100k,GA,67,13,0.374,72.76134943773427,0.7644989490509033,0.7835367194701823
QM9-gap-100k,GA,67,14,0.374,72.76134943773427,0.7616546154022217,0.7682674984267759
QM9-gap-100k,GA,67,15,0.3758,73.13619325281134,0.7767720222473145,0.7571286032250311
QM9-gap-100k,GA,67,16,0.3758,73.13619325281134,0.7739870548248291,0.7480134158964963
QM9-gap-100k,GA,67,17,0.3758,73.13619325281134,0.775679349899292,0.7501662590993349
QM9-gap-100k,GA,67,18,0.3758,73.13619325281134,0.7653939723968506,0.7511037261754301
QM9-gap-100k,GA,67,19,0.3997,78.11328613077883,0.7961139678955078,0.7457453628687576
QM9-gap-100k,Random,67,-1,0.2082,38.23406913785922,0.0,0.0
QM9-gap-100k,Random,67,0,0.3105,59.53769262807164,0.21419286727905273,0.8436724699207376
QM9-gap-100k,Random,67,1,0.3199,61.49521032902957,0.2119309902191162,0.7787379253537339
QM9-gap-100k,Random,67,2,0.3364,64.93127863390254,0.21228504180908203,0.8209287471567492
QM9-gap-100k,Random,67,3,0.3364,64.93127863390254,0.21466898918151855,0.8291749948647557
QM9-gap-100k,Random,67,4,0.3364,64.93127863390254,0.21424198150634766,0.8281009717707122
QM9-gap-100k,Random,67,5,0.3364,64.93127863390254,0.21789002418518066,0.837865634351295
QM9-gap-100k,Random,67,6,0.3364,64.93127863390254,0.22135615348815918,0.8296357824526154
QM9-gap-100k,Random,67,7,0.3364,64.93127863390254,0.22029590606689453,0.8293584223712903
QM9-gap-100k,Random,67,8,0.3457,66.8679716784673,0.2227950096130371,0.835936804541874
QM9-gap-100k,Random,67,9,0.3457,66.8679716784673,0.22553086280822754,0.8158531971021021
QM9-gap-100k,Random,67,10,0.3457,66.8679716784673,0.22696995735168457,0.8180277171335646
QM9-gap-100k,Random,67,11,0.3457,66.8679716784673,0.23113298416137695,0.8200971189915279
QM9-gap-100k,Random,67,12,0.3457,66.8679716784673,0.23781800270080566,0.8364866435341386
QM9-gap-100k,Random,67,13,0.3457,66.8679716784673,0.2354419231414795,0.8379272736909925
QM9-gap-100k,Random,67,14,0.3457,66.8679716784673,0.2381589412689209,0.850969639609949
QM9-gap-100k,Random,67,15,0.3457,66.8679716784673,0.23494625091552734,0.8620595588376847
QM9-gap-100k,Random,67,16,0.3457,66.8679716784673,0.24245905876159668,0.8686185244800295
QM9-gap-100k,Random,67,17,0.3457,66.8679716784673,0.2421891689300537,0.865939524552852
QM9-gap-100k,Random,67,18,0.3457,66.8679716784673,0.2486870288848877,0.8592463328009138
QM9-gap-100k,Random,67,19,0.3457,66.8679716784673,0.24387288093566895,0.8462706892382565
