dataset,algorithm,seed,round,best_so_far,pct_opt,time_s,diversity
QM9-gap,GLOSS,47,-1,0.1995,36.422324031653474,0.0,0.0
QM9-gap,GLOSS,47,0,0.2494,46.81382757184506,1.7413840293884277,0.5105928091852459
QM9-gap,GLOSS,47,1,0.2596,48.93794252394835,1.8947398662567139,0.5671705701108584
QM9-gap,GLOSS,47,2,0.2918,55.64348188254894,2.001878023147583,0.6078659096560869
QM9-gap,GLOSS,47,3,0.2997,57.288629737609334,2.2542812824249268,0.7124540766725669
QM9-gap,GLOSS,47,4,0.3373,65.11870054144106,2.1985561847686768,0.7920142768365203
QM9-gap,GLOSS,47,5,0.5048,100.0,1.9711129665374756,0.9819494737593654
QM9-gap,GLOSS,47,6,0.5048,100.0,2.024038791656494,1.1644955528859957
QM9-gap,GLOSS,47,7,0.5048,100.0,2.081735134124756,1.2047540849309577
QM9-gap,GLOSS,47,8,0.5048,100.0,1.895198106765747,1.213239959835912
QM9-gap,GLOSS,47,9,0.5048,100.0,1.9598240852355957,1.1918471926894563
QM9-gap,GLOSS,47,10,0.5048,100.0,2.001412868499756,1.1969103149833962
QM9-gap,GLOSS,47,11,0.5048,100.0,1.9716627597808838,1.193505419169006
QM9-gap,GLOSS,47,12,0.5048,100.0,2.0650012493133545,1.2227128109422831
QM9-gap,GLOSS,47,13,0.5048,100.0,2.0446372032165527,1.2194671652112734
QM9-gap,GLOSS,47,14,0.5048,100.0,2.18324613571167,1.220917030119344
QM9-gap,GLOSS,47,15,0.5048,100.0,2.1443581581115723,1.2049804619445044
QM9-gap,GLOSS,47,16,0.5048,100.0,2.1188862323760986,1.1982935178753227
QM9-gap,GLOSS,47,17,0.5048,100.0,2.1455979347229004,1.1873322396426385
QM9-gap,GLOSS,47,18,0.5048,100.0,2.1107301712036133,1.177234828557785
QM9-gap,GLOSS,47,19,0.5048,100.0,2.19366192817688,1.1733257481509953
QM9-gap,UCB-BO,47,-1,0.1995,36.422324031653474,0.0,0.0
QM9-gap,UCB-BO,47,0,0.2574,48.47980008329863,0.42855405807495117,0.2393560065560983
QM9-gap,UCB-BO,47,1,0.2574,48.47980008329863,0.4805901050567627,0.30725367863989445
QM9-gap,UCB-BO,47,2,0.3187,61.245314452311526,0.4722750186920166,0.3469075798619992
QM9-gap,UCB-BO,47,3,0.3348,64.59808413161183,0.49051403999328613,0.5470991708194086
QM9-gap,UCB-BO,47,4,0.3547,68.74219075385255,0.49997496604919434,0.6659959606595881
QM9-gap,UCB-BO,47,5,0.3696,71.8450645564348,0.5029001235961914,0.6992604685731205
QM9-gap,UCB-BO,47,6,0.3696,71.8450645564348,0.5198588371276855,0.7042810154006911
QM9-gap,UCB-BO,47,7,0.3696,71.8450645564348,0.5371739864349365,0.7026514587453676
QM9-gap,UCB-BO,47,8,0.3696,71.8450645564348,0.5366311073303223,0.6825558734579185
QM9-gap,UCB-BO,47,9,0.3778,73.55268638067471,0.5629329681396484,0.6738445779973998
QM9-gap,UCB-BO,47,10,0.4128,80.84131611828404,0.5672430992126465,0.723026166929957
QM9-gap,UCB-BO,47,11,0.417,81.71595168679715,0.5656030178070068,0.8283337235887904
QM9-gap,UCB-BO,47,12,0.4177,81.86172428154936,0.5697851181030273,0.829773360630821
QM9-gap,UCB-BO,47,13,0.462,91.08704706372345,0.5901460647583008,0.8429345065278475
QM9-gap,UCB-BO,47,14,0.4802,94.87713452728029,0.5859041213989258,0.8680867732712093
QM9-gap,UCB-BO,47,15,0.4802,94.87713452728029,0.5889039039611816,0.881010392808215
QM9-gap,UCB-BO,47,16,0.5048,100.0,0.5960512161254883,0.9524322501513154
QM9-gap,UCB-BO,47,17,0.5048,100.0,0.5849661827087402,1.005412771905879
QM9-gap,UCB-BO,47,18,0.5048,100.0,0.5988531112670898,1.0314760707070039
QM9-gap,UCB-BO,47,19,0.5048,100.0,0.597754955291748,1.0331056160674066
QM9-gap,BO(EI),47,-1,0.1995,36.422324031653474,0.0,0.0
QM9-gap,BO(EI),47,0,0.2528,47.521865889212826,0.4623427391052246,0.2553108973931346
QM9-gap,BO(EI),47,1,0.2545,47.8758850478967,0.4726736545562744,0.3652050929495532
QM9-gap,BO(EI),47,2,0.2634,49.7292794668888,0.5118768215179443,0.5118439028419681
QM9-gap,BO(EI),47,3,0.267,50.47896709704289,0.529083251953125,0.6517603463040601
QM9-gap,BO(EI),47,4,0.2991,57.1636817992503,0.5484659671783447,0.6648668219807511
QM9-gap,BO(EI),47,5,0.3168,60.849645980841316,0.5487110614776611,0.6954227813752941
QM9-gap,BO(EI),47,6,0.3319,63.99416909620991,0.5504066944122314,0.7449343320371787
QM9-gap,BO(EI),47,7,0.351,67.97167846730528,0.5557270050048828,0.7967023281882967
QM9-gap,BO(EI),47,8,0.3786,73.71928363182006,0.5627079010009766,0.8662835490235307
QM9-gap,BO(EI),47,9,0.3786,73.71928363182006,0.5701889991760254,0.9010698051002944
QM9-gap,BO(EI),47,10,0.3786,73.71928363182006,0.5858659744262695,0.9117388441025133
QM9-gap,BO(EI),47,11,0.3786,73.71928363182006,0.5819180011749268,0.909381028133034
QM9-gap,BO(EI),47,12,0.4128,80.84131611828404,0.5993819236755371,0.916094846683904
QM9-gap,BO(EI),47,13,0.4802,94.87713452728029,0.5984477996826172,0.9268631596306162
QM9-gap,BO(EI),47,14,0.4802,94.87713452728029,0.6049962043762207,0.986342368836162
QM9-gap,BO(EI),47,15,0.4802,94.87713452728029,0.6400852203369141,1.0134082927382786
QM9-gap,BO(EI),47,16,0.4802,94.87713452728029,0.6519937515258789,1.007787502856547
QM9-gap,BO(EI),47,17,0.4802,94.87713452728029,0.637596845626831,0.9924906664388541
QM9-gap,BO(EI),47,18,0.4802,94.87713452728029,0.6667940616607666,1.0003478111321553
QM9-gap,BO(EI),47,19,0.5048,100.0,0.6536028385162354,1.0609088724005928
QM9-gap,GA,47,-1,0.1995,36.422324031653474,0.0,0.0
QM9-gap,GA,47,0,0.3057,58.5381091211995,0.637951135635376,0.6915302663088138
QM9-gap,GA,47,1,0.327,62.9737609329446,0.6706321239471436,0.7577994780119185
QM9-gap,GA,47,2,0.3422,66.13910870470637,0.7073190212249756,0.7604773215182832
QM9-gap,GA,47,3,0.3422,66.13910870470637,0.7485580444335938,0.758980932934868
QM9-gap,GA,47,4,0.4128,80.84131611828404,0.7522721290588379,0.7693992815498121
QM9-gap,GA,47,5,0.4128,80.84131611828404,0.7724311351776123,0.7723491174227278
QM9-gap,GA,47,6,0.4128,80.84131611828404,0.792121171951294,0.7733776015831048
QM9-gap,GA,47,7,0.4128,80.84131611828404,0.7797410488128662,0.7760566711183823
QM9-gap,GA,47,8,0.4128,80.84131611828404,0.7916698455810547,0.7660541710592927
QM9-gap,GA,47,9,0.4128,80.84131611828404,0.7968800067901611,0.7736054201440672
QM9-gap,GA,47,10,0.4128,80.84131611828404,0.8171100616455078,0.7692084553022281
QM9-gap,GA,47,11,0.4128,80.84131611828404,0.832988977432251,0.7861610145214816
QM9-gap,GA,47,12,0.4128,80.84131611828404,0.8100199699401855,0.7894706701708623
QM9-gap,GA,47,13,0.4128,80.84131611828404,0.790086030960083,0.7855358039214968
QM9-gap,GA,47,14,0.4128,80.84131611828404,0.8062849044799805,0.795844812198482
QM9-gap,GA,47,15,0.4128,80.84131611828404,0.8137290477752686,0.8087798096302264
QM9-gap,GA,47,16,0.4128,80.84131611828404,0.8533899784088135,0.8038535313354818
QM9-gap,GA,47,17,0.4128,80.84131611828404,0.8628878593444824,0.8171445099260956
QM9-gap,GA,47,18,0.4128,80.84131611828404,0.8739278316497803,0.8139278005749723
QM9-gap,GA,47,19,0.4128,80.84131611828404,0.8591690063476562,0.8186833640448111
QM9-gap,Random,47,-1,0.1995,36.422324031653474,0.0,0.0
QM9-gap,Random,47,0,0.3455,66.82632236568095,0.2182929515838623,0.6605428076205567
QM9-gap,Random,47,1,0.3455,66.82632236568095,0.21738100051879883,0.6758222167546065
QM9-gap,Random,47,2,0.3455,66.82632236568095,0.21735095977783203,0.703855758828755
QM9-gap,Random,47,3,0.3455,66.82632236568095,0.22096705436706543,0.7472285961172749
QM9-gap,Random,47,4,0.3455,66.82632236568095,0.22373008728027344,0.7469130510180882
QM9-gap,Random,47,5,0.3455,66.82632236568095,0.2232370376586914,0.7483057367538265
QM9-gap,Random,47,6,0.3455,66.82632236568095,0.2251729965209961,0.7510023457464415
QM9-gap,Random,47,7,0.3455,66.82632236568095,0.23099708557128906,0.774569649550592
QM9-gap,Random,47,8,0.3455,66.82632236568095,0.2311711311340332,0.7828046460843097
QM9-gap,Random,47,9,0.3455,66.82632236568095,0.2313692569732666,0.7942964364459976
QM9-gap,Random,47,10,0.3455,66.82632236568095,0.23341107368469238,0.7899440785692696
QM9-gap,Random,47,11,0.3455,66.82632236568095,0.23430109024047852,0.8038346680795414
QM9-gap,Random,47,12,0.3455,66.82632236568095,0.2470707893371582,0.8127971368933914
QM9-gap,Random,47,13,0.3455,66.82632236568095,0.2420492172241211,0.8134151760971425
QM9-gap,Random,47,14,0.3455,66.82632236568095,0.24941611289978027,0.8267508694304134
QM9-gap,Random,47,15,0.3455,66.82632236568095,0.24830889701843262,0.8334538967883597
QM9-gap,Random,47,16,0.3455,66.82632236568095,0.258059024810791,0.8376212321630077
QM9-gap,Random,47,17,0.3455,66.82632236568095,0.25029611587524414,0.8288629673233324
QM9-gap,Random,47,18,0.3455,66.82632236568095,0.2696409225463867,0.8265865608843068
QM9-gap,Random,47,19,0.3455,66.82632236568095,0.2560877799987793,0.8274701494090939
QM9-gap,GLOSS,53,-1,0.2094,38.48396501457725,0.0,0.0
QM9-gap,GLOSS,53,0,0.2225,41.21199500208246,2.089885950088501,0.6282318481769937
QM9-gap,GLOSS,53,1,0.2681,50.708038317367766,2.307370185852051,0.6688217639400998
QM9-gap,GLOSS,53,2,0.2885,54.956268221574334,1.989919900894165,0.8903445992182365
QM9-gap,GLOSS,53,3,0.3207,61.66180758017492,2.1870110034942627,0.8846723504172322
QM9-gap,GLOSS,53,4,0.3287,63.32778009162848,2.2485058307647705,0.9166522831844243
QM9-gap,GLOSS,53,5,0.3526,68.304872969596,2.099292278289795,0.9946870623743912
QM9-gap,GLOSS,53,6,0.4426,87.04706372344856,1.9865379333496094,1.109006514487486
QM9-gap,GLOSS,53,7,0.5048,100.0,1.9753429889678955,1.2614236747271805
QM9-gap,GLOSS,53,8,0.5048,100.0,1.9377589225769043,1.28875998209384
QM9-gap,GLOSS,53,9,0.5048,100.0,1.9862110614776611,1.3074043394307822
QM9-gap,GLOSS,53,10,0.5048,100.0,1.9729270935058594,1.2996192215115019
QM9-gap,GLOSS,53,11,0.5048,100.0,1.9408631324768066,1.2918954005591614
QM9-gap,GLOSS,53,12,0.5048,100.0,2.0195248126983643,1.2833089299406413
QM9-gap,GLOSS,53,13,0.5048,100.0,2.1377038955688477,1.2705699069611245
QM9-gap,GLOSS,53,14,0.5048,100.0,2.1778392791748047,1.266870414166467
QM9-gap,GLOSS,53,15,0.5048,100.0,2.120882272720337,1.2896216880896367
QM9-gap,GLOSS,53,16,0.5048,100.0,2.1456668376922607,1.2876863624823716
QM9-gap,GLOSS,53,17,0.5048,100.0,2.160984992980957,1.2793977801698893
QM9-gap,GLOSS,53,18,0.5048,100.0,2.170258045196533,1.2666734521328555
QM9-gap,GLOSS,53,19,0.5048,100.0,2.2113349437713623,1.2604103864898326
QM9-gap,UCB-BO,53,-1,0.2094,38.48396501457725,0.0,0.0
QM9-gap,UCB-BO,53,0,0.2231,41.33694294044148,0.46552419662475586,0.03590042405936127
QM9-gap,UCB-BO,53,1,0.2808,53.35276967930028,0.4784669876098633,0.8692517899557847
QM9-gap,UCB-BO,53,2,0.2808,53.35276967930028,0.5012810230255127,0.979972774153572
QM9-gap,UCB-BO,53,3,0.3115,59.74593919200333,0.5439229011535645,1.1051078727685204
QM9-gap,UCB-BO,53,4,0.3409,65.86838817159516,0.5321900844573975,1.1321702955246147
QM9-gap,UCB-BO,53,5,0.386,75.26030820491462,0.5473451614379883,1.1189928996550027
QM9-gap,UCB-BO,53,6,0.3897,76.03082049146188,0.5614979267120361,1.103810543545583
QM9-gap,UCB-BO,53,7,0.3897,76.03082049146188,0.5887918472290039,1.0659971628863227
QM9-gap,UCB-BO,53,8,0.3897,76.03082049146188,0.5574038028717041,1.0492773979631895
QM9-gap,UCB-BO,53,9,0.3897,76.03082049146188,0.5635161399841309,1.027808421940741
QM9-gap,UCB-BO,53,10,0.415,81.29945855893376,0.5833621025085449,1.0790955769700676
QM9-gap,UCB-BO,53,11,0.415,81.29945855893376,0.6073408126831055,1.0543752169709326
QM9-gap,UCB-BO,53,12,0.415,81.29945855893376,0.61415696144104,1.0227849195432774
QM9-gap,UCB-BO,53,13,0.415,81.29945855893376,0.6528630256652832,0.9953029638786192
QM9-gap,UCB-BO,53,14,0.417,81.71595168679715,0.6088159084320068,1.0015244786861066
QM9-gap,UCB-BO,53,15,0.4306,84.5481049562682,0.6031129360198975,1.0224177342620748
QM9-gap,UCB-BO,53,16,0.4306,84.5481049562682,0.6157829761505127,1.028561719013594
QM9-gap,UCB-BO,53,17,0.4465,87.85922532278218,0.620262861251831,1.0299489510725295
QM9-gap,UCB-BO,53,18,0.4465,87.85922532278218,0.6262168884277344,1.0330070340188022
QM9-gap,UCB-BO,53,19,0.4465,87.85922532278218,0.6063761711120605,1.0375409369336817
QM9-gap,BO(EI),53,-1,0.2094,38.48396501457725,0.0,0.0
QM9-gap,BO(EI),53,0,0.2094,38.48396501457725,0.4685499668121338,0.010734329758694261
QM9-gap,BO(EI),53,1,0.2792,53.01957517700958,0.48993492126464844,0.741227418564895
QM9-gap,BO(EI),53,2,0.2792,53.01957517700958,0.5082900524139404,0.8735863619447801
QM9-gap,BO(EI),53,3,0.2951,56.330695543523525,0.5273332595825195,0.8507528154328058
QM9-gap,BO(EI),53,4,0.3053,58.454810495626816,0.5315802097320557,0.8569780163503444
QM9-gap,BO(EI),53,5,0.3053,58.454810495626816,0.5416221618652344,0.8489029349207126
QM9-gap,BO(EI),53,6,0.3115,59.74593919200333,0.5626440048217773,0.8357706636955798
QM9-gap,BO(EI),53,7,0.3128,60.01665972511454,0.5744550228118896,0.8147188395158308
QM9-gap,BO(EI),53,8,0.3289,63.369429404414824,0.5752477645874023,0.8283039774535671
QM9-gap,BO(EI),53,9,0.3289,63.369429404414824,0.6061050891876221,0.8580730695980086
QM9-gap,BO(EI),53,10,0.3537,68.53394418992087,0.584233283996582,0.8511971269264751
QM9-gap,BO(EI),53,11,0.462,91.08704706372345,0.600358247756958,0.8944569521195966
QM9-gap,BO(EI),53,12,0.462,91.08704706372345,0.6019289493560791,0.950750425909399
QM9-gap,BO(EI),53,13,0.462,91.08704706372345,0.6027019023895264,0.9626290282348555
QM9-gap,BO(EI),53,14,0.462,91.08704706372345,0.612342119216919,0.963237950039492
QM9-gap,BO(EI),53,15,0.462,91.08704706372345,0.6113219261169434,0.9627184891635453
QM9-gap,BO(EI),53,16,0.462,91.08704706372345,0.620258092880249,0.977540002401979
QM9-gap,BO(EI),53,17,0.462,91.08704706372345,0.6417889595031738,1.0062328358605686
QM9-gap,BO(EI),53,18,0.462,91.08704706372345,0.6556448936462402,1.0051917955095198
QM9-gap,BO(EI),53,19,0.462,91.08704706372345,0.643049955368042,1.0045223096668687
QM9-gap,GA,53,-1,0.2094,38.48396501457725,0.0,0.0
QM9-gap,GA,53,0,0.3123,59.91253644314869,0.7063717842102051,1.0882667123350473
QM9-gap,GA,53,1,0.3194,61.39108704706372,0.7045629024505615,1.0266464827046142
QM9-gap,GA,53,2,0.3752,73.0112453144523,0.6953380107879639,1.0230597038105942
QM9-gap,GA,53,3,0.3752,73.0112453144523,0.7410309314727783,1.016175820439338
QM9-gap,GA,53,4,0.3994,78.05081216159932,0.8199019432067871,0.9739243944390551
QM9-gap,GA,53,5,0.3994,78.05081216159932,0.7868881225585938,0.9531013956238614
QM9-gap,GA,53,6,0.3994,78.05081216159932,0.8253588676452637,0.9261068237580294
QM9-gap,GA,53,7,0.3994,78.05081216159932,0.765833854675293,0.8957417501980569
QM9-gap,GA,53,8,0.3994,78.05081216159932,0.7758312225341797,0.8671598009321472
QM9-gap,GA,53,9,0.3994,78.05081216159932,0.7999639511108398,0.8524362293262705
QM9-gap,GA,53,10,0.3997,78.11328613077883,0.8157620429992676,0.8348590208162735
QM9-gap,GA,53,11,0.3997,78.11328613077883,0.797515869140625,0.8240170885180665
QM9-gap,GA,53,12,0.3997,78.11328613077883,0.8183443546295166,0.808410330063471
QM9-gap,GA,53,13,0.3997,78.11328613077883,0.8387508392333984,0.7913022141961807
QM9-gap,GA,53,14,0.3997,78.11328613077883,0.8307440280914307,0.7767649164317171
QM9-gap,GA,53,15,0.3997,78.11328613077883,0.8289332389831543,0.7792481316089207
QM9-gap,GA,53,16,0.3997,78.11328613077883,0.8325209617614746,0.7735632438458838
QM9-gap,GA,53,17,0.3997,78.11328613077883,0.8556208610534668,0.76855743693302
QM9-gap,GA,53,18,0.3997,78.11328613077883,0.8387768268585205,0.764760649151251
QM9-gap,GA,53,19,0.3997,78.11328613077883,0.8550550937652588,0.7615341760515922
QM9-gap,Random,53,-1,0.2094,38.48396501457725,0.0,0.0
QM9-gap,Random,53,0,0.3189,61.28696376509788,0.21863579750061035,1.0664462173170295
QM9-gap,Random,53,1,0.3189,61.28696376509788,0.21749401092529297,1.0318308816535398
QM9-gap,Random,53,2,0.3202,61.55768429820907,0.21915698051452637,0.9337602116418484
QM9-gap,Random,53,3,0.3594,69.72094960433152,0.21724724769592285,0.8942564498982463
QM9-gap,Random,53,4,0.3594,69.72094960433152,0.22283387184143066,0.9083782489296807
QM9-gap,Random,53,5,0.3594,69.72094960433152,0.23820281028747559,0.9764020488189395
QM9-gap,Random,53,6,0.3594,69.72094960433152,0.2258760929107666,0.957561084017924
QM9-gap,Random,53,7,0.3594,69.72094960433152,0.22812891006469727,0.9523870256544876
QM9-gap,Random,53,8,0.3594,69.72094960433152,0.2324049472808838,0.9635728839110006
QM9-gap,Random,53,9,0.3594,69.72094960433152,0.23159289360046387,0.9534598762696072
QM9-gap,Random,53,10,0.3808,74.17742607246981,0.2383730411529541,0.9456223955303702
QM9-gap,Random,53,11,0.3808,74.17742607246981,0.2414400577545166,0.9387740708145286
QM9-gap,Random,53,12,0.3808,74.17742607246981,0.24114632606506348,0.9362264209263415
QM9-gap,Random,53,13,0.3808,74.17742607246981,0.2506589889526367,0.9256158462756765
QM9-gap,Random,53,14,0.3808,74.17742607246981,0.254457950592041,0.9167336674634897
QM9-gap,Random,53,15,0.3808,74.17742607246981,0.25554609298706055,0.9188005668457269
QM9-gap,Random,53,16,0.3808,74.17742607246981,0.25363612174987793,0.916220132359725
QM9-gap,Random,53,17,0.3808,74.17742607246981,0.24990081787109375,0.9091639376845556
QM9-gap,Random,53,18,0.3808,74.17742607246981,0.2590761184692383,0.9094176253454379
QM9-gap,Random,53,19,0.3808,74.17742607246981,0.25877904891967773,0.9132988847226937
QM9-gap,GLOSS,59,-1,0.2031,37.17201166180757,0.0,0.0
QM9-gap,GLOSS,59,0,0.2253,41.795085381091205,1.8167150020599365,0.7724885758061966
QM9-gap,GLOSS,59,1,0.2942,56.143273635985004,2.0360231399536133,0.7569542275008944
QM9-gap,GLOSS,59,2,0.318,61.099541857559345,1.7429900169372559,0.9837437291674267
QM9-gap,GLOSS,59,3,0.462,91.08704706372345,1.7784152030944824,1.0543955075060865
QM9-gap,GLOSS,59,4,0.4802,94.87713452728029,1.8169422149658203,1.0810998269746401
QM9-gap,GLOSS,59,5,0.4802,94.87713452728029,1.9197890758514404,1.2047580577745078
QM9-gap,GLOSS,59,6,0.5048,100.0,1.8532371520996094,1.302381628752252
QM9-gap,GLOSS,59,7,0.5048,100.0,1.947497844696045,1.3096736225257033
QM9-gap,GLOSS,59,8,0.5048,100.0,1.8983800411224365,1.2829565445722944
QM9-gap,GLOSS,59,9,0.5048,100.0,1.9739720821380615,1.2743601546623349
QM9-gap,GLOSS,59,10,0.5048,100.0,1.963763952255249,1.2584703681010618
QM9-gap,GLOSS,59,11,0.5048,100.0,2.0361618995666504,1.2371836535386267
QM9-gap,GLOSS,59,12,0.5048,100.0,2.080085039138794,1.22162601944557
QM9-gap,GLOSS,59,13,0.5048,100.0,2.0907888412475586,1.2088726263457958
QM9-gap,GLOSS,59,14,0.5048,100.0,2.080270767211914,1.1969719808993589
QM9-gap,GLOSS,59,15,0.5048,100.0,2.1207971572875977,1.1922887756268208
QM9-gap,GLOSS,59,16,0.5048,100.0,2.160261869430542,1.1886810400386578
QM9-gap,GLOSS,59,17,0.5048,100.0,2.186267137527466,1.17380053081039
QM9-gap,GLOSS,59,18,0.5048,100.0,2.250092029571533,1.1695870728117685
QM9-gap,GLOSS,59,19,0.5048,100.0,2.2435779571533203,1.1607978616167915
QM9-gap,UCB-BO,59,-1,0.2031,37.17201166180757,0.0,0.0
QM9-gap,UCB-BO,59,0,0.2255,41.836734693877546,0.45616793632507324,0.28572602359011595
QM9-gap,UCB-BO,59,1,0.4128,80.84131611828404,0.48238372802734375,0.5094531741466729
QM9-gap,UCB-BO,59,2,0.4128,80.84131611828404,0.5262048244476318,0.8493591680128966
QM9-gap,UCB-BO,59,3,0.4128,80.84131611828404,0.529076099395752,0.8762502463549408
QM9-gap,UCB-BO,59,4,0.4128,80.84131611828404,0.5105209350585938,0.9031209627696911
QM9-gap,UCB-BO,59,5,0.4128,80.84131611828404,0.5366160869598389,0.9006700204262224
QM9-gap,UCB-BO,59,6,0.4128,80.84131611828404,0.5452289581298828,0.9113528047708181
QM9-gap,UCB-BO,59,7,0.462,91.08704706372345,0.5387041568756104,0.9173765383901643
QM9-gap,UCB-BO,59,8,0.4802,94.87713452728029,0.5566229820251465,0.9217991906897615
QM9-gap,UCB-BO,59,9,0.4802,94.87713452728029,0.5540637969970703,0.9960044059202582
QM9-gap,UCB-BO,59,10,0.5048,100.0,0.5436313152313232,1.112310552312894
QM9-gap,UCB-BO,59,11,0.5048,100.0,0.5470268726348877,1.1757526450002724
QM9-gap,UCB-BO,59,12,0.5048,100.0,0.5599608421325684,1.1797485761553301
QM9-gap,UCB-BO,59,13,0.5048,100.0,0.5727200508117676,1.1460163991072678
QM9-gap,UCB-BO,59,14,0.5048,100.0,0.5610277652740479,1.1571194143915673
QM9-gap,UCB-BO,59,15,0.5048,100.0,0.5749950408935547,1.1429930851087786
QM9-gap,UCB-BO,59,16,0.5048,100.0,0.5746350288391113,1.126888197858913
QM9-gap,UCB-BO,59,17,0.5048,100.0,0.5653190612792969,1.117747736541297
QM9-gap,UCB-BO,59,18,0.5048,100.0,0.5929000377655029,1.122724557634197
QM9-gap,UCB-BO,59,19,0.5048,100.0,0.6003928184509277,1.1658128550495424
QM9-gap,BO(EI),59,-1,0.2031,37.17201166180757,0.0,0.0
QM9-gap,BO(EI),59,0,0.2405,44.96043315285297,0.45580506324768066,0.21324659732948834
QM9-gap,BO(EI),59,1,0.3755,73.07371928363182,0.48874402046203613,0.7810933305183648
QM9-gap,BO(EI),59,2,0.3755,73.07371928363182,0.509850025177002,0.957590015739455
QM9-gap,BO(EI),59,3,0.3824,74.51062057476051,0.5243918895721436,0.9353519812829975
QM9-gap,BO(EI),59,4,0.3824,74.51062057476051,0.5360097885131836,0.9150436432242115
QM9-gap,BO(EI),59,5,0.3824,74.51062057476051,0.5289850234985352,0.9704957440233872
QM9-gap,BO(EI),59,6,0.3957,77.28029987505207,0.5433900356292725,0.9794776916452987
QM9-gap,BO(EI),59,7,0.3957,77.28029987505207,0.5407307147979736,0.9926089688424067
QM9-gap,BO(EI),59,8,0.3957,77.28029987505207,0.5582230091094971,1.0155151151981134
QM9-gap,BO(EI),59,9,0.3957,77.28029987505207,0.5604720115661621,1.013464203237717
QM9-gap,BO(EI),59,10,0.3957,77.28029987505207,0.5633399486541748,1.1072538787521342
QM9-gap,BO(EI),59,11,0.3957,77.28029987505207,0.5832481384277344,1.1003751524520795
QM9-gap,BO(EI),59,12,0.4179,81.90337359433568,0.5838189125061035,1.124333762202885
QM9-gap,BO(EI),59,13,0.5048,100.0,0.5961380004882812,1.1772587804986174
QM9-gap,BO(EI),59,14,0.5048,100.0,0.6112959384918213,1.1860633124062303
QM9-gap,BO(EI),59,15,0.5048,100.0,0.598670244216919,1.2080029301842272
QM9-gap,BO(EI),59,16,0.5048,100.0,0.6228280067443848,1.2320384943691307
QM9-gap,BO(EI),59,17,0.5048,100.0,0.6141419410705566,1.2164687792293634
QM9-gap,BO(EI),59,18,0.5048,100.0,0.6254899501800537,1.2165818276556968
QM9-gap,BO(EI),59,19,0.5048,100.0,0.6286032199859619,1.2007702060075265
QM9-gap,GA,59,-1,0.2031,37.17201166180757,0.0,0.0
QM9-gap,GA,59,0,0.3427,66.24323198667221,0.667236328125,0.9631399713205674
QM9-gap,GA,59,1,0.3613,70.11661807580175,0.6770188808441162,1.0322144004132705
QM9-gap,GA,59,2,0.3613,70.11661807580175,0.7090528011322021,0.9622760060312912
QM9-gap,GA,59,3,0.3663,71.15785089546023,0.7123172283172607,0.9392181662564504
QM9-gap,GA,59,4,0.3663,71.15785089546023,0.7299959659576416,0.8901458062951729
QM9-gap,GA,59,5,0.3663,71.15785089546023,0.7307777404785156,0.8562945835967531
QM9-gap,GA,59,6,0.3663,71.15785089546023,0.758336067199707,0.8701880304282977
QM9-gap,GA,59,7,0.3663,71.15785089546023,0.7955870628356934,0.8549613206153971
QM9-gap,GA,59,8,0.3663,71.15785089546023,0.8042292594909668,0.839992723075561
QM9-gap,GA,59,9,0.3882,75.71845064556435,0.7981078624725342,0.8398163498962132
QM9-gap,GA,59,10,0.3882,75.71845064556435,0.8596830368041992,0.839172163604584
QM9-gap,GA,59,11,0.3882,75.71845064556435,0.8254809379577637,0.8213054243643392
QM9-gap,GA,59,12,0.3882,75.71845064556435,0.8190069198608398,0.821876368766204
QM9-gap,GA,59,13,0.3901,76.11411911703456,0.8220350742340088,0.8247923093374612
QM9-gap,GA,59,14,0.3901,76.11411911703456,0.853208065032959,0.8256197327458706
QM9-gap,GA,59,15,0.3901,76.11411911703456,0.8364458084106445,0.8190028268604198
QM9-gap,GA,59,16,0.3901,76.11411911703456,0.8602488040924072,0.8189159604037908
QM9-gap,GA,59,17,0.3901,76.11411911703456,0.8429136276245117,0.8104254146844548
QM9-gap,GA,59,18,0.3901,76.11411911703456,0.8429892063140869,0.8048842937098346
QM9-gap,GA,59,19,0.3901,76.11411911703456,0.8668091297149658,0.8055212609236851
QM9-gap,Random,59,-1,0.2031,37.17201166180757,0.0,0.0
QM9-gap,Random,59,0,0.2719,51.4993752603082,0.21632003784179688,0.5871435160832351
QM9-gap,Random,59,1,0.2999,57.33027905039566,0.22670531272888184,0.7682207528712677
QM9-gap,Random,59,2,0.3177,61.03706788837984,0.21860098838806152,0.8150574878935558
QM9-gap,Random,59,3,0.3177,61.03706788837984,0.22365498542785645,0.8439933014770481
QM9-gap,Random,59,4,0.3291,63.411078717201164,0.2349839210510254,0.8287242307913513
QM9-gap,Random,59,5,0.3291,63.411078717201164,0.23930597305297852,0.8436681521977781
QM9-gap,Random,59,6,0.3291,63.411078717201164,0.22952032089233398,0.8321915422849865
QM9-gap,Random,59,7,0.3291,63.411078717201164,0.23787283897399902,0.8695922534230692
QM9-gap,Random,59,8,0.3291,63.411078717201164,0.23199105262756348,0.8505285926923508
QM9-gap,Random,59,9,0.3291,63.411078717201164,0.22902774810791016,0.848722542561091
QM9-gap,Random,59,10,0.3291,63.411078717201164,0.23105216026306152,0.8548932034259541
QM9-gap,Random,59,11,0.3291,63.411078717201164,0.23420023918151855,0.8457210618015849
QM9-gap,Random,59,12,0.3291,63.411078717201164,0.23669099807739258,0.8552484912804781
QM9-gap,Random,59,13,0.3318,63.973344439816735,0.23950600624084473,0.8525090350460856
QM9-gap,Random,59,14,0.3318,63.973344439816735,0.2444000244140625,0.8451004393017835
QM9-gap,Random,59,15,0.3318,63.973344439816735,0.24517393112182617,0.8301647901137117
QM9-gap,Random,59,16,0.3318,63.973344439816735,0.24741005897521973,0.8202391115687638
QM9-gap,Random,59,17,0.3318,63.973344439816735,0.2482130527496338,0.812370266766285
QM9-gap,Random,59,18,0.3318,63.973344439816735,0.2545206546783447,0.8082896970656461
QM9-gap,Random,59,19,0.3318,63.973344439816735,0.25422000885009766,0.8098934532366968
QM9-gap,GLOSS,61,-1,0.2082,38.23406913785922,0.0,0.0
QM9-gap,GLOSS,61,0,0.308,59.017076218242394,1.9855399131774902,0.7482920264032892
QM9-gap,GLOSS,61,1,0.3546,68.7213660974594,1.8579909801483154,1.028079648383668
QM9-gap,GLOSS,61,2,0.3827,74.57309454394002,1.804088830947876,1.1009109066302072
QM9-gap,GLOSS,61,3,0.3891,75.90587255310287,1.7866451740264893,1.1099099579162066
QM9-gap,GLOSS,61,4,0.4298,84.38150770512286,1.7759959697723389,1.0967534966432246
QM9-gap,GLOSS,61,5,0.5048,100.0,1.670029878616333,1.2020409933411687
QM9-gap,GLOSS,61,6,0.5048,100.0,1.8169441223144531,1.3052202757352986
QM9-gap,GLOSS,61,7,0.5048,100.0,1.8832709789276123,1.3210904957453873
QM9-gap,GLOSS,61,8,0.5048,100.0,1.9490699768066406,1.2880127327572761
QM9-gap,GLOSS,61,9,0.5048,100.0,1.9667739868164062,1.2526416124863575
QM9-gap,GLOSS,61,10,0.5048,100.0,2.0276989936828613,1.239823997841823
QM9-gap,GLOSS,61,11,0.5048,100.0,1.9334299564361572,1.2216300761953667
QM9-gap,GLOSS,61,12,0.5048,100.0,2.096561908721924,1.207914494187591
QM9-gap,GLOSS,61,13,0.5048,100.0,2.092020034790039,1.2094272607499763
QM9-gap,GLOSS,61,14,0.5048,100.0,2.0336148738861084,1.2062335125444443
QM9-gap,GLOSS,61,15,0.5048,100.0,2.0523488521575928,1.1994451555968004
QM9-gap,GLOSS,61,16,0.5048,100.0,2.101172924041748,1.2000742201725214
QM9-gap,GLOSS,61,17,0.5048,100.0,2.194553852081299,1.1888844737746298
QM9-gap,GLOSS,61,18,0.5048,100.0,2.221829891204834,1.1834885032948208
QM9-gap,GLOSS,61,19,0.5048,100.0,2.219318151473999,1.1944716415483831
QM9-gap,UCB-BO,61,-1,0.2082,38.23406913785922,0.0,0.0
QM9-gap,UCB-BO,61,0,0.2216,41.02457309454394,0.4595339298248291,0.12660934380537472
QM9-gap,UCB-BO,61,1,0.2681,50.708038317367766,0.4640340805053711,0.3849415224551161
QM9-gap,UCB-BO,61,2,0.2681,50.708038317367766,0.5041811466217041,0.4457452289486954
QM9-gap,UCB-BO,61,3,0.4802,94.87713452728029,0.5022602081298828,0.7205636639634425
QM9-gap,UCB-BO,61,4,0.4802,94.87713452728029,0.5290701389312744,1.2357714319676754
QM9-gap,UCB-BO,61,5,0.4802,94.87713452728029,0.5390923023223877,1.3447154765420335
QM9-gap,UCB-BO,61,6,0.4802,94.87713452728029,0.5431370735168457,1.3572044740016056
QM9-gap,UCB-BO,61,7,0.4802,94.87713452728029,0.5480399131774902,1.3497897064760247
QM9-gap,UCB-BO,61,8,0.4802,94.87713452728029,0.5900900363922119,1.3788985494284844
QM9-gap,UCB-BO,61,9,0.4802,94.87713452728029,0.6015820503234863,1.3915358650145397
QM9-gap,UCB-BO,61,10,0.4802,94.87713452728029,0.5835299491882324,1.371147636770169
QM9-gap,UCB-BO,61,11,0.4802,94.87713452728029,0.5915300846099854,1.390701127899333
QM9-gap,UCB-BO,61,12,0.4802,94.87713452728029,0.577721118927002,1.4101677584144396
QM9-gap,UCB-BO,61,13,0.4802,94.87713452728029,0.5874691009521484,1.3851925026007292
QM9-gap,UCB-BO,61,14,0.4802,94.87713452728029,0.627234935760498,1.393518352224004
QM9-gap,UCB-BO,61,15,0.4802,94.87713452728029,0.6125471591949463,1.3826879056890675
QM9-gap,UCB-BO,61,16,0.4802,94.87713452728029,0.6150569915771484,1.361734508170677
QM9-gap,UCB-BO,61,17,0.5048,100.0,0.6419780254364014,1.4082433820282396
QM9-gap,UCB-BO,61,18,0.5048,100.0,0.6318540573120117,1.4379195941437473
QM9-gap,UCB-BO,61,19,0.5048,100.0,0.6288247108459473,1.4156532763601686
QM9-gap,BO(EI),61,-1,0.2082,38.23406913785922,0.0,0.0
QM9-gap,BO(EI),61,0,0.2715,51.41607663473553,0.46183228492736816,0.3981342886235499
QM9-gap,BO(EI),61,1,0.2715,51.41607663473553,0.471904993057251,0.6974958447131855
QM9-gap,BO(EI),61,2,0.2715,51.41607663473553,0.48966312408447266,0.7797311673986056
QM9-gap,BO(EI),61,3,0.2715,51.41607663473553,0.500633955001831,0.7453761829476601
QM9-gap,BO(EI),61,4,0.2715,51.41607663473553,0.5078611373901367,0.7517272440513145
QM9-gap,BO(EI),61,5,0.2727,51.66597251145356,0.531033992767334,0.7406042571532939
QM9-gap,BO(EI),61,6,0.2866,54.560599750104124,0.5345871448516846,0.7377150810395902
QM9-gap,BO(EI),61,7,0.3013,57.62182423990004,0.5090699195861816,0.7577462313497468
QM9-gap,BO(EI),61,8,0.3013,57.62182423990004,0.5235888957977295,0.7550865713010433
QM9-gap,BO(EI),61,9,0.3028,57.934194085797586,0.5370068550109863,0.747121049395834
QM9-gap,BO(EI),61,10,0.3028,57.934194085797586,0.5546369552612305,0.7800697440081068
QM9-gap,BO(EI),61,11,0.3028,57.934194085797586,0.5741539001464844,0.769930222083053
QM9-gap,BO(EI),61,12,0.3028,57.934194085797586,0.5887339115142822,0.7657523009353693
QM9-gap,BO(EI),61,13,0.3089,59.20449812578092,0.6138896942138672,0.7548853629896529
QM9-gap,BO(EI),61,14,0.3112,59.68346522282382,0.6027970314025879,0.7433521910382248
QM9-gap,BO(EI),61,15,0.3112,59.68346522282382,0.6201479434967041,0.7461911636123555
QM9-gap,BO(EI),61,16,0.3112,59.68346522282382,0.6107819080352783,0.7374821587370709
QM9-gap,BO(EI),61,17,0.3112,59.68346522282382,0.6111021041870117,0.7484815692288239
QM9-gap,BO(EI),61,18,0.3112,59.68346522282382,0.6250429153442383,0.739751382356444
QM9-gap,BO(EI),61,19,0.3112,59.68346522282382,0.6426289081573486,0.7424352324511796
QM9-gap,GA,61,-1,0.2082,38.23406913785922,0.0,0.0
QM9-gap,GA,61,0,0.3251,62.57809246147438,0.6634418964385986,1.0009920972580832
QM9-gap,GA,61,1,0.3346,64.5564348188255,0.6769881248474121,1.0238067948166185
QM9-gap,GA,61,2,0.3479,67.32611411911704,0.7144110202789307,0.9440467051169894
QM9-gap,GA,61,3,0.3479,67.32611411911704,0.7402808666229248,0.9466108327332201
QM9-gap,GA,61,4,0.3479,67.32611411911704,0.7403721809387207,0.9115283467090897
QM9-gap,GA,61,5,0.3479,67.32611411911704,0.7564139366149902,0.9071668939577759
QM9-gap,GA,61,6,0.349,67.55518533944189,0.7781360149383545,0.8800879236413006
QM9-gap,GA,61,7,0.349,67.55518533944189,0.7728490829467773,0.8785128401666266
QM9-gap,GA,61,8,0.3838,74.80216576426488,0.796705961227417,0.876448924309891
QM9-gap,GA,61,9,0.3838,74.80216576426488,0.7977550029754639,0.8745847804559994
QM9-gap,GA,61,10,0.3838,74.80216576426488,0.8437199592590332,0.8588511634875129
QM9-gap,GA,61,11,0.3838,74.80216576426488,0.8070027828216553,0.8520862485914511
QM9-gap,GA,61,12,0.3838,74.80216576426488,0.8142359256744385,0.8628486344970525
QM9-gap,GA,61,13,0.3838,74.80216576426488,0.8009920120239258,0.8601914968834903
QM9-gap,GA,61,14,0.3838,74.80216576426488,0.8200418949127197,0.8523156253438716
QM9-gap,GA,61,15,0.3838,74.80216576426488,0.8167462348937988,0.8403010353842404
QM9-gap,GA,61,16,0.3838,74.80216576426488,0.8335521221160889,0.8411758851691717
QM9-gap,GA,61,17,0.3838,74.80216576426488,0.8353538513183594,0.8302846671415096
QM9-gap,GA,61,18,0.3838,74.80216576426488,0.8390049934387207,0.8269301251146326
QM9-gap,GA,61,19,0.3838,74.80216576426488,0.8794710636138916,0.8266909597432246
QM9-gap,Random,61,-1,0.2082,38.23406913785922,0.0,0.0
QM9-gap,Random,61,0,0.2479,46.50145772594752,0.21808886528015137,0.8918904633997348
QM9-gap,Random,61,1,0.3125,59.95418575593502,0.21989226341247559,0.8823034022681111
QM9-gap,Random,61,2,0.3394,65.55601832569762,0.22150826454162598,0.8763966413230649
QM9-gap,Random,61,3,0.3394,65.55601832569762,0.2194070816040039,0.7892628664191533
QM9-gap,Random,61,4,0.3394,65.55601832569762,0.2242720127105713,0.7983398191628778
QM9-gap,Random,61,5,0.3407,65.82673885880882,0.22428178787231445,0.8084814050936391
QM9-gap,Random,61,6,0.3407,65.82673885880882,0.22613978385925293,0.8223389675180599
QM9-gap,Random,61,7,0.3407,65.82673885880882,0.22740912437438965,0.8261636525199599
QM9-gap,Random,61,8,0.3407,65.82673885880882,0.23082375526428223,0.8258840632442187
QM9-gap,Random,61,9,0.3407,65.82673885880882,0.22973203659057617,0.8252300636850871
QM9-gap,Random,61,10,0.3407,65.82673885880882,0.2315537929534912,0.8305616386272991
QM9-gap,Random,61,11,0.3407,65.82673885880882,0.2338111400604248,0.8234114237954444
QM9-gap,Random,61,12,0.3407,65.82673885880882,0.24040007591247559,0.8127747246051902
QM9-gap,Random,61,13,0.3407,65.82673885880882,0.2374250888824463,0.8203969635532651
QM9-gap,Random,61,14,0.3663,71.15785089546023,0.24256205558776855,0.8396145869811334
QM9-gap,Random,61,15,0.3663,71.15785089546023,0.2434711456298828,0.8455822599006705
QM9-gap,Random,61,16,0.3663,71.15785089546023,0.24704909324645996,0.83932424692936
QM9-gap,Random,61,17,0.3663,71.15785089546023,0.25385594367980957,0.846122272805765
QM9-gap,Random,61,18,0.3663,71.15785089546023,0.2548341751098633,0.8458777977599596
QM9-gap,Random,61,19,0.3663,71.15785089546023,0.2537369728088379,0.860637898683592
QM9-gap,GLOSS,67,-1,0.2082,38.23406913785922,0.0,0.0
QM9-gap,GLOSS,67,0,0.2704,51.187005414410656,2.1413538455963135,0.4197395987102555
QM9-gap,GLOSS,67,1,0.2753,52.207413577675965,2.3059229850769043,0.7437875968537035
QM9-gap,GLOSS,67,2,0.2753,52.207413577675965,2.272749185562134,0.748807605491697
QM9-gap,GLOSS,67,3,0.2753,52.207413577675965,2.360764980316162,0.7029689943667355
QM9-gap,GLOSS,67,4,0.299,57.14285714285714,2.5163018703460693,0.6874990067787152
QM9-gap,GLOSS,67,5,0.3142,60.3082049146189,2.5830938816070557,0.7447706914247736
QM9-gap,GLOSS,67,6,0.3602,69.88754685547688,2.2853918075561523,0.7823718174316123
QM9-gap,GLOSS,67,7,0.3661,71.11620158267388,2.178727149963379,0.8603802558949328
QM9-gap,GLOSS,67,8,0.3799,73.99000416493128,2.092215061187744,0.9245259466732049
QM9-gap,GLOSS,67,9,0.4802,94.87713452728029,2.000955104827881,0.9917309804129316
QM9-gap,GLOSS,67,10,0.4802,94.87713452728029,2.027099847793579,1.0469526299796967
QM9-gap,GLOSS,67,11,0.4802,94.87713452728029,2.0580122470855713,1.0468778118874278
QM9-gap,GLOSS,67,12,0.4802,94.87713452728029,2.1145598888397217,1.0687123680036723
QM9-gap,GLOSS,67,13,0.5048,100.0,2.1108169555664062,1.1227312331275348
QM9-gap,GLOSS,67,14,0.5048,100.0,2.1108028888702393,1.161267328141692
QM9-gap,GLOSS,67,15,0.5048,100.0,2.1581339836120605,1.1669056897282615
QM9-gap,GLOSS,67,16,0.5048,100.0,2.2137317657470703,1.1590489423533183
QM9-gap,GLOSS,67,17,0.5048,100.0,2.2865700721740723,1.1454717023983898
QM9-gap,GLOSS,67,18,0.5048,100.0,2.2267889976501465,1.1574894087753587
QM9-gap,GLOSS,67,19,0.5048,100.0,2.2782866954803467,1.157125510810316
QM9-gap,UCB-BO,67,-1,0.2082,38.23406913785922,0.0,0.0
QM9-gap,UCB-BO,67,0,0.2709,51.2911286963765,0.471390962600708,0.05887896471270824
QM9-gap,UCB-BO,67,1,0.2709,51.2911286963765,0.4963200092315674,0.4717670935946856
QM9-gap,UCB-BO,67,2,0.2874,54.72719700124947,0.509178876876831,0.4852873448298602
QM9-gap,UCB-BO,67,3,0.3121,59.87088713036234,0.5257859230041504,0.4467536564974265
QM9-gap,UCB-BO,67,4,0.3299,63.577675968346526,0.5306758880615234,0.4415575887341647
QM9-gap,UCB-BO,67,5,0.3404,65.7642648896293,0.5525949001312256,0.5988833477561119
QM9-gap,UCB-BO,67,6,0.3404,65.7642648896293,0.5739800930023193,0.6789638138814178
QM9-gap,UCB-BO,67,7,0.3404,65.7642648896293,0.5928618907928467,0.7115993719383432
QM9-gap,UCB-BO,67,8,0.3404,65.7642648896293,0.5895757675170898,0.7540019251605417
QM9-gap,UCB-BO,67,9,0.3408,65.84756351520198,0.5912346839904785,0.7649274878778146
QM9-gap,UCB-BO,67,10,0.3482,67.38858808829654,0.6178340911865234,0.758942797455123
QM9-gap,UCB-BO,67,11,0.3482,67.38858808829654,0.6180605888366699,0.7587795144504854
QM9-gap,UCB-BO,67,12,0.3482,67.38858808829654,0.6101889610290527,0.7498959846765185
QM9-gap,UCB-BO,67,13,0.3997,78.11328613077883,0.626298189163208,0.7634427514270484
QM9-gap,UCB-BO,67,14,0.4465,87.85922532278218,0.6368420124053955,0.8001662508889729
QM9-gap,UCB-BO,67,15,0.4465,87.85922532278218,0.6416008472442627,0.8515513443214444
QM9-gap,UCB-BO,67,16,0.4465,87.85922532278218,0.631587028503418,0.8571425292899876
QM9-gap,UCB-BO,67,17,0.4802,94.87713452728029,0.635523796081543,0.8804120611960451
QM9-gap,UCB-BO,67,18,0.4802,94.87713452728029,0.6371550559997559,0.9031732810021459
QM9-gap,UCB-BO,67,19,0.4802,94.87713452728029,0.6285932064056396,0.9022749463451701
QM9-gap,BO(EI),67,-1,0.2082,38.23406913785922,0.0,0.0
QM9-gap,BO(EI),67,0,0.2399,44.83548521449396,0.463712215423584,0.19588340667497803
QM9-gap,BO(EI),67,1,0.3149,60.45397750937109,0.5014448165893555,0.35971721544134355
QM9-gap,BO(EI),67,2,0.3272,63.01541024573094,0.5326418876647949,0.5954856997235417
QM9-gap,BO(EI),67,3,0.3418,66.05581007913369,0.5522568225860596,0.6311880680460215
QM9-gap,BO(EI),67,4,0.3418,66.05581007913369,0.5569977760314941,0.6315739929266199
QM9-gap,BO(EI),67,5,0.364,70.67888379841733,0.5758159160614014,0.6398448162822311
QM9-gap,BO(EI),67,6,0.364,70.67888379841733,0.5760729312896729,0.6396204928834356
QM9-gap,BO(EI),67,7,0.364,70.67888379841733,0.592167854309082,0.6099316665687682
QM9-gap,BO(EI),67,8,0.364,70.67888379841733,0.5845329761505127,0.6275163823828263
QM9-gap,BO(EI),67,9,0.3737,72.69887546855476,0.5862579345703125,0.6186161951486221
QM9-gap,BO(EI),67,10,0.4063,79.48771345272803,0.6028392314910889,0.6363919352648835
QM9-gap,BO(EI),67,11,0.4128,80.84131611828404,0.6115498542785645,0.7143698669009043
QM9-gap,BO(EI),67,12,0.4128,80.84131611828404,0.5991849899291992,0.7912411177243888
QM9-gap,BO(EI),67,13,0.4128,80.84131611828404,0.6230242252349854,0.8824321433420348
QM9-gap,BO(EI),67,14,0.4128,80.84131611828404,0.6075830459594727,0.8739825251119109
QM9-gap,BO(EI),67,15,0.4802,94.87713452728029,0.60589599609375,0.8883338447084892
QM9-gap,BO(EI),67,16,0.4802,94.87713452728029,0.6132490634918213,0.9343315162894091
QM9-gap,BO(EI),67,17,0.4802,94.87713452728029,0.6234002113342285,0.9380385088722715
QM9-gap,BO(EI),67,18,0.4802,94.87713452728029,0.6330399513244629,0.9554183030504465
QM9-gap,BO(EI),67,19,0.4802,94.87713452728029,0.6348869800567627,0.9718752590015293
QM9-gap,GA,67,-1,0.2082,38.23406913785922,0.0,0.0
QM9-gap,GA,67,0,0.3015,57.66347355268637,0.6558570861816406,0.738692688757449
QM9-gap,GA,67,1,0.317,60.89129529362766,0.6818649768829346,0.7383358010610032
QM9-gap,GA,67,2,0.317,60.89129529362766,0.6973340511322021,0.750868541458111
QM9-gap,GA,67,3,0.3371,65.07705122865472,0.7246048450469971,0.7760035906443468
QM9-gap,GA,67,4,0.3697,71.86588921282798,0.733759880065918,0.8452632456414898
QM9-gap,GA,67,5,0.373,72.55310287380257,0.7525272369384766,0.868240836316932
QM9-gap,GA,67,6,0.373,72.55310287380257,0.7521328926086426,0.8254373560151176
QM9-gap,GA,67,7,0.373,72.55310287380257,0.7547118663787842,0.8252489280891996
QM9-gap,GA,67,8,0.373,72.55310287380257,0.7569379806518555,0.8229813544569236
QM9-gap,GA,67,9,0.373,72.55310287380257,0.7740738391876221,0.813739979321148
QM9-gap,GA,67,10,0.374,72.76134943773427,0.7933511734008789,0.8046823898879594
QM9-gap,GA,67,11,0.374,72.76134943773427,0.8436758518218994,0.7981962720481527
QM9-gap,GA,67,12,0.374,72.76134943773427,0.8069660663604736,0.7894641728519254
QM9-gap,GA,67,13,0.374,72.76134943773427,0.8023178577423096,0.7835367194701823
QM9-gap,GA,67,14,0.374,72.76134943773427,0.8015637397766113,0.7682674984267759
QM9-gap,GA,67,15,0.3758,73.13619325281134,0.7951891422271729,0.7571286032250311
QM9-gap,GA,67,16,0.3758,73.13619325281134,0.7992348670959473,0.7480134158964963
QM9-gap,GA,67,17,0.3758,73.13619325281134,0.8074660301208496,0.7501662590993349
QM9-gap,GA,67,18,0.3758,73.13619325281134,0.7956011295318604,0.7511037261754301
QM9-gap,GA,67,19,0.3997,78.11328613077883,0.8213598728179932,0.7457453628687576
QM9-gap,Random,67,-1,0.2082,38.23406913785922,0.0,0.0
QM9-gap,Random,67,0,0.3105,59.53769262807164,0.2165079116821289,0.8436724699207376
QM9-gap,Random,67,1,0.3199,61.49521032902957,0.22378921508789062,0.7787379253537339
QM9-gap,Random,67,2,0.3364,64.93127863390254,0.21947717666625977,0.8209287471567492
QM9-gap,Random,67,3,0.3364,64.93127863390254,0.22076797485351562,0.8291749948647557
QM9-gap,Random,67,4,0.3364,64.93127863390254,0.2171320915222168,0.8281009717707122
QM9-gap,Random,67,5,0.3364,64.93127863390254,0.22654008865356445,0.837865634351295
QM9-gap,Random,67,6,0.3364,64.93127863390254,0.22881174087524414,0.8296357824526154
QM9-gap,Random,67,7,0.3364,64.93127863390254,0.22637510299682617,0.8293584223712903
QM9-gap,Random,67,8,0.3457,66.8679716784673,0.2335500717163086,0.835936804541874
QM9-gap,Random,67,9,0.3457,66.8679716784673,0.22686314582824707,0.8158531971021021
QM9-gap,Random,67,10,0.3457,66.8679716784673,0.235015869140625,0.8180277171335646
QM9-gap,Random,67,11,0.3457,66.8679716784673,0.23629093170166016,0.8200971189915279
QM9-gap,Random,67,12,0.3457,66.8679716784673,0.23554396629333496,0.8364866435341386
QM9-gap,Random,67,13,0.3457,66.8679716784673,0.24082612991333008,0.8379272736909925
QM9-gap,Random,67,14,0.3457,66.8679716784673,0.23977017402648926,0.850969639609949
QM9-gap,Random,67,15,0.3457,66.8679716784673,0.2440040111541748,0.8620595588376847
QM9-gap,Random,67,16,0.3457,66.8679716784673,0.2472672462463379,0.8686185244800295
QM9-gap,Random,67,17,0.3457,66.8679716784673,0.24828410148620605,0.865939524552852
QM9-gap,Random,67,18,0.3457,66.8679716784673,0.25325918197631836,0.8592463328009138
QM9-gap,Random,67,19,0.3457,66.8679716784673,0.25632786750793457,0.8462706892382565
Buchwald-Hartwig,GLOSS,47,-1,4.416019864,4.41602030560203,0.0,0.0
Buchwald-Hartwig,GLOSS,47,0,75.8997955,75.89980308998031,0.1276237964630127,1.967375814083782
Buchwald-Hartwig,GLOSS,47,1,93.02887198,93.02888128288814,0.13277482986450195,2.093049442921894
Buchwald-Hartwig,GLOSS,47,2,98.28722602,98.2872358487236,0.13434886932373047,2.1125703058558174
Buchwald-Hartwig,GLOSS,47,3,98.28722602,98.2872358487236,0.1362018585205078,2.0809189309795104
Buchwald-Hartwig,GLOSS,47,4,98.28722602,98.2872358487236,0.13937592506408691,2.054211436903986
Buchwald-Hartwig,GLOSS,47,5,98.28722602,98.2872358487236,0.14208602905273438,2.0878654447280436
Buchwald-Hartwig,GLOSS,47,6,98.28722602,98.2872358487236,0.14340686798095703,2.078845874521899
Buchwald-Hartwig,GLOSS,47,7,98.28722602,98.2872358487236,0.14426326751708984,2.080739557042582
Buchwald-Hartwig,GLOSS,47,8,98.28722602,98.2872358487236,0.15317296981811523,2.086180267683286
Buchwald-Hartwig,GLOSS,47,9,98.28722602,98.2872358487236,0.15229368209838867,2.094255426440396
Buchwald-Hartwig,GLOSS,47,10,98.28722602,98.2872358487236,0.15714287757873535,2.1006024885113286
Buchwald-Hartwig,GLOSS,47,11,98.28722602,98.2872358487236,0.15697884559631348,2.096438929133412
Buchwald-Hartwig,GLOSS,47,12,98.28722602,98.2872358487236,0.1581580638885498,2.097400863009896
Buchwald-Hartwig,GLOSS,47,13,98.28722602,98.2872358487236,0.1617438793182373,2.1071638952668192
Buchwald-Hartwig,GLOSS,47,14,98.28722602,98.2872358487236,0.16304683685302734,2.1182135495611676
Buchwald-Hartwig,GLOSS,47,15,98.73132029,98.73133016313302,0.16641998291015625,2.1355113769828518
Buchwald-Hartwig,GLOSS,47,16,98.73132029,98.73133016313302,0.17838096618652344,2.1714754143777095
Buchwald-Hartwig,GLOSS,47,17,98.73132029,98.73133016313302,0.1820831298828125,2.197726226988579
Buchwald-Hartwig,GLOSS,47,18,98.73132029,98.73133016313302,0.18610596656799316,2.219972641047052
Buchwald-Hartwig,GLOSS,47,19,98.73132029,98.73133016313302,0.1946401596069336,2.2438858423403967
Buchwald-Hartwig,UCB-BO,47,-1,4.416019864,4.41602030560203,0.0,0.0
Buchwald-Hartwig,UCB-BO,47,0,77.66689194,77.66689970668997,0.048838138580322266,1.4142135623730947
Buchwald-Hartwig,UCB-BO,47,1,80.7977409,80.7977489797749,0.04915785789489746,1.942533049510914
Buchwald-Hartwig,UCB-BO,47,2,80.7977409,80.7977489797749,0.0502009391784668,2.1318375466806336
Buchwald-Hartwig,UCB-BO,47,3,83.83843021,83.83843859384386,0.0521090030670166,2.2486218141951877
Buchwald-Hartwig,UCB-BO,47,4,83.83843021,83.83843859384386,0.056050777435302734,2.2645956056869667
Buchwald-Hartwig,UCB-BO,47,5,99.99999,100.0,0.05699419975280762,2.3015532551200284
Buchwald-Hartwig,UCB-BO,47,6,99.99999,100.0,0.05789899826049805,2.3618175265797334
Buchwald-Hartwig,UCB-BO,47,7,99.99999,100.0,0.05909919738769531,2.3520936865356457
Buchwald-Hartwig,UCB-BO,47,8,99.99999,100.0,0.059877872467041016,2.3650145072896755
Buchwald-Hartwig,UCB-BO,47,9,99.99999,100.0,0.06749486923217773,2.369883719545861
Buchwald-Hartwig,UCB-BO,47,10,99.99999,100.0,0.06548404693603516,2.3824914095175673
Buchwald-Hartwig,UCB-BO,47,11,99.99999,100.0,0.06720709800720215,2.3782168399384838
Buchwald-Hartwig,UCB-BO,47,12,99.99999,100.0,0.06877303123474121,2.3752843342796317
Buchwald-Hartwig,UCB-BO,47,13,99.99999,100.0,0.06836390495300293,2.3797551426469887
Buchwald-Hartwig,UCB-BO,47,14,99.99999,100.0,0.06944108009338379,2.3813005823306614
Buchwald-Hartwig,UCB-BO,47,15,99.99999,100.0,0.07180500030517578,2.3856926833216887
Buchwald-Hartwig,UCB-BO,47,16,99.99999,100.0,0.07462882995605469,2.3894391671959037
Buchwald-Hartwig,UCB-BO,47,17,99.99999,100.0,0.07480692863464355,2.39103078161874
Buchwald-Hartwig,UCB-BO,47,18,99.99999,100.0,0.0737159252166748,2.3920895802428817
Buchwald-Hartwig,UCB-BO,47,19,99.99999,100.0,0.07554197311401367,2.3873367490475363
Buchwald-Hartwig,BO(EI),47,-1,4.416019864,4.41602030560203,0.0,0.0
Buchwald-Hartwig,BO(EI),47,0,77.66689194,77.66689970668997,0.047083139419555664,1.4142135623730947
Buchwald-Hartwig,BO(EI),47,1,81.27546311,81.27547123754712,0.04928088188171387,1.8541092372300763
Buchwald-Hartwig,BO(EI),47,2,94.69105416,94.69106362910637,0.04981112480163574,1.9390278928978864
Buchwald-Hartwig,BO(EI),47,3,94.69105416,94.69106362910637,0.05008721351623535,1.9724623691037335
Buchwald-Hartwig,BO(EI),47,4,94.69105416,94.69106362910637,0.05249190330505371,1.999107755148366
Buchwald-Hartwig,BO(EI),47,5,94.69105416,94.69106362910637,0.05187582969665527,2.04958941764574
Buchwald-Hartwig,BO(EI),47,6,94.69105416,94.69106362910637,0.05234384536743164,2.066657082734843
Buchwald-Hartwig,BO(EI),47,7,94.69105416,94.69106362910637,0.053472042083740234,2.0765088014836857
Buchwald-Hartwig,BO(EI),47,8,94.69105416,94.69106362910637,0.05511593818664551,2.0966656241204795
Buchwald-Hartwig,BO(EI),47,9,94.69105416,94.69106362910637,0.05788707733154297,2.103083499194005
Buchwald-Hartwig,BO(EI),47,10,94.69105416,94.69106362910637,0.05887794494628906,2.1563004848278333
Buchwald-Hartwig,BO(EI),47,11,94.69105416,94.69106362910637,0.06001996994018555,2.208020784841812
Buchwald-Hartwig,BO(EI),47,12,95.38648822,95.38649775864978,0.06645798683166504,2.236288214870836
Buchwald-Hartwig,BO(EI),47,13,99.61910732,99.61911728191173,0.06783580780029297,2.2677283868494014
Buchwald-Hartwig,BO(EI),47,14,99.61910732,99.61911728191173,0.06962084770202637,2.28595122510345
Buchwald-Hartwig,BO(EI),47,15,99.61910732,99.61911728191173,0.07060575485229492,2.302274998108598
Buchwald-Hartwig,BO(EI),47,16,99.61910732,99.61911728191173,0.07248377799987793,2.322180375693428
Buchwald-Hartwig,BO(EI),47,17,99.61910732,99.61911728191173,0.07340216636657715,2.330244229973517
Buchwald-Hartwig,BO(EI),47,18,99.61910732,99.61911728191173,0.07475733757019043,2.33772842251842
Buchwald-Hartwig,BO(EI),47,19,99.61910732,99.61911728191173,0.07740497589111328,2.348490459046972
Buchwald-Hartwig,GA,47,-1,4.416019864,4.41602030560203,0.0,0.0
Buchwald-Hartwig,GA,47,0,75.8997955,75.89980308998031,0.05971097946166992,2.150796572790869
Buchwald-Hartwig,GA,47,1,78.61845192,78.61845978184598,0.07208490371704102,2.2186960359151175
Buchwald-Hartwig,GA,47,2,86.41285544,86.41286408128641,0.06900191307067871,2.3529086479482757
Buchwald-Hartwig,GA,47,3,88.16754027,88.16754908675492,0.0713491439819336,2.397734739841325
Buchwald-Hartwig,GA,47,4,88.16754027,88.16754908675492,0.07172799110412598,2.4252431053123313
Buchwald-Hartwig,GA,47,5,88.16754027,88.16754908675492,0.07067179679870605,2.442837834093065
Buchwald-Hartwig,GA,47,6,90.64441503,90.64442409444243,0.0739898681640625,2.4671221985435565
Buchwald-Hartwig,GA,47,7,90.64441503,90.64442409444243,0.075927734375,2.477242594411718
Buchwald-Hartwig,GA,47,8,90.64441503,90.64442409444243,0.07692909240722656,2.477197872996283
Buchwald-Hartwig,GA,47,9,99.99999,100.0,0.07880926132202148,2.4783634598397493
Buchwald-Hartwig,GA,47,10,99.99999,100.0,0.07993197441101074,2.48642650430853
Buchwald-Hartwig,GA,47,11,99.99999,100.0,0.08228874206542969,2.494966525150413
Buchwald-Hartwig,GA,47,12,99.99999,100.0,0.08262419700622559,2.4937139774223187
Buchwald-Hartwig,GA,47,13,99.99999,100.0,0.10266780853271484,2.4938108457368626
Buchwald-Hartwig,GA,47,14,99.99999,100.0,0.10855698585510254,2.4915575680410895
Buchwald-Hartwig,GA,47,15,99.99999,100.0,0.08676481246948242,2.4829689214067847
Buchwald-Hartwig,GA,47,16,99.99999,100.0,0.0855109691619873,2.4796299967322164
Buchwald-Hartwig,GA,47,17,99.99999,100.0,0.08775591850280762,2.4840460563308318
Buchwald-Hartwig,GA,47,18,99.99999,100.0,0.0897819995880127,2.4817628536196756
Buchwald-Hartwig,GA,47,19,99.99999,100.0,0.08947515487670898,2.481006522577784
Buchwald-Hartwig,Random,47,-1,4.416019864,4.41602030560203,0.0,0.0
Buchwald-Hartwig,Random,47,0,57.65452227,57.6545280354528,0.03628110885620117,2.4935447458035838
Buchwald-Hartwig,Random,47,1,84.40270662,84.40271506027152,0.03768110275268555,2.5380149852375733
Buchwald-Hartwig,Random,47,2,86.76211847,86.76212714621272,0.038899898529052734,2.5510033161695342
Buchwald-Hartwig,Random,47,3,88.30829539,88.30830422083042,0.03921103477478027,2.5578375263848416
Buchwald-Hartwig,Random,47,4,88.30829539,88.30830422083042,0.04152798652648926,2.5565239535953097
Buchwald-Hartwig,Random,47,5,88.30829539,88.30830422083042,0.041883230209350586,2.5676104503672494
Buchwald-Hartwig,Random,47,6,88.30829539,88.30830422083042,0.044339895248413086,2.5644998106342536
Buchwald-Hartwig,Random,47,7,88.30829539,88.30830422083042,0.04409313201904297,2.5607386381050365
Buchwald-Hartwig,Random,47,8,94.87994774,94.87995722799573,0.04509305953979492,2.5634256370307407
Buchwald-Hartwig,Random,47,9,94.87994774,94.87995722799573,0.045343875885009766,2.5636197953606725
Buchwald-Hartwig,Random,47,10,94.87994774,94.87995722799573,0.047035932540893555,2.5621613053552945
Buchwald-Hartwig,Random,47,11,94.87994774,94.87995722799573,0.047872066497802734,2.5606544579862307
Buchwald-Hartwig,Random,47,12,94.87994774,94.87995722799573,0.0486600399017334,2.5613017043082946
Buchwald-Hartwig,Random,47,13,94.87994774,94.87995722799573,0.04896998405456543,2.559811548625975
Buchwald-Hartwig,Random,47,14,94.87994774,94.87995722799573,0.04982614517211914,2.5596651480588197
Buchwald-Hartwig,Random,47,15,94.87994774,94.87995722799573,0.05150794982910156,2.5590962454543473
Buchwald-Hartwig,Random,47,16,94.87994774,94.87995722799573,0.05158400535583496,2.559225909961708
Buchwald-Hartwig,Random,47,17,94.87994774,94.87995722799573,0.05310201644897461,2.558419346931274
Buchwald-Hartwig,Random,47,18,94.87994774,94.87995722799573,0.05413985252380371,2.5571823583824953
Buchwald-Hartwig,Random,47,19,94.87994774,94.87995722799573,0.054663896560668945,2.557337910546388
Buchwald-Hartwig,GLOSS,53,-1,4.337310253,4.337310686731069,0.0,0.0
Buchwald-Hartwig,GLOSS,53,0,33.33065232,33.33065565306556,0.12704014778137207,1.8759243225889486
Buchwald-Hartwig,GLOSS,53,1,92.00324978,92.00325898032591,0.13066601753234863,2.0337769564868267
Buchwald-Hartwig,GLOSS,53,2,99.99999,100.0,0.13874292373657227,2.0610635872669736
Buchwald-Hartwig,GLOSS,53,3,99.99999,100.0,0.14015817642211914,2.0657188250867753
Buchwald-Hartwig,GLOSS,53,4,99.99999,100.0,0.1396770477294922,2.1075402254697595
Buchwald-Hartwig,GLOSS,53,5,99.99999,100.0,0.14247798919677734,2.100417890337388
Buchwald-Hartwig,GLOSS,53,6,99.99999,100.0,0.1433720588684082,2.102503525781067
Buchwald-Hartwig,GLOSS,53,7,99.99999,100.0,0.14530611038208008,2.1027182878781185
Buchwald-Hartwig,GLOSS,53,8,99.99999,100.0,0.14644598960876465,2.0998537396714205
Buchwald-Hartwig,GLOSS,53,9,99.99999,100.0,0.15066123008728027,2.1001463761889454
Buchwald-Hartwig,GLOSS,53,10,99.99999,100.0,0.1558852195739746,2.1016317215153726
Buchwald-Hartwig,GLOSS,53,11,99.99999,100.0,0.15389418601989746,2.107511485275527
Buchwald-Hartwig,GLOSS,53,12,99.99999,100.0,0.15899181365966797,2.112418934244362
Buchwald-Hartwig,GLOSS,53,13,99.99999,100.0,0.1595909595489502,2.1274806049997315
Buchwald-Hartwig,GLOSS,53,14,99.99999,100.0,0.15955686569213867,2.139417538973702
Buchwald-Hartwig,GLOSS,53,15,99.99999,100.0,0.16558003425598145,2.1496101094082567
Buchwald-Hartwig,GLOSS,53,16,99.99999,100.0,0.16412711143493652,2.155473660229418
Buchwald-Hartwig,GLOSS,53,17,99.99999,100.0,0.17119216918945312,2.1555417683818745
Buchwald-Hartwig,GLOSS,53,18,99.99999,100.0,0.17213702201843262,2.1586000482054115
Buchwald-Hartwig,GLOSS,53,19,99.99999,100.0,0.1716139316558838,2.160612124164823
Buchwald-Hartwig,UCB-BO,53,-1,4.337310253,4.337310686731069,0.0,0.0
Buchwald-Hartwig,UCB-BO,53,0,28.47849533,28.478498177849822,0.047513723373413086,1.4142135623730947
Buchwald-Hartwig,UCB-BO,53,1,92.91423383,92.9142431214243,0.04957008361816406,1.9327699422171323
Buchwald-Hartwig,UCB-BO,53,2,92.91423383,92.9142431214243,0.04979085922241211,2.080714877036062
Buchwald-Hartwig,UCB-BO,53,3,92.91423383,92.9142431214243,0.05047106742858887,2.143344438792114
Buchwald-Hartwig,UCB-BO,53,4,93.31083413,93.31084346108435,0.05155682563781738,2.1337723972144516
Buchwald-Hartwig,UCB-BO,53,5,93.31083413,93.31084346108435,0.05263519287109375,2.15251277444588
Buchwald-Hartwig,UCB-BO,53,6,93.31083413,93.31084346108435,0.05236697196960449,2.158748311006097
Buchwald-Hartwig,UCB-BO,53,7,93.31083413,93.31084346108435,0.05373811721801758,2.1789235325874947
Buchwald-Hartwig,UCB-BO,53,8,93.31083413,93.31084346108435,0.05536389350891113,2.173766333418243
Buchwald-Hartwig,UCB-BO,53,9,93.31083413,93.31084346108435,0.05618691444396973,2.1668915038498935
Buchwald-Hartwig,UCB-BO,53,10,93.56409267,93.5641020264102,0.056218862533569336,2.168468526387474
Buchwald-Hartwig,UCB-BO,53,11,93.56409267,93.5641020264102,0.05825376510620117,2.1604466188021196
Buchwald-Hartwig,UCB-BO,53,12,93.56409267,93.5641020264102,0.05793118476867676,2.154766879118641
Buchwald-Hartwig,UCB-BO,53,13,95.55515456,95.55516411551642,0.061628103256225586,2.153822515426504
Buchwald-Hartwig,UCB-BO,53,14,97.29293259,97.29294231929424,0.06168484687805176,2.152268390036672
Buchwald-Hartwig,UCB-BO,53,15,97.29293259,97.29294231929424,0.07205820083618164,2.1558112631380726
Buchwald-Hartwig,UCB-BO,53,16,97.29293259,97.29294231929424,0.0650339126586914,2.1532861817940034
Buchwald-Hartwig,UCB-BO,53,17,97.29293259,97.29294231929424,0.06360793113708496,2.152111675743714
Buchwald-Hartwig,UCB-BO,53,18,97.29293259,97.29294231929424,0.06473112106323242,2.1480579273754445
Buchwald-Hartwig,UCB-BO,53,19,97.29293259,97.29294231929424,0.06680512428283691,2.1503892308854304
Buchwald-Hartwig,BO(EI),53,-1,4.337310253,4.337310686731069,0.0,0.0
Buchwald-Hartwig,BO(EI),53,0,33.33065232,33.33065565306556,0.04828190803527832,1.4142135623730947
Buchwald-Hartwig,BO(EI),53,1,95.07020116,95.07021066702107,0.050379037857055664,1.9114312608683377
Buchwald-Hartwig,BO(EI),53,2,99.03446213,99.0344720334472,0.05057215690612793,2.118315029879514
Buchwald-Hartwig,BO(EI),53,3,99.61910732,99.61911728191173,0.05253100395202637,2.1543049657278943
Buchwald-Hartwig,BO(EI),53,4,99.61910732,99.61911728191173,0.051529884338378906,2.137294239718119
Buchwald-Hartwig,BO(EI),53,5,99.61910732,99.61911728191173,0.0527958869934082,2.107748604639652
Buchwald-Hartwig,BO(EI),53,6,99.61910732,99.61911728191173,0.05446290969848633,2.0742295258246894
Buchwald-Hartwig,BO(EI),53,7,99.61910732,99.61911728191173,0.054659128189086914,2.0783674485881622
Buchwald-Hartwig,BO(EI),53,8,99.99999,100.0,0.055640220642089844,2.0737221084502533
Buchwald-Hartwig,BO(EI),53,9,99.99999,100.0,0.05647778511047363,2.0731142300750856
Buchwald-Hartwig,BO(EI),53,10,99.99999,100.0,0.05727791786193848,2.0909190697682813
Buchwald-Hartwig,BO(EI),53,11,99.99999,100.0,0.05793499946594238,2.1095560663556747
Buchwald-Hartwig,BO(EI),53,12,99.99999,100.0,0.05768108367919922,2.126808156914598
Buchwald-Hartwig,BO(EI),53,13,99.99999,100.0,0.05919003486633301,2.1379771747417955
Buchwald-Hartwig,BO(EI),53,14,99.99999,100.0,0.05969095230102539,2.1501591783749276
Buchwald-Hartwig,BO(EI),53,15,99.99999,100.0,0.06130790710449219,2.160260015814625
Buchwald-Hartwig,BO(EI),53,16,99.99999,100.0,0.06155705451965332,2.166842889045609
Buchwald-Hartwig,BO(EI),53,17,99.99999,100.0,0.06497931480407715,2.1701762601624006
Buchwald-Hartwig,BO(EI),53,18,99.99999,100.0,0.06652522087097168,2.1713101030053465
Buchwald-Hartwig,BO(EI),53,19,99.99999,100.0,0.0663602352142334,2.1727368143730006
Buchwald-Hartwig,GA,53,-1,4.337310253,4.337310686731069,0.0,0.0
Buchwald-Hartwig,GA,53,0,31.38632484,31.3863279786328,0.061653852462768555,2.397397230449925
Buchwald-Hartwig,GA,53,1,69.0890435,69.08905040890505,0.06281208992004395,2.4146371164612734
Buchwald-Hartwig,GA,53,2,89.48065113,89.48066007806601,0.06555700302124023,2.468385207363228
Buchwald-Hartwig,GA,53,3,89.48065113,89.48066007806601,0.06743097305297852,2.466363452744792
Buchwald-Hartwig,GA,53,4,89.48065113,89.48066007806601,0.07119083404541016,2.492412232217186
Buchwald-Hartwig,GA,53,5,89.48065113,89.48066007806601,0.06777286529541016,2.4872466550312184
Buchwald-Hartwig,GA,53,6,91.52862329,91.52863244286324,0.07206392288208008,2.478966907457126
Buchwald-Hartwig,GA,53,7,91.52862329,91.52863244286324,0.0718538761138916,2.4827290496201213
Buchwald-Hartwig,GA,53,8,98.73132029,98.73133016313302,0.07547903060913086,2.481349764568837
Buchwald-Hartwig,GA,53,9,98.73132029,98.73133016313302,0.07453298568725586,2.484917038726391
Buchwald-Hartwig,GA,53,10,98.73132029,98.73133016313302,0.07483887672424316,2.487653142140252
Buchwald-Hartwig,GA,53,11,98.73132029,98.73133016313302,0.07485485076904297,2.488016475642169
Buchwald-Hartwig,GA,53,12,98.73132029,98.73133016313302,0.07694482803344727,2.4815758707110103
Buchwald-Hartwig,GA,53,13,98.73132029,98.73133016313302,0.07952690124511719,2.4783844157391126
Buchwald-Hartwig,GA,53,14,98.73132029,98.73133016313302,0.07961893081665039,2.476032224743825
Buchwald-Hartwig,GA,53,15,98.73132029,98.73133016313302,0.08272004127502441,2.4738381361419357
Buchwald-Hartwig,GA,53,16,98.73132029,98.73133016313302,0.08389806747436523,2.4752980444609607
Buchwald-Hartwig,GA,53,17,98.73132029,98.73133016313302,0.08740615844726562,2.476817050303139
Buchwald-Hartwig,GA,53,18,98.73132029,98.73133016313302,0.08910489082336426,2.4717585423256363
Buchwald-Hartwig,GA,53,19,98.73132029,98.73133016313302,0.08914780616760254,2.4727401039428623
Buchwald-Hartwig,Random,53,-1,4.337310253,4.337310686731069,0.0,0.0
Buchwald-Hartwig,Random,53,0,89.48065113,89.48066007806601,0.03759002685546875,2.5772653405392356
Buchwald-Hartwig,Random,53,1,89.48065113,89.48066007806601,0.03802204132080078,2.5695931004011574
Buchwald-Hartwig,Random,53,2,89.48065113,89.48066007806601,0.03854990005493164,2.5693804854229985
Buchwald-Hartwig,Random,53,3,89.48065113,89.48066007806601,0.040273189544677734,2.575303672815134
Buchwald-Hartwig,Random,53,4,89.48065113,89.48066007806601,0.040289878845214844,2.560516008613254
Buchwald-Hartwig,Random,53,5,89.48065113,89.48066007806601,0.04225301742553711,2.5537852611824294
Buchwald-Hartwig,Random,53,6,89.48065113,89.48066007806601,0.04322671890258789,2.5597558274354104
Buchwald-Hartwig,Random,53,7,89.48065113,89.48066007806601,0.04389595985412598,2.5574299363414044
Buchwald-Hartwig,Random,53,8,89.48065113,89.48066007806601,0.04549884796142578,2.5568176947103134
Buchwald-Hartwig,Random,53,9,89.48065113,89.48066007806601,0.04498910903930664,2.558294499993048
Buchwald-Hartwig,Random,53,10,89.48065113,89.48066007806601,0.0457758903503418,2.560044328232766
Buchwald-Hartwig,Random,53,11,89.48065113,89.48066007806601,0.048828840255737305,2.557846226646639
Buchwald-Hartwig,Random,53,12,89.48065113,89.48066007806601,0.04809117317199707,2.5582414343502813
Buchwald-Hartwig,Random,53,13,89.48065113,89.48066007806601,0.0490720272064209,2.555814422730417
Buchwald-Hartwig,Random,53,14,94.54981251,94.5498219649822,0.049748897552490234,2.556351173368067
Buchwald-Hartwig,Random,53,15,94.54981251,94.5498219649822,0.05292391777038574,2.555087955579103
Buchwald-Hartwig,Random,53,16,94.54981251,94.5498219649822,0.053263187408447266,2.5543085839519106
Buchwald-Hartwig,Random,53,17,94.54981251,94.5498219649822,0.0531010627746582,2.553472257322071
Buchwald-Hartwig,Random,53,18,94.54981251,94.5498219649822,0.05458188056945801,2.5528008079343754
Buchwald-Hartwig,Random,53,19,94.54981251,94.5498219649822,0.05502891540527344,2.5543833813893473
Buchwald-Hartwig,GLOSS,59,-1,4.510171982,4.510172433017243,0.0,0.0
Buchwald-Hartwig,GLOSS,59,0,19.47556274,19.47556468755647,0.12653899192810059,1.748948669588469
Buchwald-Hartwig,GLOSS,59,1,21.81045338,21.810455561045554,0.12868118286132812,1.911431260868338
Buchwald-Hartwig,GLOSS,59,2,78.78970759,78.78971546897155,0.13054275512695312,2.0072288777477185
Buchwald-Hartwig,GLOSS,59,3,99.03446213,99.0344720334472,0.1416161060333252,2.1776656767508955
Buchwald-Hartwig,GLOSS,59,4,99.61910732,99.61911728191173,0.14370131492614746,2.2664930820152933
Buchwald-Hartwig,GLOSS,59,5,99.61910732,99.61911728191173,0.1445786952972412,2.2911429168285453
Buchwald-Hartwig,GLOSS,59,6,99.61910732,99.61911728191173,0.1468369960784912,2.320456705185239
Buchwald-Hartwig,GLOSS,59,7,99.61910732,99.61911728191173,0.15446710586547852,2.32052832961978
Buchwald-Hartwig,GLOSS,59,8,99.61910732,99.61911728191173,0.15360593795776367,2.3093030632826386
Buchwald-Hartwig,GLOSS,59,9,99.61910732,99.61911728191173,0.16137909889221191,2.297055455485424
Buchwald-Hartwig,GLOSS,59,10,99.61910732,99.61911728191173,0.16366982460021973,2.3075734493031934
Buchwald-Hartwig,GLOSS,59,11,99.61910732,99.61911728191173,0.19258713722229004,2.3044504667198153
Buchwald-Hartwig,GLOSS,59,12,99.61910732,99.61911728191173,0.1687619686126709,2.30466336191582
Buchwald-Hartwig,GLOSS,59,13,99.61910732,99.61911728191173,0.17495298385620117,2.3029356618207446
Buchwald-Hartwig,GLOSS,59,14,99.61910732,99.61911728191173,0.1770031452178955,2.3067451248778106
Buchwald-Hartwig,GLOSS,59,15,99.61910732,99.61911728191173,0.17840194702148438,2.3086741397849875
Buchwald-Hartwig,GLOSS,59,16,99.61910732,99.61911728191173,0.1879868507385254,2.304626799666649
Buchwald-Hartwig,GLOSS,59,17,99.61910732,99.61911728191173,0.18677091598510742,2.301084561394013
Buchwald-Hartwig,GLOSS,59,18,99.61910732,99.61911728191173,0.18840503692626953,2.302805737658856
Buchwald-Hartwig,GLOSS,59,19,99.61910732,99.61911728191173,0.19236183166503906,2.313710100171856
Buchwald-Hartwig,UCB-BO,59,-1,4.510171982,4.510172433017243,0.0,0.0
Buchwald-Hartwig,UCB-BO,59,0,21.81045338,21.810455561045554,0.04924964904785156,1.7071067811865475
Buchwald-Hartwig,UCB-BO,59,1,78.78970759,78.78971546897155,0.0506441593170166,1.9057522319165159
Buchwald-Hartwig,UCB-BO,59,2,95.75260589,95.75261546526154,0.052101850509643555,2.1499438840178637
Buchwald-Hartwig,UCB-BO,59,3,95.75260589,95.75261546526154,0.05187392234802246,2.2608996054613297
Buchwald-Hartwig,UCB-BO,59,4,97.56849953,97.56850928685093,0.05728006362915039,2.3015008776689787
Buchwald-Hartwig,UCB-BO,59,5,97.56849953,97.56850928685093,0.05530881881713867,2.282457155438671
Buchwald-Hartwig,UCB-BO,59,6,99.99999,100.0,0.05656290054321289,2.2637404049594716
Buchwald-Hartwig,UCB-BO,59,7,99.99999,100.0,0.057121992111206055,2.2614418223923107
Buchwald-Hartwig,UCB-BO,59,8,99.99999,100.0,0.05770587921142578,2.293600879957686
Buchwald-Hartwig,UCB-BO,59,9,99.99999,100.0,0.05901694297790527,2.2850022430373045
Buchwald-Hartwig,UCB-BO,59,10,99.99999,100.0,0.060363054275512695,2.269784740391303
Buchwald-Hartwig,UCB-BO,59,11,99.99999,100.0,0.06177115440368652,2.2797189756444363
Buchwald-Hartwig,UCB-BO,59,12,99.99999,100.0,0.06181693077087402,2.2998246289686315
Buchwald-Hartwig,UCB-BO,59,13,99.99999,100.0,0.0645601749420166,2.33134578635642
Buchwald-Hartwig,UCB-BO,59,14,99.99999,100.0,0.066802978515625,2.346539376342911
Buchwald-Hartwig,UCB-BO,59,15,99.99999,100.0,0.06922292709350586,2.356952287854098
Buchwald-Hartwig,UCB-BO,59,16,99.99999,100.0,0.07044506072998047,2.3620584665281124
Buchwald-Hartwig,UCB-BO,59,17,99.99999,100.0,0.07386207580566406,2.368598193020148
Buchwald-Hartwig,UCB-BO,59,18,99.99999,100.0,0.07618474960327148,2.376004647359885
Buchwald-Hartwig,UCB-BO,59,19,99.99999,100.0,0.07814216613769531,2.3841516732329042
Buchwald-Hartwig,BO(EI),59,-1,4.510171982,4.510172433017243,0.0,0.0
Buchwald-Hartwig,BO(EI),59,0,21.81045338,21.810455561045554,0.049054861068725586,1.7071067811865472
Buchwald-Hartwig,BO(EI),59,1,48.23235239,48.23235721323573,0.05119061470031738,1.9114312608683377
Buchwald-Hartwig,BO(EI),59,2,93.03255731,93.03256661325666,0.051167964935302734,2.0442328926314337
Buchwald-Hartwig,BO(EI),59,3,93.03255731,93.03256661325666,0.05130195617675781,2.1977167306722962
Buchwald-Hartwig,BO(EI),59,4,93.03255731,93.03256661325666,0.05308794975280762,2.244841468053518
Buchwald-Hartwig,BO(EI),59,5,93.03255731,93.03256661325666,0.05462312698364258,2.2273840895677743
Buchwald-Hartwig,BO(EI),59,6,93.56409267,93.5641020264102,0.05542898178100586,2.223774639491661
Buchwald-Hartwig,BO(EI),59,7,93.56409267,93.5641020264102,0.055177927017211914,2.239264319207378
Buchwald-Hartwig,BO(EI),59,8,93.56409267,93.5641020264102,0.05782032012939453,2.2229022167001715
Buchwald-Hartwig,BO(EI),59,9,93.56409267,93.5641020264102,0.0593869686126709,2.2140804140062267
Buchwald-Hartwig,BO(EI),59,10,93.56409267,93.5641020264102,0.05890202522277832,2.2084682698300533
Buchwald-Hartwig,BO(EI),59,11,93.56409267,93.5641020264102,0.07979583740234375,2.204963370386682
Buchwald-Hartwig,BO(EI),59,12,93.56409267,93.5641020264102,0.06506705284118652,2.1958491826878097
Buchwald-Hartwig,BO(EI),59,13,93.56409267,93.5641020264102,0.06208324432373047,2.194015652842333
Buchwald-Hartwig,BO(EI),59,14,93.56409267,93.5641020264102,0.061203956604003906,2.1976682141840094
Buchwald-Hartwig,BO(EI),59,15,93.56409267,93.5641020264102,0.06298398971557617,2.1953837807197374
Buchwald-Hartwig,BO(EI),59,16,93.56409267,93.5641020264102,0.06408214569091797,2.199684048750323
Buchwald-Hartwig,BO(EI),59,17,97.29293259,97.29294231929424,0.06607985496520996,2.197362698253487
Buchwald-Hartwig,BO(EI),59,18,97.29293259,97.29294231929424,0.06720709800720215,2.1974101847250593
Buchwald-Hartwig,BO(EI),59,19,97.29293259,97.29294231929424,0.06733083724975586,2.196856218841368
Buchwald-Hartwig,GA,59,-1,4.510171982,4.510172433017243,0.0,0.0
Buchwald-Hartwig,GA,59,0,62.39976577,62.399772009977205,0.05940389633178711,2.3357041372244773
Buchwald-Hartwig,GA,59,1,74.1058241,74.10583151058316,0.06325101852416992,2.3637108496356722
Buchwald-Hartwig,GA,59,2,78.63353277,78.63354063335407,0.06632328033447266,2.3943553312759813
Buchwald-Hartwig,GA,59,3,96.13228316,96.13229277322928,0.0652320384979248,2.4433780762440342
Buchwald-Hartwig,GA,59,4,99.99999,100.0,0.06881594657897949,2.4822128096821294
Buchwald-Hartwig,GA,59,5,99.99999,100.0,0.07001018524169922,2.4925222004126417
Buchwald-Hartwig,GA,59,6,99.99999,100.0,0.07102799415588379,2.4872005231413428
Buchwald-Hartwig,GA,59,7,99.99999,100.0,0.07036685943603516,2.48995772225805
Buchwald-Hartwig,GA,59,8,99.99999,100.0,0.07372379302978516,2.482354803860582
Buchwald-Hartwig,GA,59,9,99.99999,100.0,0.07457685470581055,2.4779595752869956
Buchwald-Hartwig,GA,59,10,99.99999,100.0,0.07716703414916992,2.4675663796657616
Buchwald-Hartwig,GA,59,11,99.99999,100.0,0.07773089408874512,2.4561910248980987
Buchwald-Hartwig,GA,59,12,99.99999,100.0,0.07978606224060059,2.4431336819906675
Buchwald-Hartwig,GA,59,13,99.99999,100.0,0.08003807067871094,2.4364661454900935
Buchwald-Hartwig,GA,59,14,99.99999,100.0,0.08305001258850098,2.4312668174536713
Buchwald-Hartwig,GA,59,15,99.99999,100.0,0.08349275588989258,2.4279504908385285
Buchwald-Hartwig,GA,59,16,99.99999,100.0,0.09027266502380371,2.4252795462590573
Buchwald-Hartwig,GA,59,17,99.99999,100.0,0.0896449089050293,2.416650189901694
Buchwald-Hartwig,GA,59,18,99.99999,100.0,0.0921478271484375,2.416845613423679
Buchwald-Hartwig,GA,59,19,99.99999,100.0,0.09269571304321289,2.416268728224222
Buchwald-Hartwig,Random,59,-1,4.510171982,4.510172433017243,0.0,0.0
Buchwald-Hartwig,Random,59,0,36.38014621,36.38014984801499,0.03789782524108887,2.620385501493135
Buchwald-Hartwig,Random,59,1,66.07082051,66.07082711708271,0.03932499885559082,2.5583558568315774
Buchwald-Hartwig,Random,59,2,74.62339174,74.62339920233993,0.03885793685913086,2.5544576366241434
Buchwald-Hartwig,Random,59,3,74.62339174,74.62339920233993,0.04053521156311035,2.5538351961504553
Buchwald-Hartwig,Random,59,4,74.62339174,74.62339920233993,0.041509151458740234,2.554057005532452
Buchwald-Hartwig,Random,59,5,86.971127,86.97113569711357,0.04242873191833496,2.5527878017071504
Buchwald-Hartwig,Random,59,6,95.67591323,95.67592279759229,0.04345989227294922,2.553900187335378
Buchwald-Hartwig,Random,59,7,95.67591323,95.67592279759229,0.04459500312805176,2.550775037846089
Buchwald-Hartwig,Random,59,8,95.67591323,95.67592279759229,0.044812679290771484,2.549212983083702
Buchwald-Hartwig,Random,59,9,95.67591323,95.67592279759229,0.046890974044799805,2.551741659919109
Buchwald-Hartwig,Random,59,10,95.67591323,95.67592279759229,0.04717516899108887,2.550993100403455
Buchwald-Hartwig,Random,59,11,95.67591323,95.67592279759229,0.047263145446777344,2.5503501628607723
Buchwald-Hartwig,Random,59,12,95.67591323,95.67592279759229,0.04848790168762207,2.551840465935601
Buchwald-Hartwig,Random,59,13,95.67591323,95.67592279759229,0.0504612922668457,2.550707894870964
Buchwald-Hartwig,Random,59,14,95.67591323,95.67592279759229,0.050447940826416016,2.5516659613958454
Buchwald-Hartwig,Random,59,15,95.67591323,95.67592279759229,0.050949811935424805,2.552784507053497
Buchwald-Hartwig,Random,59,16,95.67591323,95.67592279759229,0.05246305465698242,2.5535020574714813
Buchwald-Hartwig,Random,59,17,95.67591323,95.67592279759229,0.05348515510559082,2.5546674028810425
Buchwald-Hartwig,Random,59,18,95.67591323,95.67592279759229,0.05436992645263672,2.555737561881295
Buchwald-Hartwig,Random,59,19,95.67591323,95.67592279759229,0.0564112663269043,2.5550472384327936
Buchwald-Hartwig,GLOSS,61,-1,4.337310253,4.337310686731069,0.0,0.0
Buchwald-Hartwig,GLOSS,61,0,33.33065232,33.33065565306556,0.1275920867919922,1.8117115021913517
Buchwald-Hartwig,GLOSS,61,1,69.52780108,69.52780803278081,0.13280010223388672,2.11429939963999
Buchwald-Hartwig,GLOSS,61,2,91.13914928,91.13915839391584,0.13585114479064941,2.1597433042552074
Buchwald-Hartwig,GLOSS,61,3,92.11972779,92.1197370019737,0.13864612579345703,2.225965382636244
Buchwald-Hartwig,GLOSS,61,4,92.11972779,92.1197370019737,0.1421067714691162,2.2571466647024216
Buchwald-Hartwig,GLOSS,61,5,92.11972779,92.1197370019737,0.1428227424621582,2.247215355358578
Buchwald-Hartwig,GLOSS,61,6,92.11972779,92.1197370019737,0.14572381973266602,2.2354835682005376
Buchwald-Hartwig,GLOSS,61,7,92.11972779,92.1197370019737,0.14694714546203613,2.2252857159667117
Buchwald-Hartwig,GLOSS,61,8,92.11972779,92.1197370019737,0.14864683151245117,2.2138057556049833
Buchwald-Hartwig,GLOSS,61,9,92.11972779,92.1197370019737,0.1529080867767334,2.2074528422339
Buchwald-Hartwig,GLOSS,61,10,92.11972779,92.1197370019737,0.15442895889282227,2.2105055737009627
Buchwald-Hartwig,GLOSS,61,11,92.11972779,92.1197370019737,0.15308785438537598,2.218047462444882
Buchwald-Hartwig,GLOSS,61,12,92.11972779,92.1197370019737,0.1555168628692627,2.2175893792928894
Buchwald-Hartwig,GLOSS,61,13,92.11972779,92.1197370019737,0.15651917457580566,2.2187617254823975
Buchwald-Hartwig,GLOSS,61,14,92.11972779,92.1197370019737,0.15721392631530762,2.2237961358025533
Buchwald-Hartwig,GLOSS,61,15,92.11972779,92.1197370019737,0.15892982482910156,2.224585851797715
Buchwald-Hartwig,GLOSS,61,16,92.11972779,92.1197370019737,0.16068601608276367,2.220637845537945
Buchwald-Hartwig,GLOSS,61,17,92.11972779,92.1197370019737,0.1634197235107422,2.2187035630563607
Buchwald-Hartwig,GLOSS,61,18,92.11972779,92.1197370019737,0.1661996841430664,2.2173113337572867
Buchwald-Hartwig,GLOSS,61,19,92.11972779,92.1197370019737,0.16816997528076172,2.2173026091633337
Buchwald-Hartwig,UCB-BO,61,-1,4.337310253,4.337310686731069,0.0,0.0
Buchwald-Hartwig,UCB-BO,61,0,24.90011385,24.900116340011635,0.04692411422729492,1.8759243225889488
Buchwald-Hartwig,UCB-BO,61,1,78.77070783,78.77071570707159,0.04911184310913086,2.025633958691023
Buchwald-Hartwig,UCB-BO,61,2,91.39064225,91.39065138906514,0.050438880920410156,2.199979066875129
Buchwald-Hartwig,UCB-BO,61,3,91.39064225,91.39065138906514,0.05072379112243652,2.2393636579656135
Buchwald-Hartwig,UCB-BO,61,4,91.39064225,91.39065138906514,0.0516810417175293,2.210876727426758
Buchwald-Hartwig,UCB-BO,61,5,91.39064225,91.39065138906514,0.053050994873046875,2.175319173071846
Buchwald-Hartwig,UCB-BO,61,6,91.39064225,91.39065138906514,0.05369091033935547,2.171858888623886
Buchwald-Hartwig,UCB-BO,61,7,91.39064225,91.39065138906514,0.05420994758605957,2.1677160435252767
Buchwald-Hartwig,UCB-BO,61,8,91.39064225,91.39065138906514,0.057045936584472656,2.158967651983907
Buchwald-Hartwig,UCB-BO,61,9,91.39064225,91.39065138906514,0.05685615539550781,2.1613651983030047
Buchwald-Hartwig,UCB-BO,61,10,91.39064225,91.39065138906514,0.05705595016479492,2.1654294724339884
Buchwald-Hartwig,UCB-BO,61,11,91.39064225,91.39065138906514,0.05842995643615723,2.1656960211557483
Buchwald-Hartwig,UCB-BO,61,12,91.39064225,91.39065138906514,0.05845904350280762,2.1662876560045845
Buchwald-Hartwig,UCB-BO,61,13,91.39064225,91.39065138906514,0.059906959533691406,2.161764718167435
Buchwald-Hartwig,UCB-BO,61,14,91.39064225,91.39065138906514,0.059262990951538086,2.152831270682625
Buchwald-Hartwig,UCB-BO,61,15,91.39064225,91.39065138906514,0.060621023178100586,2.151395916915814
Buchwald-Hartwig,UCB-BO,61,16,91.39064225,91.39065138906514,0.06343507766723633,2.1500499099054147
Buchwald-Hartwig,UCB-BO,61,17,91.39064225,91.39065138906514,0.0648488998413086,2.148705050309701
Buchwald-Hartwig,UCB-BO,61,18,91.39064225,91.39065138906514,0.06696486473083496,2.1472999479759456
Buchwald-Hartwig,UCB-BO,61,19,91.39064225,91.39065138906514,0.06614208221435547,2.154339076676096
Buchwald-Hartwig,BO(EI),61,-1,4.337310253,4.337310686731069,0.0,0.0
Buchwald-Hartwig,BO(EI),61,0,24.90011385,24.900116340011635,0.04818081855773926,1.8117115021913517
Buchwald-Hartwig,BO(EI),61,1,78.77070783,78.77071570707159,0.04950380325317383,1.9001940172987584
Buchwald-Hartwig,BO(EI),61,2,90.99050642,90.99051551905156,0.05042719841003418,2.1454399619219697
Buchwald-Hartwig,BO(EI),61,3,90.99050642,90.99051551905156,0.05218195915222168,2.115584047287398
Buchwald-Hartwig,BO(EI),61,4,90.99050642,90.99051551905156,0.05377817153930664,2.1831548674491676
Buchwald-Hartwig,BO(EI),61,5,90.99050642,90.99051551905156,0.05599212646484375,2.1606445153832423
Buchwald-Hartwig,BO(EI),61,6,90.99050642,90.99051551905156,0.05328488349914551,2.1523817640460616
Buchwald-Hartwig,BO(EI),61,7,90.99050642,90.99051551905156,0.05521392822265625,2.1503485811802587
Buchwald-Hartwig,BO(EI),61,8,90.99050642,90.99051551905156,0.055503129959106445,2.1537108191450436
Buchwald-Hartwig,BO(EI),61,9,90.99050642,90.99051551905156,0.05817890167236328,2.1438049502229455
Buchwald-Hartwig,BO(EI),61,10,90.99050642,90.99051551905156,0.05760383605957031,2.146609877438887
Buchwald-Hartwig,BO(EI),61,11,90.99050642,90.99051551905156,0.05909395217895508,2.140732317878142
Buchwald-Hartwig,BO(EI),61,12,90.99050642,90.99051551905156,0.059739112854003906,2.13320723051426
Buchwald-Hartwig,BO(EI),61,13,91.39064225,91.39065138906514,0.06079411506652832,2.133245219746363
Buchwald-Hartwig,BO(EI),61,14,91.39064225,91.39065138906514,0.06110215187072754,2.133527287912706
Buchwald-Hartwig,BO(EI),61,15,91.39064225,91.39065138906514,0.06154894828796387,2.129494107535117
Buchwald-Hartwig,BO(EI),61,16,91.39064225,91.39065138906514,0.06508421897888184,2.1385864570353754
Buchwald-Hartwig,BO(EI),61,17,99.61910732,99.61911728191173,0.06586503982543945,2.179328128851552
Buchwald-Hartwig,BO(EI),61,18,99.61910732,99.61911728191173,0.06862473487854004,2.2074663991654973
Buchwald-Hartwig,BO(EI),61,19,99.61910732,99.61911728191173,0.07009100914001465,2.22999232881377
Buchwald-Hartwig,GA,61,-1,4.337310253,4.337310686731069,0.0,0.0
Buchwald-Hartwig,GA,61,0,86.68959994,86.68960860896085,0.05975031852722168,2.4910250186314356
Buchwald-Hartwig,GA,61,1,86.68959994,86.68960860896085,0.0637669563293457,2.481868834279647
Buchwald-Hartwig,GA,61,2,89.21674959,89.21675851167586,0.06434893608093262,2.447858253011797
Buchwald-Hartwig,GA,61,3,89.32288292,89.32289185228919,0.06639814376831055,2.468115522871805
Buchwald-Hartwig,GA,61,4,89.32288292,89.32289185228919,0.06997823715209961,2.46769915331077
Buchwald-Hartwig,GA,61,5,89.61417594,89.6141849014185,0.07234811782836914,2.4463057273316484
Buchwald-Hartwig,GA,61,6,89.61417594,89.6141849014185,0.07421016693115234,2.4456959167050765
Buchwald-Hartwig,GA,61,7,91.51096876,91.5109779110978,0.07630801200866699,2.4445638883708924
Buchwald-Hartwig,GA,61,8,96.13228316,96.13229277322928,0.0785970687866211,2.4408265588913824
Buchwald-Hartwig,GA,61,9,99.99999,100.0,0.07983207702636719,2.4420570663415866
Buchwald-Hartwig,GA,61,10,99.99999,100.0,0.07988190650939941,2.4373325320657453
Buchwald-Hartwig,GA,61,11,99.99999,100.0,0.07954192161560059,2.430009015894113
Buchwald-Hartwig,GA,61,12,99.99999,100.0,0.08152294158935547,2.430337223489132
Buchwald-Hartwig,GA,61,13,99.99999,100.0,0.08388209342956543,2.423111004103502
Buchwald-Hartwig,GA,61,14,99.99999,100.0,0.08780288696289062,2.4207272711487295
Buchwald-Hartwig,GA,61,15,99.99999,100.0,0.08529520034790039,2.419100953921119
Buchwald-Hartwig,GA,61,16,99.99999,100.0,0.08391499519348145,2.417441063312789
Buchwald-Hartwig,GA,61,17,99.99999,100.0,0.08658480644226074,2.423144944427167
Buchwald-Hartwig,GA,61,18,99.99999,100.0,0.09115219116210938,2.430871560946826
Buchwald-Hartwig,GA,61,19,99.99999,100.0,0.08994412422180176,2.4382368807892227
Buchwald-Hartwig,Random,61,-1,4.337310253,4.337310686731069,0.0,0.0
Buchwald-Hartwig,Random,61,0,75.11548375,75.11549126154912,0.036337852478027344,2.5206117016580847
Buchwald-Hartwig,Random,61,1,80.71099803,80.71100610110061,0.03788495063781738,2.5221858607658088
Buchwald-Hartwig,Random,61,2,80.71099803,80.71100610110061,0.03945589065551758,2.5105328177828348
Buchwald-Hartwig,Random,61,3,93.56409267,93.5641020264102,0.03991079330444336,2.5305817960741077
Buchwald-Hartwig,Random,61,4,93.56409267,93.5641020264102,0.04065990447998047,2.54563041611837
Buchwald-Hartwig,Random,61,5,93.56409267,93.5641020264102,0.0420689582824707,2.53922673372875
Buchwald-Hartwig,Random,61,6,93.56409267,93.5641020264102,0.04289102554321289,2.5480961068505414
Buchwald-Hartwig,Random,61,7,93.56409267,93.5641020264102,0.04381370544433594,2.5494145387066545
Buchwald-Hartwig,Random,61,8,93.56409267,93.5641020264102,0.0443720817565918,2.550391326912013
Buchwald-Hartwig,Random,61,9,93.56409267,93.5641020264102,0.06907796859741211,2.547606657935335
Buchwald-Hartwig,Random,61,10,93.56409267,93.5641020264102,0.04692411422729492,2.548189535703946
Buchwald-Hartwig,Random,61,11,93.56409267,93.5641020264102,0.04853367805480957,2.549135204574547
Buchwald-Hartwig,Random,61,12,93.56409267,93.5641020264102,0.04920768737792969,2.548604727603467
Buchwald-Hartwig,Random,61,13,93.56409267,93.5641020264102,0.04995989799499512,2.5503763414109857
Buchwald-Hartwig,Random,61,14,93.56409267,93.5641020264102,0.051110029220581055,2.5485691128660513
Buchwald-Hartwig,Random,61,15,93.56409267,93.5641020264102,0.051670074462890625,2.550980216891882
Buchwald-Hartwig,Random,61,16,93.56409267,93.5641020264102,0.05271100997924805,2.5506198764934918
Buchwald-Hartwig,Random,61,17,93.56409267,93.5641020264102,0.05408477783203125,2.5506908490533045
Buchwald-Hartwig,Random,61,18,93.56409267,93.5641020264102,0.0545351505279541,2.5511530236083995
Buchwald-Hartwig,Random,61,19,93.56409267,93.5641020264102,0.05577683448791504,2.5532292363094666
Buchwald-Hartwig,GLOSS,67,-1,3.647451971,3.647452335745234,0.0,0.0
Buchwald-Hartwig,GLOSS,67,0,39.35843617,39.35844010584401,0.12684297561645508,1.728027725387508
Buchwald-Hartwig,GLOSS,67,1,70.86807008,70.86807716680772,0.13319611549377441,2.0737728341890653
Buchwald-Hartwig,GLOSS,67,2,99.99999,100.0,0.13856816291809082,2.100056601803156
Buchwald-Hartwig,GLOSS,67,3,99.99999,100.0,0.14083003997802734,2.1113179988078237
Buchwald-Hartwig,GLOSS,67,4,99.99999,100.0,0.1430978775024414,2.131071267558921
Buchwald-Hartwig,GLOSS,67,5,99.99999,100.0,0.14250802993774414,2.159891523758723
Buchwald-Hartwig,GLOSS,67,6,99.99999,100.0,0.14716887474060059,2.132131833907195
Buchwald-Hartwig,GLOSS,67,7,99.99999,100.0,0.14864087104797363,2.129972488949146
Buchwald-Hartwig,GLOSS,67,8,99.99999,100.0,0.14625930786132812,2.1349110845254224
Buchwald-Hartwig,GLOSS,67,9,99.99999,100.0,0.14984989166259766,2.156498029231129
Buchwald-Hartwig,GLOSS,67,10,99.99999,100.0,0.15297818183898926,2.1580347167780114
Buchwald-Hartwig,GLOSS,67,11,99.99999,100.0,0.15918374061584473,2.1575330062260667
Buchwald-Hartwig,GLOSS,67,12,99.99999,100.0,0.15952301025390625,2.1581696451077956
Buchwald-Hartwig,GLOSS,67,13,99.99999,100.0,0.16263127326965332,2.1569252728325345
Buchwald-Hartwig,GLOSS,67,14,99.99999,100.0,0.1618049144744873,2.1549011567566856
Buchwald-Hartwig,GLOSS,67,15,99.99999,100.0,0.1619250774383545,2.162960490089016
Buchwald-Hartwig,GLOSS,67,16,99.99999,100.0,0.16840505599975586,2.170826117181683
Buchwald-Hartwig,GLOSS,67,17,99.99999,100.0,0.16929316520690918,2.177087321819238
Buchwald-Hartwig,GLOSS,67,18,99.99999,100.0,0.17145109176635742,2.1879187583845696
Buchwald-Hartwig,GLOSS,67,19,99.99999,100.0,0.17136216163635254,2.1908621408360545
Buchwald-Hartwig,UCB-BO,67,-1,3.647451971,3.647452335745234,0.0,0.0
Buchwald-Hartwig,UCB-BO,67,0,39.35843617,39.35844010584401,0.04663515090942383,1.7071067811865472
Buchwald-Hartwig,UCB-BO,67,1,56.13504943,56.13505504350551,0.0488429069519043,2.105786595319537
Buchwald-Hartwig,UCB-BO,67,2,93.09950718,93.09951648995165,0.0509190559387207,2.104722831530617
Buchwald-Hartwig,UCB-BO,67,3,93.09950718,93.09951648995165,0.05035710334777832,2.191887095841949
Buchwald-Hartwig,UCB-BO,67,4,93.09950718,93.09951648995165,0.052059173583984375,2.2096000850370827
Buchwald-Hartwig,UCB-BO,67,5,97.29293259,97.29294231929424,0.054789066314697266,2.1828525451023846
Buchwald-Hartwig,UCB-BO,67,6,97.29293259,97.29294231929424,0.05618691444396973,2.161895520077227
Buchwald-Hartwig,UCB-BO,67,7,99.61910732,99.61911728191173,0.05634593963623047,2.1571255753937617
Buchwald-Hartwig,UCB-BO,67,8,99.61910732,99.61911728191173,0.058259010314941406,2.1681508017503486
Buchwald-Hartwig,UCB-BO,67,9,99.99999,100.0,0.05997586250305176,2.181296503690563
Buchwald-Hartwig,UCB-BO,67,10,99.99999,100.0,0.059860944747924805,2.1688807358065607
Buchwald-Hartwig,UCB-BO,67,11,99.99999,100.0,0.06334710121154785,2.1553427538317385
Buchwald-Hartwig,UCB-BO,67,12,99.99999,100.0,0.06249713897705078,2.1529060567366693
Buchwald-Hartwig,UCB-BO,67,13,99.99999,100.0,0.06435680389404297,2.162281030281473
Buchwald-Hartwig,UCB-BO,67,14,99.99999,100.0,0.06493210792541504,2.1552585913424362
Buchwald-Hartwig,UCB-BO,67,15,99.99999,100.0,0.06459593772888184,2.1715720185859366
Buchwald-Hartwig,UCB-BO,67,16,99.99999,100.0,0.06507301330566406,2.1803607534118417
Buchwald-Hartwig,UCB-BO,67,17,99.99999,100.0,0.0671689510345459,2.1890403075331157
Buchwald-Hartwig,UCB-BO,67,18,99.99999,100.0,0.06777596473693848,2.194749771624307
Buchwald-Hartwig,UCB-BO,67,19,99.99999,100.0,0.06821990013122559,2.1962741335602924
Buchwald-Hartwig,BO(EI),67,-1,3.647451971,3.647452335745234,0.0,0.0
Buchwald-Hartwig,BO(EI),67,0,39.35843617,39.35844010584401,0.04677891731262207,1.728027725387508
Buchwald-Hartwig,BO(EI),67,1,60.06619639,60.06620239662024,0.049053192138671875,1.8806678027111947
Buchwald-Hartwig,BO(EI),67,2,86.971127,86.97113569711357,0.04988694190979004,2.1390376104503335
Buchwald-Hartwig,BO(EI),67,3,90.73131654,90.73132561313257,0.05158400535583496,2.2510657104320937
Buchwald-Hartwig,BO(EI),67,4,90.73131654,90.73132561313257,0.05207395553588867,2.267715918641994
Buchwald-Hartwig,BO(EI),67,5,94.69105416,94.69106362910637,0.0541841983795166,2.261965412055079
Buchwald-Hartwig,BO(EI),67,6,94.69105416,94.69106362910637,0.054116010665893555,2.26324493140468
Buchwald-Hartwig,BO(EI),67,7,94.69105416,94.69106362910637,0.05490708351135254,2.234107519760469
Buchwald-Hartwig,BO(EI),67,8,98.28722602,98.2872358487236,0.0552518367767334,2.195585883335668
Buchwald-Hartwig,BO(EI),67,9,98.28722602,98.2872358487236,0.05971503257751465,2.2169500290867563
Buchwald-Hartwig,BO(EI),67,10,98.28722602,98.2872358487236,0.05828404426574707,2.2746545052208735
Buchwald-Hartwig,BO(EI),67,11,98.28722602,98.2872358487236,0.059515953063964844,2.2577693342007894
Buchwald-Hartwig,BO(EI),67,12,98.28722602,98.2872358487236,0.06136012077331543,2.2460468326555265
Buchwald-Hartwig,BO(EI),67,13,98.28722602,98.2872358487236,0.06306195259094238,2.2396076025499294
Buchwald-Hartwig,BO(EI),67,14,98.28722602,98.2872358487236,0.0630350112915039,2.265722105350524
Buchwald-Hartwig,BO(EI),67,15,98.28722602,98.2872358487236,0.0632169246673584,2.2727321655852606
Buchwald-Hartwig,BO(EI),67,16,98.28722602,98.2872358487236,0.06334900856018066,2.299618899747913
Buchwald-Hartwig,BO(EI),67,17,98.28722602,98.2872358487236,0.06584787368774414,2.3139201272902836
Buchwald-Hartwig,BO(EI),67,18,98.28722602,98.2872358487236,0.06629514694213867,2.3258384823666547
Buchwald-Hartwig,BO(EI),67,19,98.28722602,98.2872358487236,0.06744599342346191,2.3318574490677997
Buchwald-Hartwig,GA,67,-1,3.647451971,3.647452335745234,0.0,0.0
Buchwald-Hartwig,GA,67,0,51.5902696,51.59027475902748,0.05945611000061035,2.359144808597587
Buchwald-Hartwig,GA,67,1,80.78664078,80.78664885866489,0.06414914131164551,2.468351388278584
Buchwald-Hartwig,GA,67,2,80.78664078,80.78664885866489,0.06555008888244629,2.440093156903748
Buchwald-Hartwig,GA,67,3,83.29437838,83.29438670943867,0.0666961669921875,2.4451149160294907
Buchwald-Hartwig,GA,67,4,86.76211847,86.76212714621272,0.0674130916595459,2.4268011376710206
Buchwald-Hartwig,GA,67,5,94.87994774,94.87995722799573,0.06932711601257324,2.4531343461773005
Buchwald-Hartwig,GA,67,6,98.73132029,98.73133016313302,0.07276201248168945,2.458872924564742
Buchwald-Hartwig,GA,67,7,98.73132029,98.73133016313302,0.07470512390136719,2.4618224838374623
Buchwald-Hartwig,GA,67,8,98.73132029,98.73133016313302,0.07991409301757812,2.4571577496809036
Buchwald-Hartwig,GA,67,9,98.73132029,98.73133016313302,0.0763850212097168,2.46032575521501
Buchwald-Hartwig,GA,67,10,98.73132029,98.73133016313302,0.07923579216003418,2.460507212011413
Buchwald-Hartwig,GA,67,11,98.73132029,98.73133016313302,0.07973909378051758,2.4642010884027847
Buchwald-Hartwig,GA,67,12,98.73132029,98.73133016313302,0.0830850601196289,2.4637282584198115
Buchwald-Hartwig,GA,67,13,98.73132029,98.73133016313302,0.08341789245605469,2.472803643992877
Buchwald-Hartwig,GA,67,14,98.73132029,98.73133016313302,0.08412313461303711,2.4766725571158097
Buchwald-Hartwig,GA,67,15,98.73132029,98.73133016313302,0.11710000038146973,2.4728255526760266
Buchwald-Hartwig,GA,67,16,98.73132029,98.73133016313302,0.08924984931945801,2.479864729235876
Buchwald-Hartwig,GA,67,17,98.73132029,98.73133016313302,0.09112811088562012,2.482332674518122
Buchwald-Hartwig,GA,67,18,98.73132029,98.73133016313302,0.09059023857116699,2.485368825558052
Buchwald-Hartwig,GA,67,19,98.73132029,98.73133016313302,0.09035086631774902,2.4877256142531716
Buchwald-Hartwig,Random,67,-1,3.647451971,3.647452335745234,0.0,0.0
Buchwald-Hartwig,Random,67,0,56.03747384,56.03747944374794,0.03674888610839844,2.563731862611985
Buchwald-Hartwig,Random,67,1,56.03747384,56.03747944374794,0.03912806510925293,2.5549398486097292
Buchwald-Hartwig,Random,67,2,89.5866498,89.58665875866588,0.03866982460021973,2.567384015465527
Buchwald-Hartwig,Random,67,3,89.5866498,89.58665875866588,0.03970694541931152,2.5700786216729683
Buchwald-Hartwig,Random,67,4,89.5866498,89.58665875866588,0.041551828384399414,2.5592059022002913
Buchwald-Hartwig,Random,67,5,94.15173815,94.15174756517476,0.0427699089050293,2.5585780264214426
Buchwald-Hartwig,Random,67,6,99.03446213,99.0344720334472,0.04245710372924805,2.562923107912359
Buchwald-Hartwig,Random,67,7,99.03446213,99.0344720334472,0.044255971908569336,2.560672601225635
Buchwald-Hartwig,Random,67,8,99.03446213,99.0344720334472,0.045332908630371094,2.5615767377281276
Buchwald-Hartwig,Random,67,9,99.03446213,99.0344720334472,0.04598188400268555,2.5598979400448845
Buchwald-Hartwig,Random,67,10,99.03446213,99.0344720334472,0.04604291915893555,2.557569554317124
Buchwald-Hartwig,Random,67,11,99.03446213,99.0344720334472,0.047036170959472656,2.5569337799465988
Buchwald-Hartwig,Random,67,12,99.03446213,99.0344720334472,0.047548770904541016,2.5556628145119036
Buchwald-Hartwig,Random,67,13,99.03446213,99.0344720334472,0.04886507987976074,2.5551548634246006
Buchwald-Hartwig,Random,67,14,99.03446213,99.0344720334472,0.0536189079284668,2.5534970277872286
Buchwald-Hartwig,Random,67,15,99.03446213,99.0344720334472,0.05344104766845703,2.55283870957658
Buchwald-Hartwig,Random,67,16,99.03446213,99.0344720334472,0.054078102111816406,2.5526289887825873
Buchwald-Hartwig,Random,67,17,99.03446213,99.0344720334472,0.05378270149230957,2.552608543003704
Buchwald-Hartwig,Random,67,18,99.03446213,99.0344720334472,0.05497312545776367,2.551146150724359
Buchwald-Hartwig,Random,67,19,99.03446213,99.0344720334472,0.057634830474853516,2.5512318509712952
Arrhenius-2D,GLOSS,47,-1,0.05965579308001954,0.32956287107069415,0.0,0.0
Arrhenius-2D,GLOSS,47,0,2.5102662926555395,13.869359876036356,0.18787193298339844,0.3097556347437277
Arrhenius-2D,GLOSS,47,1,4.9317961862718,27.248484468336702,0.17569303512573242,0.3338065196490016
Arrhenius-2D,GLOSS,47,2,14.503911538458311,80.13510141508122,0.18203115463256836,0.34326909108413883
Arrhenius-2D,GLOSS,47,3,14.503911538458311,80.13510141508122,0.20122599601745605,0.34851051283570134
Arrhenius-2D,GLOSS,47,4,14.503911538458311,80.13510141508122,0.2001359462738037,0.35375457356999507
Arrhenius-2D,GLOSS,47,5,14.714145531512829,81.29665915344665,0.20718026161193848,0.34229679041648536
Arrhenius-2D,GLOSS,47,6,14.716994946656596,81.31240237442616,0.19834589958190918,0.3423464000949112
Arrhenius-2D,GLOSS,47,7,15.303950911295582,84.55537575328104,0.20178818702697754,0.3299373857049521
Arrhenius-2D,GLOSS,47,8,15.303950911295582,84.55537575328104,0.20713424682617188,0.32729457066667805
Arrhenius-2D,GLOSS,47,9,16.31039161052814,90.11603207443241,0.20816802978515625,0.32799905806731366
Arrhenius-2D,GLOSS,47,10,16.528966554676547,91.3236741598041,0.2143840789794922,0.3288658717442774
Arrhenius-2D,GLOSS,47,11,17.35111164344301,95.86608414803175,0.21425390243530273,0.33421124874296787
Arrhenius-2D,GLOSS,47,12,18.09932209205459,100.0,0.21483397483825684,0.33047373033754707
Arrhenius-2D,GLOSS,47,13,18.09932209205459,100.0,0.2233881950378418,0.3350144246833276
Arrhenius-2D,GLOSS,47,14,18.09932209205459,100.0,0.2565727233886719,0.32341954525704364
Arrhenius-2D,GLOSS,47,15,18.09932209205459,100.0,0.255979061126709,0.31277360384809333
Arrhenius-2D,GLOSS,47,16,18.09932209205459,100.0,0.22825312614440918,0.30930228026905543
Arrhenius-2D,GLOSS,47,17,18.09932209205459,100.0,0.22066688537597656,0.30641977278410315
Arrhenius-2D,GLOSS,47,18,18.09932209205459,100.0,0.2639319896697998,0.2983015718429268
Arrhenius-2D,GLOSS,47,19,18.09932209205459,100.0,0.25063228607177734,0.2913255524216071
Arrhenius-2D,UCB-BO,47,-1,0.05965579308001954,0.32956287107069415,0.0,0.0
Arrhenius-2D,UCB-BO,47,0,0.05965579308001954,0.32956287107069415,0.058485984802246094,0.036993910624751394
Arrhenius-2D,UCB-BO,47,1,0.05965579308001954,0.32956287107069415,0.06096625328063965,0.09725539818523525
Arrhenius-2D,UCB-BO,47,2,0.05965579308001954,0.32956287107069415,0.062023162841796875,0.16917386581015603
Arrhenius-2D,UCB-BO,47,3,0.0756611460074418,0.41799358238433104,0.06408810615539551,0.2770865292057079
Arrhenius-2D,UCB-BO,47,4,0.0756611460074418,0.41799358238433104,0.06780004501342773,0.27515683184725803
Arrhenius-2D,UCB-BO,47,5,0.0792168778717237,0.43763925339357723,0.06610107421875,0.32687582822674344
Arrhenius-2D,UCB-BO,47,6,0.10554927595227966,0.5831276224046592,0.07005500793457031,0.30762140174742153
Arrhenius-2D,UCB-BO,47,7,0.15740577200934563,0.8696384449621786,0.07007789611816406,0.29012404045444806
Arrhenius-2D,UCB-BO,47,8,15.064428084057488,83.2319951265266,0.07164430618286133,0.33295264076671016
Arrhenius-2D,UCB-BO,47,9,15.064428084057488,83.2319951265266,0.07641005516052246,0.3434703633757923
Arrhenius-2D,UCB-BO,47,10,15.064428084057488,83.2319951265266,0.07506871223449707,0.3557975679734192
Arrhenius-2D,UCB-BO,47,11,15.064428084057488,83.2319951265266,0.07642102241516113,0.3623474921443588
Arrhenius-2D,UCB-BO,47,12,15.064428084057488,83.2319951265266,0.07700896263122559,0.39618518525466584
Arrhenius-2D,UCB-BO,47,13,15.064428084057488,83.2319951265266,0.0827791690826416,0.40405003219107255
Arrhenius-2D,UCB-BO,47,14,15.064428084057488,83.2319951265266,0.08174729347229004,0.4018457885699834
Arrhenius-2D,UCB-BO,47,15,15.064428084057488,83.2319951265266,0.08336615562438965,0.4092705153088463
Arrhenius-2D,UCB-BO,47,16,15.064428084057488,83.2319951265266,0.0858011245727539,0.40582647041397235
Arrhenius-2D,UCB-BO,47,17,15.064428084057488,83.2319951265266,0.08465814590454102,0.40040191661612684
Arrhenius-2D,UCB-BO,47,18,15.064428084057488,83.2319951265266,0.0846548080444336,0.4033832991139895
Arrhenius-2D,UCB-BO,47,19,15.236295480085555,84.18157469226956,0.08747386932373047,0.39626573021728234
Arrhenius-2D,BO(EI),47,-1,0.05965579308001954,0.32956287107069415,0.0,0.0
Arrhenius-2D,BO(EI),47,0,0.05965579308001954,0.32956287107069415,0.06130409240722656,0.036993910624751394
Arrhenius-2D,BO(EI),47,1,0.09128742212813194,0.5043298674260931,0.06389403343200684,0.2392870411641858
Arrhenius-2D,BO(EI),47,2,0.108030544974614,0.5968368099246408,0.06742000579833984,0.2821694763058636
Arrhenius-2D,BO(EI),47,3,0.19531252567373886,1.079075950360129,0.06552910804748535,0.2850447222307142
Arrhenius-2D,BO(EI),47,4,1.4408658029741535,7.9608462424724395,0.06858968734741211,0.288297678797752
Arrhenius-2D,BO(EI),47,5,3.1624878232332776,17.472930140597054,0.07085108757019043,0.3841172864058738
Arrhenius-2D,BO(EI),47,6,11.112680476793928,61.3983090199522,0.0750589370727539,0.4383460291255093
Arrhenius-2D,BO(EI),47,7,11.112680476793928,61.3983090199522,0.07438015937805176,0.49604286773097744
Arrhenius-2D,BO(EI),47,8,11.112680476793928,61.3983090199522,0.0782618522644043,0.5199886888362883
Arrhenius-2D,BO(EI),47,9,13.241722087558932,73.16141508265636,0.07755303382873535,0.5145753935558385
Arrhenius-2D,BO(EI),47,10,13.357277230885067,73.79986545401754,0.07892799377441406,0.5026698817138023
Arrhenius-2D,BO(EI),47,11,13.53872898881287,74.80239929975197,0.0982370376586914,0.48908382375228143
Arrhenius-2D,BO(EI),47,12,13.53872898881287,74.80239929975197,0.0820930004119873,0.486277807728032
Arrhenius-2D,BO(EI),47,13,13.53872898881287,74.80239929975197,0.08373093605041504,0.4731106050681455
Arrhenius-2D,BO(EI),47,14,13.53872898881287,74.80239929975197,0.08286190032958984,0.4591643545851046
Arrhenius-2D,BO(EI),47,15,13.53872898881287,74.80239929975197,0.08256793022155762,0.444692149319319
Arrhenius-2D,BO(EI),47,16,13.53872898881287,74.80239929975197,0.08461904525756836,0.430705659624623
Arrhenius-2D,BO(EI),47,17,13.53872898881287,74.80239929975197,0.0860142707824707,0.4288674272010013
Arrhenius-2D,BO(EI),47,18,13.53872898881287,74.80239929975197,0.08864712715148926,0.41747142413640764
Arrhenius-2D,BO(EI),47,19,13.53872898881287,74.80239929975197,0.08880996704101562,0.40859167769125165
Arrhenius-2D,GA,47,-1,0.05965579308001954,0.32956287107069415,0.0,0.0
Arrhenius-2D,GA,47,0,0.16245390096286538,0.8975297158505495,0.06786608695983887,0.2957448009726215
Arrhenius-2D,GA,47,1,7.778533155509661,42.976908343403025,0.07457613945007324,0.474242655758981
Arrhenius-2D,GA,47,2,7.778533155509661,42.976908343403025,0.07490897178649902,0.49964258416489005
Arrhenius-2D,GA,47,3,10.580452673598773,58.45771261880667,0.0790109634399414,0.45452378733445403
Arrhenius-2D,GA,47,4,13.370555576503074,73.8732292563275,0.08067631721496582,0.4095222583452289
Arrhenius-2D,GA,47,5,13.370555576503074,73.8732292563275,0.08161211013793945,0.3939056996880435
Arrhenius-2D,GA,47,6,13.370555576503074,73.8732292563275,0.0831003189086914,0.3768737652176479
Arrhenius-2D,GA,47,7,13.370555576503074,73.8732292563275,0.08438777923583984,0.361012486791321
Arrhenius-2D,GA,47,8,13.370555576503074,73.8732292563275,0.08861804008483887,0.34265011477104473
Arrhenius-2D,GA,47,9,13.370555576503074,73.8732292563275,0.08791899681091309,0.3341132344840904
Arrhenius-2D,GA,47,10,13.370555576503074,73.8732292563275,0.08775091171264648,0.33356046634910114
Arrhenius-2D,GA,47,11,13.370555576503074,73.8732292563275,0.0866549015045166,0.32760078507923535
Arrhenius-2D,GA,47,12,13.370555576503074,73.8732292563275,0.08889007568359375,0.3384004841285185
Arrhenius-2D,GA,47,13,13.370555576503074,73.8732292563275,0.09182095527648926,0.3682301173841659
Arrhenius-2D,GA,47,14,17.76314927535766,98.14262131927845,0.0928349494934082,0.3685993434837088
Arrhenius-2D,GA,47,15,17.76314927535766,98.14262131927845,0.09206509590148926,0.37564872105120445
Arrhenius-2D,GA,47,16,17.76314927535766,98.14262131927845,0.09277486801147461,0.37573461192242785
Arrhenius-2D,GA,47,17,17.76314927535766,98.14262131927845,0.09733390808105469,0.3749691061826804
Arrhenius-2D,GA,47,18,17.76314927535766,98.14262131927845,0.1000521183013916,0.3706259203173306
Arrhenius-2D,GA,47,19,17.76314927535766,98.14262131927845,0.11549592018127441,0.36832368190376874
Arrhenius-2D,Random,47,-1,0.05965579308001954,0.32956287107069415,0.0,0.0
Arrhenius-2D,Random,47,0,2.0986284324436446,11.595031471831406,0.04292798042297363,0.5369626018406098
Arrhenius-2D,Random,47,1,3.640172717187567,20.112173095607623,0.04241204261779785,0.5120520672733747
Arrhenius-2D,Random,47,2,3.640172717187567,20.112173095607623,0.04212594032287598,0.5135282640901413
Arrhenius-2D,Random,47,3,6.4161693123803145,35.44975138146584,0.04294586181640625,0.5206646988571791
Arrhenius-2D,Random,47,4,6.4161693123803145,35.44975138146584,0.043565988540649414,0.5268706304294786
Arrhenius-2D,Random,47,5,6.4161693123803145,35.44975138146584,0.04372692108154297,0.5422088129740481
Arrhenius-2D,Random,47,6,6.4161693123803145,35.44975138146584,0.043556928634643555,0.5449869147285175
Arrhenius-2D,Random,47,7,6.4161693123803145,35.44975138146584,0.043905019760131836,0.5500573971615424
Arrhenius-2D,Random,47,8,6.4161693123803145,35.44975138146584,0.04553866386413574,0.5367158665031028
Arrhenius-2D,Random,47,9,6.4161693123803145,35.44975138146584,0.04644584655761719,0.5428679561957711
Arrhenius-2D,Random,47,10,6.4161693123803145,35.44975138146584,0.047950029373168945,0.534636763307973
Arrhenius-2D,Random,47,11,6.4161693123803145,35.44975138146584,0.046452999114990234,0.5372832394339455
Arrhenius-2D,Random,47,12,6.4161693123803145,35.44975138146584,0.048744916915893555,0.5345825138421922
Arrhenius-2D,Random,47,13,6.4161693123803145,35.44975138146584,0.04641890525817871,0.5419652420916342
Arrhenius-2D,Random,47,14,13.981293431467716,77.24759926776007,0.04786205291748047,0.5300196375412525
Arrhenius-2D,Random,47,15,13.981293431467716,77.24759926776007,0.048836708068847656,0.52836559813201
Arrhenius-2D,Random,47,16,13.981293431467716,77.24759926776007,0.049050331115722656,0.5296004714330953
Arrhenius-2D,Random,47,17,13.981293431467716,77.24759926776007,0.04919099807739258,0.53123979620103
Arrhenius-2D,Random,47,18,13.981293431467716,77.24759926776007,0.049445152282714844,0.521684352490508
Arrhenius-2D,Random,47,19,13.981293431467716,77.24759926776007,0.048913002014160156,0.5225771377009155
Arrhenius-2D,GLOSS,53,-1,0.05970108711877681,0.3298131238507319,0.0,0.0
Arrhenius-2D,GLOSS,53,0,0.05970108711877681,0.3298131238507319,0.18380379676818848,0.40602235713361895
Arrhenius-2D,GLOSS,53,1,2.474039363640802,13.669203521096307,0.17669200897216797,0.40156885379600954
Arrhenius-2D,GLOSS,53,2,2.9790369379791,16.459350974445165,0.17971563339233398,0.4256154284602745
Arrhenius-2D,GLOSS,53,3,4.374528266485636,24.169539645162597,0.18075180053710938,0.4538712817102761
Arrhenius-2D,GLOSS,53,4,16.006716592837194,88.43820604058209,0.19370698928833008,0.45171066708737034
Arrhenius-2D,GLOSS,53,5,16.006716592837194,88.43820604058209,0.20324301719665527,0.468127498448971
Arrhenius-2D,GLOSS,53,6,16.1747573438986,89.36664312119018,0.19758319854736328,0.4875839738601055
Arrhenius-2D,GLOSS,53,7,16.31039161052814,90.11603207443241,0.2035820484161377,0.4865765745681971
Arrhenius-2D,GLOSS,53,8,16.528966554676547,91.3236741598041,0.23037314414978027,0.4542258222370683
Arrhenius-2D,GLOSS,53,9,16.528966554676547,91.3236741598041,0.19470882415771484,0.438177257547368
Arrhenius-2D,GLOSS,53,10,17.36644328979894,95.95079258270432,0.23450684547424316,0.4123198244677305
Arrhenius-2D,GLOSS,53,11,18.075867950647677,99.87041420346875,0.23114991188049316,0.3916622672627536
Arrhenius-2D,GLOSS,53,12,18.075867950647677,99.87041420346875,0.21046185493469238,0.3846835696156321
Arrhenius-2D,GLOSS,53,13,18.075867950647677,99.87041420346875,0.2056889533996582,0.3776965682164006
Arrhenius-2D,GLOSS,53,14,18.09932209205459,100.0,0.2503349781036377,0.3609864299900815
Arrhenius-2D,GLOSS,53,15,18.09932209205459,100.0,0.2606673240661621,0.34703988428026256
Arrhenius-2D,GLOSS,53,16,18.09932209205459,100.0,0.24440908432006836,0.3336491626450964
Arrhenius-2D,GLOSS,53,17,18.09932209205459,100.0,0.2543220520019531,0.32315382831453426
Arrhenius-2D,GLOSS,53,18,18.09932209205459,100.0,0.22591805458068848,0.31791071694857703
Arrhenius-2D,GLOSS,53,19,18.09932209205459,100.0,0.25984716415405273,0.3074055781024415
Arrhenius-2D,UCB-BO,53,-1,0.05970108711877681,0.3298131238507319,0.0,0.0
Arrhenius-2D,UCB-BO,53,0,0.05970108711877681,0.3298131238507319,0.059927940368652344,0.021738556263563635
Arrhenius-2D,UCB-BO,53,1,0.06212000025012482,0.34317779064570847,0.060755014419555664,0.17701455943874764
Arrhenius-2D,UCB-BO,53,2,0.06212000025012482,0.34317779064570847,0.06236600875854492,0.4238958496566707
Arrhenius-2D,UCB-BO,53,3,0.06212000025012482,0.34317779064570847,0.06481695175170898,0.4443578826469899
Arrhenius-2D,UCB-BO,53,4,12.261424284446607,67.74520011873054,0.06824588775634766,0.4802822484338161
Arrhenius-2D,UCB-BO,53,5,17.90266617518896,98.9134620966297,0.07005500793457031,0.4695048808213419
Arrhenius-2D,UCB-BO,53,6,17.90266617518896,98.9134620966297,0.07107090950012207,0.4863893412631158
Arrhenius-2D,UCB-BO,53,7,17.90266617518896,98.9134620966297,0.07277894020080566,0.4700089796570413
Arrhenius-2D,UCB-BO,53,8,17.90266617518896,98.9134620966297,0.0723886489868164,0.46513832541273376
Arrhenius-2D,UCB-BO,53,9,17.90266617518896,98.9134620966297,0.07429933547973633,0.4438403106903496
Arrhenius-2D,UCB-BO,53,10,17.90266617518896,98.9134620966297,0.0745856761932373,0.4558844357623604
Arrhenius-2D,UCB-BO,53,11,17.90266617518896,98.9134620966297,0.07475495338439941,0.44741733777738196
Arrhenius-2D,UCB-BO,53,12,18.09012779190241,99.94920083885842,0.07655024528503418,0.43486652319712454
Arrhenius-2D,UCB-BO,53,13,18.09932209205459,100.0,0.07698988914489746,0.4165533538904066
Arrhenius-2D,UCB-BO,53,14,18.09932209205459,100.0,0.07585883140563965,0.4306062585117344
Arrhenius-2D,UCB-BO,53,15,18.09932209205459,100.0,0.07940506935119629,0.4148140317201158
Arrhenius-2D,UCB-BO,53,16,18.09932209205459,100.0,0.08031606674194336,0.40084469229163044
Arrhenius-2D,UCB-BO,53,17,18.09932209205459,100.0,0.08125615119934082,0.38666136222063435
Arrhenius-2D,UCB-BO,53,18,18.09932209205459,100.0,0.08194303512573242,0.37403452951143057
Arrhenius-2D,UCB-BO,53,19,18.09932209205459,100.0,0.08162093162536621,0.36240389167287695
Arrhenius-2D,BO(EI),53,-1,0.05970108711877681,0.3298131238507319,0.0,0.0
Arrhenius-2D,BO(EI),53,0,0.05970108711877681,0.3298131238507319,0.06041407585144043,0.018720505106397594
Arrhenius-2D,BO(EI),53,1,0.06212000025012482,0.34317779064570847,0.05989408493041992,0.27961119696803827
Arrhenius-2D,BO(EI),53,2,0.06212000025012482,0.34317779064570847,0.05996108055114746,0.2604259839425968
Arrhenius-2D,BO(EI),53,3,0.06212000025012482,0.34317779064570847,0.06461811065673828,0.3640969423722575
Arrhenius-2D,BO(EI),53,4,0.0650933962951645,0.35960601490745,0.06582307815551758,0.3304689675582487
Arrhenius-2D,BO(EI),53,5,1.6223442893375988,8.963527764711529,0.06707000732421875,0.3168982979483017
Arrhenius-2D,BO(EI),53,6,1.6223442893375988,8.963527764711529,0.06750106811523438,0.3702138151885822
Arrhenius-2D,BO(EI),53,7,11.556876150642704,63.85252165612516,0.06836199760437012,0.3932239504507063
Arrhenius-2D,BO(EI),53,8,11.556876150642704,63.85252165612516,0.07291197776794434,0.4321556685181711
Arrhenius-2D,BO(EI),53,9,11.62805298886019,64.24577874087485,0.07261800765991211,0.43072180401037896
Arrhenius-2D,BO(EI),53,10,12.666192817469684,69.98157500249093,0.07423591613769531,0.42538919642489714
Arrhenius-2D,BO(EI),53,11,12.666192817469684,69.98157500249093,0.0757288932800293,0.44456228235897965
Arrhenius-2D,BO(EI),53,12,13.076659023860099,72.24942993614408,0.07768774032592773,0.4313110406884045
Arrhenius-2D,BO(EI),53,13,14.065002188677878,77.71009609471804,0.07615780830383301,0.41577696043286766
Arrhenius-2D,BO(EI),53,14,15.045088043289654,83.12514002812986,0.07798981666564941,0.402333217809198
Arrhenius-2D,BO(EI),53,15,15.778249493748264,87.17590909681509,0.07875204086303711,0.38789734345120525
Arrhenius-2D,BO(EI),53,16,16.896473857230063,93.35417809965053,0.08264613151550293,0.374342357064475
Arrhenius-2D,BO(EI),53,17,17.51132517172868,96.75127526706639,0.08379697799682617,0.3615809137326588
Arrhenius-2D,BO(EI),53,18,17.51132517172868,96.75127526706639,0.08453011512756348,0.3539630839793972
Arrhenius-2D,BO(EI),53,19,18.06813213054944,99.82767324817814,0.08399629592895508,0.3442261392151252
Arrhenius-2D,GA,53,-1,0.05970108711877681,0.3298131238507319,0.0,0.0
Arrhenius-2D,GA,53,0,0.05970108711877681,0.3298131238507319,0.06848692893981934,0.5968176714909305
Arrhenius-2D,GA,53,1,4.7819530688375655,26.42059060556161,0.07166314125061035,0.515835295206802
Arrhenius-2D,GA,53,2,11.98142212301372,66.19816829649294,0.07351136207580566,0.6640291410160107
Arrhenius-2D,GA,53,3,11.98142212301372,66.19816829649294,0.07478094100952148,0.6336895761828366
Arrhenius-2D,GA,53,4,11.98142212301372,66.19816829649294,0.07608294486999512,0.6046224393623947
Arrhenius-2D,GA,53,5,13.357277230885067,73.79986545401754,0.0826420783996582,0.5577901430624896
Arrhenius-2D,GA,53,6,13.981293431467716,77.24759926776007,0.08293390274047852,0.5237188546337667
Arrhenius-2D,GA,53,7,13.981293431467716,77.24759926776007,0.08329081535339355,0.5061096405385632
Arrhenius-2D,GA,53,8,13.981293431467716,77.24759926776007,0.08955574035644531,0.48723706952848245
Arrhenius-2D,GA,53,9,13.981293431467716,77.24759926776007,0.08786892890930176,0.4657082028817438
Arrhenius-2D,GA,53,10,13.981293431467716,77.24759926776007,0.0891871452331543,0.45819115728448284
Arrhenius-2D,GA,53,11,13.981293431467716,77.24759926776007,0.09039998054504395,0.44611032999381894
Arrhenius-2D,GA,53,12,13.981293431467716,77.24759926776007,0.0910799503326416,0.44728883676012415
Arrhenius-2D,GA,53,13,13.981293431467716,77.24759926776007,0.09330391883850098,0.4358662180966949
Arrhenius-2D,GA,53,14,13.981293431467716,77.24759926776007,0.09331703186035156,0.4345954225989389
Arrhenius-2D,GA,53,15,13.981293431467716,77.24759926776007,0.09753823280334473,0.42526785298100245
Arrhenius-2D,GA,53,16,13.981293431467716,77.24759926776007,0.09586095809936523,0.42036210347025854
Arrhenius-2D,GA,53,17,14.503911538458311,80.13510141508122,0.09737992286682129,0.4120335407768057
Arrhenius-2D,GA,53,18,14.503911538458311,80.13510141508122,0.09711599349975586,0.4086402799196414
Arrhenius-2D,GA,53,19,14.503911538458311,80.13510141508122,0.09926819801330566,0.40382764323409986
Arrhenius-2D,Random,53,-1,0.05970108711877681,0.3298131238507319,0.0,0.0
Arrhenius-2D,Random,53,0,9.809271117017188,54.19687976434173,0.04310202598571777,0.6344067345011497
Arrhenius-2D,Random,53,1,9.809271117017188,54.19687976434173,0.04136395454406738,0.5845116318472791
Arrhenius-2D,Random,53,2,9.809271117017188,54.19687976434173,0.043364763259887695,0.5485019035400814
Arrhenius-2D,Random,53,3,9.809271117017188,54.19687976434173,0.04296398162841797,0.5405633334736523
Arrhenius-2D,Random,53,4,9.809271117017188,54.19687976434173,0.04385089874267578,0.5492579044068869
Arrhenius-2D,Random,53,5,9.809271117017188,54.19687976434173,0.04393506050109863,0.5548400644024923
Arrhenius-2D,Random,53,6,9.809271117017188,54.19687976434173,0.043457984924316406,0.5534275463544218
Arrhenius-2D,Random,53,7,9.809271117017188,54.19687976434173,0.04457211494445801,0.5495601696536655
Arrhenius-2D,Random,53,8,12.421501848341823,68.62964002485437,0.04545402526855469,0.5470989457546883
Arrhenius-2D,Random,53,9,12.421501848341823,68.62964002485437,0.04492807388305664,0.537550386837219
Arrhenius-2D,Random,53,10,12.421501848341823,68.62964002485437,0.04598093032836914,0.5246770224262461
Arrhenius-2D,Random,53,11,12.421501848341823,68.62964002485437,0.04564404487609863,0.5187466649988374
Arrhenius-2D,Random,53,12,14.782733360240977,81.67561177694654,0.04647684097290039,0.5177156509688957
Arrhenius-2D,Random,53,13,14.782733360240977,81.67561177694654,0.046037912368774414,0.5195261224080111
Arrhenius-2D,Random,53,14,14.782733360240977,81.67561177694654,0.046154022216796875,0.5147080769004817
Arrhenius-2D,Random,53,15,14.782733360240977,81.67561177694654,0.0465550422668457,0.5156490019191763
Arrhenius-2D,Random,53,16,14.782733360240977,81.67561177694654,0.04837512969970703,0.5159445790016671
Arrhenius-2D,Random,53,17,14.782733360240977,81.67561177694654,0.04908919334411621,0.5174650780853897
Arrhenius-2D,Random,53,18,14.782733360240977,81.67561177694654,0.04958796501159668,0.5193351465940911
Arrhenius-2D,Random,53,19,14.782733360240977,81.67561177694654,0.049417972564697266,0.5235772038416431
Arrhenius-2D,GLOSS,59,-1,0.059385275999644965,0.3280682449947502,0.0,0.0
Arrhenius-2D,GLOSS,59,0,0.0855073010379146,0.4723942880105884,0.17653775215148926,0.3229958024325467
Arrhenius-2D,GLOSS,59,1,5.767474107741002,31.865664318086196,0.1777341365814209,0.27721328534965456
Arrhenius-2D,GLOSS,59,2,15.497144938922059,85.62278647280881,0.1874089241027832,0.33670981041191606
Arrhenius-2D,GLOSS,59,3,15.497144938922059,85.62278647280881,0.19507813453674316,0.3697240694501005
Arrhenius-2D,GLOSS,59,4,15.497144938922059,85.62278647280881,0.1976780891418457,0.3825585063831371
Arrhenius-2D,GLOSS,59,5,15.569208643327451,86.02094355621472,0.19197916984558105,0.4005717770127712
Arrhenius-2D,GLOSS,59,6,17.90266617518896,98.9134620966297,0.19617390632629395,0.3979181337505343
Arrhenius-2D,GLOSS,59,7,18.06813213054944,99.82767324817814,0.1956021785736084,0.3900618455091952
Arrhenius-2D,GLOSS,59,8,18.06813213054944,99.82767324817814,0.1998579502105713,0.38686563856109596
Arrhenius-2D,GLOSS,59,9,18.06813213054944,99.82767324817814,0.20541596412658691,0.3891057214696836
Arrhenius-2D,GLOSS,59,10,18.06813213054944,99.82767324817814,0.20477509498596191,0.3793241980173057
Arrhenius-2D,GLOSS,59,11,18.06813213054944,99.82767324817814,0.2194838523864746,0.36595412618154244
Arrhenius-2D,GLOSS,59,12,18.06813213054944,99.82767324817814,0.20569705963134766,0.36187442578393486
Arrhenius-2D,GLOSS,59,13,18.09932209205459,100.0,0.2514917850494385,0.3453927010784074
Arrhenius-2D,GLOSS,59,14,18.09932209205459,100.0,0.20383214950561523,0.34660971600475843
Arrhenius-2D,GLOSS,59,15,18.09932209205459,100.0,0.24075865745544434,0.35323318198575265
Arrhenius-2D,GLOSS,59,16,18.09932209205459,100.0,0.24203085899353027,0.3396959525760946
Arrhenius-2D,GLOSS,59,17,18.09932209205459,100.0,0.2284989356994629,0.33380216228509285
Arrhenius-2D,GLOSS,59,18,18.09932209205459,100.0,0.24529314041137695,0.3301310009597681
Arrhenius-2D,GLOSS,59,19,18.09932209205459,100.0,0.25309014320373535,0.3195166843291096
Arrhenius-2D,UCB-BO,59,-1,0.059385275999644965,0.3280682449947502,0.0,0.0
Arrhenius-2D,UCB-BO,59,0,0.08544534613505071,0.47205198277343025,0.059381961822509766,0.024708582515856916
Arrhenius-2D,UCB-BO,59,1,1.088421029769162,6.013563846725205,0.05909895896911621,0.11396757409126729
Arrhenius-2D,UCB-BO,59,2,1.088421029769162,6.013563846725205,0.060951948165893555,0.23886220555151066
Arrhenius-2D,UCB-BO,59,3,14.779740761725876,81.65907745767431,0.06114912033081055,0.34044325380216744
Arrhenius-2D,UCB-BO,59,4,16.246959704147926,89.76556628797844,0.0710000991821289,0.33044751699523034
Arrhenius-2D,UCB-BO,59,5,16.263425596127043,89.85654151025125,0.06833791732788086,0.3551101530160747
Arrhenius-2D,UCB-BO,59,6,16.263425596127043,89.85654151025125,0.07162809371948242,0.4119054480683845
Arrhenius-2D,UCB-BO,59,7,17.48613500599785,96.61209781288672,0.07542204856872559,0.39204730875361526
Arrhenius-2D,UCB-BO,59,8,17.51132517172868,96.75127526706639,0.0738990306854248,0.39710646559038926
Arrhenius-2D,UCB-BO,59,9,18.09012779190241,99.94920083885842,0.07635307312011719,0.37399321979590194
Arrhenius-2D,UCB-BO,59,10,18.09012779190241,99.94920083885842,0.07803630828857422,0.35404098167035747
Arrhenius-2D,UCB-BO,59,11,18.09012779190241,99.94920083885842,0.07865190505981445,0.33624596788668826
Arrhenius-2D,UCB-BO,59,12,18.09012779190241,99.94920083885842,0.07851719856262207,0.3239131159687523
Arrhenius-2D,UCB-BO,59,13,18.09012779190241,99.94920083885842,0.0787348747253418,0.3155598713019486
Arrhenius-2D,UCB-BO,59,14,18.09012779190241,99.94920083885842,0.07862997055053711,0.3032699303201254
Arrhenius-2D,UCB-BO,59,15,18.09012779190241,99.94920083885842,0.0789949893951416,0.29192424685119234
Arrhenius-2D,UCB-BO,59,16,18.09932209205459,100.0,0.07995820045471191,0.28168712536861573
Arrhenius-2D,UCB-BO,59,17,18.09932209205459,100.0,0.08127593994140625,0.2707173333022929
Arrhenius-2D,UCB-BO,59,18,18.09932209205459,100.0,0.08127212524414062,0.2617794388795177
Arrhenius-2D,UCB-BO,59,19,18.09932209205459,100.0,0.08392882347106934,0.25411800655844513
Arrhenius-2D,BO(EI),59,-1,0.059385275999644965,0.3280682449947502,0.0,0.0
Arrhenius-2D,BO(EI),59,0,0.7895924251322031,4.362514589096381,0.05816006660461426,0.18921693477145868
Arrhenius-2D,BO(EI),59,1,7.376987385896801,40.75833945630221,0.0627889633178711,0.23520319766144115
Arrhenius-2D,BO(EI),59,2,14.613275281245045,80.73934385886906,0.06466078758239746,0.31749875525099613
Arrhenius-2D,BO(EI),59,3,15.49289972712074,85.59933137619394,0.06844687461853027,0.2721652586694925
Arrhenius-2D,BO(EI),59,4,16.30547722025222,90.08887971923332,0.07143807411193848,0.30324219385375
Arrhenius-2D,BO(EI),59,5,17.5102451098659,96.74530784858949,0.06909489631652832,0.29744415339071084
Arrhenius-2D,BO(EI),59,6,18.06813213054944,99.82767324817814,0.07132601737976074,0.27185095635185175
Arrhenius-2D,BO(EI),59,7,18.09932209205459,100.0,0.07264518737792969,0.25405754913772083
Arrhenius-2D,BO(EI),59,8,18.09932209205459,100.0,0.07518291473388672,0.2351878585326236
Arrhenius-2D,BO(EI),59,9,18.09932209205459,100.0,0.07541394233703613,0.21919312632535953
Arrhenius-2D,BO(EI),59,10,18.09932209205459,100.0,0.07604694366455078,0.21189712633322935
Arrhenius-2D,BO(EI),59,11,18.09932209205459,100.0,0.0786130428314209,0.20173467283025284
Arrhenius-2D,BO(EI),59,12,18.09932209205459,100.0,0.07747292518615723,0.19847031886689073
Arrhenius-2D,BO(EI),59,13,18.09932209205459,100.0,0.07999777793884277,0.19199507581570835
Arrhenius-2D,BO(EI),59,14,18.09932209205459,100.0,0.0801091194152832,0.18404786652446437
Arrhenius-2D,BO(EI),59,15,18.09932209205459,100.0,0.07912325859069824,0.1817710195254264
Arrhenius-2D,BO(EI),59,16,18.09932209205459,100.0,0.08241391181945801,0.1759855863445807
Arrhenius-2D,BO(EI),59,17,18.09932209205459,100.0,0.0825810432434082,0.1701908266499924
Arrhenius-2D,BO(EI),59,18,18.09932209205459,100.0,0.08476972579956055,0.16915474746589654
Arrhenius-2D,BO(EI),59,19,18.09932209205459,100.0,0.0854949951171875,0.16540329323386227
Arrhenius-2D,GA,59,-1,0.059385275999644965,0.3280682449947502,0.0,0.0
Arrhenius-2D,GA,59,0,16.168828852629566,89.33388778600234,0.06517577171325684,0.4943061483091986
Arrhenius-2D,GA,59,1,16.168828852629566,89.33388778600234,0.07252192497253418,0.3998928746173205
Arrhenius-2D,GA,59,2,17.013843595776,94.00265423843844,0.07720398902893066,0.36237241232485823
Arrhenius-2D,GA,59,3,17.013843595776,94.00265423843844,0.07973504066467285,0.37441568314694446
Arrhenius-2D,GA,59,4,17.013843595776,94.00265423843844,0.08068180084228516,0.37673505180451367
Arrhenius-2D,GA,59,5,17.013843595776,94.00265423843844,0.08170700073242188,0.3648732314474147
Arrhenius-2D,GA,59,6,17.76314927535766,98.14262131927845,0.08455109596252441,0.35021872533958825
Arrhenius-2D,GA,59,7,17.76314927535766,98.14262131927845,0.08662223815917969,0.33903451369328064
Arrhenius-2D,GA,59,8,17.76314927535766,98.14262131927845,0.08729720115661621,0.33353274824906365
Arrhenius-2D,GA,59,9,17.908294566077526,98.94455935590814,0.08816409111022949,0.33453424122427866
Arrhenius-2D,GA,59,10,17.908294566077526,98.94455935590814,0.09006595611572266,0.3350649220529861
Arrhenius-2D,GA,59,11,17.908294566077526,98.94455935590814,0.08960294723510742,0.3276561494456249
Arrhenius-2D,GA,59,12,17.908294566077526,98.94455935590814,0.09029102325439453,0.32662203365921905
Arrhenius-2D,GA,59,13,18.09012779190241,99.94920083885842,0.0894770622253418,0.32187668547977794
Arrhenius-2D,GA,59,14,18.09012779190241,99.94920083885842,0.08921599388122559,0.31715580588046544
Arrhenius-2D,GA,59,15,18.09012779190241,99.94920083885842,0.09047389030456543,0.32116224037444185
Arrhenius-2D,GA,59,16,18.09012779190241,99.94920083885842,0.09147095680236816,0.31669101683806644
Arrhenius-2D,GA,59,17,18.09012779190241,99.94920083885842,0.09512209892272949,0.31218339640986403
Arrhenius-2D,GA,59,18,18.09012779190241,99.94920083885842,0.09428787231445312,0.31465762309267487
Arrhenius-2D,GA,59,19,18.09012779190241,99.94920083885842,0.09429407119750977,0.3129441693772852
Arrhenius-2D,Random,59,-1,0.059385275999644965,0.3280682449947502,0.0,0.0
Arrhenius-2D,Random,59,0,11.477383257915696,63.41331777976551,0.04198908805847168,0.5233952387553545
Arrhenius-2D,Random,59,1,11.477383257915696,63.41331777976551,0.04099607467651367,0.48322512051372624
Arrhenius-2D,Random,59,2,16.197725580096687,89.4935442569431,0.04256486892700195,0.4397111233731565
Arrhenius-2D,Random,59,3,16.197725580096687,89.4935442569431,0.042059898376464844,0.46166601787908085
Arrhenius-2D,Random,59,4,16.197725580096687,89.4935442569431,0.04274272918701172,0.469308679248887
Arrhenius-2D,Random,59,5,16.197725580096687,89.4935442569431,0.04352378845214844,0.4793615388234527
Arrhenius-2D,Random,59,6,16.197725580096687,89.4935442569431,0.04316210746765137,0.48005193663314816
Arrhenius-2D,Random,59,7,16.197725580096687,89.4935442569431,0.043855905532836914,0.48589390220866063
Arrhenius-2D,Random,59,8,16.197725580096687,89.4935442569431,0.04515194892883301,0.48614846405607265
Arrhenius-2D,Random,59,9,16.197725580096687,89.4935442569431,0.04453706741333008,0.48422924878274665
Arrhenius-2D,Random,59,10,16.197725580096687,89.4935442569431,0.04444313049316406,0.49121574514693395
Arrhenius-2D,Random,59,11,16.197725580096687,89.4935442569431,0.0454869270324707,0.49317778666723505
Arrhenius-2D,Random,59,12,16.197725580096687,89.4935442569431,0.045758962631225586,0.49843900372704963
Arrhenius-2D,Random,59,13,16.197725580096687,89.4935442569431,0.045819759368896484,0.5013808683693705
Arrhenius-2D,Random,59,14,16.197725580096687,89.4935442569431,0.04947471618652344,0.5020364198381153
Arrhenius-2D,Random,59,15,16.197725580096687,89.4935442569431,0.04826188087463379,0.5006394735425204
Arrhenius-2D,Random,59,16,16.197725580096687,89.4935442569431,0.049636125564575195,0.4964382136432067
Arrhenius-2D,Random,59,17,16.197725580096687,89.4935442569431,0.049246788024902344,0.5027456404912738
Arrhenius-2D,Random,59,18,16.197725580096687,89.4935442569431,0.04961991310119629,0.5036879599099128
Arrhenius-2D,Random,59,19,16.197725580096687,89.4935442569431,0.04999709129333496,0.5028161342637755
Arrhenius-2D,GLOSS,61,-1,0.06337677515507187,0.35012156122731075,0.0,0.0
Arrhenius-2D,GLOSS,61,0,1.6732312809117456,9.244682006165522,0.17923784255981445,0.4367776971820302
Arrhenius-2D,GLOSS,61,1,8.924559969865841,49.30878786131005,0.18903017044067383,0.46297299861093283
Arrhenius-2D,GLOSS,61,2,15.522984425084788,85.76555146847686,0.19281291961669922,0.4803345026953359
Arrhenius-2D,GLOSS,61,3,15.845250627942361,87.54609512035807,0.18959403038024902,0.4705107698459686
Arrhenius-2D,GLOSS,61,4,17.192573932628804,94.99015203951099,0.2343752384185791,0.4406330396512604
Arrhenius-2D,GLOSS,61,5,17.39956537585413,96.13379445984717,0.19631290435791016,0.41779512749715575
Arrhenius-2D,GLOSS,61,6,17.962951472208704,99.24654264295594,0.20615601539611816,0.4113166300528689
Arrhenius-2D,GLOSS,61,7,17.962951472208704,99.24654264295594,0.20810389518737793,0.392599022716825
Arrhenius-2D,GLOSS,61,8,17.962951472208704,99.24654264295594,0.2054729461669922,0.37747530063551227
Arrhenius-2D,GLOSS,61,9,17.962951472208704,99.24654264295594,0.21225881576538086,0.3611893395926535
Arrhenius-2D,GLOSS,61,10,18.09012779190241,99.94920083885842,0.21477198600769043,0.35767879295574895
Arrhenius-2D,GLOSS,61,11,18.09012779190241,99.94920083885842,0.2132120132446289,0.3561959044932529
Arrhenius-2D,GLOSS,61,12,18.09932209205459,100.0,0.2389829158782959,0.3393017441977313
Arrhenius-2D,GLOSS,61,13,18.09932209205459,100.0,0.22165203094482422,0.3381798258403199
Arrhenius-2D,GLOSS,61,14,18.09932209205459,100.0,0.2194209098815918,0.33738266899390434
Arrhenius-2D,GLOSS,61,15,18.09932209205459,100.0,0.23845672607421875,0.32406540214175983
Arrhenius-2D,GLOSS,61,16,18.09932209205459,100.0,0.2534677982330322,0.3116503949613596
Arrhenius-2D,GLOSS,61,17,18.09932209205459,100.0,0.2167510986328125,0.3096307565805943
Arrhenius-2D,GLOSS,61,18,18.09932209205459,100.0,0.22050786018371582,0.3076822919424998
Arrhenius-2D,GLOSS,61,19,18.09932209205459,100.0,0.25682997703552246,0.2970874960187889
Arrhenius-2D,UCB-BO,61,-1,0.06337677515507187,0.35012156122731075,0.0,0.0
Arrhenius-2D,UCB-BO,61,0,0.06337677515507187,0.35012156122731075,0.06193208694458008,0.02095921263620207
Arrhenius-2D,UCB-BO,61,1,0.7048196528720456,3.8941390034414867,0.06159090995788574,0.10459470437493783
Arrhenius-2D,UCB-BO,61,2,1.0316705711803522,5.700013533705535,0.06353878974914551,0.3112198729591723
Arrhenius-2D,UCB-BO,61,3,1.1412555331636491,6.305478229261081,0.06698918342590332,0.3017861190456926
Arrhenius-2D,UCB-BO,61,4,1.3841333345861946,7.647395326589786,0.06798982620239258,0.34504006205407567
Arrhenius-2D,UCB-BO,61,5,1.409540887278422,7.787773859165776,0.07274127006530762,0.40250590229402444
Arrhenius-2D,UCB-BO,61,6,10.637957535289193,58.775431062525804,0.07496309280395508,0.39511988500914663
Arrhenius-2D,UCB-BO,61,7,10.637957535289193,58.775431062525804,0.07248497009277344,0.38617668665793226
Arrhenius-2D,UCB-BO,61,8,10.637957535289193,58.775431062525804,0.0759119987487793,0.3837424175347802
Arrhenius-2D,UCB-BO,61,9,10.637957535289193,58.775431062525804,0.07561206817626953,0.377386286808052
Arrhenius-2D,UCB-BO,61,10,10.637957535289193,58.775431062525804,0.07511281967163086,0.382012927756012
Arrhenius-2D,UCB-BO,61,11,10.637957535289193,58.775431062525804,0.07665514945983887,0.40121783229712543
Arrhenius-2D,UCB-BO,61,12,10.637957535289193,58.775431062525804,0.07915091514587402,0.4085332026935445
Arrhenius-2D,UCB-BO,61,13,11.35543599528944,62.73955049542689,0.07907509803771973,0.3925844411835566
Arrhenius-2D,UCB-BO,61,14,11.35543599528944,62.73955049542689,0.08079981803894043,0.3790328962066247
Arrhenius-2D,UCB-BO,61,15,11.35543599528944,62.73955049542689,0.1070399284362793,0.3665297294799632
Arrhenius-2D,UCB-BO,61,16,11.427290774819852,63.13655325406472,0.08574318885803223,0.35366301310133724
Arrhenius-2D,UCB-BO,61,17,11.427290774819852,63.13655325406472,0.08229994773864746,0.34422753903694153
Arrhenius-2D,UCB-BO,61,18,11.427290774819852,63.13655325406472,0.0842280387878418,0.33421260078803705
Arrhenius-2D,UCB-BO,61,19,11.427290774819852,63.13655325406472,0.08484601974487305,0.3272668761410169
Arrhenius-2D,BO(EI),61,-1,0.06337677515507187,0.35012156122731075,0.0,0.0
Arrhenius-2D,BO(EI),61,0,0.06337677515507187,0.35012156122731075,0.06398916244506836,0.022875081785704566
Arrhenius-2D,BO(EI),61,1,0.7048196528720456,3.8941390034414867,0.06634187698364258,0.11576756524951544
Arrhenius-2D,BO(EI),61,2,1.0316705711803522,5.700013533705535,0.06788301467895508,0.33049508056476795
Arrhenius-2D,BO(EI),61,3,1.1412555331636491,6.305478229261081,0.0699319839477539,0.3135396503816824
Arrhenius-2D,BO(EI),61,4,1.795225568796108,9.918709108394017,0.07166695594787598,0.28266525396038933
Arrhenius-2D,BO(EI),61,5,1.795225568796108,9.918709108394017,0.07060718536376953,0.43253724532830984
Arrhenius-2D,BO(EI),61,6,11.90327568985109,65.76640370482592,0.0752110481262207,0.39973157391388753
Arrhenius-2D,BO(EI),61,7,11.90327568985109,65.76640370482592,0.07323503494262695,0.45724498249456763
Arrhenius-2D,BO(EI),61,8,11.981199915653631,66.19694058505159,0.07652020454406738,0.43159024216182323
Arrhenius-2D,BO(EI),61,9,11.981199915653631,66.19694058505159,0.07619524002075195,0.4234694390255177
Arrhenius-2D,BO(EI),61,10,11.981199915653631,66.19694058505159,0.07614517211914062,0.4112589915944329
Arrhenius-2D,BO(EI),61,11,12.016550095212402,66.39225283699768,0.07469892501831055,0.39185809395187937
Arrhenius-2D,BO(EI),61,12,12.016550095212402,66.39225283699768,0.07697010040283203,0.3764622912424054
Arrhenius-2D,BO(EI),61,13,12.016550095212402,66.39225283699768,0.07588505744934082,0.36379789796729023
Arrhenius-2D,BO(EI),61,14,12.016550095212402,66.39225283699768,0.07981705665588379,0.34896746946457546
Arrhenius-2D,BO(EI),61,15,13.530689515218578,74.75798063733606,0.09010720252990723,0.3342715606684237
Arrhenius-2D,BO(EI),61,16,13.53872898881287,74.80239929975197,0.08760333061218262,0.32091687598791885
Arrhenius-2D,BO(EI),61,17,13.53872898881287,74.80239929975197,0.09218001365661621,0.31109314182253445
Arrhenius-2D,BO(EI),61,18,13.53872898881287,74.80239929975197,0.08943581581115723,0.3000150320609097
Arrhenius-2D,BO(EI),61,19,13.53872898881287,74.80239929975197,0.0859217643737793,0.2896282715687957
Arrhenius-2D,GA,61,-1,0.06337677515507187,0.35012156122731075,0.0,0.0
Arrhenius-2D,GA,61,0,0.9177172530723423,5.070413360405051,0.06710600852966309,0.5430870151831217
Arrhenius-2D,GA,61,1,10.178931264728103,56.23927832653608,0.07061409950256348,0.5518439084386941
Arrhenius-2D,GA,61,2,10.178931264728103,56.23927832653608,0.0721278190612793,0.508989716638648
Arrhenius-2D,GA,61,3,11.981199915653631,66.19694058505159,0.07560014724731445,0.47061391422285914
Arrhenius-2D,GA,61,4,12.09820721331131,66.84341421219837,0.07897496223449707,0.4434252313070923
Arrhenius-2D,GA,61,5,13.066430179059454,72.19291484236642,0.07959389686584473,0.40811023009520586
Arrhenius-2D,GA,61,6,13.066430179059454,72.19291484236642,0.08279109001159668,0.3762132239087728
Arrhenius-2D,GA,61,7,13.066430179059454,72.19291484236642,0.08470678329467773,0.36402980678718255
Arrhenius-2D,GA,61,8,13.066430179059454,72.19291484236642,0.08607101440429688,0.3448817882981955
Arrhenius-2D,GA,61,9,13.066430179059454,72.19291484236642,0.08683896064758301,0.34660895916028417
Arrhenius-2D,GA,61,10,13.066430179059454,72.19291484236642,0.0889279842376709,0.3374650898156511
Arrhenius-2D,GA,61,11,13.066430179059454,72.19291484236642,0.08869290351867676,0.32573295758411513
Arrhenius-2D,GA,61,12,13.066430179059454,72.19291484236642,0.0889139175415039,0.321061038467174
Arrhenius-2D,GA,61,13,13.066430179059454,72.19291484236642,0.09056401252746582,0.31369964925309585
Arrhenius-2D,GA,61,14,13.140275514490366,72.60091556368518,0.09243202209472656,0.3147479253022288
Arrhenius-2D,GA,61,15,16.09530705015384,88.92767460723199,0.09211993217468262,0.3279476489802735
Arrhenius-2D,GA,61,16,17.76314927535766,98.14262131927845,0.0937049388885498,0.3509759222594556
Arrhenius-2D,GA,61,17,17.76314927535766,98.14262131927845,0.09736013412475586,0.35849413795578855
Arrhenius-2D,GA,61,18,18.06813213054944,99.82767324817814,0.09740400314331055,0.3641155998563161
Arrhenius-2D,GA,61,19,18.06813213054944,99.82767324817814,0.09712100028991699,0.3650267415568614
Arrhenius-2D,Random,61,-1,0.06337677515507187,0.35012156122731075,0.0,0.0
Arrhenius-2D,Random,61,0,3.9141109114838155,21.625701068870008,0.042114973068237305,0.672789472662391
Arrhenius-2D,Random,61,1,10.365567501857056,57.27045678795799,0.042166948318481445,0.6506913206551507
Arrhenius-2D,Random,61,2,10.365567501857056,57.27045678795799,0.04364275932312012,0.6106260547441218
Arrhenius-2D,Random,61,3,10.365567501857056,57.27045678795799,0.04331326484680176,0.5811478970803389
Arrhenius-2D,Random,61,4,15.306620054398099,84.5701229584332,0.04341697692871094,0.565831080068645
Arrhenius-2D,Random,61,5,15.306620054398099,84.5701229584332,0.043398141860961914,0.5538150615337871
Arrhenius-2D,Random,61,6,15.306620054398099,84.5701229584332,0.04465293884277344,0.5488165048520566
Arrhenius-2D,Random,61,7,16.006716592837194,88.43820604058209,0.0448298454284668,0.5330424678069982
Arrhenius-2D,Random,61,8,16.006716592837194,88.43820604058209,0.04544997215270996,0.5291312333515241
Arrhenius-2D,Random,61,9,16.006716592837194,88.43820604058209,0.04534411430358887,0.5221430752365733
Arrhenius-2D,Random,61,10,16.006716592837194,88.43820604058209,0.04515671730041504,0.5191205474915985
Arrhenius-2D,Random,61,11,16.006716592837194,88.43820604058209,0.04637312889099121,0.5159509731391839
Arrhenius-2D,Random,61,12,16.006716592837194,88.43820604058209,0.04661989212036133,0.518624678892014
Arrhenius-2D,Random,61,13,16.006716592837194,88.43820604058209,0.04767894744873047,0.5212515286623969
Arrhenius-2D,Random,61,14,16.006716592837194,88.43820604058209,0.04680895805358887,0.516332730901033
Arrhenius-2D,Random,61,15,16.006716592837194,88.43820604058209,0.04767775535583496,0.5228373603571626
Arrhenius-2D,Random,61,16,16.006716592837194,88.43820604058209,0.04780888557434082,0.5158329565180373
Arrhenius-2D,Random,61,17,16.006716592837194,88.43820604058209,0.048445940017700195,0.5108051262559549
Arrhenius-2D,Random,61,18,16.24818216176892,89.77232045312967,0.04844999313354492,0.5121030352164138
Arrhenius-2D,Random,61,19,16.24818216176892,89.77232045312967,0.05033612251281738,0.5159136206689193
Arrhenius-2D,GLOSS,67,-1,0.05890916151039271,0.325437678637218,0.0,0.0
Arrhenius-2D,GLOSS,67,0,3.202211063569659,17.69240386382938,0.1737980842590332,0.19245330970643013
Arrhenius-2D,GLOSS,67,1,6.100753632903281,33.70705735765337,0.18119430541992188,0.2811044928968533
Arrhenius-2D,GLOSS,67,2,13.499472637694362,74.5855051725978,0.18935394287109375,0.31073890765494533
Arrhenius-2D,GLOSS,67,3,15.982636013069456,88.30515912762976,0.19677376747131348,0.2987264332354494
Arrhenius-2D,GLOSS,67,4,16.263425596127043,89.85654151025125,0.19712400436401367,0.3249721097973096
Arrhenius-2D,GLOSS,67,5,16.423982099504407,90.74362759101894,0.19869112968444824,0.374707977908359
Arrhenius-2D,GLOSS,67,6,18.075867950647677,99.87041420346875,0.202894926071167,0.3631866931329255
Arrhenius-2D,GLOSS,67,7,18.075867950647677,99.87041420346875,0.21014094352722168,0.3515041967820613
Arrhenius-2D,GLOSS,67,8,18.09012779190241,99.94920083885842,0.23891377449035645,0.3283140145426226
Arrhenius-2D,GLOSS,67,9,18.09932209205459,100.0,0.22102022171020508,0.3178717286857421
Arrhenius-2D,GLOSS,67,10,18.09932209205459,100.0,0.21555399894714355,0.3127088876821437
Arrhenius-2D,GLOSS,67,11,18.09932209205459,100.0,0.21549201011657715,0.3087314561575668
Arrhenius-2D,GLOSS,67,12,18.09932209205459,100.0,0.2159440517425537,0.3119470906706763
Arrhenius-2D,GLOSS,67,13,18.09932209205459,100.0,0.22293829917907715,0.3158258071857272
Arrhenius-2D,GLOSS,67,14,18.09932209205459,100.0,0.2615187168121338,0.30511819727858264
Arrhenius-2D,GLOSS,67,15,18.09932209205459,100.0,0.22126007080078125,0.3064075815895749
Arrhenius-2D,GLOSS,67,16,18.09932209205459,100.0,0.2703571319580078,0.2975844687181784
Arrhenius-2D,GLOSS,67,17,18.09932209205459,100.0,0.26784777641296387,0.29076068953801837
Arrhenius-2D,GLOSS,67,18,18.09932209205459,100.0,0.22091102600097656,0.2888853359150607
Arrhenius-2D,GLOSS,67,19,18.09932209205459,100.0,0.23004484176635742,0.2921215930006767
Arrhenius-2D,UCB-BO,67,-1,0.05890916151039271,0.325437678637218,0.0,0.0
Arrhenius-2D,UCB-BO,67,0,0.1596973848121209,0.8822997684033912,0.05927395820617676,0.05802733479992157
Arrhenius-2D,UCB-BO,67,1,2.2702372067914536,12.54318213442865,0.0619657039642334,0.4216446425732458
Arrhenius-2D,UCB-BO,67,2,3.9212499774487597,21.665144915204277,0.06200981140136719,0.5014404401909663
Arrhenius-2D,UCB-BO,67,3,6.8757310290727105,37.98886249534803,0.06475424766540527,0.44149218659186684
Arrhenius-2D,UCB-BO,67,4,7.272306927660129,40.17997249216946,0.06496691703796387,0.3879633774512306
Arrhenius-2D,UCB-BO,67,5,7.272306927660129,40.17997249216946,0.06734418869018555,0.3533221167714376
Arrhenius-2D,UCB-BO,67,6,7.272306927660129,40.17997249216946,0.06639218330383301,0.31792758765670714
Arrhenius-2D,UCB-BO,67,7,7.272306927660129,40.17997249216946,0.0671701431274414,0.29377858983310134
Arrhenius-2D,UCB-BO,67,8,7.272306927660129,40.17997249216946,0.06895995140075684,0.2874652938464943
Arrhenius-2D,UCB-BO,67,9,7.272306927660129,40.17997249216946,0.07141900062561035,0.31217065179346326
Arrhenius-2D,UCB-BO,67,10,7.272306927660129,40.17997249216946,0.07415890693664551,0.29275828226893
Arrhenius-2D,UCB-BO,67,11,7.272306927660129,40.17997249216946,0.07415318489074707,0.2787420607091687
Arrhenius-2D,UCB-BO,67,12,7.272306927660129,40.17997249216946,0.07403898239135742,0.2648371598956975
Arrhenius-2D,UCB-BO,67,13,7.272306927660129,40.17997249216946,0.0747830867767334,0.25190105048258615
Arrhenius-2D,UCB-BO,67,14,7.272306927660129,40.17997249216946,0.07552790641784668,0.2433176513789608
Arrhenius-2D,UCB-BO,67,15,7.272306927660129,40.17997249216946,0.07700300216674805,0.23423116803762192
Arrhenius-2D,UCB-BO,67,16,7.272306927660129,40.17997249216946,0.07895588874816895,0.22667092965223729
Arrhenius-2D,UCB-BO,67,17,7.272306927660129,40.17997249216946,0.07866287231445312,0.2280196761409478
Arrhenius-2D,UCB-BO,67,18,8.36455301576994,46.21470967910158,0.08081698417663574,0.2200013092748973
Arrhenius-2D,UCB-BO,67,19,12.604357466050399,69.63993029555245,0.08202600479125977,0.21814420925808928
Arrhenius-2D,BO(EI),67,-1,0.05890916151039271,0.325437678637218,0.0,0.0
Arrhenius-2D,BO(EI),67,0,0.14912351128120457,0.8238783663937347,0.06072521209716797,0.04395223292444689
Arrhenius-2D,BO(EI),67,1,0.23501706161220506,1.2984463304659495,0.061118125915527344,0.10520927133244844
Arrhenius-2D,BO(EI),67,2,0.9610248746021616,5.309691044224329,0.06284403800964355,0.17276528302146088
Arrhenius-2D,BO(EI),67,3,1.1567453169650461,6.391060384547713,0.06769108772277832,0.30058776599998616
Arrhenius-2D,BO(EI),67,4,4.919176817312142,27.178761558851843,0.0722198486328125,0.40930056357042915
Arrhenius-2D,BO(EI),67,5,10.062526902011346,55.59613595774664,0.07412409782409668,0.3967701495291561
Arrhenius-2D,BO(EI),67,6,14.625047389321121,80.8043855918161,0.07525181770324707,0.411358416788523
Arrhenius-2D,BO(EI),67,7,16.32250796378601,90.18297578645047,0.07764625549316406,0.38905265429066255
Arrhenius-2D,BO(EI),67,8,17.51132517172868,96.75127526706639,0.0777590274810791,0.3681828130015454
Arrhenius-2D,BO(EI),67,9,17.51132517172868,96.75127526706639,0.07950901985168457,0.3484643107127879
Arrhenius-2D,BO(EI),67,10,17.51132517172868,96.75127526706639,0.07927083969116211,0.37941432749966786
Arrhenius-2D,BO(EI),67,11,17.51132517172868,96.75127526706639,0.08280777931213379,0.36124872592907875
Arrhenius-2D,BO(EI),67,12,17.908294566077526,98.94455935590814,0.0801999568939209,0.34351693932871274
Arrhenius-2D,BO(EI),67,13,18.09012779190241,99.94920083885842,0.08170795440673828,0.32877052811695623
Arrhenius-2D,BO(EI),67,14,18.09012779190241,99.94920083885842,0.08377289772033691,0.3189033588725529
Arrhenius-2D,BO(EI),67,15,18.09012779190241,99.94920083885842,0.08521318435668945,0.30743532235576604
Arrhenius-2D,BO(EI),67,16,18.09012779190241,99.94920083885842,0.08573484420776367,0.2958855270548898
Arrhenius-2D,BO(EI),67,17,18.09012779190241,99.94920083885842,0.08661794662475586,0.2874154724894594
Arrhenius-2D,BO(EI),67,18,18.09012779190241,99.94920083885842,0.08585023880004883,0.27881266979689445
Arrhenius-2D,BO(EI),67,19,18.09012779190241,99.94920083885842,0.08589577674865723,0.26932113646650735
Arrhenius-2D,GA,67,-1,0.05890916151039271,0.325437678637218,0.0,0.0
Arrhenius-2D,GA,67,0,2.1226668726449565,11.727845560687284,0.06652212142944336,0.3620295896304229
Arrhenius-2D,GA,67,1,12.623543912299862,69.74593677332989,0.0682368278503418,0.47103506686355495
Arrhenius-2D,GA,67,2,12.623543912299862,69.74593677332989,0.07444286346435547,0.48086948005026753
Arrhenius-2D,GA,67,3,13.076659023860099,72.24942993614408,0.0777430534362793,0.435216573553754
Arrhenius-2D,GA,67,4,15.064428084057488,83.2319951265266,0.07972097396850586,0.3968173023194597
Arrhenius-2D,GA,67,5,16.599568828445385,91.7137567351806,0.07977032661437988,0.3678618649950764
Arrhenius-2D,GA,67,6,16.599568828445385,91.7137567351806,0.08039999008178711,0.3591228610955512
Arrhenius-2D,GA,67,7,16.599568828445385,91.7137567351806,0.0868539810180664,0.3380087417630943
Arrhenius-2D,GA,67,8,16.599568828445385,91.7137567351806,0.09404802322387695,0.3279184389726769
Arrhenius-2D,GA,67,9,16.599568828445385,91.7137567351806,0.08713912963867188,0.3134646827643826
Arrhenius-2D,GA,67,10,16.599568828445385,91.7137567351806,0.09038925170898438,0.29837285492208443
Arrhenius-2D,GA,67,11,16.646668476823947,91.97398563657535,0.0887458324432373,0.29610597842963243
Arrhenius-2D,GA,67,12,16.646668476823947,91.97398563657535,0.08861303329467773,0.29434219189562644
Arrhenius-2D,GA,67,13,16.646668476823947,91.97398563657535,0.09117507934570312,0.28603149251580123
Arrhenius-2D,GA,67,14,16.646668476823947,91.97398563657535,0.09142112731933594,0.28199385932641013
Arrhenius-2D,GA,67,15,17.306567202952372,95.61997295163907,0.09421205520629883,0.2768296597214802
Arrhenius-2D,GA,67,16,17.306567202952372,95.61997295163907,0.09467816352844238,0.274496999203239
Arrhenius-2D,GA,67,17,17.306567202952372,95.61997295163907,0.0940251350402832,0.26960946560288307
Arrhenius-2D,GA,67,18,17.306567202952372,95.61997295163907,0.09552526473999023,0.26466341699038615
Arrhenius-2D,GA,67,19,17.306567202952372,95.61997295163907,0.09739112854003906,0.26655269520478064
Arrhenius-2D,Random,67,-1,0.05890916151039271,0.325437678637218,0.0,0.0
Arrhenius-2D,Random,67,0,10.529263687548411,58.17488983642981,0.04200911521911621,0.6292632331552873
Arrhenius-2D,Random,67,1,10.529263687548411,58.17488983642981,0.04246401786804199,0.5188307537052168
Arrhenius-2D,Random,67,2,10.529263687548411,58.17488983642981,0.042677879333496094,0.5110210041247781
Arrhenius-2D,Random,67,3,10.529263687548411,58.17488983642981,0.04470396041870117,0.49825850536720095
Arrhenius-2D,Random,67,4,10.529263687548411,58.17488983642981,0.04343986511230469,0.5189090914423236
Arrhenius-2D,Random,67,5,10.529263687548411,58.17488983642981,0.04446005821228027,0.5161437254114362
Arrhenius-2D,Random,67,6,10.529263687548411,58.17488983642981,0.04474020004272461,0.5143707641320375
Arrhenius-2D,Random,67,7,13.236243028247577,73.13114289094463,0.04496502876281738,0.5099102241496918
Arrhenius-2D,Random,67,8,13.236243028247577,73.13114289094463,0.04503917694091797,0.5108012438791001
Arrhenius-2D,Random,67,9,13.236243028247577,73.13114289094463,0.04500412940979004,0.49649908799722703
Arrhenius-2D,Random,67,10,13.236243028247577,73.13114289094463,0.04597210884094238,0.4948194627769255
Arrhenius-2D,Random,67,11,13.236243028247577,73.13114289094463,0.04673314094543457,0.4977076588641995
Arrhenius-2D,Random,67,12,17.35523936916646,95.8888901257248,0.04730701446533203,0.49641181906895776
Arrhenius-2D,Random,67,13,17.35523936916646,95.8888901257248,0.046715736389160156,0.49321736286093754
Arrhenius-2D,Random,67,14,17.35523936916646,95.8888901257248,0.04747200012207031,0.4986370037489286
Arrhenius-2D,Random,67,15,17.35523936916646,95.8888901257248,0.04772615432739258,0.502933227145802
Arrhenius-2D,Random,67,16,17.35523936916646,95.8888901257248,0.04905128479003906,0.5033565685810863
Arrhenius-2D,Random,67,17,17.35523936916646,95.8888901257248,0.048796892166137695,0.509187918039029
Arrhenius-2D,Random,67,18,17.35523936916646,95.8888901257248,0.0495758056640625,0.5156618932751187
Arrhenius-2D,Random,67,19,17.35523936916646,95.8888901257248,0.04967617988586426,0.516839841573277
