round,point_idx,candidate_idx,y,strategy,x0,x1
-1,0,43019,0.1926,init,0.7873288527435032,0.6380322156324276
-1,1,46225,0.1253,init,0.8169478065208758,0.4875845198809219
-1,2,10414,0.1978,init,0.8317719899407325,0.4855306579281376
-1,3,75333,0.1874,init,0.8238892892333484,0.48834606420049353
-1,4,74235,0.1995,init,0.8241834198567582,0.5797083054485032
-1,5,54353,0.1984,init,0.743150433107343,0.6400318463988182
-1,6,11461,0.1843,init,0.8021236231010189,0.6252705790044536
-1,7,9750,0.1793,init,0.8096827801226523,0.6727205593889181
0,0,33534,0.1912,global_best,0.8241834198567582,0.5797083054485032
0,1,84440,0.1807,global_best,0.8241834198567582,0.5797083054485032
0,2,61700,0.2191,global_best,0.8241834198567582,0.6198163062792788
0,3,37550,0.2376,global_best,0.8241834198567584,0.5797083054485032
0,4,16678,0.218,local_best,0.8241834198567582,0.5494311494703803
0,5,83299,0.187,local_best,0.7800638263452797,0.5453118870145153
0,6,45995,0.2107,unexplored,0.6772137006044383,0.6473588258371216
0,7,39692,0.2494,unexplored,0.7948880097651366,0.6528534834883342
1,0,85738,0.2106,global_best,0.7948880097651366,0.7113654720420923
1,1,71589,0.2199,global_best,0.7948880097651366,0.7041631089469915
1,2,68979,0.2216,global_best,0.7948880097651366,0.675939814921653
1,3,43076,0.2596,global_best,0.7876523964292541,0.657120439387995
1,4,33630,0.2331,local_best,0.8021236231010191,0.6834191032238707
1,5,66018,0.1993,unexplored,0.7727987999470564,0.6653589642997251
1,6,46993,0.2261,unexplored,0.7803579569686898,0.8061315856275814
2,0,32906,0.2564,global_best,0.8097121931849933,0.5808852375787503
2,1,33084,0.2737,global_best,0.7803873700310304,0.4823460180462924
2,2,97701,0.2918,global_best,0.7803873700310306,0.48253063485103703
2,3,14920,0.257,global_best,0.7803873700310306,0.6609143147254976
2,4,16236,0.2608,local_best,0.7876523964292543,0.6571204393879949
2,5,41103,0.2728,local_best,0.7876523964292541,0.657120439387995
2,6,39772,0.2074,unexplored,0.7876229833669132,0.6533127177901366
2,7,93324,0.199,unexplored,0.7876229833669132,0.6533127177901366
3,0,13894,0.2859,global_best,0.6993029104225185,0.48452680405233856
3,1,6423,0.2943,global_best,0.5961586540582674,0.45614197032284837
3,2,80080,0.2925,global_best,0.6920672970866361,0.4989730690236076
3,3,35575,0.2824,global_best,0.8024471667867699,0.5130962545865735
3,4,42595,0.2997,local_best,0.7803873700310306,0.4989730690236076
3,5,40526,0.2898,unexplored,0.7727987999470564,0.49194609189301425
3,6,79144,0.2805,unexplored,0.765563186611174,0.607467749751921
4,0,47266,0.3163,global_best,0.5961586540582672,0.47276902130016357
4,1,52514,0.2876,global_best,0.4857787843581334,0.41429164839729515
4,2,94228,0.297,global_best,0.6109828374781241,0.5013384718343985
4,3,85099,0.2971,global_best,0.5150741944497551,0.4944961115085498
4,4,37744,0.3063,local_best,0.7803873700310306,0.4989730690236076
4,5,99669,0.3373,local_best,0.5150741944497551,0.5415849352687325
4,6,57474,0.272,unexplored,0.7948880097651364,0.3876375972122861
4,7,24386,0.2793,unexplored,0.7948880097651364,0.38763759721228613
5,0,7468,0.3505,global_best,0.4122534817712546,0.6582627558673526
5,1,75625,0.3526,global_best,0.3977528420371487,0.7749405764659725
5,2,2264,0.327,global_best,0.4122534817712546,0.627800983084485
5,3,33536,0.3092,global_best,0.4564245481418297,0.6516627050977312
5,4,9572,0.5048,local_best,0.0,0.6399049223455562
5,5,14203,0.3159,local_best,0.5005735547156491,0.6582627558673526
5,6,63296,0.3437,unexplored,0.1176448960983573,0.5213347794983036
5,7,12571,0.3302,unexplored,0.6627130608703325,0.7416864745113421
6,0,63652,0.3399,global_best,0.007265026398223448,0.5852006553896566
6,1,67674,0.4426,global_best,0.10314425636425137,0.6849168070523617
6,2,20476,0.3796,global_best,0.08076091592276127,0.5826367895137652
6,3,33037,0.3351,global_best,0.07349588952453782,0.5952853483488332
6,4,56882,0.3573,local_best,0.3977528420371487,0.7583135254886573
6,5,34606,0.3882,local_best,0.4125770254570054,0.8033254101954628
6,6,69620,0.3667,unexplored,0.7658573172345836,0.7866983592181475
6,7,10018,0.2893,unexplored,0.7144506375281262,0.7383172178247521
7,0,55131,0.4179,global_best,0.20628851272850268,0.729928691759167
7,1,84588,0.3051,global_best,0.32363927820345006,0.45386887591442987
7,2,42782,0.3641,global_best,0.5892171713457947,0.819952461172778
7,3,83143,0.4107,global_best,0.3094327690927541,0.7749405764659725
7,4,48100,0.3265,local_best,0.4270776651911113,0.6561858168139751
7,5,59997,0.4056,local_best,0.3829286586172919,0.729928691759167
7,6,20558,0.1198,unexplored,0.7362089503948702,0.7682597558442754
7,7,5448,0.1226,unexplored,0.7362089503948702,0.7682597558442754
8,0,86636,0.3553,global_best,0.287049428651264,0.6726605589273761
8,1,1899,0.355,global_best,0.3901936850155154,0.7176724436341815
8,2,99316,0.3545,global_best,0.3901936850155154,0.7010453926568663
8,3,90272,0.322,global_best,0.3753695015956587,0.6726605589273761
8,4,97298,0.3938,local_best,0.2946085856728973,0.7465557427364822
8,5,81194,0.3934,local_best,0.4125770254570054,0.8033254101954628
8,6,26891,0.3395,unexplored,0.633366177919614,0.7768559758151983
8,7,54719,0.336,unexplored,0.5447225612894687,0.5987238363372024
9,0,27727,0.2548,global_best,0.6627130608703323,0.8132716405510808
9,1,34331,0.1965,global_best,0.6627130608703325,0.8465257425057113
9,2,91169,0.1943,global_best,0.6627130608703323,0.829898691528396
9,3,40142,0.1848,global_best,0.6627130608703323,0.8132716405510808
9,4,35101,0.3922,local_best,0.3977528420371487,0.7915676274432877
9,5,66913,0.3957,local_best,0.5157212818212568,0.8649643458795834
9,6,56969,0.2839,unexplored,0.6037178110799004,0.6872245171116698
9,7,79676,0.3025,unexplored,0.529927790931953,0.528961761244317
10,0,36273,0.3624,global_best,0.7071856111299029,0.8933491796090737
10,1,79218,0.3666,global_best,0.8103298674941543,0.9549881152931945
10,2,25168,0.375,global_best,0.7071856111299029,0.909976230586389
10,3,16492,0.379,global_best,0.8251540509140107,0.9833729490226846
10,4,73211,0.3783,local_best,0.5008970984014001,0.8365795121500932
10,5,54392,0.3901,local_best,0.5157212818212568,0.8483372949022682
10,6,96874,0.3632,unexplored,0.7220097945497594,0.921734013338564
10,7,41378,0.3679,unexplored,0.7220097945497594,0.921734013338564
11,0,42574,0.3381,global_best,0.7806815006544405,0.831710243924953
11,1,58446,0.3435,global_best,0.7806815006544406,0.8483372949022682
11,2,35259,0.3486,global_best,0.7806815006544405,0.8483372949022682
11,3,82001,0.3298,global_best,0.7955056840742973,0.909976230586389
11,4,99994,0.3838,local_best,0.5157212818212568,0.831710243924953
11,5,9909,0.3891,local_best,0.6188655381855083,0.8933491796090737
11,6,19604,0.4802,unexplored,0.8968557436357487,0.8100870006692356
11,7,52428,0.3485,unexplored,0.8239334088268601,0.7494173032100244
12,0,10322,0.462,global_best,1.0,0.8550988853760411
12,1,3552,0.4128,global_best,0.9125770254570054,0.9109223917107052
12,2,85663,0.4015,global_best,0.9125770254570054,0.9109223917107052
12,3,50654,0.3901,global_best,0.9125770254570054,0.9109223917107052
12,4,94018,0.3757,local_best,0.6040413547656516,0.8815913968568987
12,5,28307,0.3824,local_best,0.8251540509140107,1.0
12,6,54043,0.3297,unexplored,0.8686559701163287,0.6006392356864281
12,7,35616,0.3259,unexplored,0.8686559701163287,0.6004546188816834
13,0,68070,0.3147,global_best,0.7955056840742973,0.8937414903191561
13,1,18360,0.3121,global_best,0.7955056840742971,0.8604873883645255
13,2,29492,0.3106,global_best,0.7955056840742971,0.8937414903191561
13,3,45062,0.3093,global_best,0.7955056840742971,0.8771144393418409
13,4,57344,0.3169,local_best,0.38292865861729186,0.7303210024692494
13,5,34254,0.2997,local_best,0.6923614277100459,0.8653566565896658
13,6,15238,0.3182,unexplored,0.8175948938923777,0.7670712851637317
13,7,4315,0.3144,unexplored,0.8175948938923777,0.7670712851637317
14,0,33287,0.4063,global_best,0.9125770254570054,0.8942953407333901
14,1,39252,0.4051,global_best,0.9125770254570054,0.9109223917107052
14,2,13534,0.418,global_best,0.8094327690927541,0.8659105070038998
14,3,89045,0.3385,global_best,0.9415783049252173,0.6308471603627717
14,4,62289,0.383,local_best,0.6188655381855083,0.8933491796090737
14,5,85953,0.378,local_best,0.5157212818212568,0.8483372949022682
14,6,71165,0.3261,unexplored,0.64786681765372,0.5824429418687833
14,7,86359,0.2941,unexplored,0.8831566098504344,0.3759490457618902
15,0,16706,0.4465,global_best,0.6031442563642514,0.792513788567604
15,1,678,0.4298,global_best,0.7062885127285028,0.8208986222970942
15,2,89341,0.3997,global_best,0.6914643293086462,0.792513788567604
15,3,65886,0.3906,global_best,0.8977528420371487,0.882537557981215
15,4,4379,0.4117,local_best,0.8094327690927541,0.8659105070038998
15,5,35136,0.3752,local_best,0.5008970984014001,0.819952461172778
15,6,11484,0.3354,unexplored,0.7506875303322206,0.4965961276625202
15,7,5762,0.3006,unexplored,0.743451916996338,0.4473265178962912
16,0,63867,0.2657,global_best,0.882928658617292,0.8566912053169637
16,1,47384,0.3646,global_best,0.8977528420371487,0.8659105070038998
16,2,62204,0.3568,global_best,0.8977528420371487,0.8492834560265845
16,3,64999,0.3955,global_best,0.8977528420371487,0.882537557981215
16,4,56175,0.4306,local_best,0.7062885127285028,0.8375256732744095
16,5,70653,0.4037,local_best,0.8977528420371487,0.882537557981215
16,6,67347,0.276,unexplored,0.6475432739679691,0.3738490296079199
16,7,38988,0.3092,unexplored,0.7651881700663263,0.27153670412849307
17,0,70486,0.3903,global_best,0.7946085856728974,0.8375256732744095
17,1,80085,0.3743,global_best,0.7946085856728974,0.8208986222970942
17,2,77233,0.3994,global_best,0.7946085856728974,0.8375256732744095
17,3,36462,0.3822,global_best,0.7946085856728974,0.8375256732744095
17,4,53541,0.417,local_best,0.8094327690927541,0.882537557981215
17,5,88018,0.373,local_best,0.618865538185508,0.8933491796090737
17,6,58921,0.2767,unexplored,0.529604247246202,0.5305967738213369
17,7,2055,0.3142,unexplored,0.8541553303822227,0.6560242771098237
18,0,15859,0.268,global_best,0.48607291498154337,0.8107331594858419
18,1,41243,0.1193,global_best,0.7510331338147271,0.7774790575312115
18,2,79406,0.2642,global_best,0.48607291498154315,0.7941061085085267
18,3,24480,0.2648,global_best,0.48607291498154337,0.7941061085085267
18,4,66575,0.4177,local_best,0.8094327690927541,0.8659105070038998
18,5,61815,0.3796,local_best,0.7220097945497594,0.9383610643158792
18,6,1947,0.3127,unexplored,0.8538317866964718,0.5722544019569379
18,7,60514,0.3405,unexplored,0.8538317866964718,0.6123624027877135
19,0,71250,0.3596,global_best,0.8829286586172918,0.8375256732744094
19,1,85427,0.3049,global_best,0.559568804506081,0.6966745898045367
19,2,86132,0.415,global_best,0.8829286586172918,0.8208986222970942
19,3,1315,0.3506,global_best,0.38292865861729186,0.729928691759167
19,4,66035,0.3768,local_best,0.8977528420371487,0.8659105070038998
19,5,96280,0.3704,local_best,0.618865538185508,0.8767221286317585
19,6,70964,0.2243,unexplored,0.6028207126785007,0.6527704059261992
19,7,50885,0.2991,unexplored,0.8610968130946952,0.2979253686566818
-1,0,43019,0.1926,init,0.7873288527435032,0.6380322156324276
-1,1,46225,0.1253,init,0.8169478065208758,0.4875845198809219
-1,2,10414,0.1978,init,0.8317719899407325,0.4855306579281376
-1,3,75333,0.1874,init,0.8238892892333484,0.48834606420049353
-1,4,74235,0.1995,init,0.8241834198567582,0.5797083054485032
-1,5,54353,0.1984,init,0.743150433107343,0.6400318463988182
-1,6,11461,0.1843,init,0.8021236231010189,0.6252705790044536
-1,7,9750,0.1793,init,0.8096827801226523,0.6727205593889181
0,0,33534,0.1912,recommended,0.8241834198567582,0.5797083054485032
0,1,7729,0.1917,recommended,0.8241834198567582,0.5797083054485032
0,2,37550,0.2376,recommended,0.8241834198567584,0.5797083054485032
0,3,61700,0.2191,recommended,0.8241834198567582,0.6198163062792788
0,4,84440,0.1807,recommended,0.8241834198567582,0.5797083054485032
0,5,12183,0.2328,recommended,0.8241834198567582,0.5492465326656356
0,6,64839,0.2574,recommended,0.8241834198567582,0.5492465326656356
0,7,71497,0.2167,recommended,0.8241834198567582,0.5492465326656357
1,0,94911,0.165,recommended,0.8314484462549816,0.41672628250986526
1,1,15693,0.1766,recommended,0.8314484462549816,0.41672628250986526
1,2,67754,0.1946,recommended,0.8314484462549818,0.5179966768975144
1,3,93587,0.1937,recommended,0.8314484462549818,0.55810467772829
1,4,6764,0.2083,recommended,0.8314484462549816,0.45683428334064086
1,5,88736,0.1926,recommended,0.8169478065208758,0.5498465372810557
1,6,32309,0.2238,recommended,0.8314484462549818,0.55810467772829
1,7,49574,0.1684,recommended,0.8242128329190993,0.46872706713128537
2,0,3169,0.3187,recommended,0.853508243010721,0.539011838552604
2,1,5170,0.2904,recommended,0.8462726296748385,0.5340814160108921
2,2,60285,0.2832,recommended,0.839037016338956,0.4969653612720096
2,3,38506,0.2569,recommended,0.8241834198567582,0.5490619158608909
2,4,80332,0.2622,recommended,0.8241834198567582,0.5490619158608909
2,5,92951,0.3068,recommended,0.8462726296748383,0.5366464357418131
2,6,88551,0.304,recommended,0.8462726296748383,0.5366464357418131
2,7,51028,0.3096,recommended,0.8462726296748383,0.5366464357418131
3,0,31445,0.2732,recommended,0.8320955336264833,0.6195624581727548
3,1,83330,0.2908,recommended,0.8320955336264833,0.6195624581727549
3,2,31075,0.3132,recommended,0.82483050722826,0.7745944199570762
3,3,94210,0.3186,recommended,0.8248305072282598,0.757967368979761
3,4,55792,0.3078,recommended,0.8248305072282598,0.757967368979761
3,5,27488,0.2263,recommended,0.8100063238084031,0.7819906306971588
3,6,95397,0.3348,recommended,0.8103298674941538,0.9051069623612488
3,7,39062,0.2862,recommended,0.8175948938923775,0.7667020515542424
4,0,37836,0.3467,recommended,0.810329867494154,0.9383610643158792
4,1,87734,0.3547,recommended,0.810329867494154,0.9383610643158792
4,2,60965,0.3426,recommended,0.810329867494154,0.9383610643158792
4,3,35696,0.3541,recommended,0.810329867494154,0.9383610643158792
4,4,5946,0.3317,recommended,0.810329867494154,0.9051069623612488
4,5,23889,0.3457,recommended,0.810329867494154,0.9383610643158792
4,6,65273,0.3359,recommended,0.810329867494154,0.9383610643158792
4,7,69791,0.3518,recommended,0.810329867494154,0.9383610643158792
5,0,38291,0.3608,recommended,0.810329867494154,0.9383610643158792
5,1,32921,0.3696,recommended,0.810329867494154,0.9383610643158792
5,2,55545,0.3587,recommended,0.810329867494154,0.9383610643158792
5,3,17590,0.318,recommended,0.810329867494154,0.921734013338564
5,4,56143,0.3224,recommended,0.810329867494154,0.921734013338564
5,5,681,0.3456,recommended,0.810329867494154,0.9383610643158792
5,6,43515,0.3453,recommended,0.810329867494154,0.9383610643158792
5,7,75101,0.3657,recommended,0.810329867494154,0.921734013338564
6,0,16507,0.3411,recommended,0.7955056840742973,0.909976230586389
6,1,41801,0.3189,recommended,0.7955056840742971,0.8767221286317585
6,2,22033,0.3481,recommended,0.7955056840742973,0.8933491796090737
6,3,85511,0.3472,recommended,0.7955056840742973,0.8933491796090737
6,4,13575,0.3156,recommended,0.7955056840742973,0.8767221286317585
6,5,99912,0.3408,recommended,0.7955056840742973,0.8933491796090737
6,6,19027,0.335,recommended,0.7955056840742973,0.8933491796090737
6,7,54191,0.3667,recommended,0.7955056840742971,0.8933491796090737
7,0,11995,0.3389,recommended,0.7955056840742973,0.909976230586389
7,1,80533,0.26,recommended,0.7955056840742973,0.9291417626289432
7,2,35803,0.265,recommended,0.7806815006544405,0.9007569288994529
7,3,99683,0.1884,recommended,0.7806815006544405,0.8866683589873766
7,4,51648,0.256,recommended,0.7806815006544405,0.9007569288994529
7,5,30149,0.2569,recommended,0.7806815006544406,0.9032954099646919
7,6,42894,0.2545,recommended,0.7806815006544405,0.8866683589873766
7,7,37378,0.2562,recommended,0.7806815006544405,0.9032954099646919
8,0,25176,0.338,recommended,0.7955056840742971,0.8933491796090737
8,1,68930,0.3378,recommended,0.7955056840742971,0.8933491796090737
8,2,18893,0.3362,recommended,0.7955056840742973,0.8933491796090737
8,3,58900,0.3348,recommended,0.7955056840742973,0.8933491796090737
8,4,2941,0.3222,recommended,0.7955056840742971,0.8933491796090737
8,5,18308,0.3445,recommended,0.7955056840742973,0.8933491796090737
8,6,72521,0.3352,recommended,0.7955056840742971,0.8933491796090737
8,7,32105,0.3254,recommended,0.7955056840742973,0.8933491796090737
9,0,65950,0.361,recommended,0.7071856111299029,0.8933491796090737
9,1,69155,0.3715,recommended,0.7071856111299029,0.8933491796090737
9,2,36273,0.3624,recommended,0.7071856111299029,0.8933491796090737
9,3,55299,0.3616,recommended,0.7071856111299029,0.8933491796090737
9,4,65439,0.3696,recommended,0.7071856111299029,0.8933491796090737
9,5,3232,0.3778,recommended,0.7071856111299029,0.8933491796090737
9,6,40727,0.33,recommended,0.7071856111299026,0.8933491796090737
9,7,36369,0.3562,recommended,0.7071856111299029,0.8933491796090737
10,0,33287,0.4063,recommended,0.9125770254570054,0.8942953407333901
10,1,50654,0.3901,recommended,0.9125770254570054,0.9109223917107052
10,2,85663,0.4015,recommended,0.9125770254570054,0.9109223917107052
10,3,3552,0.4128,recommended,0.9125770254570054,0.9109223917107052
10,4,39252,0.4051,recommended,0.9125770254570054,0.9109223917107052
10,5,60650,0.3478,recommended,0.8027707104725208,0.8977199824614034
10,6,94018,0.3757,recommended,0.6040413547656516,0.8815913968568987
10,7,31506,0.3053,recommended,0.8462726296748385,0.5513927030207921
11,0,53541,0.417,recommended,0.8094327690927541,0.882537557981215
11,1,16685,0.3104,recommended,0.8831566098504344,0.37576442895714557
11,2,19603,0.2987,recommended,0.8831566098504346,0.32886022200170756
11,3,86359,0.2941,recommended,0.8831566098504344,0.3759490457618902
11,4,6414,0.3161,recommended,0.8831566098504344,0.3453026561742781
11,5,22860,0.2877,recommended,0.8831566098504344,0.3451180393695334
11,6,10053,0.3048,recommended,0.8831566098504346,0.3453026561742781
11,7,43676,0.3242,recommended,0.8831566098504344,0.3759490457618902
12,0,64999,0.3955,recommended,0.8977528420371487,0.882537557981215
12,1,65886,0.3906,recommended,0.8977528420371487,0.882537557981215
12,2,95755,0.3574,recommended,0.8977528420371487,0.882537557981215
12,3,70653,0.4037,recommended,0.8977528420371487,0.882537557981215
12,4,66575,0.4177,recommended,0.8094327690927541,0.8659105070038998
12,5,4379,0.4117,recommended,0.8094327690927541,0.8659105070038998
12,6,97930,0.3481,recommended,0.8027707104725208,0.8810929314840881
12,7,68310,0.348,recommended,0.8027707104725208,0.8810929314840881
13,0,678,0.4298,recommended,0.7062885127285028,0.8208986222970942
13,1,56175,0.4306,recommended,0.7062885127285028,0.8375256732744095
13,2,70486,0.3903,recommended,0.7946085856728974,0.8375256732744095
13,3,62204,0.3568,recommended,0.8977528420371487,0.8492834560265845
13,4,13534,0.418,recommended,0.8094327690927541,0.8659105070038998
13,5,33367,0.2584,recommended,0.8320955336264833,0.8453718874760572
13,6,96816,0.3505,recommended,0.882928658617292,0.8208986222970942
13,7,10322,0.462,recommended,1.0,0.8550988853760411
14,0,16706,0.4465,recommended,0.6031442563642514,0.792513788567604
14,1,62387,0.3493,recommended,0.7207891524626088,0.7044054185032189
14,2,37697,0.3162,recommended,0.7135535391267263,0.6551358087369901
14,3,65681,0.3237,recommended,0.7135535391267263,0.669882076015969
14,4,82462,0.347,recommended,0.7207891524626088,0.6739436457203514
14,5,19604,0.4802,recommended,0.8968557436357487,0.8100870006692356
14,6,3524,0.3224,recommended,0.633366177919614,0.7764867422057089
14,7,35303,0.3336,recommended,0.633366177919614,0.7766713590104537
15,0,89341,0.3997,recommended,0.6914643293086462,0.792513788567604
15,1,87,0.3472,recommended,0.9270776651911113,0.7944291879168298
15,2,5408,0.3492,recommended,0.9270776651911113,0.7944291879168298
15,3,34606,0.3882,recommended,0.4125770254570054,0.8033254101954628
15,4,23416,0.351,recommended,0.9270776651911113,0.7942445711120851
15,5,39969,0.3365,recommended,0.9270776651911113,0.7942445711120851
15,6,17864,0.345,recommended,0.9270776651911113,0.7942445711120851
15,7,53653,0.3428,recommended,0.9270776651911113,0.7942445711120851
16,0,9572,0.5048,recommended,0.0,0.6399049223455562
16,1,67674,0.4426,recommended,0.10314425636425137,0.6849168070523617
16,2,85953,0.378,recommended,0.5157212818212568,0.8483372949022682
16,3,55131,0.4179,recommended,0.20628851272850268,0.729928691759167
16,4,54392,0.3901,recommended,0.5157212818212568,0.8483372949022682
16,5,83143,0.4107,recommended,0.3094327690927541,0.7749405764659725
16,6,88018,0.373,recommended,0.618865538185508,0.8933491796090737
16,7,96280,0.3704,recommended,0.618865538185508,0.8767221286317585
17,0,12914,0.3271,recommended,0.3018736120711208,0.5586389126070198
17,1,36293,0.313,recommended,0.4050178684353721,0.6034661805090805
17,2,33536,0.3092,recommended,0.4564245481418297,0.6516627050977312
17,3,53112,0.3249,recommended,0.4050178684353722,0.6036507973138252
17,4,63296,0.3437,recommended,0.1176448960983573,0.5213347794983036
17,5,72726,0.2723,recommended,0.5075738635528039,0.40555696582281375
17,6,18104,0.3121,recommended,0.4785137579599099,0.5584542958022751
17,7,1235,0.3294,recommended,0.47851375795991014,0.5748967299748458
18,0,35101,0.3922,recommended,0.3977528420371487,0.7915676274432877
18,1,59997,0.4056,recommended,0.3829286586172919,0.729928691759167
18,2,1315,0.3506,recommended,0.38292865861729186,0.729928691759167
18,3,97298,0.3938,recommended,0.2946085856728973,0.7465557427364822
18,4,75625,0.3526,recommended,0.3977528420371487,0.7749405764659725
18,5,56882,0.3573,recommended,0.3977528420371487,0.7583135254886573
18,6,82550,0.3511,recommended,0.8027707104725208,0.8644658805067729
18,7,98253,0.3917,recommended,0.48607291498154337,0.7749405764659725
19,0,47527,0.3537,recommended,0.8901936850155154,0.8086423741721087
19,1,96874,0.3632,recommended,0.7220097945497594,0.921734013338564
19,2,86258,0.3613,recommended,0.8251540509140105,0.9501188470680542
19,3,85557,0.3692,recommended,0.8251540509140107,0.9667458980453696
19,4,99994,0.3838,recommended,0.5157212818212568,0.831710243924953
19,5,68164,0.3687,recommended,0.7220097945497594,0.921734013338564
19,6,81194,0.3934,recommended,0.4125770254570054,0.8033254101954628
19,7,62126,0.3554,recommended,0.5743929879259377,0.7583135254886573
-1,0,43019,0.1926,init,0.7873288527435032,0.6380322156324276
-1,1,46225,0.1253,init,0.8169478065208758,0.4875845198809219
-1,2,10414,0.1978,init,0.8317719899407325,0.4855306579281376
-1,3,75333,0.1874,init,0.8238892892333484,0.48834606420049353
-1,4,74235,0.1995,init,0.8241834198567582,0.5797083054485032
-1,5,54353,0.1984,init,0.743150433107343,0.6400318463988182
-1,6,11461,0.1843,init,0.8021236231010189,0.6252705790044536
-1,7,9750,0.1793,init,0.8096827801226523,0.6727205593889181
0,0,52379,0.2147,recommended,0.8169478065208756,0.5400849237301822
0,1,9716,0.2135,recommended,0.8169478065208756,0.5400849237301822
0,2,16055,0.2093,recommended,0.8169478065208756,0.5347425749428839
0,3,36137,0.2065,recommended,0.8169478065208756,0.5347425749428839
0,4,29213,0.2014,recommended,0.8241834198567582,0.50913853183486
0,5,65129,0.2528,recommended,0.8169478065208758,0.4835344887268361
0,6,73784,0.172,recommended,0.8169478065208758,0.45986892206863106
0,7,45202,0.2138,recommended,0.8169478065208758,0.5652043477257515
1,0,18090,0.2232,recommended,0.7727987999470564,0.4812267786675279
1,1,84561,0.1872,recommended,0.7727987999470564,0.4812267786675279
1,2,97532,0.2545,recommended,0.7948880097651366,0.48266563588950656
1,3,79543,0.2527,recommended,0.7948880097651366,0.48266563588950656
1,4,67194,0.1938,recommended,0.8169772195832168,0.42044169570535145
1,5,57568,0.2244,recommended,0.7727987999470564,0.4812267786675279
1,6,11207,0.2265,recommended,0.7727987999470564,0.4812267786675279
1,7,66230,0.1977,recommended,0.7727987999470564,0.4812267786675279
2,0,67053,0.1251,recommended,0.8169478065208756,0.29162532019477067
2,1,8777,0.2013,recommended,0.8169478065208758,0.2574365956661205
2,2,62008,0.2484,recommended,0.8021236231010189,0.481399856921976
2,3,46631,0.2251,recommended,0.8169478065208758,0.30806775436734124
2,4,69545,0.2553,recommended,0.8021236231010191,0.22886714513188558
2,5,61461,0.2434,recommended,0.8097121931849933,0.45517273209793907
2,6,10456,0.2578,recommended,0.7948880097651364,0.42678789836844877
2,7,27015,0.2634,recommended,0.8169478065208758,0.30806775436734124
3,0,73432,0.2072,recommended,0.8094180625615836,0.18412872406710803
3,1,59938,0.2657,recommended,0.8169478065208756,0.30806775436734124
3,2,77716,0.267,recommended,0.8169478065208756,0.30806775436734124
3,3,7319,0.2442,recommended,0.839037016338956,0.17217824752498107
3,4,2467,0.2219,recommended,0.8169478065208758,0.30806775436734124
3,5,75247,0.2393,recommended,0.8314778593173228,0.2993999953845797
3,6,21013,0.2507,recommended,0.8314778593173228,0.29939999538457973
3,7,15566,0.2606,recommended,0.839037016338956,0.4506957745828811
4,0,99820,0.2115,recommended,0.8390370163389558,0.45069577458288124
4,1,5589,0.2743,recommended,0.8097121931849935,0.6139985692197629
4,2,27046,0.2764,recommended,0.8097121931849935,0.6139985692197629
4,3,70335,0.2697,recommended,0.8097121931849933,0.6155101193086098
4,4,25291,0.2991,recommended,0.8538611997588127,0.5002307710059306
4,5,53986,0.1926,recommended,0.839037016338956,0.4105877737521056
4,6,236,0.2119,recommended,0.8462726296748385,0.4545727274825188
4,7,60944,0.29,recommended,0.8097121931849933,0.716780513696259
5,0,59105,0.2709,recommended,0.8465961733605895,0.5526965592043013
5,1,38374,0.3168,recommended,0.846596173360589,0.7130824083262175
5,2,80955,0.2979,recommended,0.8393605600247067,0.6473703643874181
5,3,8846,0.3102,recommended,0.8686559701163287,0.5088846837283361
5,4,68537,0.2679,recommended,0.8465961733605892,0.5525119423995567
5,5,77203,0.2732,recommended,0.8465961733605895,0.5525119423995567
5,6,13687,0.2649,recommended,0.8465961733605892,0.5525119423995567
5,7,50839,0.3094,recommended,0.8686559701163287,0.5088846837283361
6,0,59970,0.317,recommended,0.8541553303822227,0.6864860498926911
6,1,16377,0.317,recommended,0.8541553303822227,0.7029284840652616
6,2,38834,0.3226,recommended,0.8541553303822227,0.6864860498926911
6,3,33725,0.3276,recommended,0.8541553303822227,0.6560242771098237
6,4,22333,0.3121,recommended,0.8541553303822227,0.6724667112823942
6,5,16345,0.1938,recommended,0.824506963542509,0.6872591327625595
6,6,13260,0.3319,recommended,0.8541553303822225,0.6864860498926911
6,7,31239,0.3197,recommended,0.8541553303822227,0.6864860498926911
7,0,11869,0.3073,recommended,0.839331146962366,0.6743590335310268
7,1,43175,0.3224,recommended,0.839331146962366,0.6743590335310268
7,2,8450,0.3233,recommended,0.82483050722826,0.7745944199570762
7,3,34789,0.3256,recommended,0.8248305072282598,0.7745944199570762
7,4,42019,0.3284,recommended,0.82483050722826,0.7745944199570762
7,5,98364,0.3287,recommended,0.8248305072282598,0.7745944199570762
7,6,95471,0.3266,recommended,0.8541553303822227,0.6560242771098237
7,7,28608,0.351,recommended,0.810329867494154,0.921734013338564
8,0,51893,0.3782,recommended,0.8103298674941543,0.9716151662705095
8,1,79218,0.3666,recommended,0.8103298674941543,0.9549881152931945
8,2,81361,0.3704,recommended,0.8103298674941543,0.9549881152931945
8,3,19711,0.374,recommended,0.810329867494154,0.9383610643158792
8,4,77421,0.3786,recommended,0.810329867494154,0.9549881152931945
8,5,62984,0.3694,recommended,0.810329867494154,0.9549881152931945
8,6,92102,0.3462,recommended,0.810329867494154,0.921734013338564
8,7,24073,0.3538,recommended,0.810329867494154,0.921734013338564
9,0,1480,0.3334,recommended,0.7955056840742973,0.9266032815637041
9,1,61768,0.351,recommended,0.7955056840742973,0.8933491796090737
9,2,91882,0.3566,recommended,0.7955056840742973,0.8933491796090737
9,3,61865,0.3562,recommended,0.7955056840742973,0.8933491796090737
9,4,91985,0.3311,recommended,0.7955056840742973,0.8933491796090737
9,5,65466,0.3543,recommended,0.7955056840742973,0.8933491796090737
9,6,20251,0.3332,recommended,0.7955056840742973,0.8933491796090737
9,7,20010,0.3649,recommended,0.7955056840742973,0.8933491796090737
10,0,12362,0.3625,recommended,0.7071856111299029,0.9266032815637041
10,1,33696,0.3506,recommended,0.7955056840742973,0.8767221286317585
10,2,23032,0.3575,recommended,0.7955056840742973,0.8933491796090737
10,3,9753,0.3542,recommended,0.7955056840742973,0.8933491796090737
10,4,4698,0.3305,recommended,0.7955056840742973,0.8767221286317585
10,5,83860,0.3373,recommended,0.7955056840742973,0.8767221286317585
10,6,97854,0.351,recommended,0.7955056840742973,0.8767221286317585
10,7,54245,0.3415,recommended,0.7955056840742973,0.8933491796090737
11,0,10124,0.2608,recommended,0.7955056840742973,0.9457688136062582
11,1,70132,0.2588,recommended,0.7955056840742973,0.9457688136062582
11,2,49194,0.2585,recommended,0.7955056840742973,0.9457688136062582
11,3,59430,0.2648,recommended,0.7955056840742971,0.9291417626289432
11,4,65182,0.2503,recommended,0.7955056840742973,0.9457688136062582
11,5,84749,0.2628,recommended,0.7955056840742971,0.9291417626289432
11,6,98484,0.2544,recommended,0.7955056840742976,0.9457688136062582
11,7,16645,0.2642,recommended,0.7955056840742973,0.9291417626289432
12,0,3552,0.4128,recommended,0.9125770254570054,0.9109223917107052
12,1,36462,0.3822,recommended,0.7946085856728974,0.8375256732744095
12,2,77233,0.3994,recommended,0.7946085856728974,0.8375256732744095
12,3,85557,0.3692,recommended,0.8251540509140107,0.9667458980453696
12,4,70653,0.4037,recommended,0.8977528420371487,0.882537557981215
12,5,70486,0.3903,recommended,0.7946085856728974,0.8375256732744095
12,6,89341,0.3997,recommended,0.6914643293086462,0.792513788567604
12,7,65886,0.3906,recommended,0.8977528420371487,0.882537557981215
13,0,10322,0.462,recommended,1.0,0.8550988853760411
13,1,19604,0.4802,recommended,0.8968557436357487,0.8100870006692356
13,2,5408,0.3492,recommended,0.9270776651911113,0.7944291879168298
13,3,87,0.3472,recommended,0.9270776651911113,0.7944291879168298
13,4,95740,0.3309,recommended,0.8091092254070031,0.7208478526757895
13,5,85663,0.4015,recommended,0.9125770254570054,0.9109223917107052
13,6,23416,0.351,recommended,0.9270776651911113,0.7942445711120851
13,7,39969,0.3365,recommended,0.9270776651911113,0.7942445711120851
14,0,22618,0.2356,recommended,0.8315072723796639,0.41818013984722935
14,1,54581,0.2502,recommended,0.8166830889598072,0.3896106893129945
14,2,42893,0.2235,recommended,0.8166830889598072,0.4095146885745272
14,3,45984,0.2552,recommended,0.8315072723796639,0.40743774952114986
14,4,2553,0.2092,recommended,0.8094474756239247,0.34034107954676557
14,5,72726,0.2723,recommended,0.5075738635528039,0.40555696582281375
14,6,67233,0.2731,recommended,0.7138623762813067,0.5062885099116144
14,7,98708,0.2737,recommended,0.7138623762813067,0.5260078923684026
15,0,86132,0.415,recommended,0.8829286586172918,0.8208986222970942
15,1,72282,0.3523,recommended,0.5964821977440181,0.8076962130477924
15,2,88032,0.3515,recommended,0.882928658617292,0.8208986222970942
15,3,13824,0.316,recommended,0.38292865861729186,0.7136939514919343
15,4,48475,0.3143,recommended,0.48607291498154315,0.7587058361987397
15,5,96816,0.3505,recommended,0.882928658617292,0.8208986222970942
15,6,43617,0.3222,recommended,0.17664014588878926,0.6402972330556386
15,7,54169,0.3166,recommended,0.5892171713457947,0.8203447718828604
16,0,17576,0.3602,recommended,0.7955056840742973,0.8767221286317585
16,1,50779,0.3756,recommended,0.7955056840742973,0.8767221286317585
16,2,86275,0.3509,recommended,0.7806815006544406,0.831710243924953
16,3,88417,0.3653,recommended,0.7806815006544405,0.831710243924953
16,4,85646,0.3196,recommended,0.8100063238084031,0.7931137931830241
16,5,74565,0.351,recommended,0.7955056840742973,0.8933491796090737
16,6,80856,0.3673,recommended,0.7806815006544405,0.831710243924953
16,7,81560,0.3501,recommended,0.7806815006544405,0.831710243924953
17,0,89045,0.3385,recommended,0.9415783049252173,0.6308471603627717
17,1,18339,0.333,recommended,0.7879465270526641,0.8360810467772826
17,2,82550,0.3511,recommended,0.8027707104725208,0.8644658805067729
17,3,426,0.3207,recommended,0.7879465270526641,0.8360810467772826
17,4,13624,0.2117,recommended,0.8100063238084031,0.798617681674474
17,5,9817,0.3182,recommended,0.7879465270526639,0.8360810467772826
17,6,82260,0.3331,recommended,0.7879465270526641,0.8360810467772826
17,7,27756,0.3104,recommended,0.7879465270526639,0.8194539957999674
18,0,16706,0.4465,recommended,0.6031442563642514,0.792513788567604
18,1,50654,0.3901,recommended,0.9125770254570054,0.9109223917107052
18,2,66399,0.3074,recommended,0.8248305072282598,0.821683243717259
18,3,56498,0.3043,recommended,0.8248305072282598,0.8052408095446885
18,4,61021,0.2287,recommended,0.8683324264305777,0.3997876906745434
18,5,68044,0.2896,recommended,0.9198420518552288,0.7394479957538131
18,6,63,0.2162,recommended,0.8683324264305776,0.3996030738697987
18,7,18668,0.2074,recommended,0.8683324264305776,0.35269886691436064
19,0,9572,0.5048,recommended,0.0,0.6399049223455562
19,1,81194,0.3934,recommended,0.4125770254570054,0.8033254101954628
19,2,55131,0.4179,recommended,0.20628851272850268,0.729928691759167
19,3,85953,0.378,recommended,0.5157212818212568,0.8483372949022682
19,4,99994,0.3838,recommended,0.5157212818212568,0.831710243924953
19,5,13534,0.418,recommended,0.8094327690927541,0.8659105070038998
19,6,83143,0.4107,recommended,0.3094327690927541,0.7749405764659725
19,7,67674,0.4426,recommended,0.10314425636425137,0.6849168070523617
-1,0,43019,0.1926,init,0.7873288527435032,0.6380322156324276
-1,1,46225,0.1253,init,0.8169478065208758,0.4875845198809219
-1,2,10414,0.1978,init,0.8317719899407325,0.4855306579281376
-1,3,75333,0.1874,init,0.8238892892333484,0.48834606420049353
-1,4,74235,0.1995,init,0.8241834198567582,0.5797083054485032
-1,5,54353,0.1984,init,0.743150433107343,0.6400318463988182
-1,6,11461,0.1843,init,0.8021236231010189,0.6252705790044536
-1,7,9750,0.1793,init,0.8096827801226523,0.6727205593889181
0,0,84003,0.1754,recommended,0.787622983366913,0.5948814990884542
0,1,19359,0.2157,recommended,0.8241834198567582,0.48978838298756117
0,2,23437,0.2916,recommended,0.7876229833669132,0.5480580619850919
0,3,35581,0.2993,recommended,0.7727987999470564,0.5656635820275537
0,4,55124,0.2255,recommended,0.8097121931849933,0.5973045946507277
0,5,96124,0.3057,recommended,0.728951277262232,0.5800775390579924
0,6,52271,0.2512,recommended,0.7806815006544405,0.8841298779221376
0,7,86037,0.2525,recommended,0.7948880097651366,0.6844437264902035
1,0,69055,0.3002,recommended,0.8317719899407325,0.49423072485172936
1,1,12425,0.327,recommended,0.8100063238084033,0.8097408441603393
1,2,69638,0.2871,recommended,0.8172713502066266,0.5802621558627371
1,3,80917,0.3093,recommended,0.8172713502066268,0.6220086308356215
1,4,58785,0.31,recommended,0.824506963542509,0.6130893314563955
1,5,3993,0.2984,recommended,0.8535082430107209,0.31862552788867593
1,6,41616,0.2301,recommended,0.8393311469623658,0.6800475388272215
1,7,42898,0.3226,recommended,0.5743929879259377,0.7583135254886573
2,0,74871,0.2222,recommended,0.8096827801226524,0.653555027346364
2,1,75097,0.2793,recommended,0.8683324264305776,0.3167332056400432
2,2,29686,0.3422,recommended,0.633366177919614,0.7297671520550155
2,3,15546,0.3205,recommended,0.8100063238084031,0.7600443080331384
2,4,58315,0.3048,recommended,0.8100063238084031,0.7764867422057089
2,5,116,0.3207,recommended,0.8393311469623658,0.6885629889460685
2,6,34847,0.325,recommended,0.8974292983513977,0.7372902868483601
2,7,5307,0.3294,recommended,0.8248305072282598,0.821683243717259
3,0,53010,0.2444,recommended,0.8172713502066266,0.718297833060254
3,1,50398,0.3061,recommended,0.5888936276600437,0.6414510880852926
3,2,52605,0.2656,recommended,0.7948585967027956,0.6320240924930189
3,3,50051,0.2707,recommended,0.8172713502066268,0.6878937530288691
3,4,64621,0.3096,recommended,0.8248305072282598,0.8050561927399438
3,5,81964,0.3287,recommended,0.8396546906481167,0.8196063046638817
3,6,66264,0.3037,recommended,0.7951821403885465,0.7482865252809634
3,7,34100,0.3326,recommended,0.7216862508640086,0.7766713590104537
4,0,62724,0.3302,recommended,0.8396546906481167,0.8196063046638817
4,1,3552,0.4128,recommended,0.9125770254570054,0.9109223917107052
4,2,50218,0.3287,recommended,0.8393311469623658,0.6743590335310269
4,3,48986,0.3268,recommended,0.8245069635425091,0.6672166708974682
4,4,9734,0.3455,recommended,0.7216862508640086,0.7931137931830241
4,5,77330,0.3168,recommended,0.8393311469623658,0.6743590335310268
4,6,82159,0.3107,recommended,0.6848022706884128,0.6649204993884565
4,7,55410,0.2474,recommended,0.6034236804564906,0.45370387464518935
5,0,66366,0.3357,recommended,0.8541553303822225,0.7335748736528739
5,1,40584,0.3117,recommended,0.6848022706884127,0.7910691620704772
5,2,10447,0.2711,recommended,0.7800638263452797,0.47817829367918185
5,3,56346,0.3322,recommended,0.8245069635425091,0.7001015392426092
5,4,81063,0.3448,recommended,0.7658573172345836,0.8033254101954628
5,5,19666,0.3553,recommended,0.7955056840742973,0.909976230586389
5,6,37776,0.3495,recommended,0.810329867494154,0.921734013338564
5,7,59163,0.328,recommended,0.839331146962366,0.6581012161632009
6,0,31179,0.2909,recommended,0.7731223436328072,0.6649204993884565
6,1,88041,0.3333,recommended,0.6848022706884128,0.7910691620704772
6,2,24274,0.3177,recommended,0.839331146962366,0.6579165993584563
6,3,7232,0.2957,recommended,0.8027707104725208,0.7385018346294968
6,4,40602,0.2695,recommended,0.706538523758401,0.5232732559481225
6,5,9170,0.3104,recommended,0.8541553303822227,0.6560242771098237
6,6,22792,0.3326,recommended,0.8541553303822229,0.6726513280871389
6,7,91435,0.3309,recommended,0.7955056840742971,0.8767221286317585
7,0,52139,0.3257,recommended,0.82483050722826,0.8218678605220037
7,1,8436,0.2258,recommended,0.8100063238084031,0.7819906306971588
7,2,40250,0.1898,recommended,0.5888936276600437,0.6967784367572054
7,3,45022,0.3295,recommended,0.7068620674441519,0.7318440911083929
7,4,68686,0.3287,recommended,0.7951821403885465,0.6845706505434654
7,5,18258,0.3501,recommended,0.7658573172345838,0.7866983592181475
7,6,51115,0.3226,recommended,0.8248305072282598,0.757967368979761
7,7,77552,0.343,recommended,0.8541553303822227,0.703297717674751
8,0,75488,0.3122,recommended,0.7731223436328072,0.6813629335610271
8,1,24434,0.3697,recommended,0.810329867494154,0.9383610643158792
8,2,49528,0.3085,recommended,0.5888936276600437,0.6420280156001197
8,3,50733,0.3358,recommended,0.82483050722826,0.8052408095446885
8,4,60137,0.3013,recommended,0.8100063238084033,0.7932984099877689
8,5,13723,0.3502,recommended,0.7955056840742973,0.909976230586389
8,6,23586,0.2299,recommended,0.7213627071782577,0.6064662035861812
8,7,57425,0.2489,recommended,0.7658573172345836,0.8749105762352016
9,0,6131,0.3187,recommended,0.8396546906481165,0.8029792536865665
9,1,8575,0.3222,recommended,0.8393311469623658,0.7050054231186391
9,2,79461,0.2519,recommended,0.7283041898907304,0.44633420257078876
9,3,3639,0.321,recommended,0.7951821403885465,0.6679435995661502
9,4,66997,0.2807,recommended,0.5888936276600437,0.658655066577435
9,5,57791,0.2443,recommended,0.7510331338147269,0.7608520065538963
9,6,81134,0.2956,recommended,0.6848022706884127,0.6324279417533978
9,7,70576,0.3058,recommended,0.8538317866964718,0.541423395564581
10,0,57794,0.3473,recommended,0.6923614277100462,0.8649643458795834
10,1,3232,0.3778,recommended,0.7071856111299029,0.8933491796090737
10,2,9016,0.3391,recommended,0.7361868905981146,0.6599935384118336
10,3,67941,0.3243,recommended,0.7806815006544405,0.8649643458795834
10,4,4834,0.1968,recommended,0.8386840595908642,0.342464172801329
10,5,44175,0.3022,recommended,0.8393311469623657,0.6108277755982736
10,6,57550,0.3296,recommended,0.8248305072282598,0.7912214709343914
10,7,10633,0.2922,recommended,0.8465961733605892,0.4868114370110536
11,0,45928,0.3075,recommended,0.7068620674441519,0.6845706505434654
11,1,67233,0.2731,recommended,0.7138623762813067,0.5062885099116144
11,2,88523,0.2611,recommended,0.5816580143241614,0.6038584912191629
11,3,56588,0.2948,recommended,0.8393311469623658,0.6579165993584564
11,4,70184,0.3448,recommended,0.7806815006544405,0.8649643458795834
11,5,2585,0.3261,recommended,0.7803579569686896,0.6864629727920981
11,6,87358,0.3354,recommended,0.7879465270526639,0.8360810467772826
11,7,47086,0.2081,recommended,0.5958645234348574,0.48763067408210803
12,0,84693,0.3338,recommended,0.7955056840742973,0.8933491796090737
12,1,55102,0.3131,recommended,0.7955056840742971,0.8933491796090737
12,2,2376,0.1981,recommended,0.721039163492507,0.49718459372764384
12,3,10018,0.2893,recommended,0.7144506375281262,0.7383172178247521
12,4,76074,0.3128,recommended,0.7068620674441519,0.7481019084762187
12,5,25581,0.2218,recommended,0.7803579569686898,0.7085939122608632
12,6,36351,0.3395,recommended,0.4122534817712547,0.6582627558673526
12,7,9557,0.2999,recommended,0.8245069635425091,0.5830198693836104
13,0,56326,0.2779,recommended,0.7506875303322206,0.5891122239401839
13,1,83643,0.3141,recommended,0.7879465270526641,0.693120716313202
13,2,55962,0.2785,recommended,0.7434519169963382,0.5076846744974959
13,3,56052,0.3509,recommended,0.6923614277100462,0.8483372949022682
13,4,30180,0.332,recommended,0.8393311469623658,0.7288556065815888
13,5,39528,0.285,recommended,0.7951821403885465,0.701590012230863
13,6,83880,0.2891,recommended,0.7144506375281261,0.7383172178247521
13,7,48679,0.226,recommended,0.8100063238084031,0.798617681674474
14,0,88007,0.3341,recommended,0.7955056840742973,0.8933491796090737
14,1,43250,0.3107,recommended,0.8245069635425091,0.5665774352110399
14,2,51762,0.2725,recommended,0.7579525567304439,0.2195670735928738
14,3,40598,0.3569,recommended,0.9267541215053604,0.67284748344218
14,4,13256,0.3427,recommended,0.7361868905981146,0.6836591050700387
14,5,90706,0.2757,recommended,0.8163742518052268,0.6154431957168899
14,6,29955,0.2998,recommended,0.9050178684353721,0.716590127616366
14,7,46649,0.2792,recommended,0.7951821403885465,0.6849629612535478
15,0,14242,0.2798,recommended,0.8462726296748383,0.39016223201716915
15,1,61445,0.3286,recommended,0.7803579569686898,0.6700205386195276
15,2,92102,0.3462,recommended,0.810329867494154,0.921734013338564
15,3,87176,0.3408,recommended,0.7803873700310309,0.7621858629681764
15,4,55697,0.2852,recommended,0.8172713502066268,0.7906756975053651
15,5,58118,0.2329,recommended,0.8169478065208756,0.5775829044838804
15,6,41061,0.3308,recommended,0.9270776651911116,0.7637827983292176
15,7,16176,0.356,recommended,0.9122534817712544,0.7189555304271569
16,0,23128,0.2859,recommended,0.8024471667867699,0.6558719682459093
16,1,48763,0.3288,recommended,0.8248305072282598,0.757967368979761
16,2,86818,0.2886,recommended,0.7951821403885465,0.7320517850137306
16,3,54803,0.268,recommended,0.7803873700310306,0.6238178755221192
16,4,23796,0.3656,recommended,0.810329867494154,0.9383610643158792
16,5,54742,0.3268,recommended,0.7951821403885465,0.7316594743036482
16,6,19047,0.3395,recommended,0.8245069635425091,0.7002861560473539
16,7,72455,0.2994,recommended,0.8172713502066268,0.7479726767128975
17,0,41647,0.352,recommended,0.82483050722826,0.8383102946945742
17,1,14596,0.2717,recommended,0.839037016338956,0.4447038054138876
17,2,61368,0.3083,recommended,0.7803579569686896,0.7030900237694133
17,3,29013,0.3577,recommended,0.6923614277100462,0.8483372949022682
17,4,28460,0.2392,recommended,0.765239642925423,0.588738374910576
17,5,87233,0.3173,recommended,0.82483050722826,0.8050561927399438
17,6,87823,0.2758,recommended,0.839037016338956,0.3879814460111229
17,7,33367,0.2584,recommended,0.8320955336264833,0.8453718874760572
18,0,96065,0.3346,recommended,0.6775372442901892,0.8033254101954628
18,1,21302,0.209,recommended,0.8096827801226524,0.6588742990330692
18,2,50285,0.329,recommended,0.8245069635425091,0.6764359725844042
18,3,20233,0.3246,recommended,0.515397738135506,0.7032746405741579
18,4,94230,0.3286,recommended,0.7879465270526641,0.8360810467772826
18,5,50294,0.2516,recommended,0.8024471667867699,0.7387210670851311
18,6,3331,0.322,recommended,0.9195185081694781,0.5982161401241545
18,7,16006,0.2878,recommended,0.8245069635425091,0.6134816421664779
19,0,8478,0.3465,recommended,0.5892171713457947,0.819952461172778
19,1,49326,0.2664,recommended,0.8096827801226524,0.6776129047146514
19,2,95051,0.3339,recommended,0.7365104342838653,0.7745944199570762
19,3,34159,0.2665,recommended,0.8462726296748385,0.4780190616850897
19,4,56505,0.3128,recommended,0.669978087268556,0.7460572773636717
19,5,23742,0.3075,recommended,0.6775372442901892,0.8033254101954628
19,6,5906,0.2416,recommended,0.7803579569686896,0.7036669512842403
19,7,58013,0.3331,recommended,0.8396546906481167,0.8500680774467493
-1,0,43019,0.1926,init,0.7873288527435032,0.6380322156324276
-1,1,46225,0.1253,init,0.8169478065208758,0.4875845198809219
-1,2,10414,0.1978,init,0.8317719899407325,0.4855306579281376
-1,3,75333,0.1874,init,0.8238892892333484,0.48834606420049353
-1,4,74235,0.1995,init,0.8241834198567582,0.5797083054485032
-1,5,54353,0.1984,init,0.743150433107343,0.6400318463988182
-1,6,11461,0.1843,init,0.8021236231010189,0.6252705790044536
-1,7,9750,0.1793,init,0.8096827801226523,0.6727205593889181
0,0,43128,0.2288,recommended,0.7948585967027956,0.6085431426395584
0,1,46517,0.3123,recommended,0.7951821403885463,0.7314748574989036
0,2,10372,0.277,recommended,0.7803873700310306,0.6360372002861557
0,3,75365,0.2437,recommended,0.7803873700310306,0.7426349433457177
0,4,74175,0.2486,recommended,0.8021530361633599,0.46876514434726396
0,5,54369,0.31,recommended,0.8241834198567582,0.4842844944961113
0,6,11432,0.3073,recommended,0.8172713502066266,0.6107239286456047
0,7,9734,0.3455,recommended,0.7216862508640086,0.7931137931830241
1,0,51313,0.27,recommended,0.8021236231010189,0.480739851845014
1,1,13496,0.1987,recommended,0.7948585967027956,0.5864122031707932
1,2,85772,0.1923,recommended,0.7727987999470565,0.6871183624489416
1,3,29264,0.2638,recommended,0.8169478065208758,0.5734197955368885
1,4,17926,0.263,recommended,0.8021236231010189,0.4825190963007405
1,5,45124,0.2235,recommended,0.7876523964292543,0.6337087208363138
1,6,84148,0.2528,recommended,0.7876229833669132,0.6937091823783257
1,7,75047,0.2587,recommended,0.8169478065208758,0.5277155978122905
2,0,18620,0.2021,recommended,0.7434739767930937,0.7202109246994204
2,1,28847,0.3393,recommended,0.8393311469623657,0.6743590335310269
2,2,90220,0.2577,recommended,0.6993029104225187,0.5938545681120622
2,3,71442,0.2986,recommended,0.8245069635425091,0.6293471488242214
2,4,31032,0.2291,recommended,0.8100063238084031,0.798617681674474
2,5,27447,0.2256,recommended,0.8021236231010189,0.5796598435372576
2,6,43368,0.178,recommended,0.8390370163389558,0.4729190224540187
2,7,45300,0.2436,recommended,0.8021236231010189,0.5142039554150414
3,0,55110,0.2001,recommended,0.765563186611174,0.7227401749244222
3,1,48390,0.2976,recommended,0.8096827801226524,0.6316087046823434
3,2,95426,0.234,recommended,0.7138035501566247,0.44671497473057464
3,3,11243,0.1345,recommended,0.8169478065208756,0.5042115708582371
3,4,95839,0.313,recommended,0.8245069635425091,0.6599935384118336
3,5,75562,0.2178,recommended,0.6917731664632263,0.6159705074654418
3,6,84865,0.202,recommended,0.7800344132829389,0.5637389518380908
3,7,88202,0.3089,recommended,0.721068576554848,0.5659751228855604
4,0,54891,0.2029,recommended,0.8169478065208758,0.6509323148639602
4,1,29106,0.2776,recommended,0.8241834198567582,0.5300810006230815
4,2,54430,0.2211,recommended,0.8024471667867699,0.6786744513419332
4,3,42505,0.2675,recommended,0.7283041898907304,0.587450672697482
4,4,25493,0.1985,recommended,0.7800932394076209,0.5519673228255598
4,5,64458,0.2857,recommended,0.8169478065208758,0.3990261463549717
4,6,90239,0.2638,recommended,0.7800638263452797,0.47968984376802865
4,7,38756,0.2818,recommended,0.7803579569686898,0.7036669512842403
5,0,94200,0.2717,recommended,0.8317719899407328,0.554588881452934
5,1,78181,0.2738,recommended,0.8317719899407328,0.5879699074608263
5,2,86486,0.2278,recommended,0.7213627071782577,0.589839152608866
5,3,64859,0.2402,recommended,0.6772137006044383,0.6774282879099066
5,4,53572,0.2728,recommended,0.8245363766048502,0.5496826898668449
5,5,45284,0.2254,recommended,0.7286277335764811,0.5953661182009089
5,6,52837,0.2862,recommended,0.8024471667867699,0.7290367618212444
5,7,24737,0.2737,recommended,0.824183419856758,0.43719567073592847
6,0,82831,0.2196,recommended,0.7800638263452799,0.512920868622066
6,1,8007,0.3295,recommended,0.8245069635425091,0.6293471488242214
6,2,2574,0.2268,recommended,0.8242128329190993,0.43906491588396807
6,3,42713,0.2691,recommended,0.8242128329190993,0.5086504511573163
6,4,48515,0.2713,recommended,0.8097121931849933,0.4784459880460616
6,5,5074,0.1727,recommended,0.8169478065208756,0.49444995730736363
6,6,83393,0.2908,recommended,0.5005735547156491,0.6115662428172521
6,7,16991,0.2175,recommended,0.8314484462549816,0.49684997576904416
7,0,12889,0.189,recommended,0.8093886494992426,0.5039427226363277
7,1,54478,0.2527,recommended,0.7876523964292541,0.54976576742898
7,2,78387,0.215,recommended,0.6917437534008853,0.5799702305402347
7,3,72010,0.2115,recommended,0.8241834198567584,0.59893153024254
7,4,56463,0.2982,recommended,0.7951821403885465,0.7482865252809634
7,5,21148,0.2206,recommended,0.8093886494992426,0.5873814413957028
7,6,13932,0.2672,recommended,0.7948880097651366,0.5248863452795789
7,7,56143,0.3224,recommended,0.810329867494154,0.921734013338564
8,0,49806,0.3317,recommended,0.7951821403885465,0.7314748574989036
8,1,48421,0.2723,recommended,0.8024471667867699,0.6277663674335954
8,2,23297,0.2586,recommended,0.8386840595908642,0.3663143562642787
8,3,96458,0.2749,recommended,0.8096827801226523,0.584912191632243
8,4,34285,0.2876,recommended,0.8096827801226524,0.584912191632243
8,5,35583,0.2337,recommended,0.8311543156315718,0.4465384349110375
8,6,61937,0.2801,recommended,0.8096827801226524,0.5849121916322431
8,7,52238,0.2191,recommended,0.7727987999470564,0.7070823621720164
9,0,39762,0.2729,recommended,0.8024471667867699,0.706540050308079
9,1,10071,0.1726,recommended,0.7210685765548479,0.48558488911453135
9,2,89258,0.22,recommended,0.8242422459814402,0.5187155285809888
9,3,69446,0.2284,recommended,0.9119299380855037,0.62611635474119
9,4,55006,0.2269,recommended,0.8093886494992426,0.6028546373433639
9,5,45752,0.314,recommended,0.8245069635425091,0.5990699928460986
9,6,11725,0.1657,recommended,0.8021530361633601,0.5685851429626378
9,7,93736,0.3044,recommended,0.8172713502066268,0.5802621558627371
10,0,91339,0.265,recommended,0.7727987999470564,0.6223859414303184
10,1,26453,0.3143,recommended,0.6993029104225187,0.5319848614220107
10,2,79690,0.3263,recommended,0.6037178110799006,0.6563704336187199
10,3,6078,0.2507,recommended,0.7951821403885465,0.73699028454065
10,4,31668,0.2255,recommended,0.8096827801226524,0.5900237694136106
10,5,5650,0.2661,recommended,0.8314484462549818,0.434518727067131
10,6,4387,0.2263,recommended,0.7948585967027956,0.622020169385918
10,7,2597,0.2188,recommended,0.7358633469123637,0.49510765467426643
11,0,29236,0.3024,recommended,0.6993029104225187,0.627487134516419
11,1,15489,0.2373,recommended,0.721039163492507,0.49168070523619384
11,2,42606,0.2381,recommended,0.8390370163389558,0.2025361733551796
11,3,8592,0.3376,recommended,0.6775372442901892,0.819952461172778
11,4,44429,0.2866,recommended,0.8169478065208758,0.6649643458795834
11,5,86152,0.2919,recommended,0.7951821403885465,0.7486788359910458
11,6,55138,0.251,recommended,0.7803873700310306,0.6201716936284123
11,7,48604,0.2396,recommended,0.82453637660485,0.5014884729882536
12,0,23613,0.1945,recommended,0.8242128329190993,0.4948538065677425
12,1,6859,0.2442,recommended,0.8317719899407325,0.6201509242378784
12,2,72372,0.1543,recommended,0.8094180625615838,0.44354187339902584
12,3,10792,0.3037,recommended,0.8172713502066268,0.5745505734659495
12,4,15698,0.3147,recommended,0.8172713502066266,0.6271663628181753
12,5,18779,0.282,recommended,0.8317719899407325,0.4584266032815634
12,6,46725,0.212,recommended,0.7582981602129504,0.6748667297440746
12,7,29528,0.3002,recommended,0.8317719899407325,0.5539288763759719
13,0,64397,0.2324,recommended,0.692037884024295,0.7388826067892826
13,1,82284,0.2442,recommended,0.7803873700310306,0.6609143147254976
13,2,68446,0.3013,recommended,0.7213627071782579,0.6009623150947313
13,3,47241,0.1799,recommended,0.8242128329190993,0.5054196570742849
13,4,58027,0.1996,recommended,0.787622983366913,0.7132670251309623
13,5,40208,0.2769,recommended,0.7948585967027956,0.6153970415157037
13,6,13961,0.3,recommended,0.8245069635425091,0.6766205893891488
13,7,17146,0.2747,recommended,0.7582981602129505,0.6034892576096736
14,0,77706,0.2501,recommended,0.5961586540582674,0.5652851175778272
14,1,42243,0.3251,recommended,0.7806815006544406,0.8483372949022682
14,2,96917,0.2474,recommended,0.7658573172345836,0.8582835252578863
14,3,88610,0.2653,recommended,0.8317719899407325,0.554588881452934
14,4,93048,0.2789,recommended,0.7948585967027956,0.5701774629035605
14,5,52898,0.1992,recommended,0.7873288527435034,0.6343525719428608
14,6,87485,0.1511,recommended,0.8459490859890878,0.28983684489880673
14,7,4564,0.2225,recommended,0.7876229833669132,0.6683151408856988
15,0,98523,0.1417,recommended,0.7434739767930937,0.6462972792098397
15,1,86092,0.2447,recommended,0.8097121931849933,0.47674982115247017
15,2,79653,0.2323,recommended,0.8021530361633601,0.5289363764336646
15,3,98541,0.1946,recommended,0.7948880097651366,0.5339694920730157
15,4,69912,0.2228,recommended,0.8387134726532053,0.5035884891422239
15,5,47728,0.2591,recommended,0.7951821403885465,0.7508250063462024
15,6,28198,0.2642,recommended,0.7731223436328074,0.6651051161932011
15,7,87150,0.3155,recommended,0.8245069635425091,0.6764359725844042
16,0,72937,0.2033,recommended,0.7876229833669132,0.7129647151131929
16,1,80850,0.2154,recommended,0.7948585967027956,0.5454041954168876
16,2,40113,0.2073,recommended,0.7800638263452797,0.5788544527265592
16,3,95302,0.2785,recommended,0.8024471667867699,0.5461657397364592
16,4,87804,0.2454,recommended,0.8314484462549816,0.4513073177485978
16,5,90832,0.2863,recommended,0.7876229833669132,0.6276948284217568
16,6,24850,0.2616,recommended,0.8242128329190993,0.3600720005538502
16,7,65918,0.2306,recommended,0.816977219583217,0.5425795583042944
17,0,90875,0.2147,recommended,0.8169478065208756,0.5441349548842681
17,1,87634,0.2794,recommended,0.82453637660485,0.6240163385872196
17,2,27211,0.3238,recommended,0.7951821403885465,0.7011977015207806
17,3,64903,0.2122,recommended,0.8021236231010189,0.4064223570950543
17,4,53387,0.2556,recommended,0.8097121931849933,0.5012092400710771
17,5,77518,0.3176,recommended,0.839007603276615,0.5130385618350908
17,6,95473,0.302,recommended,0.8172713502066268,0.5913622412480093
17,7,86358,0.2418,recommended,0.7949174228274776,0.48793067638981813
18,0,70690,0.2232,recommended,0.8096827801226524,0.6068585142962636
18,1,1749,0.3133,recommended,0.6920378840242952,0.7032746405741579
18,2,66646,0.1972,recommended,0.7948880097651366,0.46193201486165253
18,3,12684,0.2687,recommended,0.8024471667867699,0.6262548173447484
18,4,23548,0.3054,recommended,0.8096827801226524,0.6153739644151106
18,5,61408,0.2936,recommended,0.7879465270526639,0.6766782821406316
18,6,61042,0.2271,recommended,0.8024471667867699,0.5876583666028198
18,7,60324,0.3299,recommended,0.765563186611174,0.7338010292386862
19,0,50824,0.3107,recommended,0.8100063238084031,0.7931137931830241
19,1,52311,0.2834,recommended,0.6848022706884127,0.648478065215886
19,2,3398,0.3233,recommended,0.7951821403885463,0.7316594743036482
19,3,86035,0.249,recommended,0.8024471667867696,0.6899014607804672
19,4,91013,0.1538,recommended,0.750739003191317,0.7412595481503701
19,5,41269,0.2553,recommended,0.7728282130093974,0.44170493619181656
19,6,87231,0.2701,recommended,0.8314484462549816,0.3637643366487433
19,7,22651,0.2543,recommended,0.8096827801226523,0.6908822375556731
-1,0,1089,0.163,init,0.6844787270026618,0.6165162808944681
-1,1,32873,0.1814,init,0.6696545435828051,0.6637897214593955
-1,2,92920,0.2094,init,0.8604056061296821,0.602623866337433
-1,3,80805,0.2077,init,0.765563186611174,0.6323448641912627
-1,4,72056,0.2078,init,0.8024471667867699,0.598758451988092
-1,5,51418,0.1813,init,0.7948585967027956,0.6277086746821127
-1,6,75582,0.1693,init,0.8093886494992424,0.5450695774582879
-1,7,68033,0.2085,init,0.7870053090577525,0.42874945191886066
0,0,65709,0.2052,global_best,0.8604056061296821,0.602623866337433
0,1,12816,0.1855,global_best,0.8604056061296821,0.602623866337433
0,2,68182,0.1957,global_best,0.8604056061296821,0.602623866337433
0,3,64715,0.2067,global_best,0.8459343794579173,0.6053931184086029
0,4,9464,0.1563,local_best,0.7655337735488329,0.72288094523804
0,5,11025,0.2009,local_best,0.7507095901289762,0.6359818152447324
0,6,57768,0.1651,unexplored,0.8094180625615836,0.4861445088039136
0,7,21461,0.2225,unexplored,0.8094180625615836,0.4861445088039136
1,0,60985,0.1581,global_best,0.8021824492257013,0.4555788890683771
1,1,63382,0.1587,global_best,0.8094180625615836,0.4572612097016128
1,2,24567,0.159,global_best,0.8166536758974661,0.4957999676920589
1,3,82377,0.2318,global_best,0.8094180625615836,0.4813652412710865
1,4,48009,0.1504,local_best,0.838559054075915,0.4666074354418108
1,5,84555,0.2645,local_best,0.8531846993249702,0.5265732813329331
1,6,67408,0.2681,unexplored,0.8459490859890876,0.4771190547619594
1,7,90200,0.2373,unexplored,0.8387134726532051,0.4315533196409201
2,0,9335,0.2885,global_best,0.7138035501566247,0.4637204901576164
2,1,6479,0.2488,global_best,0.7286277335764813,0.46248817298594574
2,2,14084,0.2498,global_best,0.6327485036104535,0.4688112985484501
2,3,84214,0.2054,global_best,0.7358927599747047,0.4680151385779888
2,4,41860,0.2806,local_best,0.8531846993249702,0.5263886645281884
2,5,48192,0.2134,local_best,0.8459490859890876,0.3602220017077052
2,6,81868,0.2672,unexplored,0.8462726296748385,0.4939734151801165
2,7,51703,0.1629,unexplored,0.8607732694089443,0.26581358318140885
3,0,7504,0.1505,global_best,0.7138035501566244,0.4643574181339854
3,1,24360,0.2035,global_best,0.7283041898907304,0.49892691482242146
3,2,33886,0.3207,global_best,0.721039163492507,0.6288279140608771
3,3,73295,0.2735,global_best,0.7138035501566244,0.48034754113493155
3,4,93902,0.2763,local_best,0.7138035501566247,0.527067131285625
3,5,52998,0.2192,local_best,0.6772137006044383,0.6639743382641401
3,6,57599,0.1999,unexplored,0.588570083974293,0.51891168393603
3,7,63165,0.2143,unexplored,0.8169478065208756,0.5676159047377285
4,0,12243,0.3094,global_best,0.721039163492507,0.6290125308656218
4,1,69900,0.282,global_best,0.721039163492507,0.43908799298456114
4,2,38637,0.3151,global_best,0.721039163492507,0.43908799298456114
4,3,63941,0.2112,global_best,0.721039163492507,0.4920499388456831
4,4,80974,0.2824,local_best,0.7138035501566244,0.584158724297879
4,5,78960,0.3287,local_best,0.8093592364369016,0.4859921999399993
4,6,51434,0.2559,unexplored,0.8390076032766149,0.48220755544273386
4,7,90762,0.2804,unexplored,0.7876523964292541,0.33818337064131254
5,0,44028,0.227,global_best,0.5888936276600437,0.6635820275540578
5,1,7468,0.3505,global_best,0.4122534817712546,0.6582627558673526
5,2,75625,0.3526,global_best,0.3977528420371487,0.7749405764659725
5,3,84237,0.3349,global_best,0.574392987925938,0.7583135254886573
5,4,13807,0.2993,local_best,0.721039163492507,0.509842383402949
5,5,8041,0.2461,local_best,0.721039163492507,0.5319733228717141
5,6,17899,0.2858,unexplored,0.7731223436328072,0.6482934484111413
5,7,2902,0.3209,unexplored,0.7803579569686896,0.6864629727920981
6,0,2264,0.327,global_best,0.4122534817712546,0.627800983084485
6,1,36293,0.313,global_best,0.4050178684353721,0.6034661805090805
6,2,91472,0.3685,global_best,0.30910922540700325,0.6132508711605471
6,3,11985,0.319,global_best,0.39742929835139784,0.6132508711605471
6,4,67674,0.4426,local_best,0.10314425636425137,0.6849168070523617
6,5,59997,0.4056,local_best,0.3829286586172919,0.729928691759167
6,6,5885,0.2929,unexplored,0.4930143976940159,0.463561258163524
6,7,77812,0.2717,unexplored,0.4857787843581334,0.4142916483972951
7,0,63652,0.3399,global_best,0.007265026398223448,0.5852006553896566
7,1,55131,0.4179,global_best,0.20628851272850268,0.729928691759167
7,2,9572,0.5048,global_best,0.0,0.6399049223455562
7,3,79357,0.3417,global_best,0.22078915246260866,0.5663466642051089
7,4,97298,0.3938,local_best,0.2946085856728973,0.7465557427364822
7,5,83143,0.4107,local_best,0.3094327690927541,0.7749405764659725
7,6,85953,0.378,unexplored,0.5157212818212568,0.8483372949022682
7,7,66913,0.3957,unexplored,0.5157212818212568,0.8649643458795834
8,0,94018,0.3757,global_best,0.6040413547656516,0.8815913968568987
8,1,28307,0.3824,global_best,0.8251540509140107,1.0
8,2,81194,0.3934,global_best,0.4125770254570054,0.8033254101954628
8,3,54392,0.3901,global_best,0.5157212818212568,0.8483372949022682
8,4,35101,0.3922,local_best,0.3977528420371487,0.7915676274432877
8,5,34606,0.3882,local_best,0.4125770254570054,0.8033254101954628
8,6,87515,0.3617,unexplored,0.7071856111299029,0.909976230586389
8,7,95128,0.3228,unexplored,0.44157830492521727,0.4926037892599171
9,0,33536,0.3092,global_best,0.4564245481418297,0.6516627050977312
9,1,76013,0.3249,global_best,0.6478888774504756,0.6800475388272215
9,2,63296,0.3437,global_best,0.1176448960983573,0.5213347794983036
9,3,16706,0.4465,global_best,0.6031442563642514,0.792513788567604
9,4,73211,0.3783,local_best,0.5008970984014001,0.8365795121500932
9,5,99994,0.3838,local_best,0.5157212818212568,0.831710243924953
9,6,22013,0.353,unexplored,0.8251540509140107,0.9667458980453696
9,7,85557,0.3692,unexplored,0.8251540509140107,0.9667458980453696
10,0,53541,0.417,global_best,0.8094327690927541,0.882537557981215
10,1,24480,0.2648,global_best,0.48607291498154337,0.7941061085085267
10,2,56175,0.4306,global_best,0.7062885127285028,0.8375256732744095
10,3,15859,0.268,global_best,0.48607291498154337,0.8107331594858419
10,4,56882,0.3573,local_best,0.3977528420371487,0.7583135254886573
10,5,9909,0.3891,local_best,0.6188655381855083,0.8933491796090737
10,6,5424,0.3434,unexplored,0.7510110740179713,0.6582858329679456
10,7,51156,0.33,unexplored,0.7510110740179714,0.6582858329679456
11,0,33287,0.4063,global_best,0.9125770254570054,0.8942953407333901
11,1,89341,0.3997,global_best,0.6914643293086462,0.792513788567604
11,2,39252,0.4051,global_best,0.9125770254570054,0.9109223917107052
11,3,36462,0.3822,global_best,0.7946085856728974,0.8375256732744095
11,4,678,0.4298,local_best,0.7062885127285028,0.8208986222970942
11,5,62289,0.383,local_best,0.6188655381855083,0.8933491796090737
11,6,84216,0.3125,unexplored,0.7510110740179713,0.6110123924030182
11,7,69107,0.2973,unexplored,0.8686559701163287,0.49225763275102086
12,0,71250,0.3596,global_best,0.8829286586172918,0.8375256732744094
12,1,96816,0.3505,global_best,0.882928658617292,0.8208986222970942
12,2,62204,0.3568,global_best,0.8977528420371487,0.8492834560265845
12,3,66035,0.3768,global_best,0.8977528420371487,0.8659105070038998
12,4,13534,0.418,local_best,0.8094327690927541,0.8659105070038998
12,5,65886,0.3906,local_best,0.8977528420371487,0.882537557981215
12,6,38988,0.3092,unexplored,0.7651881700663263,0.27153670412849307
12,7,72726,0.2723,unexplored,0.5075738635528039,0.40555696582281375
13,0,1315,0.3506,global_best,0.38292865861729186,0.729928691759167
13,1,96280,0.3704,global_best,0.618865538185508,0.8767221286317585
13,2,96874,0.3632,global_best,0.7220097945497594,0.921734013338564
13,3,4379,0.4117,global_best,0.8094327690927541,0.8659105070038998
13,4,66575,0.4177,local_best,0.8094327690927541,0.8659105070038998
13,5,79277,0.3758,local_best,0.618865538185508,0.8933491796090737
13,6,29571,0.2708,unexplored,0.6182478638763476,0.46172432095631477
13,7,33495,0.2822,unexplored,0.6403076606320868,0.5654547342671864
14,0,50654,0.3901,global_best,0.9125770254570054,0.9109223917107052
14,1,3552,0.4128,global_best,0.9125770254570054,0.9109223917107052
14,2,85663,0.4015,global_best,0.9125770254570054,0.9109223917107052
14,3,54736,0.3363,global_best,0.5302219215553627,0.68475526734821
14,4,77233,0.3994,local_best,0.7946085856728974,0.8375256732744095
14,5,35136,0.3752,local_best,0.5008970984014001,0.819952461172778
14,6,25265,0.2978,unexplored,0.35328029177757836,0.640689543765721
14,7,28058,0.2335,unexplored,0.35328029177757836,0.640689543765721
15,0,43871,0.3259,global_best,0.8541553303822227,0.7335748736528739
15,1,13806,0.3348,global_best,0.8541553303822227,0.7337594904576187
15,2,90546,0.3356,global_best,0.8541553303822227,0.7171324394803035
15,3,84724,0.3211,global_best,0.8541553303822227,0.7333902568481293
15,4,80085,0.3743,local_best,0.7946085856728974,0.8208986222970942
15,5,61815,0.3796,local_best,0.7220097945497594,0.9383610643158792
15,6,33037,0.3351,unexplored,0.07349588952453782,0.5952853483488332
15,7,39613,0.277,unexplored,0.26466608820977394,0.5703805413887796
16,0,64395,0.3412,global_best,0.5008970984014001,0.7866983592181475
16,1,70653,0.4037,global_best,0.8977528420371487,0.882537557981215
16,2,98253,0.3917,global_best,0.48607291498154337,0.7749405764659725
16,3,94719,0.3939,global_best,0.48607291498154337,0.7583135254886573
16,4,88018,0.373,local_best,0.618865538185508,0.8933491796090737
16,5,94986,0.3739,local_best,0.5008970984014001,0.8033254101954628
16,6,11486,0.2563,unexplored,0.4044001941262115,0.5047308056215815
16,7,75832,0.2667,unexplored,0.40440019412621137,0.5047308056215815
17,0,66643,0.3897,global_best,0.5743929879259377,0.7583135254886573
17,1,43254,0.3435,global_best,0.48607291498154337,0.7583135254886573
17,2,11717,0.3413,global_best,0.48607291498154337,0.7583135254886573
17,3,3564,0.3879,global_best,0.48607291498154337,0.7749405764659725
17,4,12362,0.3625,local_best,0.7071856111299029,0.9266032815637041
17,5,35749,0.3524,local_best,0.48607291498154315,0.7749405764659725
17,6,38971,0.2528,unexplored,0.3753695015956586,0.6835898737682594
17,7,7142,0.2851,unexplored,0.31637425180522677,0.4929153301179237
18,0,62126,0.3554,global_best,0.5743929879259377,0.7583135254886573
18,1,23060,0.3478,global_best,0.574392987925938,0.7583135254886573
18,2,95146,0.3588,global_best,0.810329867494154,0.9383610643158792
18,3,60965,0.3426,global_best,0.810329867494154,0.9383610643158792
18,4,54635,0.3872,local_best,0.5008970984014001,0.819952461172778
18,5,70486,0.3903,local_best,0.7946085856728974,0.8375256732744095
18,6,23301,0.2274,unexplored,0.5888936276600437,0.6806013892414553
18,7,72611,0.2358,unexplored,0.9267541215053604,0.6240394156878126
19,0,96659,0.3515,global_best,0.47124873156168645,0.7133016407818519
19,1,83722,0.3664,global_best,0.6775372442901892,0.8033254101954628
19,2,12201,0.375,global_best,0.6040413547656514,0.8483372949022682
19,3,53001,0.3666,global_best,0.6923614277100459,0.8649643458795834
19,4,9902,0.3799,local_best,0.7220097945497594,0.9383610643158792
19,5,58228,0.3842,local_best,0.6040413547656516,0.8649643458795834
19,6,86487,0.2278,unexplored,0.6034530935188315,0.5791556088892988
19,7,47874,0.264,unexplored,0.5003088371545804,0.5097523827106359
-1,0,1089,0.163,init,0.6844787270026618,0.6165162808944681
-1,1,32873,0.1814,init,0.6696545435828051,0.6637897214593955
-1,2,92920,0.2094,init,0.8604056061296821,0.602623866337433
-1,3,80805,0.2077,init,0.765563186611174,0.6323448641912627
-1,4,72056,0.2078,init,0.8024471667867699,0.598758451988092
-1,5,51418,0.1813,init,0.7948585967027956,0.6277086746821127
-1,6,75582,0.1693,init,0.8093886494992424,0.5450695774582879
-1,7,68033,0.2085,init,0.7870053090577525,0.42874945191886066
0,0,48624,0.2231,recommended,0.8604056061296821,0.602623866337433
0,1,65709,0.2052,recommended,0.8604056061296821,0.602623866337433
0,2,12816,0.1855,recommended,0.8604056061296821,0.602623866337433
0,3,33769,0.187,recommended,0.8604056061296821,0.602623866337433
0,4,41748,0.1855,recommended,0.8604056061296821,0.602623866337433
0,5,17880,0.1711,recommended,0.8604056061296821,0.602623866337433
0,6,76527,0.1916,recommended,0.8604056061296821,0.602623866337433
0,7,36568,0.1711,recommended,0.8604056061296821,0.602623866337433
1,0,93450,0.2071,recommended,0.8457946674117975,0.49655805044654167
1,1,27376,0.2272,recommended,0.838559054075915,0.43799183070638975
1,2,34218,0.2209,recommended,0.8385590540759152,0.4659924307110052
1,3,12332,0.2586,recommended,0.743451916996338,0.554588881452934
1,4,55459,0.262,recommended,0.7434519169963382,0.554588881452934
1,5,85057,0.2808,recommended,0.7506875303322206,0.5420234001800011
1,6,70958,0.2694,recommended,0.7506875303322206,0.5584658343525717
1,7,64792,0.2595,recommended,0.7506875303322206,0.5584658343525717
2,0,20923,0.2177,recommended,0.6989793667367675,0.5458426603281561
2,1,66214,0.2034,recommended,0.70621498007265,0.492857637366441
2,2,73517,0.1974,recommended,0.6917437534008852,0.4965730505619272
2,3,47508,0.1973,recommended,0.6917437534008852,0.4965730505619272
2,4,24466,0.1795,recommended,0.6768901569186874,0.4723997876906743
2,5,35435,0.2077,recommended,0.8093592364369016,0.5378695220732465
2,6,35968,0.2698,recommended,0.39745871141373884,0.535282579096762
2,7,52921,0.23,recommended,0.8166242628351249,0.5250363464334339
3,0,22135,0.2962,recommended,0.6033942673941497,0.541400318463988
3,1,33034,0.2921,recommended,0.6033942673941497,0.541400318463988
3,2,94228,0.297,recommended,0.6109828374781241,0.5013384718343985
3,3,15134,0.3115,recommended,0.6109828374781241,0.5013384718343985
3,4,6423,0.2943,recommended,0.5961586540582674,0.45614197032284837
3,5,71677,0.2928,recommended,0.6182184508140064,0.5395079962153553
3,6,42812,0.2995,recommended,0.6182184508140064,0.5395079962153553
3,7,49050,0.2887,recommended,0.6182184508140064,0.5395079962153553
4,0,22137,0.3312,recommended,0.5816580143241614,0.619908614681651
4,1,92701,0.3107,recommended,0.5888936276600437,0.6580781390626078
4,2,60482,0.3212,recommended,0.5816580143241614,0.6197239978769065
4,3,10582,0.3409,recommended,0.5743929879259377,0.7749405764659725
4,4,89458,0.34,recommended,0.559568804506081,0.6966745898045367
4,5,99707,0.3077,recommended,0.5816580143241612,0.6254355802736942
4,6,84237,0.3349,recommended,0.574392987925938,0.7583135254886573
4,7,87207,0.3119,recommended,0.5888936276600437,0.6414510880852926
5,0,6695,0.2933,recommended,0.574392987925938,0.7583135254886573
5,1,28430,0.3407,recommended,0.574392987925938,0.7583135254886573
5,2,95673,0.386,recommended,0.574392987925938,0.7583135254886573
5,3,29209,0.3268,recommended,0.5816580143241614,0.619908614681651
5,4,82626,0.314,recommended,0.5816580143241614,0.619908614681651
5,5,14764,0.3028,recommended,0.6627130608703325,0.7416864745113421
5,6,90978,0.3001,recommended,0.6627130608703325,0.7416864745113421
5,7,85427,0.3049,recommended,0.559568804506081,0.6966745898045367
6,0,66643,0.3897,recommended,0.5743929879259377,0.7583135254886573
6,1,92431,0.3808,recommended,0.574392987925938,0.7416864745113421
6,2,59961,0.185,recommended,0.559568804506081,0.8040523388641447
6,3,1549,0.373,recommended,0.6775372442901892,0.8033254101954628
6,4,33536,0.3092,recommended,0.4564245481418297,0.6516627050977312
6,5,47355,0.2099,recommended,0.5595688045060813,0.7661135854891188
6,6,59024,0.3001,recommended,0.6627130608703325,0.7587058361987397
6,7,15938,0.3111,recommended,0.559568804506081,0.6966745898045367
7,0,83722,0.3664,recommended,0.6775372442901892,0.8033254101954628
7,1,62778,0.3662,recommended,0.6775372442901892,0.8033254101954628
7,2,18202,0.3744,recommended,0.6775372442901892,0.7700713082408323
7,3,17772,0.3656,recommended,0.6775372442901892,0.7866983592181475
7,4,49594,0.3814,recommended,0.6775372442901892,0.7866983592181475
7,5,49390,0.3612,recommended,0.6775372442901892,0.7866983592181475
7,6,85320,0.3728,recommended,0.6775372442901892,0.7866983592181475
7,7,40546,0.3864,recommended,0.6775372442901892,0.7866983592181475
8,0,31184,0.3397,recommended,0.7806815006544405,0.8483372949022682
8,1,88417,0.3653,recommended,0.7806815006544405,0.831710243924953
8,2,69422,0.3793,recommended,0.7806815006544405,0.831710243924953
8,3,48945,0.3576,recommended,0.7806815006544405,0.831710243924953
8,4,27188,0.3702,recommended,0.7806815006544405,0.831710243924953
8,5,51685,0.3656,recommended,0.7806815006544405,0.831710243924953
8,6,12113,0.3615,recommended,0.7806815006544405,0.831710243924953
8,7,2253,0.3575,recommended,0.7806815006544405,0.831710243924953
9,0,25237,0.1679,recommended,0.7510331338147269,0.7941061085085267
9,1,59421,0.2075,recommended,0.7510331338147269,0.7941061085085267
9,2,24515,0.1786,recommended,0.7510331338147269,0.7774790575312115
9,3,14202,0.261,recommended,0.7510331338147271,0.7941061085085267
9,4,88605,0.1564,recommended,0.7510331338147271,0.7941061085085267
9,5,12198,0.0663,recommended,0.7510331338147269,0.7941061085085267
9,6,56185,0.2253,recommended,0.7658573172345838,0.8058638912607017
9,7,37887,0.25,recommended,0.7510331338147269,0.7941061085085267
10,0,86132,0.415,recommended,0.8829286586172918,0.8208986222970942
10,1,26332,0.3286,recommended,0.9198420518552288,0.7599058454295798
10,2,59021,0.3548,recommended,0.9270776651911111,0.7637827983292176
10,3,40665,0.3684,recommended,0.9122534817712546,0.7658597373825948
10,4,61607,0.3339,recommended,0.9122534817712546,0.7658597373825949
10,5,63652,0.3399,recommended,0.007265026398223448,0.5852006553896566
10,6,17864,0.345,recommended,0.9270776651911113,0.7942445711120851
10,7,88032,0.3515,recommended,0.882928658617292,0.8208986222970942
11,0,96816,0.3505,recommended,0.882928658617292,0.8208986222970942
11,1,34986,0.3542,recommended,0.7955056840742973,0.8933491796090737
11,2,25016,0.3626,recommended,0.7955056840742973,0.8933491796090737
11,3,60785,0.3634,recommended,0.7955056840742971,0.8767221286317585
11,4,91964,0.3642,recommended,0.7955056840742973,0.8933491796090737
11,5,71250,0.3596,recommended,0.8829286586172918,0.8375256732744094
11,6,87389,0.3701,recommended,0.7955056840742973,0.8933491796090737
11,7,12979,0.3578,recommended,0.7955056840742973,0.8767221286317585
12,0,23060,0.3478,recommended,0.574392987925938,0.7583135254886573
12,1,20080,0.3435,recommended,0.5743929879259377,0.7583135254886573
12,2,29767,0.3613,recommended,0.6627130608703323,0.7583135254886573
12,3,40237,0.3658,recommended,0.6627130608703325,0.7583135254886573
12,4,22742,0.3171,recommended,0.574392987925938,0.7583135254886573
12,5,42898,0.3226,recommended,0.5743929879259377,0.7583135254886573
12,6,44319,0.3509,recommended,0.6923614277100462,0.8649643458795834
12,7,53001,0.3666,recommended,0.6923614277100459,0.8649643458795834
13,0,60498,0.3581,recommended,0.6775372442901892,0.819952461172778
13,1,39121,0.3509,recommended,0.7806815006544406,0.8483372949022682
13,2,703,0.3675,recommended,0.7955056840742971,0.8767221286317585
13,3,75138,0.315,recommended,0.7806815006544406,0.8483372949022682
13,4,98504,0.3153,recommended,0.8100063238084031,0.8097408441603393
13,5,46985,0.3338,recommended,0.8974292983513977,0.7206632358710449
13,6,38094,0.363,recommended,0.7955056840742973,0.8767221286317585
13,7,81950,0.289,recommended,0.6627130608703323,0.7416864745113421
14,0,3552,0.4128,recommended,0.9125770254570054,0.9109223917107052
14,1,85663,0.4015,recommended,0.9125770254570054,0.9109223917107052
14,2,33287,0.4063,recommended,0.9125770254570054,0.8942953407333901
14,3,65886,0.3906,recommended,0.8977528420371487,0.882537557981215
14,4,67837,0.3196,recommended,0.6775372442901892,0.7866983592181475
14,5,53541,0.417,recommended,0.8094327690927541,0.882537557981215
14,6,70653,0.4037,recommended,0.8977528420371487,0.882537557981215
14,7,38284,0.311,recommended,0.692037884024295,0.7030900237694133
15,0,67215,0.333,recommended,0.633366177919614,0.7602289248378831
15,1,41517,0.337,recommended,0.633366177919614,0.7602289248378831
15,2,29985,0.3367,recommended,0.633366177919614,0.7602289248378831
15,3,83143,0.4107,recommended,0.3094327690927541,0.7749405764659725
15,4,84546,0.3303,recommended,0.7365104342838653,0.757967368979761
15,5,69080,0.3261,recommended,0.7365104342838653,0.757967368979761
15,6,56175,0.4306,recommended,0.7062885127285028,0.8375256732744095
15,7,86062,0.3412,recommended,0.7365104342838654,0.7581519857845057
16,0,99994,0.3838,recommended,0.5157212818212568,0.831710243924953
16,1,81194,0.3934,recommended,0.4125770254570054,0.8033254101954628
16,2,73211,0.3783,recommended,0.5008970984014001,0.8365795121500932
16,3,54392,0.3901,recommended,0.5157212818212568,0.8483372949022682
16,4,16732,0.324,recommended,0.7365104342838654,0.8050561927399438
16,5,21561,0.3244,recommended,0.633366177919614,0.7766713590104537
16,6,1883,0.373,recommended,0.6040413547656516,0.8649643458795834
16,7,97407,0.3135,recommended,0.7365104342838654,0.8214986269125144
17,0,678,0.4298,recommended,0.7062885127285028,0.8208986222970942
17,1,13534,0.418,recommended,0.8094327690927541,0.8659105070038998
17,2,89341,0.3997,recommended,0.6914643293086462,0.792513788567604
17,3,16706,0.4465,recommended,0.6031442563642514,0.792513788567604
17,4,41378,0.3679,recommended,0.7220097945497594,0.921734013338564
17,5,4379,0.4117,recommended,0.8094327690927541,0.8659105070038998
17,6,68164,0.3687,recommended,0.7220097945497594,0.921734013338564
17,7,66575,0.4177,recommended,0.8094327690927541,0.8659105070038998
18,0,75625,0.3526,recommended,0.3977528420371487,0.7749405764659725
18,1,87,0.3472,recommended,0.9270776651911113,0.7944291879168298
18,2,5408,0.3492,recommended,0.9270776651911113,0.7944291879168298
18,3,23416,0.351,recommended,0.9270776651911113,0.7942445711120851
18,4,36462,0.3822,recommended,0.7946085856728974,0.8375256732744095
18,5,80085,0.3743,recommended,0.7946085856728974,0.8208986222970942
18,6,77233,0.3994,recommended,0.7946085856728974,0.8375256732744095
18,7,53653,0.3428,recommended,0.9270776651911113,0.7942445711120851
19,0,96280,0.3704,recommended,0.618865538185508,0.8767221286317585
19,1,85953,0.378,recommended,0.5157212818212568,0.8483372949022682
19,2,34606,0.3882,recommended,0.4125770254570054,0.8033254101954628
19,3,79277,0.3758,recommended,0.618865538185508,0.8933491796090737
19,4,35101,0.3922,recommended,0.3977528420371487,0.7915676274432877
19,5,62289,0.383,recommended,0.6188655381855083,0.8933491796090737
19,6,88018,0.373,recommended,0.618865538185508,0.8933491796090737
19,7,9909,0.3891,recommended,0.6188655381855083,0.8933491796090737
-1,0,1089,0.163,init,0.6844787270026618,0.6165162808944681
-1,1,32873,0.1814,init,0.6696545435828051,0.6637897214593955
-1,2,92920,0.2094,init,0.8604056061296821,0.602623866337433
-1,3,80805,0.2077,init,0.765563186611174,0.6323448641912627
-1,4,72056,0.2078,init,0.8024471667867699,0.598758451988092
-1,5,51418,0.1813,init,0.7948585967027956,0.6277086746821127
-1,6,75582,0.1693,init,0.8093886494992424,0.5450695774582879
-1,7,68033,0.2085,init,0.7870053090577525,0.42874945191886066
0,0,12816,0.1855,recommended,0.8604056061296821,0.602623866337433
0,1,33769,0.187,recommended,0.8604056061296821,0.602623866337433
0,2,36568,0.1711,recommended,0.8604056061296821,0.602623866337433
0,3,41748,0.1855,recommended,0.8604056061296821,0.602623866337433
0,4,8344,0.1627,recommended,0.8604056061296821,0.602623866337433
0,5,17880,0.1711,recommended,0.8604056061296821,0.602623866337433
0,6,68182,0.1957,recommended,0.8604056061296821,0.602623866337433
0,7,5506,0.1533,recommended,0.8604056061296821,0.602623866337433
1,0,10724,0.1894,recommended,0.7358854067091193,0.5913622412480093
1,1,74114,0.1622,recommended,0.7358854067091193,0.5913622412480093
1,2,96738,0.1675,recommended,0.7358854067091193,0.5913622412480093
1,3,30040,0.2664,recommended,0.765563186611174,0.5971292086862204
1,4,77036,0.2481,recommended,0.765563186611174,0.5788059908153137
1,5,41121,0.2792,recommended,0.7655337735488329,0.5953315025500193
1,6,1136,0.1761,recommended,0.7870053090577525,0.48590912237786416
1,7,76705,0.1863,recommended,0.7870053090577525,0.48590912237786416
2,0,33113,0.226,recommended,0.7803579569686896,0.6874322110170075
2,1,67420,0.2728,recommended,0.7803579569686896,0.6874322110170075
2,2,7433,0.213,recommended,0.7655337735488329,0.6643666489742226
2,3,98766,0.2675,recommended,0.7655337735488329,0.6588627604827726
2,4,24949,0.231,recommended,0.7655337735488329,0.6643666489742226
2,5,96799,0.2203,recommended,0.7655337735488329,0.6643666489742226
2,6,77125,0.2007,recommended,0.7655337735488329,0.6643666489742225
2,7,57889,0.2012,recommended,0.7655337735488329,0.6643666489742226
3,0,14974,0.2944,recommended,0.7655337735488329,0.5953315025500193
3,1,32908,0.2147,recommended,0.8024471667867699,0.6872245171116698
3,2,18841,0.2128,recommended,0.8024471667867699,0.6471165162808942
3,3,98290,0.2435,recommended,0.8024471667867699,0.6471165162808942
3,4,67707,0.2951,recommended,0.8245363766048502,0.6204970807467747
3,5,97868,0.2646,recommended,0.7876229833669132,0.5942468788221446
3,6,12084,0.2178,recommended,0.787622983366913,0.5942468788221446
3,7,58814,0.2485,recommended,0.8024471667867699,0.6637435672582094
4,0,31798,0.2177,recommended,0.7655337735488329,0.595516119354764
4,1,65177,0.2933,recommended,0.8245363766048502,0.6204970807467747
4,2,98318,0.2943,recommended,0.82453637660485,0.6040546465742042
4,3,35082,0.3053,recommended,0.8245363766048502,0.6204970807467747
4,4,98987,0.2616,recommended,0.8245069635425091,0.6184201416933974
4,5,65562,0.2617,recommended,0.8245069635425091,0.6184201416933974
4,6,43522,0.2496,recommended,0.8245069635425091,0.6019777075208268
4,7,46423,0.2544,recommended,0.824506963542509,0.6182355248886526
5,0,34689,0.3011,recommended,0.82453637660485,0.6188009138531831
5,1,98311,0.3016,recommended,0.8245363766048502,0.6189855306579278
5,2,35478,0.3007,recommended,0.8245363766048502,0.6189855306579278
5,3,97526,0.2949,recommended,0.8245363766048502,0.6188009138531831
5,4,85773,0.2984,recommended,0.82453637660485,0.6204970807467747
5,5,25454,0.3035,recommended,0.82453637660485,0.6040546465742042
5,6,45957,0.2993,recommended,0.8245363766048502,0.6023584796806126
5,7,80287,0.2627,recommended,0.8317719899407325,0.5505734659497379
6,0,165,0.2936,recommended,0.839037016338956,0.5021230932545633
6,1,64946,0.2993,recommended,0.839037016338956,0.5023077100593079
6,2,12695,0.305,recommended,0.839037016338956,0.4873768259755841
6,3,61644,0.3096,recommended,0.839037016338956,0.4873768259755841
6,4,78038,0.2937,recommended,0.839037016338956,0.4873768259755841
6,5,39667,0.29,recommended,0.8318014030030737,0.44751113470103593
6,6,62236,0.3094,recommended,0.8462726296748385,0.5340814160108921
6,7,97972,0.3115,recommended,0.8462726296748385,0.5061846629589456
7,0,26160,0.2779,recommended,0.8314484462549816,0.5577354441188006
7,1,99405,0.3064,recommended,0.8462726296748385,0.5061846629589456
7,2,87984,0.3128,recommended,0.8462726296748385,0.5061846629589456
7,3,13068,0.2425,recommended,0.8314484462549818,0.5579200609235454
7,4,10148,0.2267,recommended,0.8314484462549816,0.5414776267509748
7,5,30532,0.2293,recommended,0.8314484462549816,0.5414776267509748
7,6,68179,0.2218,recommended,0.8314484462549816,0.5579200609235454
7,7,25482,0.3087,recommended,0.8462726296748385,0.5209309302379247
8,0,48907,0.3202,recommended,0.853508243010721,0.5859160455080421
8,1,27734,0.3289,recommended,0.853508243010721,0.6260240463388178
8,2,58909,0.3174,recommended,0.8535082430107209,0.5859160455080421
8,3,9031,0.2962,recommended,0.8535082430107209,0.6262086631435624
8,4,58903,0.3167,recommended,0.853508243010721,0.6260240463388178
8,5,64582,0.2937,recommended,0.8462726296748385,0.269355918122447
8,6,61782,0.2777,recommended,0.853508243010721,0.3186255278886758
8,7,96495,0.2748,recommended,0.853508243010721,0.31881014469342056
9,0,37724,0.2421,recommended,0.9191949644837272,0.6471592089169914
9,1,97208,0.2814,recommended,0.9195185081694779,0.6604550804236953
9,2,46381,0.2764,recommended,0.853537656073062,0.5391964553573486
9,3,51798,0.2861,recommended,0.8607732694089443,0.4805113885491424
9,4,43875,0.3257,recommended,0.9046943247496214,0.6615027807906212
9,5,93198,0.3284,recommended,0.9340191479035839,0.6408164678189829
9,6,936,0.2829,recommended,0.8607732694089443,0.4805113885491424
9,7,3572,0.2888,recommended,0.8974587114137389,0.6576258278909834
10,0,52492,0.2851,recommended,0.9340191479035839,0.49668843606489255
10,1,78971,0.288,recommended,0.9046943247496212,0.7017827060208153
10,2,55744,0.2878,recommended,0.9119299380855037,0.6662243555719657
10,3,16070,0.2591,recommended,0.9046943247496212,0.6792859945076498
10,4,13465,0.2945,recommended,0.9046943247496212,0.7182251401933858
10,5,60833,0.2758,recommended,0.9046943247496212,0.679101377702905
10,6,63159,0.2724,recommended,0.9046943247496212,0.679101377702905
10,7,47527,0.3537,recommended,0.8901936850155154,0.8086423741721087
11,0,46624,0.3156,recommended,0.8829286586172918,0.8212909330071766
11,1,50654,0.3901,recommended,0.9125770254570054,0.9109223917107052
11,2,39252,0.4051,recommended,0.9125770254570054,0.9109223917107052
11,3,17864,0.345,recommended,0.9270776651911113,0.7942445711120851
11,4,82550,0.3511,recommended,0.8027707104725208,0.8644658805067729
11,5,17570,0.318,recommended,0.7955056840742971,0.8771144393418409
11,6,10322,0.462,recommended,1.0,0.8550988853760411
11,7,1068,0.3121,recommended,0.8396546906481165,0.8665105116193198
12,0,3552,0.4128,recommended,0.9125770254570054,0.9109223917107052
12,1,85663,0.4015,recommended,0.9125770254570054,0.9109223917107052
12,2,44032,0.3164,recommended,0.7955056840742973,0.9103685412964714
12,3,33287,0.4063,recommended,0.9125770254570054,0.8942953407333901
12,4,85557,0.3692,recommended,0.8251540509140107,0.9667458980453696
12,5,28307,0.3824,recommended,0.8251540509140107,1.0
12,6,16492,0.379,recommended,0.8251540509140107,0.9833729490226846
12,7,11948,0.369,recommended,0.8251540509140107,0.9667458980453696
13,0,66617,0.3028,recommended,0.9198420518552288,0.7396326125585578
13,1,68044,0.2896,recommended,0.9198420518552288,0.7394479957538131
13,2,89045,0.3385,recommended,0.9415783049252173,0.6308471603627717
13,3,62361,0.3316,recommended,0.9415783049252173,0.6306625435580271
13,4,34719,0.3334,recommended,0.9343426915893348,0.5963238178755218
13,5,87768,0.3501,recommended,0.9415783049252173,0.5837583366025889
13,6,69708,0.3264,recommended,0.9343426915893348,0.6267855906583895
13,7,95579,0.3136,recommended,0.8831566098504344,0.3453026561742781
14,0,65886,0.3906,recommended,0.8977528420371487,0.882537557981215
14,1,63388,0.3728,recommended,0.8977528420371487,0.8659105070038998
14,2,66035,0.3768,recommended,0.8977528420371487,0.8659105070038998
14,3,70653,0.4037,recommended,0.8977528420371487,0.882537557981215
14,4,95755,0.3574,recommended,0.8977528420371487,0.882537557981215
14,5,64999,0.3955,recommended,0.8977528420371487,0.882537557981215
14,6,47384,0.3646,recommended,0.8977528420371487,0.8659105070038998
14,7,62204,0.3568,recommended,0.8977528420371487,0.8492834560265845
15,0,83068,0.3245,recommended,0.8248305072282598,0.8383102946945743
15,1,70684,0.3179,recommended,0.8248305072282598,0.8383102946945743
15,2,1921,0.3185,recommended,0.82483050722826,0.8381256778898296
15,3,24535,0.3177,recommended,0.8248305072282598,0.8381256778898296
15,4,61151,0.2291,recommended,0.9122534817712546,0.7878060600466155
15,5,17604,0.3178,recommended,0.82483050722826,0.8383102946945743
15,6,54037,0.3228,recommended,0.82483050722826,0.8383102946945743
15,7,47237,0.3176,recommended,0.82483050722826,0.8383102946945743
16,0,67848,0.2289,recommended,0.82483050722826,0.8602566173585948
16,1,76334,0.3478,recommended,0.7955056840742973,0.909976230586389
16,2,52650,0.3688,recommended,0.810329867494154,0.9383610643158792
16,3,50728,0.3585,recommended,0.810329867494154,0.921734013338564
16,4,46825,0.3412,recommended,0.7955056840742973,0.909976230586389
16,5,54295,0.347,recommended,0.7955056840742973,0.909976230586389
16,6,15708,0.355,recommended,0.7955056840742973,0.909976230586389
16,7,14241,0.3541,recommended,0.7955056840742973,0.909976230586389
17,0,11549,0.3371,recommended,0.8396546906481167,0.8668797452288092
17,1,39858,0.3381,recommended,0.8396546906481167,0.8668797452288092
17,2,91733,0.3369,recommended,0.8396546906481167,0.8668797452288092
17,3,85337,0.337,recommended,0.8396546906481167,0.8668797452288092
17,4,14363,0.3334,recommended,0.8396546906481165,0.8666951284240646
17,5,42990,0.3338,recommended,0.8396546906481165,0.8666951284240646
17,6,19451,0.3334,recommended,0.8396546906481165,0.8666951284240646
17,7,28939,0.3331,recommended,0.8396546906481165,0.8666951284240645
18,0,63867,0.2657,recommended,0.882928658617292,0.8566912053169637
18,1,60650,0.3478,recommended,0.8027707104725208,0.8977199824614034
18,2,51695,0.3477,recommended,0.8027707104725208,0.8810929314840881
18,3,68310,0.348,recommended,0.8027707104725208,0.8810929314840881
18,4,67675,0.347,recommended,0.8027707104725208,0.8810929314840881
18,5,44382,0.3479,recommended,0.8027707104725208,0.8810929314840881
18,6,50254,0.3474,recommended,0.8027707104725208,0.8810929314840881
18,7,24315,0.3463,recommended,0.8027707104725208,0.8810929314840881
19,0,5408,0.3492,recommended,0.9270776651911113,0.7944291879168298
19,1,87,0.3472,recommended,0.9270776651911113,0.7944291879168298
19,2,86164,0.3259,recommended,0.7955056840742973,0.8600950776544432
19,3,44891,0.3229,recommended,0.7955056840742971,0.8600950776544432
19,4,34085,0.3161,recommended,0.7955056840742973,0.8600950776544432
19,5,59406,0.3322,recommended,0.7955056840742973,0.8600950776544432
19,6,6936,0.324,recommended,0.7955056840742971,0.8600950776544432
19,7,38715,0.3277,recommended,0.7955056840742971,0.8600950776544432
-1,0,1089,0.163,init,0.6844787270026618,0.6165162808944681
-1,1,32873,0.1814,init,0.6696545435828051,0.6637897214593955
-1,2,92920,0.2094,init,0.8604056061296821,0.602623866337433
-1,3,80805,0.2077,init,0.765563186611174,0.6323448641912627
-1,4,72056,0.2078,init,0.8024471667867699,0.598758451988092
-1,5,51418,0.1813,init,0.7948585967027956,0.6277086746821127
-1,6,75582,0.1693,init,0.8093886494992424,0.5450695774582879
-1,7,68033,0.2085,init,0.7870053090577525,0.42874945191886066
0,0,75215,0.3123,recommended,0.8390076032766153,0.5365195116885512
0,1,4631,0.2827,recommended,0.8245363766048502,0.5803290794544571
0,2,1019,0.1713,recommended,0.7580040295895407,0.5711351625781734
0,3,22741,0.2797,recommended,0.8093886494992426,0.5619597073823642
0,4,38135,0.2891,recommended,0.7806815006544406,0.831710243924953
0,5,34914,0.2984,recommended,0.8169478065208758,0.5558211986246046
0,6,9662,0.1721,recommended,0.7870347221200936,0.42986292202247683
0,7,22153,0.2616,recommended,0.8096827801226524,0.6203124639420301
1,0,58295,0.223,recommended,0.8462726296748385,0.5157351210393923
1,1,13236,0.2978,recommended,0.8096827801226523,0.5209886229894074
1,2,5644,0.2076,recommended,0.8242422459814402,0.5187155285809888
1,3,85390,0.3001,recommended,0.8390076032766149,0.4353033484872958
1,4,90755,0.3194,recommended,0.7655117137520773,0.4638727990215307
1,5,33576,0.2279,recommended,0.8169772195832168,0.4910657005053882
1,6,49596,0.271,recommended,0.7213921202405987,0.5371979784459877
1,7,45604,0.2486,recommended,0.8386840595908642,0.3827567904368493
2,0,15764,0.354,recommended,0.6182184508140064,0.586596819975538
2,1,996,0.2732,recommended,0.7141270938423754,0.5461657397364593
2,2,53285,0.2989,recommended,0.6182184508140064,0.5561350471926705
2,3,35136,0.3752,recommended,0.5008970984014001,0.819952461172778
2,4,27431,0.2781,recommended,0.8317719899407325,0.5091962245863426
2,5,28152,0.331,recommended,0.824506963542509,0.6433664874345184
2,6,97017,0.3557,recommended,0.810329867494154,0.9383610643158792
2,7,47810,0.3436,recommended,0.7068620674441519,0.7013823183255252
3,0,1315,0.3506,recommended,0.38292865861729186,0.729928691759167
3,1,87372,0.325,recommended,0.8100063238084031,0.7768559758151983
3,2,25629,0.3169,recommended,0.7510110740179713,0.6108277755982736
3,3,92783,0.2587,recommended,0.7068620674441519,0.7508250063462024
3,4,27307,0.3084,recommended,0.7803579569686896,0.7030900237694133
3,5,56315,0.2842,recommended,0.6699780872685558,0.6032815637043358
3,6,61396,0.3055,recommended,0.8245069635425091,0.6766205893891488
3,7,28136,0.3263,recommended,0.7951821403885463,0.7314748574989036
4,0,87676,0.3153,recommended,0.8172713502066266,0.6269817460134306
4,1,96381,0.285,recommended,0.8096827801226523,0.584335264117416
4,2,41303,0.3216,recommended,0.7068620674441519,0.7152170401310777
4,3,68419,0.3418,recommended,0.4270776651911113,0.6397433826414047
4,4,55102,0.3131,recommended,0.7955056840742971,0.8933491796090737
4,5,13101,0.2911,recommended,0.7948585967027956,0.5697851521934781
4,6,97413,0.2992,recommended,0.8241834198567582,0.5147462672789789
4,7,77233,0.3994,recommended,0.7946085856728974,0.8375256732744095
5,0,60331,0.3205,recommended,0.7361868905981146,0.6601781552165783
5,1,44025,0.314,recommended,0.8024471667867699,0.5985969122839404
5,2,10290,0.3258,recommended,0.7216862508640086,0.7129554842729556
5,3,83481,0.217,recommended,0.8318014030030737,0.4983384487572979
5,4,51932,0.3272,recommended,0.82483050722826,0.8383102946945743
5,5,52126,0.3179,recommended,0.8393311469623658,0.6274548265755887
5,6,78119,0.3247,recommended,0.8831566098504344,0.3759490457618902
5,7,48361,0.3354,recommended,0.82483050722826,0.7914060877391361
6,0,71284,0.3291,recommended,0.839331146962366,0.7051900399233837
6,1,6333,0.3689,recommended,0.6040413547656516,0.8649643458795834
6,2,99422,0.3261,recommended,0.7658573172345836,0.7700713082408323
6,3,94682,0.2962,recommended,0.8024471667867699,0.5821544781113698
6,4,82715,0.325,recommended,0.7361868905981146,0.6130893314563955
6,5,90020,0.3416,recommended,0.8538317866964718,0.5817160132001012
6,6,39438,0.3617,recommended,0.810329867494154,0.921734013338564
6,7,73228,0.3263,recommended,0.9122534817712546,0.7353979645997274
7,0,84278,0.2471,recommended,0.7806815006544405,0.8675028269448224
7,1,59849,0.3144,recommended,0.839331146962366,0.6581012161632009
7,2,34834,0.3208,recommended,0.8248305072282598,0.821683243717259
7,3,45212,0.3121,recommended,0.8538317866964716,0.5109616227817134
7,4,66581,0.321,recommended,0.839331146962366,0.7051900399233837
7,5,30997,0.2298,recommended,0.8393311469623658,0.7103246948053443
7,6,16351,0.3039,recommended,0.6993029104225187,0.6743913414718572
7,7,14822,0.3156,recommended,0.8538317866964718,0.581346779590612
8,0,52340,0.3289,recommended,0.7879465270526639,0.6822052477326745
8,1,14281,0.2589,recommended,0.7948880097651366,0.4888976069046682
8,2,62440,0.3354,recommended,0.7358633469123637,0.46802667712828533
8,3,3247,0.3584,recommended,0.7955056840742971,0.8933491796090737
8,4,848,0.2225,recommended,0.6993029104225187,0.5757159670459
8,5,52929,0.2721,recommended,0.8172713502066266,0.7349248840375692
8,6,85381,0.2964,recommended,0.7803579569686898,0.6561858168139751
8,7,1085,0.3301,recommended,0.8248305072282598,0.7745944199570762
9,0,87792,0.3256,recommended,0.7955056840742971,0.8767221286317585
9,1,75917,0.3107,recommended,0.7213627071782579,0.6149816537050282
9,2,45882,0.3217,recommended,0.8541553303822225,0.7029284840652616
9,3,66141,0.2803,recommended,0.7731223436328072,0.6647358825837119
9,4,99649,0.2896,recommended,0.7358633469123637,0.43738028754067315
9,5,35541,0.2801,recommended,0.721039163492507,0.43927260978930577
9,6,64920,0.2599,recommended,0.7286277335764813,0.5112731636397201
9,7,79168,0.3179,recommended,0.8245069635425091,0.6295317656289661
10,0,9861,0.3436,recommended,0.692037884024295,0.7030900237694133
10,1,75163,0.3426,recommended,0.7506875303322204,0.5365195116885512
10,2,89341,0.3997,recommended,0.6914643293086462,0.792513788567604
10,3,61286,0.2692,recommended,0.7141270938423754,0.5461657397364592
10,4,87433,0.2951,recommended,0.8027707104725208,0.7383172178247521
10,5,62974,0.3417,recommended,0.6330426342338633,0.5847044977269054
10,6,3686,0.319,recommended,0.8100063238084031,0.7598596912283937
10,7,51093,0.3027,recommended,0.6037178110799004,0.7032746405741579
11,0,15433,0.3186,recommended,0.6037178110799006,0.7030900237694133
11,1,48406,0.3068,recommended,0.8390076032766149,0.5128539450303461
11,2,26886,0.3289,recommended,0.7068620674441519,0.7011977015207806
11,3,87191,0.2773,recommended,0.5888936276600437,0.5945468811298547
11,4,89297,0.3126,recommended,0.7068620674441519,0.7482865252809634
11,5,33862,0.3459,recommended,0.7806815006544406,0.8483372949022682
11,6,6829,0.3482,recommended,0.7955056840742973,0.8933491796090737
11,7,23173,0.3181,recommended,0.7806815006544405,0.831710243924953
12,0,78937,0.3371,recommended,0.8245069635425091,0.6129047146516509
12,1,70137,0.3046,recommended,0.7803579569686896,0.6864629727920981
12,2,45963,0.2939,recommended,0.7951821403885465,0.7482865252809634
12,3,88303,0.3216,recommended,0.8248305072282598,0.8050561927399438
12,4,64829,0.3489,recommended,0.810329867494154,0.921734013338564
12,5,13725,0.2768,recommended,0.6920672970866361,0.6360372002861557
12,6,95870,0.3217,recommended,0.7658573172345836,0.7866983592181475
12,7,58475,0.3153,recommended,0.7068620674441519,0.7011977015207806
13,0,64869,0.3212,recommended,0.7951821403885465,0.7314748574989036
13,1,16635,0.3179,recommended,0.8245069635425091,0.6297163824337108
13,2,91964,0.3642,recommended,0.7955056840742973,0.8933491796090737
13,3,43566,0.3257,recommended,0.692037884024295,0.7030900237694133
13,4,65348,0.3459,recommended,0.6330426342338633,0.5845198809221607
13,5,19596,0.333,recommended,0.7951821403885465,0.68475526734821
13,6,4319,0.336,recommended,0.8100063238084031,0.7131401010777002
13,7,13850,0.369,recommended,0.6775372442901892,0.8033254101954628
14,0,48091,0.3053,recommended,0.625807020897981,0.5603696951515008
14,1,43101,0.3125,recommended,0.8245069635425091,0.6130893314563955
14,2,61174,0.3109,recommended,0.8096827801226523,0.6314240878775987
14,3,32970,0.3382,recommended,0.7506875303322206,0.567350518080908
14,4,37989,0.3205,recommended,0.8100063238084033,0.7602289248378831
14,5,60599,0.2736,recommended,0.8172713502066266,0.5913622412480093
14,6,12362,0.3625,recommended,0.7071856111299029,0.9266032815637041
14,7,56749,0.3215,recommended,0.8393311469623658,0.7050054231186391
15,0,65144,0.3236,recommended,0.7951821403885465,0.7481019084762187
15,1,5885,0.2929,recommended,0.4930143976940159,0.463561258163524
15,2,23207,0.2863,recommended,0.7506875303322206,0.49622689405303094
15,3,99823,0.2732,recommended,0.817006632645558,0.5513003946184198
15,4,93268,0.3135,recommended,0.692037884024295,0.6864629727920981
15,5,20251,0.3332,recommended,0.7955056840742973,0.8933491796090737
15,6,22678,0.3147,recommended,0.8245069635425091,0.6295317656289661
15,7,44035,0.3473,recommended,0.9050178684353721,0.7164055108116213
16,0,50196,0.3181,recommended,0.7658573172345838,0.7866983592181475
16,1,3466,0.2234,recommended,0.8021236231010191,0.5961022777098283
16,2,42687,0.2911,recommended,0.743451916996338,0.4113377795213806
16,3,11763,0.2798,recommended,0.728951277262232,0.5747351902706941
16,4,22811,0.3352,recommended,0.7806815006544405,0.831710243924953
16,5,72768,0.3676,recommended,0.6923614277100459,0.8483372949022682
16,6,83407,0.324,recommended,0.8245069635425091,0.7165439734151798
16,7,41265,0.3179,recommended,0.82483050722826,0.8383102946945743
17,0,84063,0.3242,recommended,0.7213627071782579,0.6316087046823434
17,1,74480,0.338,recommended,0.7216862508640086,0.7766713590104537
17,2,88061,0.3146,recommended,0.6258070208979808,0.5657120439387993
17,3,73925,0.2441,recommended,0.6775372442901892,0.8391179932153321
17,4,63549,0.3098,recommended,0.5005735547156493,0.6582627558673526
17,5,20256,0.3258,recommended,0.8100063238084031,0.7462095862275859
17,6,52626,0.3457,recommended,0.6923614277100462,0.8649643458795834
17,7,75740,0.3705,recommended,0.7955056840742973,0.8933491796090737
18,0,79872,0.2941,recommended,0.8320955336264835,0.603304640804929
18,1,53479,0.3136,recommended,0.8465961733605895,0.5228001753859642
18,2,79351,0.3075,recommended,0.6182184508140064,0.5864122031707932
18,3,97950,0.3135,recommended,0.8248305072282598,0.8381256778898296
18,4,1426,0.3194,recommended,0.7068620674441519,0.7647289594535339
18,5,69791,0.3518,recommended,0.810329867494154,0.9383610643158792
18,6,6262,0.3189,recommended,0.7806815006544405,0.8649643458795834
18,7,32450,0.3227,recommended,0.8100063238084031,0.7931137931830241
19,0,41581,0.3458,recommended,0.7806815006544406,0.8483372949022682
19,1,57515,0.3335,recommended,0.810329867494154,0.921734013338564
19,2,9,0.323,recommended,0.7213627071782577,0.584335264117416
19,3,59356,0.3203,recommended,0.8100063238084031,0.7295825352502708
19,4,48648,0.3227,recommended,0.810329867494154,0.9051069623612488
19,5,38217,0.3133,recommended,0.8175948938923777,0.7670712851637317
19,6,55935,0.3387,recommended,0.7955056840742971,0.8767221286317585
19,7,58539,0.263,recommended,0.5892171713457947,0.8391179932153321
-1,0,1089,0.163,init,0.6844787270026618,0.6165162808944681
-1,1,32873,0.1814,init,0.6696545435828051,0.6637897214593955
-1,2,92920,0.2094,init,0.8604056061296821,0.602623866337433
-1,3,80805,0.2077,init,0.765563186611174,0.6323448641912627
-1,4,72056,0.2078,init,0.8024471667867699,0.598758451988092
-1,5,51418,0.1813,init,0.7948585967027956,0.6277086746821127
-1,6,75582,0.1693,init,0.8093886494992424,0.5450695774582879
-1,7,68033,0.2085,init,0.7870053090577525,0.42874945191886066
0,0,1113,0.3189,recommended,0.8541553303822227,0.655839660305079
0,1,33113,0.226,recommended,0.7803579569686896,0.6874322110170075
0,2,93309,0.2438,recommended,0.8242128329190993,0.40417233978722894
0,3,80984,0.1701,recommended,0.7727987999470565,0.6683451411164698
0,4,71886,0.3188,recommended,0.706538523758401,0.6030392541481085
0,5,51635,0.2631,recommended,0.7948585967027956,0.4933884106800819
0,6,75623,0.2035,recommended,0.8093886494992424,0.5562042784944498
0,7,67819,0.2048,recommended,0.6844787270026618,0.5251771167470516
1,0,65763,0.2868,recommended,0.7876229833669132,0.5482426787898366
1,1,76876,0.1667,recommended,0.8021824492257013,0.4555788890683772
1,2,29182,0.295,recommended,0.824506963542509,0.6295317656289661
1,3,98191,0.2853,recommended,0.8390076032766149,0.4657651212701634
1,4,69149,0.1885,recommended,0.7208847449152167,0.6003357718136291
1,5,80125,0.2182,recommended,0.7728282130093974,0.6164355110423924
1,6,74132,0.2893,recommended,0.7141270938423755,0.5463503565412039
1,7,99824,0.3114,recommended,0.8465961733605895,0.4868114370110537
2,0,89674,0.2851,recommended,0.9046943247496212,0.6005123116331661
2,1,8014,0.1904,recommended,0.7727987999470564,0.6871183624489416
2,2,17384,0.3166,recommended,0.706538523758401,0.5393233794106106
2,3,48844,0.2414,recommended,0.8096827801226523,0.6201278471372853
2,4,78053,0.2372,recommended,0.7800344132829389,0.5334617958599679
2,5,28655,0.2954,recommended,0.6848022706884127,0.6316663974338261
2,6,70451,0.2997,recommended,0.824506963542509,0.6764359725844042
2,7,93382,0.3202,recommended,0.8100063238084031,0.7297671520550155
3,0,56042,0.2289,recommended,0.7951821403885465,0.7536057969676687
3,1,69697,0.2217,recommended,0.8096827801226524,0.653555027346364
3,2,80373,0.3594,recommended,0.9122534817712546,0.7658597373825949
3,3,9152,0.2069,recommended,0.6254834772122299,0.48268063600489214
3,4,2038,0.2766,recommended,0.6993029104225187,0.5212770867468208
3,5,61780,0.3061,recommended,0.824506963542509,0.6293471488242214
3,6,68829,0.325,recommended,0.7951821403885465,0.7316594743036482
3,7,88995,0.2214,recommended,0.8100063238084031,0.798617681674474
4,0,98310,0.2269,recommended,0.6772137006044383,0.6635820275540578
4,1,10796,0.2885,recommended,0.8021236231010189,0.4801629243301869
4,2,75246,0.2661,recommended,0.8024471667867699,0.6443934184109106
4,3,60853,0.2135,recommended,0.7949174228274776,0.5625470195924581
4,4,28211,0.1461,recommended,0.7797696957218702,0.562400480003692
4,5,87718,0.2739,recommended,0.8169478065208756,0.48062677405210785
4,6,48782,0.2648,recommended,0.6627130608703325,0.7944984192186091
4,7,91309,0.191,recommended,0.6475947468270659,0.6193432257171205
5,0,1019,0.1713,recommended,0.7580040295895407,0.5711351625781734
5,1,68087,0.288,recommended,0.8100063238084031,0.7299748459603532
5,2,25255,0.2064,recommended,0.8462726296748385,0.20750928853298875
5,3,62683,0.3156,recommended,0.8610968130946954,0.5347541134931805
5,4,61000,0.2464,recommended,0.7210685765548479,0.549915768582835
5,5,47478,0.2166,recommended,0.8096827801226523,0.6369279763690487
5,6,27248,0.3135,recommended,0.8100063238084031,0.7135324117877827
5,7,66936,0.1988,recommended,0.7725046693236467,0.6377933676412892
6,0,89803,0.2602,recommended,0.853508243010721,0.4419726305586964
6,1,63273,0.2761,recommended,0.839037016338956,0.18673989799921537
6,2,50773,0.2176,recommended,0.7876229833669132,0.5592735328733296
6,3,78235,0.2828,recommended,0.824506963542509,0.7386749128839449
6,4,80723,0.2553,recommended,0.765563186611174,0.5799252301940782
6,5,52577,0.184,recommended,0.8240290012794683,0.63592296863822
6,6,71922,0.2363,recommended,0.787622983366913,0.6613435487965289
6,7,61289,0.2461,recommended,0.8021530361633599,0.6477384441418778
7,0,81215,0.2101,recommended,0.8024471667867699,0.6872245171116698
7,1,98049,0.3421,recommended,0.810329867494154,0.9383610643158792
7,2,38789,0.1922,recommended,0.8241834198567582,0.5117347056515816
7,3,18732,0.2955,recommended,0.5002500110298984,0.512830867929753
7,4,51277,0.2494,recommended,0.7138035501566244,0.47736136431818676
7,5,25805,0.3209,recommended,0.7731223436328072,0.6316663974338261
7,6,74150,0.319,recommended,0.8024471667867699,0.6723144024184798
7,7,3712,0.3051,recommended,0.7068620674441519,0.6849629612535478
8,0,64538,0.2224,recommended,0.7655631866111737,0.7336764128954835
8,1,60787,0.1502,recommended,0.8090651058134917,0.4268917453211176
8,2,17089,0.2571,recommended,0.7658573172345838,0.8395103039254145
8,3,69654,0.2393,recommended,0.8241834198567582,0.5603581566012044
8,4,41971,0.3111,recommended,0.8172713502066266,0.5636351048854219
8,5,86838,0.2746,recommended,0.8021236231010189,0.46646897283825234
8,6,1558,0.1545,recommended,0.7945350530170446,0.49113839337225645
8,7,22734,0.1993,recommended,0.765563186611174,0.6922230171001312
9,0,66226,0.2508,recommended,0.8100063238084031,0.7820021692474554
9,1,32908,0.2147,recommended,0.8024471667867699,0.6872245171116698
9,2,21383,0.312,recommended,0.8245069635425091,0.6599935384118336
9,3,95899,0.2281,recommended,0.7286571466388222,0.4979772921330161
9,4,9018,0.2396,recommended,0.728649793373237,0.5199616920130152
9,5,30163,0.194,recommended,0.7872994396811623,0.5045784967576671
9,6,13012,0.2791,recommended,0.8241834198567582,0.4842844944961113
9,7,25038,0.2064,recommended,0.6989793667367677,0.5382272171324393
10,0,19345,0.2864,recommended,0.8317719899407325,0.6270936699513071
10,1,15227,0.3104,recommended,0.8096827801226524,0.6175893660720465
10,2,92431,0.3808,recommended,0.574392987925938,0.7416864745113421
10,3,89307,0.2347,recommended,0.8021236231010189,0.6419933999492301
10,4,16448,0.3177,recommended,0.8245069635425091,0.6766205893891488
10,5,92528,0.2728,recommended,0.8317719899407325,0.5712159324302492
10,6,28312,0.2118,recommended,0.8093592364369016,0.4506726974822881
10,7,91325,0.2497,recommended,0.8242128329190993,0.48445757275055934
11,0,2274,0.2189,recommended,0.8021236231010189,0.4938037984907573
11,1,29190,0.2374,recommended,0.7951821403885465,0.7037361825860196
11,2,24140,0.2051,recommended,0.8238892892333484,0.6087473749798072
11,3,36548,0.3425,recommended,0.7216862508640088,0.7463942030323307
11,4,1295,0.2459,recommended,0.8018000794152683,0.47452057323517843
11,5,46794,0.2728,recommended,0.7582981602129505,0.6203009253917334
11,6,5174,0.27,recommended,0.839331146962366,0.6108277755982736
11,7,90630,0.265,recommended,0.6696545435828051,0.5542981099854613
12,0,57825,0.2596,recommended,0.750709590128976,0.5978007523134791
12,1,80898,0.2713,recommended,0.8242128329190993,0.5086504511573163
12,2,19998,0.3011,recommended,0.8024471667867701,0.7195878429834072
12,3,4366,0.2693,recommended,0.7065973498830832,0.595816121662474
12,4,68669,0.3159,recommended,0.8245069635425091,0.6130893314563955
12,5,45988,0.2372,recommended,0.7138035501566244,0.41974938268755885
12,6,83610,0.2615,recommended,0.7727987999470564,0.5330002538481062
12,7,29304,0.239,recommended,0.787622983366913,0.5731197932291784
13,0,52952,0.2149,recommended,0.6182184508140064,0.6138624143262638
13,1,56150,0.211,recommended,0.7800344132829389,0.5637389518380908
13,2,72731,0.2959,recommended,0.8024471667867699,0.5461657397364593
13,3,70190,0.3053,recommended,0.7803579569686896,0.6864629727920981
13,4,16647,0.1919,recommended,0.7872994396811623,0.46097662289709895
13,5,58934,0.2293,recommended,0.7951821403885465,0.7536057969676687
13,6,91267,0.3069,recommended,0.8245069635425091,0.6293471488242214
13,7,55216,0.2283,recommended,0.7731223436328072,0.7917891676089813
14,0,84819,0.195,recommended,0.787622983366913,0.5537465672812866
14,1,38538,0.2067,recommended,0.8241834198567584,0.5588235294117644
14,2,54106,0.2151,recommended,0.8169478065208758,0.48742298017677027
14,3,47044,0.2166,recommended,0.8317719899407328,0.469088223755567
14,4,87277,0.3019,recommended,0.8175948938923775,0.7668866683589871
14,5,18610,0.2967,recommended,0.8245069635425091,0.5968545911891627
14,6,16748,0.2959,recommended,0.8100063238084033,0.7462095862275859
14,7,55404,0.2318,recommended,0.7731223436328072,0.8204163108946988
15,0,97290,0.2764,recommended,0.8169478065208758,0.581897168439757
15,1,8600,0.3313,recommended,0.8538317866964718,0.5813467795906119
15,2,9851,0.3411,recommended,0.7216862508640086,0.7297671520550155
15,3,34763,0.179,recommended,0.7949174228274776,0.5206990053769641
15,4,64273,0.1928,recommended,0.8239187022956895,0.5345810352387323
15,5,55397,0.3157,recommended,0.8100063238084031,0.7931137931830241
15,6,78166,0.2119,recommended,0.8093886494992424,0.5852779636766434
15,7,10468,0.2551,recommended,0.7876229833669132,0.7198174601343084
16,0,51560,0.2155,recommended,0.8169478065208758,0.5330348694989959
16,1,93156,0.289,recommended,0.8021236231010189,0.4635358733528718
16,2,46448,0.2765,recommended,0.743451916996338,0.4927537904137722
16,3,957,0.2853,recommended,0.7951821403885463,0.7320517850137306
16,4,18390,0.2897,recommended,0.7803873700310304,0.498788452218863
16,5,18415,0.2365,recommended,0.7948585967027956,0.7823714028569447
16,6,6928,0.1546,recommended,0.6990087797991086,0.5360775852121937
16,7,96256,0.2647,recommended,0.765563186611174,0.5805021577089051
17,0,66137,0.2924,recommended,0.8462726296748383,0.5769390533773334
17,1,13996,0.2117,recommended,0.8021236231010191,0.45903814644728014
17,2,10153,0.272,recommended,0.8172713502066266,0.689405303117716
17,3,95445,0.238,recommended,0.853831786696472,0.5329079454457339
17,4,28406,0.3204,recommended,0.7658573172345838,0.7866983592181475
17,5,63480,0.2159,recommended,0.706567936820742,0.4764498188447601
17,6,88656,0.2156,recommended,0.8021236231010191,0.47717674751344213
17,7,40243,0.218,recommended,0.8241834198567582,0.5370618235524885
18,0,48956,0.3144,recommended,0.8024471667867699,0.5930699466918974
18,1,10899,0.2387,recommended,0.7951821403885465,0.7840791083008327
18,2,32438,0.1682,recommended,0.8238892892333484,0.4421341702628479
18,3,11783,0.2347,recommended,0.9122828948335956,0.6919980153693487
18,4,31154,0.2135,recommended,0.839007603276615,0.48771144393418386
18,5,75489,0.3081,recommended,0.7731223436328072,0.6481088316063968
18,6,64300,0.3017,recommended,0.8538317866964718,0.46368818221678604
18,7,99140,0.2751,recommended,0.6696545435828051,0.5847598827683287
19,0,10297,0.1675,recommended,0.6917437534008852,0.47139593381487527
19,1,46461,0.2321,recommended,0.787622983366913,0.7366441280317537
19,2,93741,0.2067,recommended,0.7728282130093974,0.5646158816606279
19,3,32665,0.2858,recommended,0.8024471667867696,0.5930699466918974
19,4,22156,0.312,recommended,0.8169478065208758,0.4293033023330946
19,5,65652,0.3033,recommended,0.853831786696472,0.46405741582627535
19,6,72422,0.2853,recommended,0.7803579569686898,0.6399510765467423
19,7,4197,0.1743,recommended,0.8093886494992426,0.5753351948861143
-1,0,37636,0.1508,init,0.8242128329190991,0.4513650105000805
-1,1,80174,0.1942,init,0.802182449225701,0.5677624443264945
-1,2,63367,0.1947,init,0.7876229833669132,0.5950661158931988
-1,3,82323,0.2031,init,0.7948585967027956,0.7825444811113929
-1,4,11703,0.1722,init,0.7065679368207423,0.5326425587889135
-1,5,78801,0.1987,init,0.7800638263452799,0.6704013107793133
-1,6,58815,0.1935,init,0.8242128329190993,0.5031234855652733
-1,7,74668,0.1774,init,0.588628910098975,0.48391179932153294
0,0,43811,0.204,global_best,0.7655337735488329,0.6809936999515378
0,1,2140,0.209,global_best,0.7727987999470564,0.6661089700690003
0,2,80460,0.2253,global_best,0.8532802917775784,0.7482865252809634
0,3,28548,0.2107,global_best,0.7727987999470565,0.6683451411164698
0,4,53390,0.2177,local_best,0.7582981602129504,0.7620312463942027
0,5,46462,0.2144,local_best,0.7582981602129504,0.7620312463942027
0,6,20822,0.225,unexplored,0.7655337735488329,0.7163939722613247
0,7,50704,0.161,unexplored,0.7510331338147269,0.8682297556135045
1,0,67209,0.2295,global_best,0.8532802917775784,0.7482865252809634
1,1,27821,0.2942,global_best,0.7658573172345838,0.7874829806383122
1,2,12248,0.2933,global_best,0.7658573172345836,0.7874829806383122
1,3,73722,0.2924,global_best,0.7658573172345836,0.7874829806383122
1,4,41240,0.2043,local_best,0.7655337735488329,0.7163939722613247
1,5,84109,0.2343,local_best,0.7655337735488329,0.7700159231994089
1,6,13250,0.2492,unexplored,0.7731223436328072,0.8049177301363853
1,7,66448,0.2328,unexplored,0.7731223436328072,0.8204163108946988
2,0,95579,0.3136,global_best,0.8831566098504344,0.3453026561742781
2,1,74199,0.2671,global_best,0.8465961733605892,0.38107216209355455
2,2,58170,0.1588,global_best,0.8318014030030735,0.4572462095862274
2,3,4089,0.2761,global_best,0.8610968130946952,0.23393256871206697
2,4,17114,0.3176,local_best,0.7955056840742971,0.8771144393418409
2,5,17590,0.318,local_best,0.810329867494154,0.921734013338564
2,6,1068,0.3121,unexplored,0.8396546906481165,0.8665105116193198
2,7,53114,0.2707,unexplored,0.8320955336264833,0.7799367687443747
3,0,22860,0.2877,global_best,0.8831566098504344,0.3451180393695334
3,1,62598,0.2392,global_best,0.8683324264305776,0.36895668428218653
3,2,94051,0.32,global_best,0.8686559701163287,0.539161839706459
3,3,67939,0.306,global_best,0.8686559701163284,0.5087000669235914
3,4,33844,0.3237,local_best,0.8396546906481165,0.8500680774467493
3,5,10322,0.462,unexplored,1.0,0.8550988853760411
3,6,704,0.2374,unexplored,0.9122828948335956,0.658401218470911
4,0,65909,0.3254,global_best,0.9415783049252173,0.6002007707751595
4,1,19604,0.4802,global_best,0.8968557436357487,0.8100870006692356
4,2,46143,0.3266,global_best,0.9415783049252173,0.6000161539704149
4,3,87768,0.3501,global_best,0.9415783049252173,0.5837583366025889
4,4,22013,0.353,local_best,0.8251540509140107,0.9667458980453696
4,5,28307,0.3824,unexplored,0.8251540509140107,1.0
4,6,13806,0.3348,unexplored,0.8541553303822227,0.7337594904576187
5,0,30682,0.2233,global_best,0.6475432739679691,0.44288417603212304
5,1,83402,0.2221,global_best,0.5078385811138728,0.5142616481665241
5,2,56871,0.2265,global_best,0.5298983778696118,0.5614543188793757
5,3,21982,0.2245,global_best,0.5078385811138726,0.5089192993792258
5,4,94986,0.3739,local_best,0.5008970984014001,0.8033254101954628
5,5,34606,0.3882,local_best,0.4125770254570054,0.8033254101954628
5,6,97298,0.3938,unexplored,0.2946085856728973,0.7465557427364822
5,7,67674,0.4426,unexplored,0.10314425636425137,0.6849168070523617
6,0,98708,0.2737,global_best,0.7138623762813067,0.5260078923684026
6,1,72726,0.2723,global_best,0.5075738635528039,0.40555696582281375
6,2,67233,0.2731,global_best,0.7138623762813067,0.5062885099116144
6,3,79104,0.2591,global_best,0.69903819286145,0.4976230586389123
6,4,9572,0.5048,local_best,0.0,0.6399049223455562
6,5,55131,0.4179,local_best,0.20628851272850268,0.729928691759167
6,6,16629,0.3361,unexplored,0.64786681765372,0.6437357210440077
6,7,81809,0.3428,unexplored,0.633366177919614,0.7463942030323307
7,0,63296,0.3437,global_best,0.1176448960983573,0.5213347794983036
7,1,678,0.4298,global_best,0.7062885127285028,0.8208986222970942
7,2,13534,0.418,global_best,0.8094327690927541,0.8659105070038998
7,3,56175,0.4306,global_best,0.7062885127285028,0.8375256732744095
7,4,85953,0.378,local_best,0.5157212818212568,0.8483372949022682
7,5,83143,0.4107,local_best,0.3094327690927541,0.7749405764659725
7,6,85427,0.3049,unexplored,0.559568804506081,0.6966745898045367
7,7,99638,0.3586,unexplored,0.6923614277100462,0.8649643458795834
8,0,50654,0.3901,global_best,0.9125770254570054,0.9109223917107052
8,1,3552,0.4128,global_best,0.9125770254570054,0.9109223917107052
8,2,85663,0.4015,global_best,0.9125770254570054,0.9109223917107052
8,3,33287,0.4063,global_best,0.9125770254570054,0.8942953407333901
8,4,16706,0.4465,local_best,0.6031442563642514,0.792513788567604
8,5,81194,0.3934,local_best,0.4125770254570054,0.8033254101954628
8,6,66786,0.3302,unexplored,0.9050178684353721,0.7112477788290676
8,7,32376,0.3179,unexplored,0.338434048560966,0.4477765213578564
9,0,33536,0.3092,global_best,0.4564245481418297,0.6516627050977312
9,1,89341,0.3997,global_best,0.6914643293086462,0.792513788567604
9,2,80085,0.3743,global_best,0.7946085856728974,0.8208986222970942
9,3,77233,0.3994,global_best,0.7946085856728974,0.8375256732744095
9,4,53541,0.417,local_best,0.8094327690927541,0.882537557981215
9,5,96280,0.3704,local_best,0.618865538185508,0.8767221286317585
9,6,69620,0.3667,unexplored,0.7658573172345836,0.7866983592181475
9,7,1818,0.3578,unexplored,0.7658573172345836,0.7866983592181475
10,0,59997,0.4056,global_best,0.3829286586172919,0.729928691759167
10,1,1315,0.3506,global_best,0.38292865861729186,0.729928691759167
10,2,75625,0.3526,global_best,0.3977528420371487,0.7749405764659725
10,3,4379,0.4117,global_best,0.8094327690927541,0.8659105070038998
10,4,66575,0.4177,local_best,0.8094327690927541,0.8659105070038998
10,5,99994,0.3838,local_best,0.5157212818212568,0.831710243924953
10,6,94868,0.3178,unexplored,0.728951277262232,0.5802621558627371
10,7,79540,0.3146,unexplored,0.7361868905981147,0.5826275586735279
11,0,39252,0.4051,global_best,0.9125770254570054,0.9109223917107052
11,1,65886,0.3906,global_best,0.8977528420371487,0.882537557981215
11,2,63388,0.3728,global_best,0.8977528420371487,0.8659105070038998
11,3,95755,0.3574,global_best,0.8977528420371487,0.882537557981215
11,4,36462,0.3822,local_best,0.7946085856728974,0.8375256732744095
11,5,35101,0.3922,local_best,0.3977528420371487,0.7915676274432877
11,6,76252,0.3065,unexplored,0.8096827801226523,0.5845198809221607
11,7,45216,0.3321,unexplored,0.8538317866964718,0.5720697851521932
12,0,61591,0.3012,global_best,0.8166977954909775,0.6946207278517524
12,1,68044,0.2896,global_best,0.9198420518552288,0.7394479957538131
12,2,66617,0.3028,global_best,0.9198420518552288,0.7396326125585578
12,3,56882,0.3573,global_best,0.3977528420371487,0.7583135254886573
12,4,66913,0.3957,local_best,0.5157212818212568,0.8649643458795834
12,5,73211,0.3783,local_best,0.5008970984014001,0.8365795121500932
12,6,19973,0.3051,unexplored,0.9195185081694779,0.5528234832575633
12,7,9493,0.3029,unexplored,0.9195185081694781,0.5530081000623079
13,0,69489,0.2651,global_best,0.5892171713457947,0.8391179932153321
13,1,33374,0.2581,global_best,0.7955056840742973,0.9291417626289432
13,2,24480,0.2648,global_best,0.48607291498154337,0.7941061085085267
13,3,89266,0.2593,global_best,0.7955056840742973,0.9291417626289432
13,4,54392,0.3901,local_best,0.5157212818212568,0.8483372949022682
13,5,96874,0.3632,local_best,0.7220097945497594,0.921734013338564
13,6,50387,0.3367,unexplored,0.7358633469123637,0.5385964507419285
13,7,22902,0.3058,unexplored,0.5443990176037178,0.34527957907368495
14,0,82422,0.3716,global_best,0.7071856111299029,0.8767221286317585
14,1,84904,0.3669,global_best,0.7071856111299029,0.909976230586389
14,2,55299,0.3616,global_best,0.7071856111299029,0.8933491796090737
14,3,17513,0.3426,global_best,0.6040413547656514,0.8483372949022682
14,4,70653,0.4037,local_best,0.8977528420371487,0.882537557981215
14,5,9909,0.3891,local_best,0.6188655381855083,0.8933491796090737
14,6,52514,0.2876,unexplored,0.4857787843581334,0.41429164839729515
14,7,34587,0.2746,unexplored,0.8241834198567582,0.39029146378049034
15,0,51893,0.3782,global_best,0.8103298674941543,0.9716151662705095
15,1,54464,0.3314,global_best,0.6478888774504756,0.6800475388272215
15,2,21042,0.356,global_best,0.810329867494154,0.9051069623612488
15,3,4661,0.3378,global_best,0.810329867494154,0.9051069623612488
15,4,62289,0.383,local_best,0.6188655381855083,0.8933491796090737
15,5,94018,0.3757,local_best,0.6040413547656516,0.8815913968568987
15,6,31233,0.2808,unexplored,0.8683324264305776,0.34719497842291075
15,7,87370,0.2932,unexplored,0.8683324264305777,0.34719497842291075
16,0,70486,0.3903,global_best,0.7946085856728974,0.8375256732744095
16,1,62126,0.3554,global_best,0.5743929879259377,0.7583135254886573
16,2,98253,0.3917,global_best,0.48607291498154337,0.7749405764659725
16,3,60067,0.3687,global_best,0.7220097945497594,0.9051069623612488
16,4,88018,0.373,local_best,0.618865538185508,0.8933491796090737
16,5,61815,0.3796,local_best,0.7220097945497594,0.9383610643158792
16,6,15080,0.2834,unexplored,0.8465961733605895,0.5543927260978927
16,7,6432,0.2828,unexplored,0.8610968130946952,0.42127247132670226
17,0,43254,0.3435,global_best,0.48607291498154337,0.7583135254886573
17,1,86132,0.415,global_best,0.8829286586172918,0.8208986222970942
17,2,96816,0.3505,global_best,0.882928658617292,0.8208986222970942
17,3,88032,0.3515,global_best,0.882928658617292,0.8208986222970942
17,4,35136,0.3752,local_best,0.5008970984014001,0.819952461172778
17,5,79277,0.3758,local_best,0.618865538185508,0.8933491796090737
17,6,93056,0.2822,unexplored,0.7510331338147269,0.7587058361987397
17,7,25261,0.2736,unexplored,0.7510331338147271,0.7587058361987397
18,0,703,0.3675,global_best,0.7955056840742971,0.8767221286317585
18,1,76334,0.3478,global_best,0.7955056840742973,0.909976230586389
18,2,47451,0.3472,global_best,0.7955056840742973,0.909976230586389
18,3,88023,0.3429,global_best,0.7955056840742973,0.8933491796090737
18,4,3564,0.3879,local_best,0.48607291498154337,0.7749405764659725
18,5,97551,0.344,local_best,0.6923614277100462,0.8649643458795834
18,6,46098,0.272,unexplored,0.7655631866111737,0.47021900168462805
18,7,5138,0.2942,unexplored,0.765563186611174,0.4537765675120575
19,0,94719,0.3939,global_best,0.48607291498154337,0.7583135254886573
19,1,10794,0.3399,global_best,0.48607291498154337,0.7749405764659725
19,2,51994,0.338,global_best,0.48607291498154337,0.7749405764659725
19,3,35749,0.3524,global_best,0.48607291498154315,0.7749405764659725
19,4,54635,0.3872,local_best,0.5008970984014001,0.819952461172778
19,5,9902,0.3799,local_best,0.7220097945497594,0.9383610643158792
19,6,28138,0.311,unexplored,0.7951821403885465,0.7322364018184753
19,7,8212,0.2888,unexplored,0.7951821403885465,0.7322364018184753
-1,0,37636,0.1508,init,0.8242128329190991,0.4513650105000805
-1,1,80174,0.1942,init,0.802182449225701,0.5677624443264945
-1,2,63367,0.1947,init,0.7876229833669132,0.5950661158931988
-1,3,82323,0.2031,init,0.7948585967027956,0.7825444811113929
-1,4,11703,0.1722,init,0.7065679368207423,0.5326425587889135
-1,5,78801,0.1987,init,0.7800638263452799,0.6704013107793133
-1,6,58815,0.1935,init,0.8242128329190993,0.5031234855652733
-1,7,74668,0.1774,init,0.588628910098975,0.48391179932153294
0,0,9047,0.1866,recommended,0.7655337735488329,0.6809936999515378
0,1,57159,0.2255,recommended,0.7655337735488329,0.6809936999515378
0,2,43811,0.204,recommended,0.7655337735488329,0.6809936999515378
0,3,80606,0.185,recommended,0.7655337735488329,0.6809936999515378
0,4,2140,0.209,recommended,0.7727987999470564,0.6661089700690003
0,5,80460,0.2253,recommended,0.8532802917775784,0.7482865252809634
0,6,28548,0.2107,recommended,0.7727987999470565,0.6683451411164698
0,7,93388,0.2219,recommended,0.7727987999470565,0.6683451411164698
1,0,79620,0.2818,recommended,0.8532802917775784,0.7482865252809634
1,1,67209,0.2295,recommended,0.8532802917775784,0.7482865252809634
1,2,38196,0.2958,recommended,0.8532802917775784,0.7316594743036482
1,3,21154,0.3146,recommended,0.882928658617292,0.8379179839844919
1,4,3552,0.4128,recommended,0.9125770254570054,0.9109223917107052
1,5,87642,0.3046,recommended,0.882928658617292,0.8212909330071766
1,6,70171,0.3167,recommended,0.8829286586172918,0.8212909330071766
1,7,36060,0.3153,recommended,0.882928658617292,0.8212909330071766
2,0,94856,0.3097,recommended,0.8686559701163287,0.4924422495557656
2,1,95579,0.3136,recommended,0.8831566098504344,0.3453026561742781
2,2,58477,0.2968,recommended,0.8831566098504344,0.3453026561742781
2,3,61839,0.3138,recommended,0.8396546906481165,0.8665105116193198
2,4,10787,0.3162,recommended,0.8396546906481165,0.8665105116193198
2,5,84821,0.3169,recommended,0.8686559701163287,0.4924422495557655
2,6,14603,0.3024,recommended,0.8686559701163284,0.4924422495557656
2,7,22860,0.2877,recommended,0.8831566098504344,0.3451180393695334
3,0,89045,0.3385,recommended,0.9415783049252173,0.6308471603627717
3,1,32089,0.3641,recommended,0.8251540509140107,0.9833729490226846
3,2,30108,0.3654,recommended,0.8251540509140107,0.9501188470680542
3,3,40327,0.3661,recommended,0.8251540509140107,0.9667458980453696
3,4,85557,0.3692,recommended,0.8251540509140107,0.9667458980453696
3,5,38561,0.3625,recommended,0.8251540509140105,0.9667458980453696
3,6,22471,0.3643,recommended,0.8251540509140105,0.9667458980453696
3,7,5408,0.3492,recommended,0.9270776651911113,0.7944291879168298
4,0,76334,0.3478,recommended,0.7955056840742973,0.909976230586389
4,1,78820,0.3698,recommended,0.810329867494154,0.921734013338564
4,2,95929,0.3351,recommended,0.810329867494154,0.921734013338564
4,3,96874,0.3632,recommended,0.7220097945497594,0.921734013338564
4,4,60067,0.3687,recommended,0.7220097945497594,0.9051069623612488
4,5,41378,0.3679,recommended,0.7220097945497594,0.921734013338564
4,6,68164,0.3687,recommended,0.7220097945497594,0.921734013338564
4,7,93434,0.3656,recommended,0.7220097945497594,0.9383610643158792
5,0,50654,0.3901,recommended,0.9125770254570054,0.9109223917107052
5,1,85663,0.4015,recommended,0.9125770254570054,0.9109223917107052
5,2,33287,0.4063,recommended,0.9125770254570054,0.8942953407333901
5,3,39252,0.4051,recommended,0.9125770254570054,0.9109223917107052
5,4,86964,0.2526,recommended,0.6923614277100462,0.9007569288994529
5,5,26205,0.2542,recommended,0.6923614277100462,0.9007569288994529
5,6,4819,0.2592,recommended,0.6923614277100459,0.9007569288994529
5,7,10124,0.2608,recommended,0.7955056840742973,0.9457688136062582
6,0,95755,0.3574,recommended,0.8977528420371487,0.882537557981215
6,1,65886,0.3906,recommended,0.8977528420371487,0.882537557981215
6,2,70653,0.4037,recommended,0.8977528420371487,0.882537557981215
6,3,77674,0.3127,recommended,0.7955056840742973,0.8933491796090737
6,4,64999,0.3955,recommended,0.8977528420371487,0.882537557981215
6,5,21723,0.3247,recommended,0.9050178684353721,0.7110631620243231
6,6,25248,0.2754,recommended,0.9195185081694779,0.6438280294463801
6,7,21632,0.2192,recommended,0.9267541215053606,0.6240394156878126
7,0,10322,0.462,recommended,1.0,0.8550988853760411
7,1,71250,0.3596,recommended,0.8829286586172918,0.8375256732744094
7,2,96816,0.3505,recommended,0.882928658617292,0.8208986222970942
7,3,55299,0.3616,recommended,0.7071856111299029,0.8933491796090737
7,4,94801,0.3506,recommended,0.7071856111299029,0.8767221286317585
7,5,72106,0.3444,recommended,0.7071856111299026,0.8767221286317585
7,6,96015,0.3558,recommended,0.7071856111299026,0.8933491796090737
7,7,12362,0.3625,recommended,0.7071856111299029,0.9266032815637041
8,0,19604,0.4802,recommended,0.8968557436357487,0.8100870006692356
8,1,62204,0.3568,recommended,0.8977528420371487,0.8492834560265845
8,2,66035,0.3768,recommended,0.8977528420371487,0.8659105070038998
8,3,63388,0.3728,recommended,0.8977528420371487,0.8659105070038998
8,4,47384,0.3646,recommended,0.8977528420371487,0.8659105070038998
8,5,41061,0.3308,recommended,0.9270776651911116,0.7637827983292176
8,6,83143,0.4107,recommended,0.3094327690927541,0.7749405764659725
8,7,68044,0.2896,recommended,0.9198420518552288,0.7394479957538131
9,0,79104,0.2591,recommended,0.69903819286145,0.4976230586389123
9,1,67233,0.2731,recommended,0.7138623762813067,0.5062885099116144
9,2,98708,0.2737,recommended,0.7138623762813067,0.5260078923684026
9,3,89341,0.3997,recommended,0.6914643293086462,0.792513788567604
9,4,76013,0.3249,recommended,0.6478888774504756,0.6800475388272215
9,5,94719,0.3939,recommended,0.48607291498154337,0.7583135254886573
9,6,11717,0.3413,recommended,0.48607291498154337,0.7583135254886573
9,7,43254,0.3435,recommended,0.48607291498154337,0.7583135254886573
10,0,55131,0.4179,recommended,0.20628851272850268,0.729928691759167
10,1,9572,0.5048,recommended,0.0,0.6399049223455562
10,2,67674,0.4426,recommended,0.10314425636425137,0.6849168070523617
10,3,97298,0.3938,recommended,0.2946085856728973,0.7465557427364822
10,4,59997,0.4056,recommended,0.3829286586172919,0.729928691759167
10,5,81194,0.3934,recommended,0.4125770254570054,0.8033254101954628
10,6,1315,0.3506,recommended,0.38292865861729186,0.729928691759167
10,7,56882,0.3573,recommended,0.3977528420371487,0.7583135254886573
11,0,678,0.4298,recommended,0.7062885127285028,0.8208986222970942
11,1,16706,0.4465,recommended,0.6031442563642514,0.792513788567604
11,2,63296,0.3437,recommended,0.1176448960983573,0.5213347794983036
11,3,63652,0.3399,recommended,0.007265026398223448,0.5852006553896566
11,4,85953,0.378,recommended,0.5157212818212568,0.8483372949022682
11,5,34606,0.3882,recommended,0.4125770254570054,0.8033254101954628
11,6,13534,0.418,recommended,0.8094327690927541,0.8659105070038998
11,7,33037,0.3351,recommended,0.07349588952453782,0.5952853483488332
12,0,7191,0.2437,recommended,0.42675412150536046,0.516627050977315
12,1,99209,0.2258,recommended,0.6475432739679691,0.4426995592273784
12,2,97261,0.2186,recommended,0.5443990176037178,0.39787229132531765
12,3,78692,0.2288,recommended,0.6475432739679693,0.44288417603212304
12,4,76968,0.2314,recommended,0.6475432739679691,0.44288417603212304
12,5,87771,0.2355,recommended,0.6475432739679691,0.44306879283686773
12,6,79681,0.2275,recommended,0.6475432739679691,0.4733459488149906
12,7,86517,0.2343,recommended,0.6475432739679691,0.47353056561973533
13,0,56175,0.4306,recommended,0.7062885127285028,0.8375256732744095
13,1,53541,0.417,recommended,0.8094327690927541,0.882537557981215
13,2,96280,0.3704,recommended,0.618865538185508,0.8767221286317585
13,3,4379,0.4117,recommended,0.8094327690927541,0.8659105070038998
13,4,66575,0.4177,recommended,0.8094327690927541,0.8659105070038998
13,5,36462,0.3822,recommended,0.7946085856728974,0.8375256732744095
13,6,80085,0.3743,recommended,0.7946085856728974,0.8208986222970942
13,7,77233,0.3994,recommended,0.7946085856728974,0.8375256732744095
14,0,33536,0.3092,recommended,0.4564245481418297,0.6516627050977312
14,1,96659,0.3515,recommended,0.47124873156168645,0.7133016407818519
14,2,15938,0.3111,recommended,0.559568804506081,0.6966745898045367
14,3,85427,0.3049,recommended,0.559568804506081,0.6966745898045367
14,4,3564,0.3879,recommended,0.48607291498154337,0.7749405764659725
14,5,98253,0.3917,recommended,0.48607291498154337,0.7749405764659725
14,6,28430,0.3407,recommended,0.574392987925938,0.7583135254886573
14,7,89458,0.34,recommended,0.559568804506081,0.6966745898045367
15,0,52428,0.3485,recommended,0.8239334088268601,0.7494173032100244
15,1,66913,0.3957,recommended,0.5157212818212568,0.8649643458795834
15,2,75064,0.3551,recommended,0.5892171713457947,0.819952461172778
15,3,35101,0.3922,recommended,0.3977528420371487,0.7915676274432877
15,4,5042,0.3437,recommended,0.6040413547656514,0.8649643458795834
15,5,54392,0.3901,recommended,0.5157212818212568,0.8483372949022682
15,6,6333,0.3689,recommended,0.6040413547656516,0.8649643458795834
15,7,51032,0.3582,recommended,0.6040413547656514,0.8649643458795834
16,0,62387,0.3493,recommended,0.7207891524626088,0.7044054185032189
16,1,88018,0.373,recommended,0.618865538185508,0.8933491796090737
16,2,79277,0.3758,recommended,0.618865538185508,0.8933491796090737
16,3,9909,0.3891,recommended,0.6188655381855083,0.8933491796090737
16,4,73211,0.3783,recommended,0.5008970984014001,0.8365795121500932
16,5,62289,0.383,recommended,0.6188655381855083,0.8933491796090737
16,6,50101,0.3488,recommended,0.6176448960983574,0.628931761013546
16,7,53110,0.3268,recommended,0.6104092827624751,0.6250548081139083
17,0,70486,0.3903,recommended,0.7946085856728974,0.8375256732744095
17,1,35749,0.3524,recommended,0.48607291498154315,0.7749405764659725
17,2,10794,0.3399,recommended,0.48607291498154337,0.7749405764659725
17,3,5912,0.3445,recommended,0.5008970984014001,0.8033254101954628
17,4,54635,0.3872,recommended,0.5008970984014001,0.819952461172778
17,5,94986,0.3739,recommended,0.5008970984014001,0.8033254101954628
17,6,75625,0.3526,recommended,0.3977528420371487,0.7749405764659725
17,7,902,0.357,recommended,0.5008970984014001,0.8033254101954628
18,0,99994,0.3838,recommended,0.5157212818212568,0.831710243924953
18,1,20476,0.3796,recommended,0.08076091592276127,0.5826367895137652
18,2,35136,0.3752,recommended,0.5008970984014001,0.819952461172778
18,3,68926,0.3864,recommended,0.5892171713457947,0.819952461172778
18,4,69304,0.3785,recommended,0.5892171713457947,0.8033254101954628
18,5,12914,0.3271,recommended,0.3018736120711208,0.5586389126070198
18,6,62126,0.3554,recommended,0.5743929879259377,0.7583135254886573
18,7,64395,0.3412,recommended,0.5008970984014001,0.7866983592181475
19,0,80469,0.2845,recommended,0.21322999544097532,0.462834329494842
19,1,85334,0.364,recommended,0.18390517228701264,0.6276486742205707
19,2,91496,0.2342,recommended,0.20596496904275188,0.5901853091177621
19,3,2547,0.2559,recommended,0.2574010618115505,0.5830291002238476
19,4,89160,0.2042,recommended,0.27946085856728975,0.5455657351210391
19,5,34066,0.2839,recommended,0.38260511493154115,0.568631297163824
19,6,43617,0.3222,recommended,0.17664014588878926,0.6402972330556386
19,7,7142,0.2851,recommended,0.31637425180522677,0.4929153301179237
-1,0,37636,0.1508,init,0.8242128329190991,0.4513650105000805
-1,1,80174,0.1942,init,0.802182449225701,0.5677624443264945
-1,2,63367,0.1947,init,0.7876229833669132,0.5950661158931988
-1,3,82323,0.2031,init,0.7948585967027956,0.7825444811113929
-1,4,11703,0.1722,init,0.7065679368207423,0.5326425587889135
-1,5,78801,0.1987,init,0.7800638263452799,0.6704013107793133
-1,6,58815,0.1935,init,0.8242128329190993,0.5031234855652733
-1,7,74668,0.1774,init,0.588628910098975,0.48391179932153294
0,0,59954,0.2101,recommended,0.787622983366913,0.7373133639489531
0,1,90758,0.2111,recommended,0.787622983366913,0.7373133639489531
0,2,8361,0.2372,recommended,0.787622983366913,0.7373133639489531
0,3,27191,0.2405,recommended,0.7658573172345836,0.8710220847852673
0,4,30023,0.2274,recommended,0.7731223436328071,0.8012138554911958
0,5,92234,0.2385,recommended,0.7803579569686896,0.7780098308448523
0,6,49897,0.228,recommended,0.7731223436328071,0.8012138554911958
0,7,78730,0.2306,recommended,0.7731223436328071,0.8012138554911958
1,0,38498,0.367,recommended,0.8251540509140107,0.9833729490226846
1,1,48993,0.3743,recommended,0.8251540509140107,0.9667458980453696
1,2,71938,0.3022,recommended,0.7955056840742971,0.8771144393418409
1,3,34315,0.3187,recommended,0.7955056840742971,0.8937414903191561
1,4,7328,0.3135,recommended,0.7955056840742971,0.8771144393418409
1,5,44937,0.3755,recommended,0.8251540509140105,0.9667458980453696
1,6,63738,0.3127,recommended,0.7955056840742971,0.8771144393418409
1,7,45864,0.3736,recommended,0.8251540509140107,0.9667458980453696
2,0,10053,0.3048,recommended,0.8831566098504346,0.3453026561742781
2,1,71231,0.3154,recommended,0.8686559701163287,0.5088846837283361
2,2,78716,0.3016,recommended,0.8686559701163287,0.5088846837283361
2,3,35554,0.323,recommended,0.8686559701163287,0.5393464565112036
2,4,22800,0.3324,recommended,0.8686559701163284,0.5393464565112036
2,5,59874,0.3044,recommended,0.8686559701163284,0.5393464565112036
2,6,79467,0.329,recommended,0.8686559701163287,0.5393464565112036
2,7,58674,0.3189,recommended,0.8686559701163287,0.5393464565112036
3,0,28307,0.3824,recommended,0.8251540509140107,1.0
3,1,9902,0.3799,recommended,0.7220097945497594,0.9383610643158792
3,2,61815,0.3796,recommended,0.7220097945497594,0.9383610643158792
3,3,85557,0.3692,recommended,0.8251540509140107,0.9667458980453696
3,4,86258,0.3613,recommended,0.8251540509140105,0.9501188470680542
3,5,40327,0.3661,recommended,0.8251540509140107,0.9667458980453696
3,6,89489,0.3606,recommended,0.8251540509140105,0.9667458980453696
3,7,22013,0.353,recommended,0.8251540509140107,0.9667458980453696
4,0,42530,0.3461,recommended,0.810329867494154,0.9549881152931945
4,1,97017,0.3557,recommended,0.810329867494154,0.9383610643158792
4,2,51893,0.3782,recommended,0.8103298674941543,0.9716151662705095
4,3,27919,0.3402,recommended,0.810329867494154,0.9383610643158792
4,4,60965,0.3426,recommended,0.810329867494154,0.9383610643158792
4,5,58590,0.3466,recommended,0.810329867494154,0.9383610643158792
4,6,19756,0.3388,recommended,0.810329867494154,0.9383610643158792
4,7,15754,0.3413,recommended,0.810329867494154,0.9549881152931945
5,0,12362,0.3625,recommended,0.7071856111299029,0.9266032815637041
5,1,15952,0.378,recommended,0.7220097945497594,0.921734013338564
5,2,63492,0.3736,recommended,0.7220097945497594,0.921734013338564
5,3,93434,0.3656,recommended,0.7220097945497594,0.9383610643158792
5,4,41378,0.3679,recommended,0.7220097945497594,0.921734013338564
5,5,68164,0.3687,recommended,0.7220097945497594,0.921734013338564
5,6,96874,0.3632,recommended,0.7220097945497594,0.921734013338564
5,7,63652,0.3399,recommended,0.007265026398223448,0.5852006553896566
6,0,66913,0.3957,recommended,0.5157212818212568,0.8649643458795834
6,1,87515,0.3617,recommended,0.7071856111299029,0.909976230586389
6,2,88248,0.371,recommended,0.7071856111299029,0.909976230586389
6,3,5311,0.3809,recommended,0.7071856111299029,0.909976230586389
6,4,49594,0.3814,recommended,0.6775372442901892,0.7866983592181475
6,5,90275,0.3244,recommended,0.6775372442901892,0.8033254101954628
6,6,732,0.329,recommended,0.6775372442901892,0.7866983592181475
6,7,60498,0.3581,recommended,0.6775372442901892,0.819952461172778
7,0,14626,0.3737,recommended,0.677537244290189,0.8033254101954628
7,1,62778,0.3662,recommended,0.6775372442901892,0.8033254101954628
7,2,73510,0.3409,recommended,0.5302219215553627,0.7318440911083929
7,3,4482,0.3427,recommended,0.5302219215553627,0.7013823183255252
7,4,61736,0.3181,recommended,0.6923614277100459,0.8483372949022682
7,5,12709,0.3291,recommended,0.6923614277100462,0.8483372949022682
7,6,73496,0.3371,recommended,0.6775372442901892,0.7866983592181475
7,7,23140,0.3105,recommended,0.6775372442901892,0.7866983592181475
8,0,3277,0.3197,recommended,0.6848022706884127,0.6649204993884565
8,1,54407,0.336,recommended,0.692037884024295,0.6397433826414047
8,2,2964,0.3072,recommended,0.692037884024295,0.7030900237694133
8,3,34543,0.3237,recommended,0.669978087268556,0.6032815637043358
8,4,23349,0.3125,recommended,0.669978087268556,0.6032815637043358
8,5,69496,0.3216,recommended,0.6699780872685558,0.6197239978769065
8,6,64460,0.3284,recommended,0.6772137006044383,0.6414510880852926
8,7,67177,0.3173,recommended,0.6772137006044383,0.6414510880852926
9,0,1549,0.373,recommended,0.6775372442901892,0.8033254101954628
9,1,14764,0.3028,recommended,0.6627130608703325,0.7416864745113421
9,2,54986,0.3072,recommended,0.6627130608703323,0.7250594235340269
9,3,58821,0.3561,recommended,0.6627130608703323,0.7416864745113421
9,4,29205,0.3559,recommended,0.6627130608703323,0.7416864745113421
9,5,90978,0.3001,recommended,0.6627130608703325,0.7416864745113421
9,6,1519,0.3637,recommended,0.6775372442901892,0.8033254101954628
9,7,85427,0.3049,recommended,0.559568804506081,0.6966745898045367
10,0,33111,0.3166,recommended,0.48607291498154315,0.7753328871760549
10,1,15859,0.268,recommended,0.48607291498154337,0.8107331594858419
10,2,80469,0.2845,recommended,0.21322999544097532,0.462834329494842
10,3,31454,0.2979,recommended,0.48607291498154315,0.7753328871760549
10,4,33037,0.3351,recommended,0.07349588952453782,0.5952853483488332
10,5,7142,0.2851,recommended,0.31637425180522677,0.4929153301179237
10,6,77604,0.225,recommended,0.4267541215053606,0.516627050977315
10,7,43617,0.3222,recommended,0.17664014588878926,0.6402972330556386
11,0,9503,0.3486,recommended,0.5008970984014001,0.819952461172778
11,1,44473,0.3649,recommended,0.5008970984014001,0.819952461172778
11,2,64395,0.3412,recommended,0.5008970984014001,0.7866983592181475
11,3,902,0.357,recommended,0.5008970984014001,0.8033254101954628
11,4,35136,0.3752,recommended,0.5008970984014001,0.819952461172778
11,5,35101,0.3922,recommended,0.3977528420371487,0.7915676274432877
11,6,73211,0.3783,recommended,0.5008970984014001,0.8365795121500932
11,7,94986,0.3739,recommended,0.5008970984014001,0.8033254101954628
12,0,83143,0.4107,recommended,0.3094327690927541,0.7749405764659725
12,1,81194,0.3934,recommended,0.4125770254570054,0.8033254101954628
12,2,34606,0.3882,recommended,0.4125770254570054,0.8033254101954628
12,3,55131,0.4179,recommended,0.20628851272850268,0.729928691759167
12,4,97298,0.3938,recommended,0.2946085856728973,0.7465557427364822
12,5,18202,0.3744,recommended,0.6775372442901892,0.7700713082408323
12,6,64167,0.2869,recommended,0.6403076606320868,0.5961011238547986
12,7,39858,0.3381,recommended,0.8396546906481167,0.8668797452288092
13,0,67674,0.4426,recommended,0.10314425636425137,0.6849168070523617
13,1,9572,0.5048,recommended,0.0,0.6399049223455562
13,2,63296,0.3437,recommended,0.1176448960983573,0.5213347794983036
13,3,32376,0.3179,recommended,0.338434048560966,0.4477765213578564
13,4,35473,0.3386,recommended,0.44157830492521727,0.49278840606466184
13,5,59997,0.4056,recommended,0.3829286586172919,0.729928691759167
13,6,76570,0.2578,recommended,0.6989793667367677,0.529328687143747
13,7,75625,0.3526,recommended,0.3977528420371487,0.7749405764659725
14,0,1315,0.3506,recommended,0.38292865861729186,0.729928691759167
14,1,88399,0.2562,recommended,0.8173007632689677,0.5419749382687556
14,2,78563,0.2577,recommended,0.8173007632689677,0.5419749382687556
14,3,33536,0.3092,recommended,0.4564245481418297,0.6516627050977312
14,4,54466,0.2961,recommended,0.8317719899407325,0.60083308333141
14,5,47359,0.3045,recommended,0.8317719899407325,0.60083308333141
14,6,63006,0.2875,recommended,0.8245363766048502,0.5969561304317723
14,7,3473,0.2892,recommended,0.8245363766048502,0.5969561304317723
15,0,42758,0.2295,recommended,0.4267541215053606,0.5470888237601824
15,1,88526,0.2303,recommended,0.5298983778696118,0.5616389356841204
15,2,37502,0.2705,recommended,0.8610968130946952,0.26457895829967926
15,3,42752,0.1657,recommended,0.8610968130946954,0.26457895829967926
15,4,66061,0.2726,recommended,0.8610968130946952,0.26457895829967926
15,5,26391,0.26,recommended,0.8610968130946954,0.26457895829967926
15,6,53742,0.1719,recommended,0.8610968130946952,0.21394779959845855
15,7,23354,0.2616,recommended,0.8610968130946952,0.21394779959845855
16,0,79357,0.3417,recommended,0.22078915246260866,0.5663466642051089
16,1,16706,0.4465,recommended,0.6031442563642514,0.792513788567604
16,2,72726,0.2723,recommended,0.5075738635528039,0.40555696582281375
16,3,98708,0.2737,recommended,0.7138623762813067,0.5260078923684026
16,4,12914,0.3271,recommended,0.3018736120711208,0.5586389126070198
16,5,56175,0.4306,recommended,0.7062885127285028,0.8375256732744095
16,6,91496,0.2342,recommended,0.20596496904275188,0.5901853091177621
16,7,98349,0.2799,recommended,0.8683324264305777,0.43971107470057436
17,0,678,0.4298,recommended,0.7062885127285028,0.8208986222970942
17,1,53541,0.417,recommended,0.8094327690927541,0.882537557981215
17,2,13534,0.418,recommended,0.8094327690927541,0.8659105070038998
17,3,66575,0.4177,recommended,0.8094327690927541,0.8659105070038998
17,4,4379,0.4117,recommended,0.8094327690927541,0.8659105070038998
17,5,89341,0.3997,recommended,0.6914643293086462,0.792513788567604
17,6,85663,0.4015,recommended,0.9125770254570054,0.9109223917107052
17,7,39252,0.4051,recommended,0.9125770254570054,0.9109223917107052
18,0,24480,0.2648,recommended,0.48607291498154337,0.7941061085085267
18,1,79406,0.2642,recommended,0.48607291498154315,0.7941061085085267
18,2,95091,0.2231,recommended,0.7510331338147269,0.7774790575312115
18,3,54236,0.2427,recommended,0.7510331338147269,0.7774790575312115
18,4,84030,0.2585,recommended,0.7510331338147269,0.7774790575312115
18,5,59962,0.2196,recommended,0.7510331338147269,0.7774790575312115
18,6,76644,0.2204,recommended,0.7510331338147271,0.7774790575312115
18,7,7707,0.2399,recommended,0.7510331338147269,0.7774790575312115
19,0,71250,0.3596,recommended,0.8829286586172918,0.8375256732744094
19,1,96816,0.3505,recommended,0.882928658617292,0.8208986222970942
19,2,88032,0.3515,recommended,0.882928658617292,0.8208986222970942
19,3,80085,0.3743,recommended,0.7946085856728974,0.8208986222970942
19,4,70486,0.3903,recommended,0.7946085856728974,0.8375256732744095
19,5,47384,0.3646,recommended,0.8977528420371487,0.8659105070038998
19,6,77233,0.3994,recommended,0.7946085856728974,0.8375256732744095
19,7,36462,0.3822,recommended,0.7946085856728974,0.8375256732744095
-1,0,37636,0.1508,init,0.8242128329190991,0.4513650105000805
-1,1,80174,0.1942,init,0.802182449225701,0.5677624443264945
-1,2,63367,0.1947,init,0.7876229833669132,0.5950661158931988
-1,3,82323,0.2031,init,0.7948585967027956,0.7825444811113929
-1,4,11703,0.1722,init,0.7065679368207423,0.5326425587889135
-1,5,78801,0.1987,init,0.7800638263452799,0.6704013107793133
-1,6,58815,0.1935,init,0.8242128329190993,0.5031234855652733
-1,7,74668,0.1774,init,0.588628910098975,0.48391179932153294
0,0,85956,0.3247,recommended,0.8245069635425091,0.6764359725844042
0,1,78410,0.3427,recommended,0.9270776651911113,0.747340364156647
0,2,58734,0.2909,recommended,0.8245069635425091,0.5830198693836104
0,3,64674,0.225,recommended,0.7800638263452799,0.6390695313040866
0,4,95309,0.2987,recommended,0.7876229833669132,0.6276948284217568
0,5,61851,0.2113,recommended,0.8239187022956895,0.41334202570788975
0,6,45311,0.1972,recommended,0.8024765798491108,0.6621685551427317
0,7,90072,0.3408,recommended,0.839331146962366,0.7452980407541593
1,0,2126,0.3613,recommended,0.810329867494154,0.9383610643158792
1,1,5097,0.3156,recommended,0.8096827801226524,0.6316087046823434
1,2,22140,0.3251,recommended,0.8541553303822227,0.7029284840652616
1,3,19659,0.2636,recommended,0.8683324264305777,0.4397110747005744
1,4,31452,0.3227,recommended,0.8393311469623658,0.6440818775529039
1,5,86792,0.3554,recommended,0.7955056840742973,0.8767221286317585
1,6,54144,0.3367,recommended,0.7951821403885465,0.7148478065215884
1,7,48100,0.3265,recommended,0.4270776651911113,0.6561858168139751
2,0,85442,0.3148,recommended,0.7879465270526639,0.8194539957999674
2,1,68458,0.3116,recommended,0.8317719899407325,0.4633997184593725
2,2,9386,0.2607,recommended,0.6478888774504756,0.7136939514919343
2,3,54170,0.2295,recommended,0.7216862508640086,0.798617681674474
2,4,30186,0.2839,recommended,0.7951821403885465,0.7318671682089859
2,5,35151,0.2368,recommended,0.7658573172345838,0.8391179932153321
2,6,59206,0.246,recommended,0.7951821403885465,0.7674520573235176
2,7,3002,0.3292,recommended,0.6775372442901895,0.819952461172778
3,0,80420,0.298,recommended,0.8169478065208756,0.4348302679251376
3,1,62883,0.3663,recommended,0.5008970984014001,0.8033254101954628
3,2,82249,0.307,recommended,0.7141270938423754,0.5768121293240714
3,3,9165,0.1771,recommended,0.8317719899407323,0.578231371010546
3,4,46504,0.2606,recommended,0.8096827801226523,0.5544504188493755
3,5,88547,0.3329,recommended,0.8100063238084031,0.7602289248378831
3,6,89820,0.214,recommended,0.8100063238084031,0.798617681674474
3,7,53964,0.316,recommended,0.8241834198567582,0.43719567073592847
4,0,93098,0.3523,recommended,0.6923614277100462,0.8483372949022682
4,1,25191,0.3344,recommended,0.839007603276615,0.5367041284932959
4,2,58589,0.3412,recommended,0.8248305072282598,0.8052408095446885
4,3,18480,0.3302,recommended,0.8248305072282598,0.8048715759351991
4,4,48176,0.3218,recommended,0.8538317866964718,0.5107770059769687
4,5,35886,0.3257,recommended,0.7731223436328074,0.7910691620704772
4,6,61750,0.3539,recommended,0.7955056840742973,0.8767221286317585
4,7,55343,0.3126,recommended,0.8100063238084033,0.7931137931830241
5,0,62949,0.3259,recommended,0.8248305072282598,0.7912214709343914
5,1,41330,0.3052,recommended,0.839331146962366,0.6110123924030182
5,2,36516,0.2825,recommended,0.765563186611174,0.6131793321487086
5,3,48497,0.3016,recommended,0.7879465270526639,0.6934899499226914
5,4,77844,0.2138,recommended,0.7803579569686898,0.7085939122608632
5,5,84323,0.332,recommended,0.8396546906481167,0.8196063046638817
5,6,19105,0.2328,recommended,0.7803579569686898,0.7252209632381784
5,7,84571,0.2785,recommended,0.8169478065208758,0.2901137701059239
6,0,50101,0.3488,recommended,0.6176448960983574,0.628931761013546
6,1,55991,0.3369,recommended,0.7806815006544406,0.8483372949022682
6,2,22642,0.3243,recommended,0.6037178110799006,0.7032746405741579
6,3,80799,0.3446,recommended,0.8027707104725208,0.8644658805067729
6,4,36779,0.2312,recommended,0.82453637660485,0.6537131054854265
6,5,62033,0.3089,recommended,0.7951821403885465,0.7011977015207806
6,6,71363,0.3258,recommended,0.7731223436328074,0.7910691620704772
6,7,13088,0.3068,recommended,0.8172713502066268,0.7341379549073451
7,0,71563,0.2173,recommended,0.7951821403885463,0.7536057969676687
7,1,69509,0.3064,recommended,0.7731223436328072,0.774442111093162
7,2,38734,0.222,recommended,0.8100063238084031,0.798617681674474
7,3,74653,0.3655,recommended,0.7955056840742973,0.8767221286317585
7,4,71919,0.2855,recommended,0.8393311469623657,0.7504326956361199
7,5,79854,0.2759,recommended,0.8097121931849933,0.38574527496365335
7,6,43970,0.2882,recommended,0.8317719899407325,0.6974788267602056
7,7,56143,0.3224,recommended,0.810329867494154,0.921734013338564
8,0,67128,0.3227,recommended,0.7951821403885465,0.7647289594535339
8,1,74011,0.2975,recommended,0.8393311469623658,0.6883783721413239
8,2,3592,0.3202,recommended,0.7216862508640086,0.7766713590104537
8,3,4069,0.1985,recommended,0.8097121931849935,0.4383379872152861
8,4,53020,0.308,recommended,0.8100063238084033,0.7772482865252806
8,5,65043,0.3148,recommended,0.8100063238084033,0.7628366372049012
8,6,84630,0.3023,recommended,0.7658573172345838,0.8203447718828604
8,7,52626,0.3457,recommended,0.6923614277100462,0.8649643458795834
9,0,9684,0.3489,recommended,0.7955056840742973,0.8933491796090737
9,1,34606,0.3882,recommended,0.4125770254570054,0.8033254101954628
9,2,42068,0.3236,recommended,0.7955056840742971,0.8933491796090737
9,3,52841,0.2986,recommended,0.7951821403885465,0.7481019084762187
9,4,36177,0.3357,recommended,0.7879465270526641,0.8527080977545978
9,5,93420,0.2355,recommended,0.839037016338956,0.4653035792583017
9,6,45763,0.3227,recommended,0.7955056840742973,0.8767221286317585
9,7,88248,0.371,recommended,0.7071856111299029,0.909976230586389
10,0,76549,0.3075,recommended,0.8175948938923775,0.7668866683589871
10,1,30291,0.3434,recommended,0.6330426342338633,0.6552742713405485
10,2,79,0.3142,recommended,0.7806815006544405,0.8487296056123506
10,3,18105,0.2261,recommended,0.7951821403885465,0.7706251586550663
10,4,30681,0.2801,recommended,0.7731223436328072,0.8080885237578748
10,5,11849,0.3356,recommended,0.7806815006544405,0.831710243924953
10,6,52707,0.3159,recommended,0.8393311469623658,0.6274548265755887
10,7,67055,0.3045,recommended,0.684478727002662,0.5032307940830312
11,0,6527,0.3071,recommended,0.8245069635425091,0.5964622804790803
11,1,4499,0.3291,recommended,0.82483050722826,0.7912214709343914
11,2,50005,0.2485,recommended,0.7806815006544405,0.8841298779221376
11,3,86627,0.3299,recommended,0.8100063238084031,0.7931137931830241
11,4,10846,0.3725,recommended,0.810329867494154,0.9383610643158792
11,5,36635,0.3313,recommended,0.7806815006544405,0.8649643458795834
11,6,35953,0.3147,recommended,0.7068620674441519,0.7481019084762187
11,7,66786,0.3302,recommended,0.9050178684353721,0.7112477788290676
12,0,19239,0.3728,recommended,0.7806815006544405,0.831710243924953
12,1,46036,0.2182,recommended,0.8538317866964718,0.546927284056031
12,2,79827,0.3159,recommended,0.6848022706884127,0.7910691620704772
12,3,6204,0.2805,recommended,0.7948585967027956,0.6028546373433639
12,4,41408,0.3242,recommended,0.7806815006544405,0.831710243924953
12,5,91151,0.2992,recommended,0.728951277262232,0.5749198070754388
12,6,71938,0.3022,recommended,0.7955056840742971,0.8771144393418409
12,7,95755,0.3574,recommended,0.8977528420371487,0.882537557981215
13,0,50654,0.3901,recommended,0.9125770254570054,0.9109223917107052
13,1,46358,0.2963,recommended,0.8317719899407325,0.4633997184593725
13,2,14195,0.2757,recommended,0.5078385811138726,0.5543696489972997
13,3,47467,0.3242,recommended,0.8393311469623658,0.7051900399233837
13,4,47015,0.3342,recommended,0.8100063238084031,0.7295825352502708
13,5,84450,0.3248,recommended,0.7955056840742971,0.8933491796090737
13,6,95913,0.3049,recommended,0.7216862508640086,0.7295825352502708
13,7,62755,0.2564,recommended,0.8465961733605895,0.7122516327048666
14,0,87326,0.3074,recommended,0.8100063238084033,0.8097408441603394
14,1,97291,0.3103,recommended,0.839007603276615,0.48239217224747855
14,2,44986,0.3236,recommended,0.7951821403885465,0.7314748574989036
14,3,44993,0.3286,recommended,0.8541553303822227,0.6726513280871389
14,4,97407,0.3135,recommended,0.7365104342838654,0.8214986269125144
14,5,35527,0.3634,recommended,0.7806815006544405,0.8483372949022682
14,6,25629,0.3169,recommended,0.7510110740179713,0.6108277755982736
14,7,7005,0.3015,recommended,0.7213627071782579,0.6011469318994759
15,0,24442,0.2789,recommended,0.7655337735488329,0.6416357048900373
15,1,79885,0.3755,recommended,0.7955056840742971,0.8600950776544432
15,2,20437,0.3222,recommended,0.8396546906481167,0.8196063046638817
15,3,1243,0.3223,recommended,0.7951821403885465,0.7482865252809634
15,4,92400,0.3341,recommended,0.8538317866964718,0.5109616227817134
15,5,92978,0.338,recommended,0.82483050722826,0.7747790367618209
15,6,36270,0.3114,recommended,0.7731223436328072,0.774442111093162
15,7,95859,0.3485,recommended,0.7216862508640086,0.7932984099877689
16,0,61605,0.3344,recommended,0.7806815006544406,0.8649643458795834
16,1,42299,0.3048,recommended,0.853831786696472,0.5109616227817134
16,2,48358,0.2509,recommended,0.8024471667867701,0.7553481180624463
16,3,97544,0.3317,recommended,0.8538317866964718,0.6119931691782241
16,4,50287,0.2907,recommended,0.7510331338147271,0.7757251978861373
16,5,96063,0.3125,recommended,0.7731223436328072,0.6649204993884565
16,6,37170,0.3341,recommended,0.515397738135506,0.7030900237694133
16,7,61408,0.2936,recommended,0.7879465270526639,0.6766782821406316
17,0,37151,0.2874,recommended,0.8320955336264835,0.6197470749774996
17,1,94706,0.1877,recommended,0.7951821403885465,0.789398379987538
17,2,82483,0.3288,recommended,0.839007603276615,0.5836083354487339
17,3,60127,0.3067,recommended,0.7951821403885465,0.7314748574989036
17,4,90355,0.3242,recommended,0.8538317866964718,0.6119931691782241
17,5,57811,0.3194,recommended,0.8245069635425091,0.6156970438234137
17,6,60965,0.3426,recommended,0.810329867494154,0.9383610643158792
17,7,80347,0.297,recommended,0.8320955336264835,0.6197470749774996
18,0,72161,0.3191,recommended,0.82483050722826,0.8383102946945743
18,1,58004,0.3229,recommended,0.692037884024295,0.6866475895968427
18,2,78494,0.2801,recommended,0.7806815006544403,0.831710243924953
18,3,95314,0.3195,recommended,0.8396546906481165,0.8500680774467493
18,4,58146,0.3303,recommended,0.8100063238084031,0.7131401010777002
18,5,31019,0.3525,recommended,0.7806815006544405,0.8483372949022682
18,6,83401,0.258,recommended,0.7658573172345838,0.8395103039254145
18,7,26810,0.2977,recommended,0.7658573172345838,0.8203447718828604
19,0,30188,0.3734,recommended,0.6923614277100459,0.8483372949022682
19,1,49706,0.3145,recommended,0.7213627071782579,0.6316087046823434
19,2,11891,0.2928,recommended,0.7806815006544405,0.8487296056123506
19,3,69551,0.3184,recommended,0.6185419944997573,0.7318440911083929
19,4,92649,0.33,recommended,0.7806815006544406,0.8649643458795834
19,5,47603,0.3112,recommended,0.8538317866964718,0.4945191886091429
19,6,72403,0.3201,recommended,0.8686559701163287,0.5699928460988158
19,7,23211,0.3635,recommended,0.6040413547656514,0.8483372949022682
-1,0,37636,0.1508,init,0.8242128329190991,0.4513650105000805
-1,1,80174,0.1942,init,0.802182449225701,0.5677624443264945
-1,2,63367,0.1947,init,0.7876229833669132,0.5950661158931988
-1,3,82323,0.2031,init,0.7948585967027956,0.7825444811113929
-1,4,11703,0.1722,init,0.7065679368207423,0.5326425587889135
-1,5,78801,0.1987,init,0.7800638263452799,0.6704013107793133
-1,6,58815,0.1935,init,0.8242128329190993,0.5031234855652733
-1,7,74668,0.1774,init,0.588628910098975,0.48391179932153294
0,0,37741,0.2609,recommended,0.8021236231010189,0.5446657281979089
0,1,80414,0.2424,recommended,0.8097121931849933,0.5101308471603625
0,2,63251,0.2719,recommended,0.8317719899407325,0.4578727528673295
0,3,82604,0.2487,recommended,0.7952115534508873,0.771019777075208
0,4,11693,0.2174,recommended,0.7876229833669132,0.5367618212447786
0,5,78889,0.2155,recommended,0.7948585967027956,0.5806198509219299
0,6,58769,0.1927,recommended,0.7876229833669132,0.7652943484180643
0,7,74597,0.2702,recommended,0.7803873700310306,0.6360372002861557
1,0,83109,0.183,recommended,0.787622983366913,0.6296471511319315
1,1,93450,0.2071,recommended,0.8457946674117975,0.49655805044654167
1,2,44697,0.2613,recommended,0.7876523964292543,0.47410518542450303
1,3,10364,0.2999,recommended,0.7800638263452799,0.6171232086400661
1,4,92175,0.2165,recommended,0.7873582658058446,0.5513003946184198
1,5,97258,0.2715,recommended,0.8245069635425091,0.7222324787113744
1,6,42624,0.2489,recommended,0.8021236231010189,0.481399856921976
1,7,63299,0.2114,recommended,0.8241834198567582,0.44288417603212304
2,0,34638,0.172,recommended,0.7949174228274778,0.5067119747074975
2,1,10312,0.2192,recommended,0.8169478065208758,0.5496619204763111
2,2,20493,0.2965,recommended,0.8317719899407325,0.5535596427664826
2,3,10979,0.3177,recommended,0.7951821403885465,0.7482865252809634
2,4,10280,0.206,recommended,0.839037016338956,0.5130270232847942
2,5,85324,0.2535,recommended,0.8096827801226523,0.6963861260471231
2,6,2164,0.3127,recommended,0.8096827801226524,0.5845198809221607
2,7,24308,0.2315,recommended,0.787622983366913,0.7368287448364984
3,0,23674,0.2667,recommended,0.7948585967027956,0.49320379387533725
3,1,65589,0.2889,recommended,0.8242128329190993,0.3594119954768881
3,2,78415,0.2782,recommended,0.7876229833669132,0.6743913414718571
3,3,38684,0.1913,recommended,0.7504448725679075,0.4723997876906743
3,4,71659,0.2491,recommended,0.7803873700310306,0.6195947661135851
3,5,64338,0.2704,recommended,0.765563186611174,0.6076523665566655
3,6,64180,0.2074,recommended,0.8314778593173228,0.5045161885860658
3,7,89247,0.2614,recommended,0.8024471667867699,0.5708582373710565
4,0,95547,0.2716,recommended,0.6917437534008853,0.5256709666997437
4,1,99031,0.2098,recommended,0.8169478065208758,0.4405187732213322
4,2,78311,0.2251,recommended,0.8245069635425091,0.6654974269032835
4,3,26153,0.3012,recommended,0.7948585967027956,0.47579212147785727
4,4,50883,0.3291,recommended,0.8393311469623658,0.7286709897768442
4,5,2048,0.3266,recommended,0.8245069635425091,0.6764359725844042
4,6,29498,0.3039,recommended,0.8314484462549816,0.46098816144739546
4,7,30680,0.1729,recommended,0.7582981602129504,0.6281586781436778
5,0,14053,0.218,recommended,0.7731223436328072,0.6839014146262661
5,1,58740,0.2703,recommended,0.8172713502066266,0.7349248840375692
5,2,40896,0.3058,recommended,0.8317719899407325,0.4111531627166361
5,3,91194,0.2001,recommended,0.6769195699810285,0.6651281932937942
5,4,97754,0.2827,recommended,0.8245069635425091,0.6134816421664779
5,5,94055,0.2162,recommended,0.7948880097651366,0.5303902337710288
5,6,18860,0.2343,recommended,0.8169478065208756,0.6956245817275514
5,7,63171,0.2716,recommended,0.7876229833669132,0.5316156278125214
6,0,80311,0.2116,recommended,0.7948585967027956,0.5919160916622433
6,1,62431,0.3207,recommended,0.8393311469623658,0.7050054231186391
6,2,76109,0.2802,recommended,0.8169478065208758,0.6125435580273692
6,3,38322,0.1878,recommended,0.7803579569686896,0.7277594443034174
6,4,62034,0.2402,recommended,0.7948585967027956,0.6680012923176329
6,5,72175,0.2597,recommended,0.7068620674441519,0.7203632335633348
6,6,43527,0.1746,recommended,0.8093886494992426,0.5859033531027158
6,7,2250,0.3269,recommended,0.7879465270526641,0.8360810467772826
7,0,66333,0.2259,recommended,0.7945938791417269,0.5655389656843511
7,1,95649,0.2082,recommended,0.8096827801226524,0.6068585142962636
7,2,52705,0.276,recommended,0.8462726296748383,0.23600950776544438
7,3,55186,0.2548,recommended,0.7506875303322206,0.5889276071354392
7,4,42028,0.2839,recommended,0.7948585967027956,0.586596819975538
7,5,69009,0.2236,recommended,0.7873288527435034,0.5999676920591694
7,6,36486,0.2747,recommended,0.8096827801226524,0.6011469318994759
7,7,7643,0.2417,recommended,0.6993029104225187,0.525846352664251
8,0,52648,0.2524,recommended,0.8169478065208756,0.527530981007546
8,1,94076,0.2544,recommended,0.8242128329190993,0.17798213832414095
8,2,50834,0.3159,recommended,0.8024471667867699,0.535065654351187
8,3,37713,0.2178,recommended,0.8097121931849933,0.6690732236401815
8,4,45664,0.2071,recommended,0.7948880097651366,0.5286271432857172
8,5,8823,0.2226,recommended,0.8021236231010189,0.5832391018392445
8,6,94562,0.3267,recommended,0.7068620674441519,0.6845706505434654
8,7,77702,0.2446,recommended,0.8024471667867699,0.7387210670851311
9,0,72660,0.1614,recommended,0.7800638263452797,0.583264486649897
9,1,64669,0.1819,recommended,0.6696545435828049,0.6696743821106313
9,2,67825,0.2371,recommended,0.8241834198567582,0.45654581958322726
9,3,40089,0.208,recommended,0.8021236231010189,0.4880229847921904
9,4,76441,0.2815,recommended,0.7803873700310306,0.5098885376041351
9,5,21985,0.2778,recommended,0.82453637660485,0.6240163385872196
9,6,62522,0.2798,recommended,0.7872994396811623,0.48205524657881954
9,7,91265,0.2178,recommended,0.7800638263452799,0.6164124339417992
10,0,42796,0.2034,recommended,0.7062443931349912,0.58849144993423
10,1,70060,0.298,recommended,0.8021236231010189,0.35382964484342166
10,2,1146,0.1716,recommended,0.7580040295895405,0.5097939214917034
10,3,81694,0.1911,recommended,0.8021236231010189,0.5585812198555371
10,4,89840,0.2277,recommended,0.7803579569686898,0.7388826067892826
10,5,62110,0.2165,recommended,0.7873288527435032,0.6312740867237437
10,6,65523,0.26,recommended,0.8245069635425091,0.6488819144762649
10,7,35222,0.309,recommended,0.8172713502066266,0.5634504880806772
11,0,6776,0.3229,recommended,0.8465961733605892,0.6966399741536471
11,1,35131,0.22,recommended,0.7065385237584012,0.5614543188793757
11,2,11118,0.2856,recommended,0.7948880097651366,0.6621350933468716
11,3,62011,0.3062,recommended,0.7951821403885465,0.7017746290356076
11,4,11019,0.2698,recommended,0.8097121931849935,0.4786306048508062
11,5,49751,0.2575,recommended,0.8100063238084031,0.748748067292825
11,6,7383,0.1961,recommended,0.7948880097651366,0.5339694920730157
11,7,55793,0.2626,recommended,0.7803873700310306,0.7600327694828418
12,0,52775,0.2156,recommended,0.7948585967027956,0.6083585258348139
12,1,40907,0.2656,recommended,0.8390076032766149,0.5749082685251422
12,2,39309,0.3164,recommended,0.7803579569686896,0.7030900237694133
12,3,98985,0.2249,recommended,0.8239187022956893,0.40241501857706574
12,4,51199,0.2143,recommended,0.7210979896171892,0.4967576673666718
12,5,52024,0.1985,recommended,0.8021236231010189,0.4809844691113006
12,6,10219,0.3148,recommended,0.6037178110799006,0.7032746405741579
12,7,17175,0.2381,recommended,0.7876229833669132,0.6102970022846327
13,0,51782,0.3318,recommended,0.7068620674441519,0.6845706505434654
13,1,50716,0.2338,recommended,0.7949174228274778,0.553908106985438
13,2,6437,0.2126,recommended,0.7800638263452799,0.4964784344494956
13,3,46447,0.1887,recommended,0.7504154595055663,0.6273832875637503
13,4,59226,0.2474,recommended,0.7582981602129505,0.7818498603835411
13,5,53800,0.2054,recommended,0.8024471667867699,0.6152008861606625
13,6,1144,0.3043,recommended,0.853831786696472,0.5412387787598363
13,7,53055,0.2513,recommended,0.7731223436328074,0.6653128100985389
14,0,35014,0.3279,recommended,0.839331146962366,0.6745436503357716
14,1,31717,0.2955,recommended,0.8172713502066268,0.5749198070754388
14,2,21698,0.2329,recommended,0.7948880097651366,0.5456199663074329
14,3,18411,0.2452,recommended,0.8021236231010191,0.6363948953453484
14,4,1034,0.2735,recommended,0.6920672970866361,0.6251217317056282
14,5,21567,0.2632,recommended,0.8245069635425091,0.6486972976715203
14,6,82883,0.1739,recommended,0.779740282659529,0.5557173516719357
14,7,91011,0.2152,recommended,0.8093886494992426,0.4747386518357831
15,0,18710,0.2128,recommended,0.7876229833669132,0.5533773336717972
15,1,60814,0.2631,recommended,0.7948585967027956,0.6320240924930189
15,2,18017,0.2707,recommended,0.8097121931849933,0.5807006207740057
15,3,71624,0.1762,recommended,0.8166242628351249,0.5583850645004959
15,4,67694,0.2821,recommended,0.787622983366913,0.49044608035446396
15,5,63871,0.267,recommended,0.8097121931849933,0.5176516742436478
15,6,43795,0.268,recommended,0.8024471667867699,0.62795098423834
15,7,74151,0.2262,recommended,0.7949174228274778,0.5587912214709341
16,0,28448,0.2289,recommended,0.706538523758401,0.5454041954168876
16,1,25422,0.2597,recommended,0.6254834772122299,0.43027254055800407
16,2,46257,0.3268,recommended,0.8096827801226523,0.6314240878775987
16,3,89178,0.2449,recommended,0.7876229833669132,0.7107285440657233
16,4,16263,0.2683,recommended,0.8169478065208758,0.5220040154155029
16,5,59801,0.2105,recommended,0.8024471667867701,0.6152008861606625
16,6,26914,0.2021,recommended,0.8241834198567582,0.5117347056515816
16,7,2943,0.2831,recommended,0.8021236231010189,0.5743405718505524
17,0,14853,0.1989,recommended,0.7948880097651366,0.6675051346548817
17,1,68662,0.2289,recommended,0.8021236231010191,0.5962868945145728
17,2,18761,0.1899,recommended,0.7655337735488327,0.7130362541250314
17,3,77804,0.2464,recommended,0.7728282130093974,0.5551750398079983
17,4,65378,0.2643,recommended,0.7876229833669132,0.6973207486211429
17,5,93572,0.3191,recommended,0.7216862508640086,0.7131401010777002
17,6,24076,0.2854,recommended,0.8242128329190991,0.4571112085477578
17,7,12946,0.1833,recommended,0.7948585967027956,0.6443357256594279
18,0,15571,0.3107,recommended,0.8024471667867699,0.5461657397364593
18,1,6262,0.3189,recommended,0.7806815006544405,0.8649643458795834
18,2,86558,0.2668,recommended,0.8093592364369013,0.5151616550896543
18,3,64985,0.2773,recommended,0.8024471667867699,0.5626081739090297
18,4,19448,0.283,recommended,0.8317719899407325,0.46358433526411713
18,5,88310,0.3212,recommended,0.8096827801226523,0.6009623150947313
18,6,49096,0.299,recommended,0.8096827801226524,0.6480511388549139
18,7,4851,0.2762,recommended,0.765563186611174,0.5971292086862204
19,0,75351,0.2117,recommended,0.8314484462549816,0.43679182147554957
19,1,99661,0.2566,recommended,0.8169478065208758,0.3076754436572588
19,2,55801,0.1757,recommended,0.8093886494992424,0.481376779821383
19,3,42818,0.2254,recommended,0.7948585967027956,0.6222047861906627
19,4,76697,0.2383,recommended,0.8169478065208758,0.6861998938453369
19,5,11972,0.3109,recommended,0.8024471667867699,0.6723144024184798
19,6,15002,0.2275,recommended,0.7951821403885465,0.7536057969676687
19,7,53644,0.2641,recommended,0.8097121931849933,0.605843121870168
-1,0,71015,0.1841,init,0.7876229833669134,0.5895391503011559
-1,1,42142,0.1881,init,0.6031001367707399,0.5529042531096391
-1,2,74325,0.1772,init,0.7800932394076211,0.553481180624466
-1,3,75305,0.2027,init,0.8021236231010189,0.5238155678120598
-1,4,67260,0.2082,init,0.8093886494992424,0.3964645881891397
-1,5,46790,0.2073,init,0.8241834198567582,0.5366925899429993
-1,6,76997,0.1649,init,0.8021236231010189,0.6550861929707148
-1,7,37327,0.1634,init,0.7873288527435034,0.49946922668635885
0,0,88886,0.2216,global_best,0.8314778593173225,0.3277525211732396
0,1,42270,0.1801,global_best,0.8387134726532051,0.358318140908776
0,2,93964,0.1708,global_best,0.8314778593173228,0.34407956984284477
0,3,53932,0.2108,global_best,0.8242422459814402,0.31351395010730826
0,4,53115,0.2977,local_best,0.8538317866964718,0.44743036484896015
0,5,60302,0.308,local_best,0.853831786696472,0.44743036484896015
0,6,55883,0.2673,unexplored,0.839037016338956,0.3583642951099622
0,7,18612,0.2671,unexplored,0.839037016338956,0.13629335610273938
1,0,11319,0.3546,global_best,0.810329867494154,0.9383610643158792
1,1,66399,0.3074,global_best,0.8248305072282598,0.821683243717259
1,2,48614,0.3446,global_best,0.810329867494154,0.921734013338564
1,3,37776,0.3495,global_best,0.810329867494154,0.921734013338564
1,4,16934,0.2912,local_best,0.8465961733605892,0.46150739621073983
1,5,244,0.3108,local_best,0.8465961733605895,0.46150739621073983
1,6,8846,0.3102,unexplored,0.8686559701163287,0.5088846837283361
1,7,3497,0.3052,unexplored,0.8686559701163287,0.5087000669235914
2,0,6533,0.3698,global_best,0.810329867494154,0.9383610643158792
2,1,24769,0.361,global_best,0.810329867494154,0.9383610643158792
2,2,51893,0.3782,global_best,0.8103298674941543,0.9716151662705095
2,3,79218,0.3666,global_best,0.8103298674941543,0.9549881152931945
2,4,17214,0.3356,local_best,0.810329867494154,0.9051069623612488
2,5,89489,0.3606,local_best,0.8251540509140105,0.9667458980453696
2,6,94688,0.3827,unexplored,0.8251540509140107,0.9833729490226846
2,7,29580,0.3771,unexplored,0.8251540509140107,0.9833729490226846
3,0,9902,0.3799,global_best,0.7220097945497594,0.9383610643158792
3,1,12362,0.3625,global_best,0.7071856111299029,0.9266032815637041
3,2,62289,0.383,global_best,0.6188655381855083,0.8933491796090737
3,3,9909,0.3891,global_best,0.6188655381855083,0.8933491796090737
3,4,28307,0.3824,local_best,0.8251540509140107,1.0
3,5,62984,0.3694,local_best,0.810329867494154,0.9549881152931945
3,6,66617,0.3028,unexplored,0.9198420518552288,0.7396326125585578
3,7,47034,0.33,unexplored,0.8541553303822227,0.7333902568481293
4,0,66913,0.3957,global_best,0.5157212818212568,0.8649643458795834
4,1,10124,0.2608,global_best,0.7955056840742973,0.9457688136062582
4,2,34254,0.2997,global_best,0.6923614277100459,0.8653566565896658
4,3,47676,0.3018,global_best,0.6923614277100459,0.8653566565896658
4,4,90819,0.384,local_best,0.8251540509140107,0.9833729490226846
4,5,77421,0.3786,local_best,0.810329867494154,0.9549881152931945
4,6,678,0.4298,unexplored,0.7062885127285028,0.8208986222970942
4,7,73211,0.3783,unexplored,0.5008970984014001,0.8365795121500932
5,0,16706,0.4465,global_best,0.6031442563642514,0.792513788567604
5,1,56871,0.2265,global_best,0.5298983778696118,0.5614543188793757
5,2,59927,0.2186,global_best,0.5150741944497551,0.5637158747374976
5,3,98700,0.2371,global_best,0.5298983778696118,0.5614543188793757
5,4,56175,0.4306,local_best,0.7062885127285028,0.8375256732744095
5,5,61815,0.3796,local_best,0.7220097945497594,0.9383610643158792
5,6,67674,0.4426,unexplored,0.10314425636425137,0.6849168070523617
5,7,9572,0.5048,unexplored,0.0,0.6399049223455562
6,0,63652,0.3399,global_best,0.007265026398223448,0.5852006553896566
6,1,63296,0.3437,global_best,0.1176448960983573,0.5213347794983036
6,2,50101,0.3488,global_best,0.6176448960983574,0.628931761013546
6,3,53110,0.3268,global_best,0.6104092827624751,0.6250548081139083
6,4,97298,0.3938,local_best,0.2946085856728973,0.7465557427364822
6,5,34606,0.3882,local_best,0.4125770254570054,0.8033254101954628
6,6,22902,0.3058,unexplored,0.5443990176037178,0.34527957907368495
6,7,32376,0.3179,unexplored,0.338434048560966,0.4477765213578564
7,0,33536,0.3092,global_best,0.4564245481418297,0.6516627050977312
7,1,89341,0.3997,global_best,0.6914643293086462,0.792513788567604
7,2,85427,0.3049,global_best,0.559568804506081,0.6966745898045367
7,3,96816,0.3505,global_best,0.882928658617292,0.8208986222970942
7,4,55131,0.4179,local_best,0.20628851272850268,0.729928691759167
7,5,1315,0.3506,local_best,0.38292865861729186,0.729928691759167
7,6,27529,0.3379,unexplored,0.7510331338147269,0.7416864745113421
7,7,69620,0.3667,unexplored,0.7658573172345836,0.7866983592181475
8,0,13534,0.418,global_best,0.8094327690927541,0.8659105070038998
8,1,4379,0.4117,global_best,0.8094327690927541,0.8659105070038998
8,2,53541,0.417,global_best,0.8094327690927541,0.882537557981215
8,3,3552,0.4128,global_best,0.9125770254570054,0.9109223917107052
8,4,83143,0.4107,local_best,0.3094327690927541,0.7749405764659725
8,5,85953,0.378,local_best,0.5157212818212568,0.8483372949022682
8,6,80714,0.3416,unexplored,0.8541553303822227,0.6728359448918835
8,7,6271,0.3423,unexplored,0.6185419944997573,0.7013823183255252
9,0,85663,0.4015,global_best,0.9125770254570054,0.9109223917107052
9,1,52428,0.3485,global_best,0.8239334088268601,0.7494173032100244
9,2,26726,0.352,global_best,0.8239334088268601,0.7492326864052797
9,3,62387,0.3493,global_best,0.7207891524626088,0.7044054185032189
9,4,66575,0.4177,local_best,0.8094327690927541,0.8659105070038998
9,5,81194,0.3934,local_best,0.4125770254570054,0.8033254101954628
9,6,45908,0.34,unexplored,0.64786681765372,0.5828121754782727
9,7,45216,0.3321,unexplored,0.8538317866964718,0.5720697851521932
10,0,50654,0.3901,global_best,0.9125770254570054,0.9109223917107052
10,1,24480,0.2648,global_best,0.48607291498154337,0.7941061085085267
10,2,15859,0.268,global_best,0.48607291498154337,0.8107331594858419
10,3,79406,0.2642,global_best,0.48607291498154315,0.7941061085085267
10,4,54392,0.3901,local_best,0.5157212818212568,0.8483372949022682
10,5,35101,0.3922,local_best,0.3977528420371487,0.7915676274432877
10,6,92076,0.2277,unexplored,0.787622983366913,0.5537696443818796
10,7,65960,0.2633,unexplored,0.7876229833669132,0.5537696443818796
11,0,96280,0.3704,global_best,0.618865538185508,0.8767221286317585
11,1,61591,0.3012,global_best,0.8166977954909775,0.6946207278517524
11,2,96874,0.3632,global_best,0.7220097945497594,0.921734013338564
11,3,75625,0.3526,global_best,0.3977528420371487,0.7749405764659725
11,4,99994,0.3838,local_best,0.5157212818212568,0.831710243924953
11,5,94018,0.3757,local_best,0.6040413547656516,0.8815913968568987
11,6,52514,0.2876,unexplored,0.4857787843581334,0.41429164839729515
11,7,29091,0.266,unexplored,0.7065679368207419,0.34073339025684796
12,0,33287,0.4063,global_best,0.9125770254570054,0.8942953407333901
12,1,19604,0.4802,global_best,0.8968557436357487,0.8100870006692356
12,2,77233,0.3994,global_best,0.7946085856728974,0.8375256732744095
12,3,39252,0.4051,global_best,0.9125770254570054,0.9109223917107052
12,4,88018,0.373,local_best,0.618865538185508,0.8933491796090737
12,5,16492,0.379,local_best,0.8251540509140107,0.9833729490226846
12,6,75906,0.2849,unexplored,0.7506875303322206,0.5891122239401839
12,7,18600,0.2221,unexplored,0.7213627071782579,0.6755013500103845
13,0,10322,0.462,global_best,1.0,0.8550988853760411
13,1,70486,0.3903,global_best,0.7946085856728974,0.8375256732744095
13,2,80085,0.3743,global_best,0.7946085856728974,0.8208986222970942
13,3,47384,0.3646,global_best,0.8977528420371487,0.8659105070038998
13,4,36462,0.3822,local_best,0.7946085856728974,0.8375256732744095
13,5,35136,0.3752,local_best,0.5008970984014001,0.819952461172778
13,6,72726,0.2723,unexplored,0.5075738635528039,0.40555696582281375
13,7,43617,0.3222,unexplored,0.17664014588878926,0.6402972330556386
14,0,56882,0.3573,global_best,0.3977528420371487,0.7583135254886573
14,1,65886,0.3906,global_best,0.8977528420371487,0.882537557981215
14,2,70653,0.4037,global_best,0.8977528420371487,0.882537557981215
14,3,64395,0.3412,global_best,0.5008970984014001,0.7866983592181475
14,4,94986,0.3739,local_best,0.5008970984014001,0.8033254101954628
14,5,68908,0.3635,local_best,0.6040413547656514,0.8649643458795834
14,6,80469,0.2845,unexplored,0.21322999544097532,0.462834329494842
14,7,9509,0.2758,unexplored,0.574069444240187,0.5974084416033967
15,0,95755,0.3574,global_best,0.8977528420371487,0.882537557981215
15,1,63388,0.3728,global_best,0.8977528420371487,0.8659105070038998
15,2,62204,0.3568,global_best,0.8977528420371487,0.8492834560265845
15,3,66035,0.3768,global_best,0.8977528420371487,0.8659105070038998
15,4,79277,0.3758,local_best,0.618865538185508,0.8933491796090737
15,5,77638,0.3778,local_best,0.8251540509140107,0.9667458980453696
15,6,28058,0.2335,unexplored,0.35328029177757836,0.640689543765721
15,7,76831,0.3022,unexplored,0.3605453181758019,0.628040984930653
16,0,61388,0.3577,global_best,0.6040413547656514,0.8483372949022682
16,1,40458,0.3625,global_best,0.810329867494154,0.921734013338564
16,2,52650,0.3688,global_best,0.810329867494154,0.9383610643158792
16,3,5912,0.3445,global_best,0.5008970984014001,0.8033254101954628
16,4,75655,0.3771,local_best,0.8251540509140107,0.9833729490226846
16,5,81361,0.3704,local_best,0.8103298674941543,0.9549881152931945
16,6,67233,0.2731,unexplored,0.7138623762813067,0.5062885099116144
16,7,12295,0.2677,unexplored,0.38263452799388203,0.6137816444741879
17,0,87,0.3472,global_best,0.9270776651911113,0.7944291879168298
17,1,60043,0.3126,global_best,0.7951821403885463,0.7481019084762187
17,2,29277,0.2944,global_best,0.7951821403885463,0.7481019084762187
17,3,79109,0.3665,global_best,0.5008970984014001,0.8033254101954628
17,4,45864,0.3736,local_best,0.8251540509140107,0.9667458980453696
17,5,25269,0.3496,local_best,0.7955056840742973,0.8933491796090737
17,6,60988,0.2688,unexplored,0.8024471667867699,0.6228163293563794
17,7,42395,0.2184,unexplored,0.8024471667867696,0.6228163293563793
18,0,40327,0.3661,global_best,0.8251540509140107,0.9667458980453696
18,1,22471,0.3643,global_best,0.8251540509140105,0.9667458980453696
18,2,86258,0.3613,global_best,0.8251540509140105,0.9501188470680542
18,3,23060,0.3478,global_best,0.574392987925938,0.7583135254886573
18,4,63492,0.3736,local_best,0.7220097945497594,0.921734013338564
18,5,15952,0.378,local_best,0.7220097945497594,0.921734013338564
18,6,39945,0.2298,unexplored,0.839037016338956,0.46763436641820305
18,7,63624,0.2486,unexplored,0.9122828948335956,0.6975249809613917
19,0,33037,0.3351,global_best,0.07349588952453782,0.5952853483488332
19,1,54464,0.3314,global_best,0.6478888774504756,0.6800475388272215
19,2,80784,0.3283,global_best,0.3091092254070032,0.6134354879652917
19,3,89458,0.34,global_best,0.559568804506081,0.6966745898045367
19,4,43900,0.3767,local_best,0.8251540509140107,0.9667458980453696
19,5,70730,0.3688,local_best,0.6040413547656514,0.8483372949022682
19,6,19097,0.1852,unexplored,0.6627130608703323,0.8490642235709502
19,7,21860,0.2888,unexplored,0.82453637660485,0.6040546465742042
-1,0,71015,0.1841,init,0.7876229833669134,0.5895391503011559
-1,1,42142,0.1881,init,0.6031001367707399,0.5529042531096391
-1,2,74325,0.1772,init,0.7800932394076211,0.553481180624466
-1,3,75305,0.2027,init,0.8021236231010189,0.5238155678120598
-1,4,67260,0.2082,init,0.8093886494992424,0.3964645881891397
-1,5,46790,0.2073,init,0.8241834198567582,0.5366925899429993
-1,6,76997,0.1649,init,0.8021236231010189,0.6550861929707148
-1,7,37327,0.1634,init,0.7873288527435034,0.49946922668635885
0,0,88886,0.2216,recommended,0.8314778593173225,0.3277525211732396
0,1,65495,0.1901,recommended,0.8387134726532051,0.35831814090877595
0,2,42270,0.1801,recommended,0.8387134726532051,0.358318140908776
0,3,93964,0.1708,recommended,0.8314778593173228,0.34407956984284477
0,4,53932,0.2108,recommended,0.8242422459814402,0.31351395010730826
0,5,58456,0.1451,recommended,0.8387134726532051,0.35831814090877595
0,6,91344,0.1381,recommended,0.8314778593173228,0.34407956984284466
0,7,61521,0.1986,recommended,0.831477859317323,0.34407956984284477
1,0,89067,0.2681,recommended,0.8311543156315718,0.307063900491542
1,1,25271,0.1749,recommended,0.8166536758974661,0.14720882468326657
1,2,9050,0.1438,recommended,0.8094180625615836,0.33222601712320843
1,3,12125,0.11,recommended,0.8094180625615836,0.19687074515957798
1,4,84018,0.1877,recommended,0.8094180625615836,0.21878245217270875
1,5,17136,0.2247,recommended,0.8094180625615836,0.2187824521727088
1,6,73290,0.1438,recommended,0.8094180625615836,0.16971707474672862
1,7,17886,0.207,recommended,0.8239187022956895,0.07740059538919516
2,0,25735,0.2607,recommended,0.8239187022956895,0.32082592943022614
2,1,48039,0.2494,recommended,0.8239187022956895,0.3651535781044467
2,2,73327,0.2474,recommended,0.8383899289674543,0.42953061177393653
2,3,27731,0.2385,recommended,0.8311543156315718,0.3989649920384
2,4,74426,0.2358,recommended,0.8311543156315718,0.3989649920384001
2,5,45336,0.2345,recommended,0.8311543156315718,0.41529204070800513
2,6,68809,0.2492,recommended,0.8311543156315718,0.41529204070800524
2,7,27187,0.2363,recommended,0.8239187022956895,0.36839937230286357
3,0,35989,0.1732,recommended,0.8235951586099386,0.28727528673297464
3,1,53089,0.1654,recommended,0.8163595452740563,0.30103731567165876
3,2,60039,0.2253,recommended,0.838559054075915,0.41841898783836773
3,3,68659,0.2303,recommended,0.838559054075915,0.41841898783836773
3,4,8794,0.1896,recommended,0.6696839566451459,0.3165797429210992
3,5,19604,0.4802,recommended,0.8968557436357487,0.8100870006692356
3,6,10322,0.462,recommended,1.0,0.8550988853760411
3,7,35133,0.2337,recommended,0.8457946674117975,0.4489846075739042
4,0,28307,0.3824,recommended,0.8251540509140107,1.0
4,1,94688,0.3827,recommended,0.8251540509140107,0.9833729490226846
4,2,90819,0.384,recommended,0.8251540509140107,0.9833729490226846
4,3,75655,0.3771,recommended,0.8251540509140107,0.9833729490226846
4,4,11948,0.369,recommended,0.8251540509140107,0.9667458980453696
4,5,16492,0.379,recommended,0.8251540509140107,0.9833729490226846
4,6,19403,0.3734,recommended,0.8251540509140107,0.9667458980453696
4,7,29580,0.3771,recommended,0.8251540509140107,0.9833729490226846
5,0,70215,0.3188,recommended,0.7797844022530407,0.7929060992776864
5,1,18909,0.3162,recommended,0.7797844022530407,0.7762790483003712
5,2,52428,0.3485,recommended,0.8239334088268601,0.7494173032100244
5,3,26726,0.352,recommended,0.8239334088268601,0.7492326864052797
5,4,82473,0.3022,recommended,0.7797844022530405,0.7929060992776864
5,5,79414,0.3034,recommended,0.7797844022530407,0.7929060992776864
5,6,9186,0.3144,recommended,0.6923614277100459,0.8487296056123506
5,7,5201,0.3185,recommended,0.6923614277100459,0.8321025546350354
6,0,75534,0.3345,recommended,0.9122534817712546,0.7658597373825949
6,1,20441,0.3269,recommended,0.9122534817712546,0.7494173032100244
6,2,20798,0.3222,recommended,0.9050178684353721,0.7108785452195783
6,3,80373,0.3594,recommended,0.9122534817712546,0.7658597373825949
6,4,21723,0.3247,recommended,0.9050178684353721,0.7110631620243231
6,5,50997,0.3063,recommended,0.9050178684353721,0.716590127616366
6,6,47675,0.3578,recommended,0.9122534817712544,0.7658597373825949
6,7,92750,0.3285,recommended,0.9050178684353721,0.716590127616366
7,0,52492,0.2851,recommended,0.9340191479035839,0.49668843606489255
7,1,93198,0.3284,recommended,0.9340191479035839,0.6408164678189829
7,2,37724,0.2421,recommended,0.9191949644837272,0.6471592089169914
7,3,85461,0.2323,recommended,0.9047237378119624,0.6498903837721826
7,4,9547,0.2274,recommended,0.9119593511478447,0.5978895991507625
7,5,8983,0.2206,recommended,0.9119593511478447,0.5978895991507625
7,6,62240,0.3003,recommended,0.7731223436328074,0.8080885237578748
7,7,60650,0.3478,recommended,0.8027707104725208,0.8977199824614034
8,0,95970,0.2721,recommended,0.5078385811138726,0.6165162808944681
8,1,72895,0.2747,recommended,0.5078385811138726,0.5545542658020444
8,2,37712,0.2866,recommended,0.5078385811138726,0.6558246601896934
8,3,36080,0.3336,recommended,0.5295748341838609,0.584185262963561
8,4,55853,0.3105,recommended,0.5223392208479786,0.5628124062492786
8,5,45333,0.3086,recommended,0.515103607512096,0.48564604343110307
8,6,48054,0.272,recommended,0.40469432474962125,0.5716890129924074
8,7,40025,0.2542,recommended,0.40469432474962125,0.504015415503196
9,0,38715,0.3277,recommended,0.7955056840742971,0.8600950776544432
9,1,1339,0.3506,recommended,0.7806815006544406,0.8649643458795834
9,2,39753,0.3375,recommended,0.7955056840742973,0.8933491796090737
9,3,79122,0.3392,recommended,0.7955056840742973,0.8933491796090737
9,4,64986,0.3369,recommended,0.7806815006544405,0.8483372949022682
9,5,38681,0.3277,recommended,0.7806815006544405,0.8483372949022682
9,6,70847,0.3546,recommended,0.7806815006544406,0.8483372949022682
9,7,44800,0.3222,recommended,0.7806815006544405,0.8483372949022682
10,0,65909,0.3254,recommended,0.9415783049252173,0.6002007707751595
10,1,82479,0.3299,recommended,0.9343426915893348,0.5963238178755218
10,2,41644,0.3049,recommended,0.919842051855229,0.7449749613458562
10,3,69908,0.3417,recommended,0.9270776651911113,0.747340364156647
10,4,41061,0.3308,recommended,0.9270776651911116,0.7637827983292176
10,5,26332,0.3286,recommended,0.9198420518552288,0.7599058454295798
10,6,59021,0.3548,recommended,0.9270776651911111,0.7637827983292176
10,7,17864,0.345,recommended,0.9270776651911113,0.7942445711120851
11,0,66913,0.3957,recommended,0.5157212818212568,0.8649643458795834
11,1,44473,0.3649,recommended,0.5008970984014001,0.819952461172778
11,2,54635,0.3872,recommended,0.5008970984014001,0.819952461172778
11,3,73211,0.3783,recommended,0.5008970984014001,0.8365795121500932
11,4,9503,0.3486,recommended,0.5008970984014001,0.819952461172778
11,5,35136,0.3752,recommended,0.5008970984014001,0.819952461172778
11,6,85953,0.378,recommended,0.5157212818212568,0.8483372949022682
11,7,61774,0.347,recommended,0.6040413547656514,0.8649643458795834
12,0,75597,0.3364,recommended,0.8686559701163287,0.539715690120693
12,1,20862,0.3276,recommended,0.8686559701163287,0.539715690120693
12,2,43676,0.3242,recommended,0.8831566098504344,0.3759490457618902
12,3,20942,0.3339,recommended,0.8686559701163287,0.5701774629035605
12,4,45456,0.3278,recommended,0.8686559701163287,0.5701774629035605
12,5,54043,0.3297,recommended,0.8686559701163287,0.6006392356864281
12,6,78119,0.3247,recommended,0.8831566098504344,0.3759490457618902
12,7,86359,0.2941,recommended,0.8831566098504344,0.3759490457618902
13,0,58109,0.3544,recommended,0.8901936850155154,0.8252694251494239
13,1,96816,0.3505,recommended,0.882928658617292,0.8208986222970942
13,2,88032,0.3515,recommended,0.882928658617292,0.8208986222970942
13,3,15859,0.268,recommended,0.48607291498154337,0.8107331594858419
13,4,71250,0.3596,recommended,0.8829286586172918,0.8375256732744094
13,5,63867,0.2657,recommended,0.882928658617292,0.8566912053169637
13,6,3552,0.4128,recommended,0.9125770254570054,0.9109223917107052
13,7,95755,0.3574,recommended,0.8977528420371487,0.882537557981215
14,0,22618,0.2356,recommended,0.8315072723796639,0.41818013984722935
14,1,2553,0.2092,recommended,0.8094474756239247,0.34034107954676557
14,2,42893,0.2235,recommended,0.8166830889598072,0.4095146885745272
14,3,54581,0.2502,recommended,0.8166830889598072,0.3896106893129945
14,4,45984,0.2552,recommended,0.8315072723796639,0.40743774952114986
14,5,61977,0.3473,recommended,0.7658573172345838,0.8033254101954628
14,6,42637,0.3306,recommended,0.7658573172345838,0.8033254101954628
14,7,34968,0.3261,recommended,0.7658573172345838,0.8033254101954628
15,0,10124,0.2608,recommended,0.7955056840742973,0.9457688136062582
15,1,50654,0.3901,recommended,0.9125770254570054,0.9109223917107052
15,2,85663,0.4015,recommended,0.9125770254570054,0.9109223917107052
15,3,67593,0.2289,recommended,0.82483050722826,0.8436295663812796
15,4,5005,0.2265,recommended,0.8248305072282598,0.8436295663812796
15,5,67014,0.2278,recommended,0.82483050722826,0.8436295663812796
15,6,23638,0.2289,recommended,0.82483050722826,0.8436295663812796
15,7,73431,0.2289,recommended,0.82483050722826,0.8436295663812796
16,0,33287,0.4063,recommended,0.9125770254570054,0.8942953407333901
16,1,39252,0.4051,recommended,0.9125770254570054,0.9109223917107052
16,2,65119,0.3258,recommended,0.8396546906481165,0.8196063046638817
16,3,81964,0.3287,recommended,0.8396546906481167,0.8196063046638817
16,4,35258,0.3234,recommended,0.8396546906481167,0.8196063046638817
16,5,32562,0.3278,recommended,0.8396546906481167,0.8196063046638817
16,6,87530,0.3286,recommended,0.8396546906481167,0.8196063046638817
16,7,84323,0.332,recommended,0.8396546906481167,0.8196063046638817
17,0,55131,0.4179,recommended,0.20628851272850268,0.729928691759167
17,1,83143,0.4107,recommended,0.3094327690927541,0.7749405764659725
17,2,9572,0.5048,recommended,0.0,0.6399049223455562
17,3,67674,0.4426,recommended,0.10314425636425137,0.6849168070523617
17,4,3002,0.3292,recommended,0.6775372442901895,0.819952461172778
17,5,81194,0.3934,recommended,0.4125770254570054,0.8033254101954628
17,6,25506,0.3414,recommended,0.4270776651911114,0.6868322064015874
17,7,24647,0.3426,recommended,0.4270776651911113,0.6868322064015874
18,0,63296,0.3437,recommended,0.1176448960983573,0.5213347794983036
18,1,16706,0.4465,recommended,0.6031442563642514,0.792513788567604
18,2,34606,0.3882,recommended,0.4125770254570054,0.8033254101954628
18,3,33536,0.3092,recommended,0.4564245481418297,0.6516627050977312
18,4,97298,0.3938,recommended,0.2946085856728973,0.7465557427364822
18,5,91472,0.3685,recommended,0.30910922540700325,0.6132508711605471
18,6,12914,0.3271,recommended,0.3018736120711208,0.5586389126070198
18,7,79357,0.3417,recommended,0.22078915246260866,0.5663466642051089
19,0,678,0.4298,recommended,0.7062885127285028,0.8208986222970942
19,1,13534,0.418,recommended,0.8094327690927541,0.8659105070038998
19,2,96874,0.3632,recommended,0.7220097945497594,0.921734013338564
19,3,56175,0.4306,recommended,0.7062885127285028,0.8375256732744095
19,4,96280,0.3704,recommended,0.618865538185508,0.8767221286317585
19,5,53541,0.417,recommended,0.8094327690927541,0.882537557981215
19,6,66575,0.4177,recommended,0.8094327690927541,0.8659105070038998
19,7,89341,0.3997,recommended,0.6914643293086462,0.792513788567604
-1,0,71015,0.1841,init,0.7876229833669134,0.5895391503011559
-1,1,42142,0.1881,init,0.6031001367707399,0.5529042531096391
-1,2,74325,0.1772,init,0.7800932394076211,0.553481180624466
-1,3,75305,0.2027,init,0.8021236231010189,0.5238155678120598
-1,4,67260,0.2082,init,0.8093886494992424,0.3964645881891397
-1,5,46790,0.2073,init,0.8241834198567582,0.5366925899429993
-1,6,76997,0.1649,init,0.8021236231010189,0.6550861929707148
-1,7,37327,0.1634,init,0.7873288527435034,0.49946922668635885
0,0,39792,0.23,recommended,0.8093886494992424,0.15364733574873637
0,1,68944,0.2053,recommended,0.8093886494992424,0.49773498257678883
0,2,69264,0.1829,recommended,0.8093886494992424,0.39664920499388445
0,3,83352,0.2651,recommended,0.8242422459814405,0.44016915514734706
0,4,73260,0.2715,recommended,0.8387134726532053,0.4026723282486786
0,5,48422,0.2656,recommended,0.8387134726532053,0.4026723282486786
0,6,98443,0.2509,recommended,0.8314778593173228,0.001511550088846901
0,7,63486,0.2709,recommended,0.8314778593173228,0.489438764913576
1,0,34582,0.2653,recommended,0.817006632645558,0.39594535342579545
1,1,39978,0.2345,recommended,0.8242422459814402,0.49312302402326147
1,2,34608,0.2032,recommended,0.8242422459814402,0.42349941153393456
1,3,94445,0.2435,recommended,0.8242422459814405,0.5221967092054551
1,4,55818,0.1839,recommended,0.8314778593173228,0.479969076685205
1,5,57748,0.1769,recommended,0.8314484462549818,0.4534188724528648
1,6,33372,0.2094,recommended,0.8314484462549816,0.4534188724528648
1,7,6554,0.1572,recommended,0.8314484462549816,0.4534188724528648
2,0,53004,0.2093,recommended,0.6990087797991088,0.4585627581750626
2,1,14987,0.1913,recommended,0.6990087797991086,0.4587473749798073
2,2,38974,0.1785,recommended,0.7062443931349912,0.44587035284886783
2,3,22676,0.2285,recommended,0.6914202097151345,0.44691805321579375
2,4,45075,0.2076,recommended,0.8021530361633601,0.5037592596866127
2,5,54684,0.1881,recommended,0.8021530361633601,0.5037592596866127
2,6,1752,0.2548,recommended,0.6255128902745709,0.5263390487619133
2,7,41845,0.2272,recommended,0.6255128902745709,0.4529654074262107
3,0,34065,0.248,recommended,0.8387134726532053,0.41043777259825054
3,1,1668,0.2498,recommended,0.8314778593173225,0.4835541042623402
3,2,25765,0.2556,recommended,0.8459490859890876,0.43444603420026284
3,3,93914,0.2578,recommended,0.8387134726532053,0.30393695336117943
3,4,27245,0.2243,recommended,0.8459490859890876,0.4344460342002628
3,5,92608,0.2323,recommended,0.8387428857155464,0.4015992430711003
3,6,90461,0.2468,recommended,0.8314778593173228,0.4837387210670848
3,7,16506,0.2518,recommended,0.8387134726532051,0.0611197009207763
4,0,57838,0.2664,recommended,0.8170066326455582,0.37102208478526744
4,1,87845,0.2082,recommended,0.8166536758974661,0.46303048484988324
4,2,93033,0.2239,recommended,0.8097416062473345,0.5822583250640386
4,3,76497,0.2392,recommended,0.8097416062473345,0.5822583250640386
4,4,52022,0.2003,recommended,0.8166536758974658,0.35993007638520275
4,5,92703,0.2148,recommended,0.8166536758974661,0.35993007638520275
4,6,43612,0.1959,recommended,0.8314484462549816,0.3677566750513463
4,7,99345,0.2342,recommended,0.8097416062473345,0.5822583250640386
5,0,51192,0.2727,recommended,0.8459490859890876,0.45194193801490756
5,1,41075,0.2372,recommended,0.8314778593173228,0.47545750351925753
5,2,20076,0.2674,recommended,0.8463020427371795,0.5178235986430663
5,3,36171,0.2463,recommended,0.8463020427371795,0.5178235986430662
5,4,93309,0.2438,recommended,0.8242128329190993,0.40417233978722894
5,5,12777,0.2549,recommended,0.8242128329190993,0.42079939076454415
5,6,52147,0.2451,recommended,0.8459490859890875,0.378568296679205
5,7,94900,0.2334,recommended,0.8242422459814405,0.3625458657374286
6,0,26219,0.2866,recommended,0.816977219583217,0.5615327810213921
6,1,48918,0.2412,recommended,0.7062443931349912,0.4237394133801026
6,2,52346,0.252,recommended,0.7062443931349912,0.4239240301848473
6,3,2028,0.267,recommended,0.816977219583217,0.448051138854914
6,4,25074,0.2397,recommended,0.8093886494992426,0.46875129808690813
6,5,52565,0.2451,recommended,0.8093886494992426,0.46875129808690813
6,6,68992,0.2335,recommended,0.8169772195832168,0.5039288763759718
6,7,936,0.2829,recommended,0.8607732694089443,0.4805113885491424
7,0,77475,0.3013,recommended,0.816977219583217,0.5450903468488216
7,1,21313,0.2853,recommended,0.816977219583217,0.5615327810213921
7,2,79673,0.2896,recommended,0.816977219583217,0.5615327810213921
7,3,6577,0.2912,recommended,0.816977219583217,0.5617173978261368
7,4,72092,0.232,recommended,0.839037016338956,0.20806313894722275
7,5,9782,0.244,recommended,0.839037016338956,0.20806313894722275
7,6,30917,0.2436,recommended,0.8390370163389558,0.207878522142478
7,7,51798,0.2861,recommended,0.8607732694089443,0.4805113885491424
8,0,8679,0.266,recommended,0.8169772195832168,0.5493215332425632
8,1,68013,0.2689,recommended,0.816977219583217,0.5493215332425632
8,2,7704,0.2794,recommended,0.816977219583217,0.5493215332425632
8,3,65566,0.2515,recommended,0.816977219583217,0.5493215332425632
8,4,15467,0.2645,recommended,0.8169772195832168,0.5491369164378185
8,5,43531,0.2823,recommended,0.8169772195832168,0.5491369164378185
8,6,81995,0.2277,recommended,0.8318014030030735,0.5429891768398216
8,7,74913,0.2602,recommended,0.8169772195832168,0.5493215332425632
9,0,42173,0.2793,recommended,0.8169772195832168,0.5467865137424132
9,1,2167,0.2782,recommended,0.8169772195832168,0.550305771582858
9,2,58919,0.2646,recommended,0.816977219583217,0.5561904322340939
9,3,42498,0.265,recommended,0.816977219583217,0.5746832667943597
9,4,16197,0.2844,recommended,0.816977219583217,0.5561904322340939
9,5,62603,0.2608,recommended,0.8169772195832168,0.5691563012023166
9,6,43658,0.3028,recommended,0.8169478065208758,0.6236355664274338
9,7,70852,0.2905,recommended,0.8169478065208758,0.6087046823437101
10,0,23559,0.2458,recommended,0.7731223436328072,0.7914614727805596
10,1,65352,0.241,recommended,0.7876229833669132,0.644321879399072
10,2,36532,0.2313,recommended,0.7876229833669132,0.6747836521819396
10,3,22686,0.2302,recommended,0.7803579569686898,0.6569704382341399
10,4,45761,0.3009,recommended,0.8169478065208758,0.6234509496226891
10,5,41815,0.2196,recommended,0.8169478065208756,0.678501373087485
10,6,44867,0.2214,recommended,0.7803579569686898,0.6874322110170075
10,7,21130,0.2171,recommended,0.8097121931849933,0.629231763321256
11,0,9642,0.2867,recommended,0.8169478065208758,0.6236355664274338
11,1,47610,0.279,recommended,0.8097121931849933,0.5631389472226708
11,2,57717,0.0995,recommended,0.7876523964292543,0.473201716936284
11,3,46979,0.288,recommended,0.8169478065208758,0.6234509496226891
11,4,36611,0.2812,recommended,0.8097121931849933,0.559435072577481
11,5,41818,0.2671,recommended,0.8097121931849933,0.548208063138947
11,6,76394,0.2775,recommended,0.8097121931849935,0.5631389472226708
11,7,25450,0.2916,recommended,0.8097121931849935,0.5743659566612048
12,0,23924,0.251,recommended,0.8169772195832168,0.535559504303879
12,1,62472,0.2557,recommended,0.8097121931849933,0.548208063138947
12,2,3203,0.2805,recommended,0.7138329632189655,0.5017746290356077
12,3,94158,0.2656,recommended,0.7876523964292543,0.52364825883276
12,4,54505,0.2114,recommended,0.8021236231010191,0.6182332171785934
12,5,93473,0.2122,recommended,0.8021236231010191,0.6182332171785935
12,6,17170,0.1576,recommended,0.8021236231010189,0.6182332171785934
12,7,56858,0.1697,recommended,0.8021236231010191,0.6182332171785934
13,0,41307,0.2943,recommended,0.721068576554848,0.5510442388018367
13,1,51039,0.2766,recommended,0.721068576554848,0.5510442388018367
13,2,88202,0.3089,recommended,0.721068576554848,0.5659751228855604
13,3,7936,0.2756,recommended,0.8097121931849933,0.6155101193086098
13,4,30537,0.2784,recommended,0.8097121931849933,0.5990676851360393
13,5,73913,0.3082,recommended,0.8242128329190993,0.6108023907876212
13,6,46146,0.2026,recommended,0.8024765798491108,0.6285717582442938
13,7,40631,0.203,recommended,0.802476579849111,0.6285717582442938
14,0,31065,0.3018,recommended,0.8242128329190993,0.6108023907876212
14,1,88613,0.2737,recommended,0.7876523964292543,0.6130501003853873
14,2,52259,0.3,recommended,0.8242128329190993,0.6108023907876212
14,3,2713,0.3112,recommended,0.8242128329190993,0.5943599566150507
14,4,20669,0.2643,recommended,0.721068576554848,0.56490896083816
14,5,19643,0.3082,recommended,0.6917437534008852,0.5700343848798834
14,6,95324,0.2769,recommended,0.706567936820742,0.5689866845129575
14,7,75735,0.274,recommended,0.706567936820742,0.5704982346018044
15,0,4842,0.275,recommended,0.6845081400650028,0.582784482957561
15,1,56412,0.2733,recommended,0.7948880097651366,0.6152308863914334
15,2,69023,0.2841,recommended,0.6845081400650028,0.582784482957561
15,3,76699,0.1939,recommended,0.6254834772122299,0.5894779959845842
15,4,55914,0.2245,recommended,0.6254834772122299,0.5892933791798396
15,5,30013,0.221,recommended,0.6254834772122299,0.5894779959845842
15,6,36989,0.2077,recommended,0.6254834772122299,0.6156047354210414
15,7,35418,0.255,recommended,0.6403076606320868,0.5915814737036436
16,0,22341,0.2542,recommended,0.7358927599747047,0.4003415410887774
16,1,74571,0.2752,recommended,0.7283041898907304,0.45618581681397524
16,2,26904,0.2813,recommended,0.7283041898907304,0.45618581681397524
16,3,84214,0.2054,recommended,0.7358927599747047,0.4680151385779888
16,4,71747,0.2704,recommended,0.7431283733105871,0.4402072323633256
16,5,39742,0.1956,recommended,0.7358927599747047,0.4680151385779888
16,6,26020,0.2472,recommended,0.7358927599747047,0.4680151385779888
16,7,7551,0.2857,recommended,0.7283041898907304,0.4563704336187199
17,0,52769,0.2578,recommended,0.7358927599747045,0.600162693559181
17,1,11080,0.2498,recommended,0.7358927599747047,0.600162693559181
17,2,61491,0.1835,recommended,0.8314778593173228,0.5903930030230998
17,3,70408,0.2605,recommended,0.7358927599747047,0.581496780744467
17,4,76283,0.1912,recommended,0.8387134726532053,0.5865737428749449
17,5,32265,0.2108,recommended,0.8242422459814402,0.5841621858629679
17,6,77015,0.2412,recommended,0.8242422459814402,0.5841621858629679
17,7,95440,0.2362,recommended,0.8242422459814402,0.5841621858629679
18,0,32215,0.2555,recommended,0.7876523964292541,0.6128654835806426
18,1,53288,0.2534,recommended,0.7876523964292543,0.6128654835806426
18,2,87298,0.2567,recommended,0.7876523964292543,0.5964230494080721
18,3,66788,0.2553,recommended,0.7876523964292543,0.6128654835806426
18,4,21895,0.271,recommended,0.7876523964292543,0.6128654835806426
18,5,73066,0.2659,recommended,0.8169478065208756,0.4592343018023213
18,6,25149,0.2784,recommended,0.8169478065208756,0.44813421641704915
18,7,48025,0.2699,recommended,0.8242128329190993,0.44658574296725334
19,0,65304,0.2628,recommended,0.7876523964292541,0.45805506196201484
19,1,3483,0.2727,recommended,0.7876523964292541,0.45805506196201484
19,2,51121,0.2748,recommended,0.8535376560730618,0.43124177878291353
19,3,56075,0.283,recommended,0.853537656073062,0.43124177878291353
19,4,2840,0.281,recommended,0.8169478065208758,0.6366014353956566
19,5,18135,0.2253,recommended,0.8245069635425091,0.6184086031431008
19,6,46578,0.2245,recommended,0.8245069635425091,0.6184086031431008
19,7,97215,0.2037,recommended,0.8245363766048502,0.46138047215747796
-1,0,71015,0.1841,init,0.7876229833669134,0.5895391503011559
-1,1,42142,0.1881,init,0.6031001367707399,0.5529042531096391
-1,2,74325,0.1772,init,0.7800932394076211,0.553481180624466
-1,3,75305,0.2027,init,0.8021236231010189,0.5238155678120598
-1,4,67260,0.2082,init,0.8093886494992424,0.3964645881891397
-1,5,46790,0.2073,init,0.8241834198567582,0.5366925899429993
-1,6,76997,0.1649,init,0.8021236231010189,0.6550861929707148
-1,7,37327,0.1634,init,0.7873288527435034,0.49946922668635885
0,0,67102,0.216,recommended,0.8242422459814405,0.4420880160616617
0,1,2324,0.2296,recommended,0.8166536758974661,0.44369187455288095
0,2,62614,0.3251,recommended,0.8245069635425091,0.6295317656289661
0,3,91545,0.2633,recommended,0.8169478065208758,0.4045531119470147
0,4,40468,0.2535,recommended,0.8093886494992424,0.5610700851545009
0,5,95221,0.2132,recommended,0.8240290012794681,0.5789698382295245
0,6,18326,0.2432,recommended,0.8093886494992424,0.37729905614658543
0,7,67412,0.2187,recommended,0.8242422459814402,0.5055973507488516
1,0,65835,0.2955,recommended,0.8024471667867701,0.576996746128816
1,1,34266,0.3247,recommended,0.8245069635425093,0.6766205893891488
1,2,89558,0.2653,recommended,0.7658573172345836,0.8224909422380169
1,3,53818,0.3105,recommended,0.8024471667867699,0.5461657397364593
1,4,2639,0.3346,recommended,0.8541553303822227,0.7171324394803035
1,5,99838,0.3231,recommended,0.8245069635425091,0.6838437218747833
1,6,93581,0.3048,recommended,0.824506963542509,0.6295317656289661
1,7,877,0.3222,recommended,0.7951821403885465,0.7481019084762187
2,0,44382,0.3479,recommended,0.8027707104725208,0.8810929314840881
2,1,58783,0.3194,recommended,0.728951277262232,0.6107239286456048
2,2,75771,0.2194,recommended,0.7951821403885465,0.7536057969676687
2,3,88299,0.344,recommended,0.7361868905981146,0.6601781552165783
2,4,97519,0.3147,recommended,0.7141270938423754,0.5766275125193268
2,5,83210,0.3209,recommended,0.8100063238084031,0.7295825352502708
2,6,59978,0.2968,recommended,0.728951277262232,0.5802621558627371
2,7,59430,0.2648,recommended,0.7955056840742971,0.9291417626289432
3,0,78262,0.3103,recommended,0.8100063238084031,0.7764867422057089
3,1,27682,0.2157,recommended,0.5592452608203303,0.5743428795606117
3,2,9798,0.2244,recommended,0.7068620674441519,0.7536057969676687
3,3,9602,0.2272,recommended,0.8100063238084033,0.798617681674474
3,4,2863,0.3143,recommended,0.8172713502066266,0.7175109039300299
3,5,25042,0.2283,recommended,0.6185419944997571,0.7536057969676687
3,6,961,0.3214,recommended,0.8686559701163284,0.5699928460988158
3,7,36182,0.2209,recommended,0.6109828374781241,0.5590889160685848
4,0,90657,0.3361,recommended,0.8100063238084031,0.7931137931830241
4,1,15827,0.3277,recommended,0.8541553303822227,0.6724667112823942
4,2,79726,0.2727,recommended,0.7803873700310309,0.6197793829183299
4,3,99471,0.305,recommended,0.8393311469623658,0.6579165993584564
4,4,79660,0.3202,recommended,0.839331146962366,0.6579165993584564
4,5,58705,0.3306,recommended,0.8396546906481167,0.850252694251494
4,6,19376,0.3253,recommended,0.8248305072282598,0.7912214709343914
4,7,45305,0.3211,recommended,0.6775372442901892,0.8033254101954628
5,0,86622,0.3337,recommended,0.7955056840742973,0.8933491796090737
5,1,25552,0.2981,recommended,0.8538317866964718,0.5107770059769688
5,2,56644,0.3412,recommended,0.9270776651911113,0.7471557473519024
5,3,6594,0.3143,recommended,0.82483050722826,0.8381256778898296
5,4,20956,0.3133,recommended,0.6623674573878258,0.4026030969468994
5,5,65285,0.2314,recommended,0.8393311469623658,0.6800475388272215
5,6,64002,0.283,recommended,0.787622983366913,0.6673978261371238
5,7,16148,0.2126,recommended,0.8393311469623658,0.7267671289779148
6,0,85632,0.3121,recommended,0.7951821403885465,0.6845706505434654
6,1,66522,0.2936,recommended,0.7879465270526639,0.6933053331179468
6,2,19287,0.3361,recommended,0.7806815006544405,0.8649643458795834
6,3,91000,0.2712,recommended,0.8096827801226524,0.6316087046823434
6,4,25209,0.3,recommended,0.8024471667867696,0.5985969122839404
6,5,80785,0.3041,recommended,0.8100063238084031,0.777063669720536
6,6,7377,0.349,recommended,0.810329867494154,0.921734013338564
6,7,90414,0.3178,recommended,0.8100063238084031,0.7462095862275859
7,0,11873,0.3471,recommended,0.810329867494154,0.921734013338564
7,1,59466,0.2707,recommended,0.8245363766048502,0.5517480903699257
7,2,99114,0.2746,recommended,0.9195185081694781,0.6399972307479285
7,3,47267,0.3102,recommended,0.8245069635425091,0.6766205893891488
7,4,69080,0.3261,recommended,0.7365104342838653,0.757967368979761
7,5,15289,0.3355,recommended,0.7216862508640086,0.7297671520550155
7,6,25219,0.3099,recommended,0.8245069635425091,0.6295317656289661
7,7,79513,0.2679,recommended,0.8169478065208758,0.47950753467334345
8,0,94570,0.2813,recommended,0.8100063238084031,0.7606212355479653
8,1,81724,0.3342,recommended,0.8245069635425091,0.6130893314563955
8,2,8821,0.3071,recommended,0.8096827801226523,0.6149816537050282
8,3,99994,0.3838,recommended,0.5157212818212568,0.831710243924953
8,4,81878,0.2706,recommended,0.8320955336264833,0.7799367687443747
8,5,85153,0.3026,recommended,0.7955056840742971,0.8771144393418409
8,6,67907,0.3408,recommended,0.7806815006544406,0.8483372949022682
8,7,72223,0.3366,recommended,0.8248305072282598,0.821683243717259
9,0,45821,0.3034,recommended,0.5961586540582672,0.5085731428703295
9,1,54718,0.3367,recommended,0.8100063238084033,0.7463942030323307
9,2,4667,0.315,recommended,0.6330426342338633,0.5540581081392931
9,3,24315,0.3463,recommended,0.8027707104725208,0.8810929314840881
9,4,79884,0.3198,recommended,0.8245069635425091,0.6768052061938935
9,5,27821,0.2942,recommended,0.7658573172345838,0.7874829806383122
9,6,28591,0.2969,recommended,0.82453637660485,0.5969561304317723
9,7,55792,0.3078,recommended,0.8248305072282598,0.757967368979761
10,0,32740,0.3079,recommended,0.7879465270526639,0.693120716313202
10,1,38681,0.3277,recommended,0.7806815006544405,0.8483372949022682
10,2,57417,0.3572,recommended,0.7955056840742973,0.8933491796090737
10,3,87497,0.234,recommended,0.8100063238084033,0.8152447326517893
10,4,62637,0.3075,recommended,0.8172713502066266,0.6218240140308768
10,5,99299,0.3367,recommended,0.64786681765372,0.6437357210440077
10,6,87729,0.2878,recommended,0.7731223436328072,0.7910691620704772
10,7,76764,0.3191,recommended,0.8393311469623658,0.6274548265755887
11,0,47637,0.3367,recommended,0.8100063238084031,0.7766713590104537
11,1,86564,0.3206,recommended,0.7068620674441519,0.7316594743036482
11,2,50997,0.3063,recommended,0.9050178684353721,0.716590127616366
11,3,60104,0.315,recommended,0.853831786696472,0.5249809613920104
11,4,66557,0.3381,recommended,0.7951821403885465,0.7318440911083929
11,5,28039,0.35,recommended,0.6037178110799006,0.6866475895968427
11,6,82309,0.207,recommended,0.824506963542509,0.7205132347171898
11,7,31161,0.3082,recommended,0.8465961733605895,0.46169201301548446
12,0,29093,0.3644,recommended,0.7955056840742971,0.8933491796090737
12,1,63091,0.2277,recommended,0.7800638263452799,0.4418768605912351
12,2,825,0.3277,recommended,0.8686559701163287,0.4924422495557656
12,3,89719,0.3407,recommended,0.633366177919614,0.7297671520550155
12,4,6519,0.3272,recommended,0.8100063238084033,0.7766713590104537
12,5,33919,0.3021,recommended,0.8320955336264835,0.6199316917822442
12,6,40525,0.3382,recommended,0.6775372442901892,0.819952461172778
12,7,55050,0.311,recommended,0.8096827801226523,0.6478665220501693
13,0,17927,0.3407,recommended,0.6923614277100459,0.8483372949022682
13,1,79109,0.3665,recommended,0.5008970984014001,0.8033254101954628
13,2,37119,0.3042,recommended,0.8096827801226524,0.6314240878775987
13,3,37165,0.3455,recommended,0.8027707104725208,0.8644658805067729
13,4,47409,0.3172,recommended,0.8248305072282598,0.7745944199570762
13,5,15150,0.312,recommended,0.7068620674441519,0.7316594743036482
13,6,13841,0.3031,recommended,0.8317719899407325,0.4582419864768188
13,7,87768,0.3501,recommended,0.9415783049252173,0.5837583366025889
14,0,31330,0.2954,recommended,0.8100357368707443,0.7134493342256476
14,1,11919,0.3359,recommended,0.6185419944997573,0.7481019084762187
14,2,78071,0.336,recommended,0.7879465270526641,0.8360810467772826
14,3,58488,0.3356,recommended,0.7510110740179714,0.6887476057508132
14,4,33361,0.315,recommended,0.7068620674441519,0.7649135762582786
14,5,4137,0.3252,recommended,0.7216862508640086,0.7766713590104537
14,6,6629,0.339,recommended,0.7213627071782577,0.6314240878775987
14,7,15510,0.2996,recommended,0.8100063238084031,0.7135324117877827
15,0,94611,0.308,recommended,0.7068620674441521,0.7011977015207806
15,1,23438,0.3073,recommended,0.8172713502066268,0.6218240140308768
15,2,86345,0.3284,recommended,0.7658573172345838,0.7866983592181475
15,3,47741,0.3105,recommended,0.839007603276615,0.5836083354487339
15,4,62798,0.2921,recommended,0.8172713502066268,0.7479726767128975
15,5,81250,0.2899,recommended,0.7289512772622322,0.5747351902706941
15,6,99782,0.2655,recommended,0.7876229833669132,0.58275448272679
15,7,10810,0.295,recommended,0.8027707104725206,0.7381326010200076
16,0,88007,0.3341,recommended,0.7955056840742973,0.8933491796090737
16,1,27163,0.3243,recommended,0.8396546906481167,0.8500680774467493
16,2,10016,0.322,recommended,0.6330426342338633,0.5845198809221607
16,3,74466,0.2746,recommended,0.7951821403885465,0.7318671682089859
16,4,75778,0.2893,recommended,0.73620895039487,0.714478572912099
16,5,98217,0.2791,recommended,0.8393311469623658,0.7670597466134352
16,6,36428,0.3291,recommended,0.8248305072282598,0.7745944199570762
16,7,84629,0.3062,recommended,0.7951821403885465,0.6845706505434654
17,0,57929,0.3148,recommended,0.839007603276615,0.4964115108577756
17,1,32658,0.3234,recommended,0.7951821403885465,0.7482865252809634
17,2,78526,0.337,recommended,0.7071856111299026,0.8767221286317585
17,3,4905,0.3162,recommended,0.7806815006544405,0.831710243924953
17,4,81808,0.3252,recommended,0.8248305072282598,0.8383102946945743
17,5,91676,0.2982,recommended,0.7951821403885463,0.7481019084762187
17,6,93852,0.3221,recommended,0.7879465270526641,0.8194539957999674
17,7,37026,0.323,recommended,0.6920378840242952,0.6728128677912905
18,0,44849,0.3289,recommended,0.7955056840742971,0.8933491796090737
18,1,15899,0.3203,recommended,0.8541553303822227,0.6864860498926911
18,2,67704,0.3356,recommended,0.8100063238084031,0.7766713590104537
18,3,71894,0.335,recommended,0.8100063238084031,0.7602289248378831
18,4,60669,0.3086,recommended,0.721039163492507,0.43927260978930577
18,5,76233,0.3265,recommended,0.8248305072282598,0.8050561927399438
18,6,36857,0.3025,recommended,0.8465961733605892,0.46169201301548446
18,7,90472,0.3443,recommended,0.6040413547656514,0.8483372949022682
19,0,35226,0.3057,recommended,0.7506875303322206,0.465949738074908
19,1,22129,0.1848,recommended,0.7658573172345838,0.8940761082777557
19,2,84339,0.3109,recommended,0.8100063238084031,0.7932984099877689
19,3,86597,0.2116,recommended,0.7655337735488329,0.6643666489742226
19,4,83309,0.2935,recommended,0.728951277262232,0.5802621558627371
19,5,63783,0.2899,recommended,0.8241834198567582,0.4678420603235407
19,6,88163,0.3187,recommended,0.8100063238084031,0.7766713590104537
19,7,64228,0.3331,recommended,0.8096827801226523,0.6316087046823434
-1,0,71015,0.1841,init,0.7876229833669134,0.5895391503011559
-1,1,42142,0.1881,init,0.6031001367707399,0.5529042531096391
-1,2,74325,0.1772,init,0.7800932394076211,0.553481180624466
-1,3,75305,0.2027,init,0.8021236231010189,0.5238155678120598
-1,4,67260,0.2082,init,0.8093886494992424,0.3964645881891397
-1,5,46790,0.2073,init,0.8241834198567582,0.5366925899429993
-1,6,76997,0.1649,init,0.8021236231010189,0.6550861929707148
-1,7,37327,0.1634,init,0.7873288527435034,0.49946922668635885
0,0,70913,0.2479,recommended,0.8021236231010189,0.49914614727805573
0,1,42287,0.2101,recommended,0.684478727002662,0.524992499942307
0,2,74233,0.1647,recommended,0.7582981602129504,0.6829321764013566
0,3,75330,0.199,recommended,0.8238892892333484,0.4588304525419424
0,4,67110,0.2092,recommended,0.7948585967027956,0.5806198509219299
0,5,47084,0.1678,recommended,0.6989793667367675,0.39006069277455957
0,6,77193,0.2458,recommended,0.8024471667867696,0.5708582373710565
0,7,37431,0.211,recommended,0.839007603276615,0.5349848844991113
1,0,85223,0.2072,recommended,0.8021236231010189,0.6262548173447485
1,1,66807,0.234,recommended,0.6845081400650028,0.5494634574112106
1,2,76879,0.3028,recommended,0.7510331338147269,0.7420787852214243
1,3,19224,0.3125,recommended,0.7361868905981146,0.5660005076962127
1,4,94767,0.2251,recommended,0.8097416062473345,0.5731890245309577
1,5,17558,0.2081,recommended,0.8097416062473345,0.6057046592666094
1,6,57786,0.264,recommended,0.8465961733605892,0.38107216209355455
1,7,68540,0.2148,recommended,0.8096827801226523,0.653555027346364
2,0,46494,0.2083,recommended,0.8093592364369016,0.4671151316548587
2,1,93404,0.2052,recommended,0.8096827801226524,0.6068585142962636
2,2,30595,0.3394,recommended,0.6923614277100462,0.8649643458795834
2,3,7778,0.2119,recommended,0.7948880097651366,0.5714120877852904
2,4,1983,0.2021,recommended,0.7948585967027956,0.5944661112777788
2,5,8054,0.305,recommended,0.8096827801226524,0.6149816537050282
2,6,71930,0.2244,recommended,0.8096827801226523,0.6727205593889181
2,7,83910,0.2378,recommended,0.8097121931849935,0.5046038815683195
3,0,95313,0.2718,recommended,0.8169478065208756,0.6135277963676641
3,1,71608,0.2066,recommended,0.7727987999470564,0.6163316640897235
3,2,69034,0.2215,recommended,0.787622983366913,0.578254448111139
3,3,90754,0.2254,recommended,0.8024471667867699,0.5653312717790134
3,4,8955,0.3163,recommended,0.824506963542509,0.6459741998015366
3,5,29455,0.2305,recommended,0.8024471667867699,0.7258901991553778
3,6,85867,0.2713,recommended,0.7948585967027956,0.6159739690305307
3,7,15737,0.2298,recommended,0.8241834198567582,0.47316133201024596
4,0,94875,0.2789,recommended,0.8169478065208756,0.5260194309186991
4,1,40669,0.1842,recommended,0.8167933879435856,0.6053573489026836
4,2,24390,0.2695,recommended,0.7879465270526639,0.6994092262248167
4,3,99893,0.2183,recommended,0.8024471667867699,0.6152008861606625
4,4,41634,0.215,recommended,0.7948880097651366,0.5851429626381739
4,5,35116,0.3234,recommended,0.8245069635425091,0.7002861560473539
4,6,19322,0.1891,recommended,0.8169478065208758,0.482080631389472
4,7,69492,0.202,recommended,0.8387134726532051,0.43758451988092195
5,0,53224,0.2058,recommended,0.8021236231010189,0.651720397849214
5,1,24839,0.3043,recommended,0.7876229833669132,0.6743913414718571
5,2,50763,0.1951,recommended,0.8166830889598072,0.5285198347679595
5,3,6465,0.3029,recommended,0.7879465270526641,0.709932384095262
5,4,62616,0.2073,recommended,0.7872994396811624,0.5512750098077676
5,5,12340,0.3407,recommended,0.8393311469623658,0.6579165993584564
5,6,8365,0.2798,recommended,0.7803873700310306,0.6360372002861557
5,7,85974,0.3184,recommended,0.8024471667867701,0.5657120439387993
6,0,76634,0.2362,recommended,0.7948585967027956,0.6055777352133475
6,1,52591,0.2387,recommended,0.8242128329190993,0.5349618073985182
6,2,65917,0.2851,recommended,0.8024471667867699,0.5768121293240714
6,3,97562,0.193,recommended,0.7945644660793857,0.5658966607435439
6,4,45198,0.2877,recommended,0.8241834198567582,0.4373802875406731
6,5,84248,0.1986,recommended,0.8172713502066266,0.6435857198901527
6,6,11329,0.2915,recommended,0.8024471667867699,0.5930699466918974
6,7,60995,0.2649,recommended,0.8610968130946954,0.4360187386056813
7,0,60847,0.2266,recommended,0.7803579569686896,0.6753513488565294
7,1,75532,0.2955,recommended,0.8172713502066268,0.7645997276902127
7,2,89088,0.3059,recommended,0.8245069635425091,0.6295317656289661
7,3,69444,0.2526,recommended,0.7731223436328072,0.6486857591212237
7,4,12978,0.3091,recommended,0.7141270938423754,0.6724990192232245
7,5,86171,0.3038,recommended,0.6993029104225187,0.6439295686889897
7,6,36651,0.255,recommended,0.8242128329190993,0.41594973807490804
7,7,10729,0.2676,recommended,0.7876229833669132,0.5944314956268891
8,0,47087,0.2055,recommended,0.8021530361633599,0.517350518080908
8,1,67632,0.2488,recommended,0.82453637660485,0.5329887152978098
8,2,96550,0.2767,recommended,0.8245363766048502,0.6092700713082405
8,3,22916,0.2221,recommended,0.8096827801226524,0.6533704105416193
8,4,30485,0.2165,recommended,0.7948585967027956,0.6083585258348139
8,5,79171,0.2939,recommended,0.8172713502066268,0.5800775390579924
8,6,4453,0.2125,recommended,0.8393311469623658,0.7103246948053443
8,7,87394,0.2556,recommended,0.7651881700663263,0.3948838067985136
9,0,19857,0.2478,recommended,0.787622983366913,0.6613435487965289
9,1,76444,0.2239,recommended,0.6033942673941495,0.6228047908060829
9,2,1345,0.2877,recommended,0.7803579569686896,0.6233240255694271
9,3,24886,0.2212,recommended,0.7582981602129505,0.6388895299194606
9,4,34527,0.2071,recommended,0.7948585967027956,0.6089354533496408
9,5,3112,0.2535,recommended,0.8465961733605892,0.6163547411903166
9,6,70288,0.2475,recommended,0.8021530361633601,0.4929580227540209
9,7,38147,0.2262,recommended,0.706538523758401,0.5923084023723257
10,0,87699,0.3153,recommended,0.7951821403885465,0.7314748574989036
10,1,77247,0.142,recommended,0.8312940276776916,0.5521277086746819
10,2,46461,0.2321,recommended,0.787622983366913,0.7366441280317537
10,3,71242,0.2761,recommended,0.684478727002662,0.6293794567650518
10,4,74185,0.31,recommended,0.8096827801226523,0.584335264117416
10,5,5787,0.2755,recommended,0.839007603276615,0.5584658343525717
10,6,82724,0.3302,recommended,0.839331146962366,0.7050054231186391
10,7,8090,0.3294,recommended,0.7951821403885465,0.7011977015207806
11,0,2114,0.3262,recommended,0.839007603276615,0.49622689405303094
11,1,28845,0.3052,recommended,0.7803579569686898,0.7036669512842403
11,2,72830,0.1804,recommended,0.8095283615453623,0.7121708628527909
11,3,36923,0.1905,recommended,0.82453637660485,0.6058546604204645
11,4,84676,0.2818,recommended,0.7803873700310306,0.5152308863914336
11,5,28172,0.3383,recommended,0.8245069635425091,0.6836591050700387
11,6,37145,0.2555,recommended,0.82453637660485,0.6082858329679456
11,7,80271,0.2711,recommended,0.7800638263452799,0.4603281563704334
12,0,7144,0.2516,recommended,0.8097121931849933,0.5555235040269537
12,1,85023,0.2587,recommended,0.8024471667867699,0.5605773890568386
12,2,83804,0.2866,recommended,0.8245069635425093,0.6599935384118336
12,3,72148,0.2543,recommended,0.7138329632189655,0.48659220455541935
12,4,39313,0.259,recommended,0.7582981602129505,0.6040661851245006
12,5,5916,0.2695,recommended,0.8024471667867699,0.6428818683220636
12,6,189,0.222,recommended,0.6920378840242952,0.7252209632381784
12,7,70060,0.298,recommended,0.8021236231010189,0.35382964484342166
13,0,64106,0.2991,recommended,0.7876229833669132,0.6743913414718572
13,1,57480,0.2545,recommended,0.765563186611174,0.6790667620520155
13,2,89359,0.2834,recommended,0.853831786696472,0.5870352848868066
13,3,7305,0.2347,recommended,0.7803579569686896,0.6587242978792142
13,4,15179,0.2773,recommended,0.8024471667867699,0.5358271986707587
13,5,75174,0.2088,recommended,0.7580040295895407,0.6023792490711464
13,6,70271,0.1715,recommended,0.8312940276776916,0.5078000600004613
13,7,74818,0.22,recommended,0.8024471667867699,0.7648293448411139
14,0,20133,0.2719,recommended,0.7358633469123639,0.5441003392333784
14,1,95184,0.1906,recommended,0.8094180625615836,0.45583042946484176
14,2,82183,0.241,recommended,0.8535082430107209,0.4111416241663395
14,3,76212,0.3248,recommended,0.7803579569686898,0.6866475895968427
14,4,47942,0.3214,recommended,0.8096827801226524,0.551450395772275
14,5,81461,0.2825,recommended,0.7803579569686896,0.6872475942122629
14,6,17589,0.3663,recommended,0.6775372442901892,0.8033254101954628
14,7,14697,0.1538,recommended,0.7945938791417266,0.42966099739228736
15,0,63165,0.2143,recommended,0.8169478065208756,0.5676159047377285
15,1,25662,0.2331,recommended,0.8093886494992426,0.5677659058915835
15,2,96675,0.2224,recommended,0.8242128329190993,0.5568181293702256
15,3,81081,0.1744,recommended,0.7510331338147269,0.8132716405510808
15,4,60672,0.2373,recommended,0.8238892892333484,0.501223086331433
15,5,34163,0.269,recommended,0.765563186611174,0.607467749751921
15,6,74322,0.3428,recommended,0.8245069635425091,0.6599935384118336
15,7,63525,0.1629,recommended,0.8093886494992424,0.5753351948861143
16,0,97574,0.28,recommended,0.7655337735488329,0.5953315025500193
16,1,4958,0.2925,recommended,0.7951821403885465,0.6851475780582924
16,2,89744,0.2617,recommended,0.7800638263452797,0.4438857221978628
16,3,23366,0.2952,recommended,0.8024471667867699,0.5463503565412039
16,4,65686,0.2937,recommended,0.7879465270526639,0.6933053331179468
16,5,18331,0.2721,recommended,0.7803873700310306,0.6251217317056282
16,6,77344,0.2171,recommended,0.8317719899407325,0.572704405418503
16,7,16892,0.2671,recommended,0.787622983366913,0.644321879399072
17,0,38398,0.2182,recommended,0.8242128329190993,0.5756005815429347
17,1,82346,0.2613,recommended,0.7579525567304439,0.13847414210878545
17,2,47845,0.2632,recommended,0.8169478065208758,0.6289859921999398
17,3,32319,0.1886,recommended,0.8241834198567582,0.5366925899429993
17,4,70044,0.1868,recommended,0.7727987999470564,0.6486626820206306
17,5,94274,0.1881,recommended,0.8385296410135739,0.5383656797359977
17,6,67866,0.2782,recommended,0.8024471667867699,0.5354579650612694
17,7,24995,0.2336,recommended,0.787622983366913,0.5729351764244337
18,0,36599,0.2826,recommended,0.765563186611174,0.4535919507073129
18,1,11581,0.2207,recommended,0.8024471667867699,0.595793044561881
18,2,50692,0.2492,recommended,0.7655337735488329,0.8266102046938819
18,3,99898,0.2985,recommended,0.8021236231010189,0.47148824221724756
18,4,4070,0.2397,recommended,0.8021530361633601,0.5681466780513693
18,5,36417,0.2611,recommended,0.8169478065208758,0.3990261463549717
18,6,60592,0.3372,recommended,0.8100063238084031,0.7764867422057089
18,7,54780,0.2725,recommended,0.8172713502066268,0.6712667020515539
19,0,89739,0.2093,recommended,0.7948585967027956,0.6089354533496408
19,1,74794,0.2056,recommended,0.7800932394076211,0.5152078092908404
19,2,75105,0.2237,recommended,0.706567936820742,0.4280917545519579
19,3,95590,0.3379,recommended,0.82483050722826,0.8218678605220037
19,4,90379,0.3046,recommended,0.7731223436328074,0.6647358825837119
19,5,45378,0.2602,recommended,0.7803873700310306,0.6201716936284123
19,6,47353,0.2157,recommended,0.8531699927937996,0.6196316894745342
19,7,99755,0.1509,recommended,0.7872994396811623,0.6122354787344515
-1,0,41308,0.1753,init,0.8240290012794681,0.5776082892945327
-1,1,29497,0.1956,init,0.8169478065208758,0.487607596981515
-1,2,78099,0.2007,init,0.7872994396811623,0.7660351233471023
-1,3,12628,0.1916,init,0.8166536758974658,0.4388226063277407
-1,4,55915,0.16,init,0.7876229833669132,0.6615281656012736
-1,5,61555,0.2082,init,0.7948880097651368,0.5414903191563009
-1,6,44269,0.1459,init,0.8239187022956895,0.40429926384049086
-1,7,51190,0.2035,init,0.787622983366913,0.5535619504765419
0,0,21602,0.2696,global_best,0.7948880097651366,0.6328294833037175
0,1,74495,0.2642,global_best,0.7948880097651366,0.649271917476288
0,2,37332,0.2704,global_best,0.7948880097651366,0.6490873006715433
0,3,76044,0.2697,global_best,0.7948880097651366,0.649271917476288
0,4,65560,0.1566,local_best,0.7948880097651366,0.5416749359610455
0,5,7487,0.219,local_best,0.8021236231010189,0.45332656405049243
0,6,25455,0.1341,unexplored,0.8021236231010189,0.5240001846168044
0,7,61515,0.1554,unexplored,0.8021236231010189,0.5240001846168044
1,0,99116,0.1385,global_best,0.7945350530170446,0.49113839337225645
1,1,88243,0.1697,global_best,0.8018294924776094,0.40313963953568854
1,2,63981,0.1419,global_best,0.8090651058134917,0.35113885491426833
1,3,72192,0.1742,global_best,0.8093592364369013,0.4147070362079706
1,4,49478,0.2753,local_best,0.7948585967027956,0.6324164032031013
1,5,4463,0.2581,local_best,0.8245069635425091,0.6182355248886526
1,6,99502,0.2122,unexplored,0.8172713502066266,0.6435857198901527
1,7,74355,0.1941,unexplored,0.8172713502066266,0.6435857198901527
2,0,28237,0.2173,global_best,0.7876523964292541,0.6381856783513716
2,1,29152,0.1927,global_best,0.7876523964292541,0.6381856783513716
2,2,94321,0.218,global_best,0.7728282130093974,0.5538711836244892
2,3,38032,0.21,global_best,0.7876523964292541,0.6618997069208221
2,4,48367,0.2196,local_best,0.7948880097651366,0.649271917476288
2,5,13664,0.2249,local_best,0.802476579849111,0.6239609535457962
2,6,17166,0.2582,unexplored,0.802476579849111,0.6857129670228229
2,7,18849,0.2574,unexplored,0.802476579849111,0.6936861052777326
3,0,2596,0.1914,global_best,0.8097121931849933,0.4907576212124706
3,1,85046,0.197,global_best,0.8097121931849935,0.5214617035515655
3,2,77544,0.2662,global_best,0.765563186611174,0.5969445918814756
3,3,3105,0.256,global_best,0.7727987999470564,0.4460111231624856
3,4,49877,0.2629,local_best,0.7876229833669132,0.679722151708859
3,5,75770,0.2704,local_best,0.802476579849111,0.6936861052777326
3,6,99776,0.24,unexplored,0.7582981602129505,0.7818498603835411
3,7,588,0.2489,unexplored,0.7582981602129504,0.7818498603835411
4,0,22969,0.2349,global_best,0.7728282130093974,0.5789536842591094
4,1,80111,0.2399,global_best,0.7728282130093974,0.5625112500865389
4,2,27974,0.2467,global_best,0.765563186611174,0.5788059908153137
4,3,16328,0.2649,global_best,0.787622983366913,0.5778044446495739
4,4,4043,0.2729,local_best,0.7876229833669132,0.5997738444141876
4,5,58781,0.2455,local_best,0.8024471667867699,0.7940599543073406
4,6,11285,0.299,unexplored,0.7952115534508873,0.5493273025177113
4,7,44707,0.2921,unexplored,0.7952115534508873,0.5493273025177113
5,0,59522,0.294,global_best,0.7952115534508873,0.5438003369256684
5,1,63490,0.2904,global_best,0.7952115534508873,0.5327002515403961
5,2,39226,0.2867,global_best,0.7952115534508873,0.5273579027530979
5,3,53234,0.2983,global_best,0.7952115534508873,0.5439849537304131
5,4,94592,0.31,local_best,0.7952115534508873,0.5493273025177113
5,5,29029,0.3142,unexplored,0.7731223436328072,0.648478065215886
5,6,42669,0.2966,unexplored,0.7731223436328072,0.6813629335610271
6,0,92577,0.3124,global_best,0.8096827801226524,0.6478665220501693
6,1,32114,0.3602,global_best,0.7806815006544405,0.831710243924953
6,2,21918,0.3157,global_best,0.8096827801226524,0.6478665220501693
6,3,17775,0.3324,global_best,0.8096827801226524,0.6478665220501693
6,4,79097,0.3503,local_best,0.7806815006544405,0.8483372949022682
6,5,5631,0.2877,unexplored,0.7879465270526639,0.709932384095262
6,6,98482,0.321,unexplored,0.7879465270526639,0.709932384095262
7,0,22013,0.353,global_best,0.8251540509140107,0.9667458980453696
7,1,78086,0.3432,global_best,0.810329867494154,0.9383610643158792
7,2,38561,0.3625,global_best,0.8251540509140105,0.9667458980453696
7,3,40327,0.3661,global_best,0.8251540509140107,0.9667458980453696
7,4,67907,0.3408,local_best,0.7806815006544406,0.8483372949022682
7,5,46457,0.3377,local_best,0.7806815006544406,0.8483372949022682
7,6,76943,0.36,unexplored,0.810329867494154,0.9383610643158792
7,7,95146,0.3588,unexplored,0.810329867494154,0.9383610643158792
8,0,60067,0.3687,global_best,0.7220097945497594,0.9051069623612488
8,1,93434,0.3656,global_best,0.7220097945497594,0.9383610643158792
8,2,9902,0.3799,global_best,0.7220097945497594,0.9383610643158792
8,3,63492,0.3736,global_best,0.7220097945497594,0.921734013338564
8,4,85557,0.3692,local_best,0.8251540509140107,0.9667458980453696
8,5,34986,0.3542,local_best,0.7955056840742973,0.8933491796090737
8,6,9170,0.3104,unexplored,0.8541553303822227,0.6560242771098237
8,7,38834,0.3226,unexplored,0.8541553303822227,0.6864860498926911
9,0,19604,0.4802,global_best,0.8968557436357487,0.8100870006692356
9,1,10322,0.462,global_best,1.0,0.8550988853760411
9,2,87,0.3472,global_best,0.9270776651911113,0.7944291879168298
9,3,53653,0.3428,global_best,0.9270776651911113,0.7942445711120851
9,4,61815,0.3796,local_best,0.7220097945497594,0.9383610643158792
9,5,66913,0.3957,local_best,0.5157212818212568,0.8649643458795834
9,6,94018,0.3757,unexplored,0.6040413547656516,0.8815913968568987
9,7,83143,0.4107,unexplored,0.3094327690927541,0.7749405764659725
10,0,72726,0.2723,global_best,0.5075738635528039,0.40555696582281375
10,1,98708,0.2737,global_best,0.7138623762813067,0.5260078923684026
10,2,67233,0.2731,global_best,0.7138623762813067,0.5062885099116144
10,3,79104,0.2591,global_best,0.69903819286145,0.4976230586389123
10,4,75625,0.3526,local_best,0.3977528420371487,0.7749405764659725
10,5,34606,0.3882,local_best,0.4125770254570054,0.8033254101954628
10,6,16706,0.4465,unexplored,0.6031442563642514,0.792513788567604
10,7,678,0.4298,unexplored,0.7062885127285028,0.8208986222970942
11,0,52428,0.3485,global_best,0.8239334088268601,0.7494173032100244
11,1,26726,0.352,global_best,0.8239334088268601,0.7492326864052797
11,2,13534,0.418,global_best,0.8094327690927541,0.8659105070038998
11,3,4379,0.4117,global_best,0.8094327690927541,0.8659105070038998
11,4,56175,0.4306,local_best,0.7062885127285028,0.8375256732744095
11,5,89341,0.3997,local_best,0.6914643293086462,0.792513788567604
11,6,95472,0.3356,unexplored,0.6185419944997573,0.7482865252809634
11,7,79583,0.3547,unexplored,0.6185419944997573,0.7482865252809634
12,0,83460,0.3068,global_best,0.6766401458887893,0.747894214570881
12,1,34193,0.3192,global_best,0.5892171713457944,0.803717720905545
12,2,50921,0.3086,global_best,0.5892171713457947,0.803717720905545
12,3,28149,0.3016,global_best,0.5892171713457947,0.803717720905545
12,4,96280,0.3704,local_best,0.618865538185508,0.8767221286317585
12,5,55131,0.4179,local_best,0.20628851272850268,0.729928691759167
12,6,95673,0.386,unexplored,0.574392987925938,0.7583135254886573
12,7,92431,0.3808,unexplored,0.574392987925938,0.7416864745113421
13,0,43617,0.3222,global_best,0.17664014588878926,0.6402972330556386
13,1,70964,0.2243,global_best,0.6028207126785007,0.6527704059261992
13,2,67889,0.2308,global_best,0.5153977381355058,0.7085939122608632
13,3,69266,0.2291,global_best,0.5153977381355058,0.7085939122608632
13,4,99994,0.3838,local_best,0.5157212818212568,0.831710243924953
13,5,35101,0.3922,local_best,0.3977528420371487,0.7915676274432877
13,6,9572,0.5048,unexplored,0.0,0.6399049223455562
13,7,25265,0.2978,unexplored,0.35328029177757836,0.640689543765721
14,0,33037,0.3351,global_best,0.07349588952453782,0.5952853483488332
14,1,67674,0.4426,global_best,0.10314425636425137,0.6849168070523617
14,2,37697,0.3162,global_best,0.7135535391267263,0.6551358087369901
14,3,62387,0.3493,global_best,0.7207891524626088,0.7044054185032189
14,4,73211,0.3783,local_best,0.5008970984014001,0.8365795121500932
14,5,81194,0.3934,local_best,0.4125770254570054,0.8033254101954628
14,6,89222,0.2491,unexplored,0.39742929835139784,0.6326010200078459
14,7,51534,0.2414,unexplored,0.8532802917775781,0.8092677635981812
15,0,33536,0.3092,global_best,0.4564245481418297,0.6516627050977312
15,1,66575,0.4177,global_best,0.8094327690927541,0.8659105070038998
15,2,53541,0.417,global_best,0.8094327690927541,0.882537557981215
15,3,80085,0.3743,global_best,0.7946085856728974,0.8208986222970942
15,4,97298,0.3938,local_best,0.2946085856728973,0.7465557427364822
15,5,85953,0.378,local_best,0.5157212818212568,0.8483372949022682
15,6,35972,0.3247,unexplored,0.8320955336264835,0.6505780813698564
15,7,13806,0.3348,unexplored,0.8541553303822227,0.7337594904576187
16,0,50654,0.3901,global_best,0.9125770254570054,0.9109223917107052
16,1,85663,0.4015,global_best,0.9125770254570054,0.9109223917107052
16,2,3552,0.4128,global_best,0.9125770254570054,0.9109223917107052
16,3,39252,0.4051,global_best,0.9125770254570054,0.9109223917107052
16,4,77233,0.3994,local_best,0.7946085856728974,0.8375256732744095
16,5,54392,0.3901,local_best,0.5157212818212568,0.8483372949022682
16,6,4874,0.3441,unexplored,0.64786681765372,0.6132739482611402
16,7,55441,0.3029,unexplored,0.8393311469623658,0.6276394433803334
17,0,63388,0.3728,global_best,0.8977528420371487,0.8659105070038998
17,1,95755,0.3574,global_best,0.8977528420371487,0.882537557981215
17,2,65886,0.3906,global_best,0.8977528420371487,0.882537557981215
17,3,66035,0.3768,global_best,0.8977528420371487,0.8659105070038998
17,4,33287,0.4063,local_best,0.9125770254570054,0.8942953407333901
17,5,36462,0.3822,local_best,0.7946085856728974,0.8375256732744095
17,6,61274,0.3108,unexplored,0.6330426342338631,0.5542427249440377
17,7,13443,0.3173,unexplored,0.7655117137520773,0.46405741582627535
18,0,59997,0.4056,global_best,0.3829286586172919,0.729928691759167
18,1,1315,0.3506,global_best,0.38292865861729186,0.729928691759167
18,2,96659,0.3515,global_best,0.47124873156168645,0.7133016407818519
18,3,85427,0.3049,global_best,0.559568804506081,0.6966745898045367
18,4,54635,0.3872,local_best,0.5008970984014001,0.819952461172778
18,5,9909,0.3891,local_best,0.6188655381855083,0.8933491796090737
18,6,32376,0.3179,unexplored,0.338434048560966,0.4477765213578564
18,7,35473,0.3386,unexplored,0.44157830492521727,0.49278840606466184
19,0,54464,0.3314,global_best,0.6478888774504756,0.6800475388272215
19,1,54986,0.3072,global_best,0.6627130608703323,0.7250594235340269
19,2,90978,0.3001,global_best,0.6627130608703325,0.7416864745113421
19,3,14764,0.3028,global_best,0.6627130608703325,0.7416864745113421
19,4,62289,0.383,local_best,0.6188655381855083,0.8933491796090737
19,5,35136,0.3752,local_best,0.5008970984014001,0.819952461172778
19,6,45679,0.3069,unexplored,0.42675412150536046,0.4946807283132944
19,7,28093,0.3011,unexplored,0.42675412150536046,0.4640343387256823
-1,0,41308,0.1753,init,0.8240290012794681,0.5776082892945327
-1,1,29497,0.1956,init,0.8169478065208758,0.487607596981515
-1,2,78099,0.2007,init,0.7872994396811623,0.7660351233471023
-1,3,12628,0.1916,init,0.8166536758974658,0.4388226063277407
-1,4,55915,0.16,init,0.7876229833669132,0.6615281656012736
-1,5,61555,0.2082,init,0.7948880097651368,0.5414903191563009
-1,6,44269,0.1459,init,0.8239187022956895,0.40429926384049086
-1,7,51190,0.2035,init,0.787622983366913,0.5535619504765419
0,0,21602,0.2696,recommended,0.7948880097651366,0.6328294833037175
0,1,74495,0.2642,recommended,0.7948880097651366,0.649271917476288
0,2,37332,0.2704,recommended,0.7948880097651366,0.6490873006715433
0,3,41661,0.2709,recommended,0.7948880097651366,0.6490873006715433
0,4,76044,0.2697,recommended,0.7948880097651366,0.649271917476288
0,5,38443,0.2697,recommended,0.7948880097651366,0.6490873006715433
0,6,49998,0.2678,recommended,0.7948880097651366,0.6490873006715433
0,7,80111,0.2399,recommended,0.7728282130093974,0.5625112500865389
1,0,52086,0.2359,recommended,0.8097121931849933,0.6521865552811942
1,1,58845,0.2513,recommended,0.8097121931849933,0.6521865552811942
1,2,73760,0.218,recommended,0.8097121931849933,0.6489407610827772
1,3,22433,0.2274,recommended,0.8097121931849933,0.6046131124085566
1,4,76243,0.1422,recommended,0.7948585967027956,0.6662820483234484
1,5,3577,0.2606,recommended,0.882634527993882,0.731336394895345
1,6,18737,0.258,recommended,0.882634527993882,0.731336394895345
1,7,33738,0.2499,recommended,0.882634527993882,0.731336394895345
2,0,14551,0.2874,recommended,0.765563186611174,0.717173978261371
2,1,22521,0.2135,recommended,0.7655337735488331,0.6997669212840095
2,2,69728,0.1936,recommended,0.7948585967027956,0.6496549973461332
2,3,4981,0.2134,recommended,0.7727987999470564,0.6751978861375854
2,4,17036,0.2553,recommended,0.7731223436328074,0.8268617450903465
2,5,36634,0.2485,recommended,0.7876229833669132,0.679722151708859
2,6,32116,0.2547,recommended,0.7876229833669132,0.6630951007315439
2,7,7506,0.2567,recommended,0.787622983366913,0.6630951007315439
3,0,7892,0.2443,recommended,0.765563186611174,0.5788059908153137
3,1,11034,0.241,recommended,0.765563186611174,0.5788059908153137
3,2,57727,0.2508,recommended,0.7728282130093974,0.5787690674543647
3,3,98867,0.2645,recommended,0.7727987999470564,0.5826829437149513
3,4,66809,0.2661,recommended,0.7727987999470564,0.5826829437149513
3,5,9826,0.2633,recommended,0.7727987999470564,0.5826829437149513
3,6,87403,0.2902,recommended,0.765563186611174,0.7338010292386862
3,7,56114,0.3121,recommended,0.765563186611174,0.7338010292386862
4,0,60324,0.3299,recommended,0.765563186611174,0.7338010292386862
4,1,40740,0.317,recommended,0.765563186611174,0.7338010292386862
4,2,57820,0.3235,recommended,0.765563186611174,0.7338010292386862
4,3,72648,0.318,recommended,0.765563186611174,0.7338010292386862
4,4,37202,0.3291,recommended,0.765563186611174,0.7338010292386862
4,5,88872,0.318,recommended,0.765563186611174,0.717173978261371
4,6,18307,0.3143,recommended,0.765563186611174,0.7171739782613709
4,7,83338,0.296,recommended,0.765563186611174,0.7171739782613709
5,0,50417,0.2779,recommended,0.7658573172345838,0.7866983592181475
5,1,17247,0.322,recommended,0.7658573172345836,0.7700713082408323
5,2,57965,0.3404,recommended,0.7658573172345838,0.7866983592181475
5,3,24295,0.3129,recommended,0.7658573172345838,0.8033254101954628
5,4,10481,0.2395,recommended,0.7658573172345838,0.8391179932153321
5,5,29313,0.2257,recommended,0.7658573172345838,0.8391179932153321
5,6,86934,0.2465,recommended,0.7658573172345838,0.8224909422380169
5,7,45019,0.3221,recommended,0.8100063238084033,0.7932984099877689
6,0,87469,0.3204,recommended,0.7803873700310306,0.49344610343156453
6,1,20471,0.3188,recommended,0.7731223436328071,0.6318510142385708
6,2,38266,0.3102,recommended,0.7803579569686896,0.6864629727920981
6,3,85271,0.3322,recommended,0.7803579569686896,0.6700205386195276
6,4,24754,0.3196,recommended,0.7731223436328072,0.6482934484111413
6,5,62741,0.21,recommended,0.8317719899407325,0.5108346987284516
6,6,40259,0.2525,recommended,0.8317719899407325,0.5509426995592271
6,7,64293,0.3284,recommended,0.8317719899407325,0.5289963768952066
7,0,96294,0.3055,recommended,0.8024471667867701,0.5297233055638887
7,1,21826,0.2994,recommended,0.8024471667867701,0.5297233055638887
7,2,89852,0.2923,recommended,0.8024471667867701,0.5297233055638887
7,3,6451,0.2965,recommended,0.8024471667867701,0.5297233055638887
7,4,47191,0.2855,recommended,0.8024471667867699,0.5299079223686333
7,5,2379,0.2898,recommended,0.8024471667867701,0.5299079223686334
7,6,19924,0.3009,recommended,0.82453637660485,0.4143147254978882
7,7,83905,0.3034,recommended,0.8024471667867699,0.5297233055638887
8,0,9811,0.3077,recommended,0.7582981602129504,0.6197239978769065
8,1,64109,0.3021,recommended,0.7582981602129504,0.6197239978769065
8,2,1462,0.3065,recommended,0.7582981602129504,0.6197239978769065
8,3,21122,0.2952,recommended,0.7582981602129504,0.6197239978769065
8,4,78977,0.3108,recommended,0.7582981602129505,0.6032815637043358
8,5,13025,0.3139,recommended,0.7582981602129504,0.6032815637043358
8,6,1723,0.3077,recommended,0.7582981602129504,0.6032815637043358
8,7,24039,0.2953,recommended,0.7582981602129504,0.6197239978769065
9,0,27977,0.3146,recommended,0.8393311469623658,0.6887476057508132
9,1,54653,0.3195,recommended,0.839331146962366,0.7051900399233837
9,2,28421,0.3209,recommended,0.8393311469623658,0.6887476057508132
9,3,27150,0.3276,recommended,0.8393311469623658,0.7051900399233837
9,4,73934,0.3249,recommended,0.8393311469623658,0.6887476057508132
9,5,50797,0.3318,recommended,0.8393311469623658,0.7452980407541593
9,6,90072,0.3408,recommended,0.839331146962366,0.7452980407541593
9,7,93787,0.3287,recommended,0.8393311469623657,0.7048208063138943
10,0,62388,0.3374,recommended,0.8393311469623658,0.7451134239494147
10,1,90553,0.3352,recommended,0.839331146962366,0.7451134239494147
10,2,4273,0.3468,recommended,0.8393311469623658,0.7451134239494147
10,3,2303,0.3482,recommended,0.8393311469623658,0.7451134239494147
10,4,34408,0.3301,recommended,0.8393311469623658,0.7451134239494147
10,5,4968,0.3318,recommended,0.8393311469623658,0.7451134239494147
10,6,69656,0.3412,recommended,0.8393311469623658,0.7451134239494147
10,7,45607,0.3407,recommended,0.8393311469623658,0.7451134239494147
11,0,22241,0.3185,recommended,0.8175948938923777,0.7836983361410469
11,1,29868,0.3293,recommended,0.839331146962366,0.7452980407541593
11,2,75942,0.3342,recommended,0.839331146962366,0.7452980407541593
11,3,4075,0.3212,recommended,0.82483050722826,0.8383102946945743
11,4,63571,0.3234,recommended,0.82483050722826,0.8383102946945743
11,5,9784,0.3404,recommended,0.82483050722826,0.7914060877391361
11,6,52139,0.3257,recommended,0.82483050722826,0.8218678605220037
11,7,89189,0.3318,recommended,0.8393311469623658,0.7288556065815888
12,0,51563,0.3266,recommended,0.82483050722826,0.7745944199570762
12,1,94726,0.3243,recommended,0.8248305072282598,0.7745944199570762
12,2,32472,0.3038,recommended,0.8248305072282598,0.757967368979761
12,3,94401,0.3183,recommended,0.8248305072282598,0.757967368979761
12,4,29221,0.3318,recommended,0.8248305072282598,0.757967368979761
12,5,94185,0.3327,recommended,0.7216862508640088,0.7462095862275859
12,6,79785,0.3293,recommended,0.7216862508640086,0.7462095862275859
12,7,82496,0.3347,recommended,0.8393311469623658,0.74492880714467
13,0,3994,0.3358,recommended,0.8683324264305777,0.4179493688412985
13,1,13249,0.3115,recommended,0.8683324264305777,0.4179493688412985
13,2,72151,0.3291,recommended,0.8683324264305777,0.4179493688412985
13,3,24354,0.3241,recommended,0.8683324264305777,0.4179493688412985
13,4,7911,0.3306,recommended,0.7213627071782579,0.671716705513119
13,5,84875,0.2893,recommended,0.787622983366913,0.5316156278125214
13,6,89341,0.3997,recommended,0.6914643293086462,0.792513788567604
13,7,35836,0.3339,recommended,0.7361868905981146,0.7002861560473539
14,0,85024,0.3642,recommended,0.705964969042752,0.675835967968984
14,1,50101,0.3488,recommended,0.6176448960983574,0.628931761013546
14,2,16706,0.4465,recommended,0.6031442563642514,0.792513788567604
14,3,53110,0.3268,recommended,0.6104092827624751,0.6250548081139083
14,4,6333,0.3689,recommended,0.6040413547656516,0.8649643458795834
14,5,87879,0.3443,recommended,0.6040413547656514,0.8483372949022682
14,6,61388,0.3577,recommended,0.6040413547656514,0.8483372949022682
14,7,17513,0.3426,recommended,0.6040413547656514,0.8483372949022682
15,0,16069,0.3096,recommended,0.5592232010235745,0.3740336464126645
15,1,5080,0.3346,recommended,0.5447225612894685,0.5376156739667226
15,2,74766,0.3208,recommended,0.5447225612894687,0.5374310571619779
15,3,20054,0.3178,recommended,0.5447225612894687,0.5376156739667226
15,4,15277,0.3302,recommended,0.5447225612894687,0.5376156739667226
15,5,44762,0.3359,recommended,0.5447225612894687,0.5680774467495902
15,6,6649,0.3388,recommended,0.5447225612894687,0.5378002907714672
15,7,81158,0.3295,recommended,0.5447225612894687,0.5682620635543347
16,0,39252,0.4051,recommended,0.9125770254570054,0.9109223917107052
16,1,56175,0.4306,recommended,0.7062885127285028,0.8375256732744095
16,2,62204,0.3568,recommended,0.8977528420371487,0.8492834560265845
16,3,678,0.4298,recommended,0.7062885127285028,0.8208986222970942
16,4,80085,0.3743,recommended,0.7946085856728974,0.8208986222970942
16,5,64999,0.3955,recommended,0.8977528420371487,0.882537557981215
16,6,95755,0.3574,recommended,0.8977528420371487,0.882537557981215
16,7,66035,0.3768,recommended,0.8977528420371487,0.8659105070038998
17,0,62387,0.3493,recommended,0.7207891524626088,0.7044054185032189
17,1,37697,0.3162,recommended,0.7135535391267263,0.6551358087369901
17,2,10322,0.462,recommended,1.0,0.8550988853760411
17,3,19604,0.4802,recommended,0.8968557436357487,0.8100870006692356
17,4,82462,0.347,recommended,0.7207891524626088,0.6739436457203514
17,5,67233,0.2731,recommended,0.7138623762813067,0.5062885099116144
17,6,26726,0.352,recommended,0.8239334088268601,0.7492326864052797
17,7,52428,0.3485,recommended,0.8239334088268601,0.7494173032100244
18,0,13534,0.418,recommended,0.8094327690927541,0.8659105070038998
18,1,4379,0.4117,recommended,0.8094327690927541,0.8659105070038998
18,2,66575,0.4177,recommended,0.8094327690927541,0.8659105070038998
18,3,96874,0.3632,recommended,0.7220097945497594,0.921734013338564
18,4,34606,0.3882,recommended,0.4125770254570054,0.8033254101954628
18,5,53541,0.417,recommended,0.8094327690927541,0.882537557981215
18,6,22013,0.353,recommended,0.8251540509140107,0.9667458980453696
18,7,81194,0.3934,recommended,0.4125770254570054,0.8033254101954628
19,0,85663,0.4015,recommended,0.9125770254570054,0.9109223917107052
19,1,3552,0.4128,recommended,0.9125770254570054,0.9109223917107052
19,2,50654,0.3901,recommended,0.9125770254570054,0.9109223917107052
19,3,33287,0.4063,recommended,0.9125770254570054,0.8942953407333901
19,4,96816,0.3505,recommended,0.882928658617292,0.8208986222970942
19,5,88032,0.3515,recommended,0.882928658617292,0.8208986222970942
19,6,86132,0.415,recommended,0.8829286586172918,0.8208986222970942
19,7,71250,0.3596,recommended,0.8829286586172918,0.8375256732744094
-1,0,41308,0.1753,init,0.8240290012794681,0.5776082892945327
-1,1,29497,0.1956,init,0.8169478065208758,0.487607596981515
-1,2,78099,0.2007,init,0.7872994396811623,0.7660351233471023
-1,3,12628,0.1916,init,0.8166536758974658,0.4388226063277407
-1,4,55915,0.16,init,0.7876229833669132,0.6615281656012736
-1,5,61555,0.2082,init,0.7948880097651368,0.5414903191563009
-1,6,44269,0.1459,init,0.8239187022956895,0.40429926384049086
-1,7,51190,0.2035,init,0.787622983366913,0.5535619504765419
0,0,96908,0.1973,recommended,0.7948880097651366,0.5413057023515563
0,1,13763,0.2019,recommended,0.7948880097651366,0.5414903191563009
0,2,80111,0.2399,recommended,0.7728282130093974,0.5625112500865389
0,3,31141,0.2236,recommended,0.7948880097651366,0.5414903191563009
0,4,70142,0.1992,recommended,0.7948880097651366,0.5414903191563009
0,5,52814,0.1618,recommended,0.7948880097651366,0.5414903191563009
0,6,30502,0.2172,recommended,0.7948880097651366,0.5414903191563009
0,7,16123,0.2162,recommended,0.7948880097651366,0.5414903191563009
1,0,67993,0.3149,recommended,0.765563186611174,0.7338010292386862
1,1,6698,0.2983,recommended,0.765563186611174,0.7338010292386862
1,2,63271,0.268,recommended,0.765563186611174,0.5954330417926289
1,3,33355,0.3082,recommended,0.7655631866111742,0.7338010292386862
1,4,56114,0.3121,recommended,0.765563186611174,0.7338010292386862
1,5,93212,0.2923,recommended,0.750739003191317,0.6891814552419631
1,6,94141,0.2487,recommended,0.7655631866111742,0.5954330417926289
1,7,47112,0.2544,recommended,0.7728282130093974,0.5789536842591094
2,0,14956,0.2956,recommended,0.7731223436328072,0.6647358825837119
2,1,96446,0.3232,recommended,0.7731223436328072,0.6647358825837119
2,2,36934,0.3272,recommended,0.7731223436328072,0.6647358825837119
2,3,51649,0.2123,recommended,0.7731223436328072,0.7007130824083259
2,4,21516,0.2021,recommended,0.7731223436328072,0.6842706482357553
2,5,11608,0.1677,recommended,0.7731223436328072,0.7007130824083259
2,6,58329,0.3168,recommended,0.7731223436328074,0.6647358825837119
2,7,5985,0.3048,recommended,0.7731223436328072,0.6647358825837119
3,0,60433,0.3238,recommended,0.7731223436328072,0.6482934484111413
3,1,67761,0.3243,recommended,0.7731223436328072,0.6647358825837119
3,2,33330,0.3317,recommended,0.7803579569686896,0.6864629727920981
3,3,24048,0.3314,recommended,0.7803579569686896,0.6864629727920981
3,4,469,0.2453,recommended,0.7510331338147269,0.7608520065538963
3,5,1932,0.3295,recommended,0.7731223436328072,0.6649204993884565
3,6,5187,0.3418,recommended,0.7803579569686896,0.6864629727920981
3,7,25666,0.3281,recommended,0.7731223436328072,0.6481088316063968
4,0,44814,0.312,recommended,0.7803579569686896,0.6395587658366599
4,1,63702,0.3306,recommended,0.7803579569686896,0.6561858168139751
4,2,8370,0.3358,recommended,0.7803579569686898,0.6561858168139751
4,3,30608,0.2909,recommended,0.7803579569686898,0.6395587658366599
4,4,58611,0.2882,recommended,0.7803579569686898,0.6395587658366599
4,5,58085,0.2969,recommended,0.7803579569686896,0.6229317148593447
4,6,46349,0.3246,recommended,0.7803579569686896,0.6395587658366599
4,7,75593,0.2855,recommended,0.7803579569686896,0.6395587658366599
5,0,61977,0.3473,recommended,0.7658573172345838,0.8033254101954628
5,1,73192,0.2845,recommended,0.7655337735488329,0.6580781390626078
5,2,7241,0.364,recommended,0.7658573172345838,0.8033254101954628
5,3,86054,0.35,recommended,0.7658573172345838,0.8033254101954628
5,4,26813,0.3541,recommended,0.7658573172345838,0.7866983592181475
5,5,62850,0.3519,recommended,0.7658573172345838,0.819952461172778
5,6,80265,0.3463,recommended,0.7658573172345838,0.7866983592181475
5,7,18258,0.3501,recommended,0.7658573172345838,0.7866983592181475
6,0,89881,0.3396,recommended,0.7806815006544406,0.8649643458795834
6,1,70075,0.3318,recommended,0.7806815006544406,0.8649643458795834
6,2,92649,0.33,recommended,0.7806815006544406,0.8649643458795834
6,3,42543,0.3413,recommended,0.7806815006544406,0.8483372949022682
6,4,93026,0.3312,recommended,0.7806815006544405,0.8483372949022682
6,5,90173,0.3382,recommended,0.7806815006544405,0.8483372949022682
6,6,98246,0.3228,recommended,0.7806815006544406,0.8483372949022682
6,7,47671,0.3429,recommended,0.7806815006544406,0.8483372949022682
7,0,16744,0.3227,recommended,0.7658573172345838,0.7700713082408323
7,1,89155,0.3237,recommended,0.7658573172345838,0.7700713082408323
7,2,81129,0.2953,recommended,0.7658573172345836,0.7700713082408323
7,3,48760,0.3273,recommended,0.7658573172345838,0.7700713082408323
7,4,56527,0.3208,recommended,0.7658573172345836,0.7700713082408323
7,5,56747,0.3235,recommended,0.7658573172345838,0.7700713082408323
7,6,27621,0.3052,recommended,0.7658573172345838,0.7700713082408323
7,7,4207,0.3015,recommended,0.7658573172345838,0.7700713082408323
8,0,22125,0.322,recommended,0.7951821403885465,0.7813560104308491
8,1,20583,0.297,recommended,0.7951821403885465,0.7813560104308491
8,2,913,0.334,recommended,0.8248305072282598,0.7912214709343914
8,3,97821,0.3211,recommended,0.8248305072282598,0.821683243717259
8,4,6257,0.3346,recommended,0.8248305072282598,0.7912214709343914
8,5,61111,0.322,recommended,0.8248305072282598,0.8052408095446885
8,6,54458,0.3233,recommended,0.8248305072282598,0.821683243717259
8,7,64112,0.3217,recommended,0.82483050722826,0.8381256778898296
9,0,65282,0.3323,recommended,0.6775372442901895,0.819952461172778
9,1,18968,0.3136,recommended,0.6775372442901892,0.8033254101954628
9,2,23742,0.3075,recommended,0.6775372442901892,0.8033254101954628
9,3,96065,0.3346,recommended,0.6775372442901892,0.8033254101954628
9,4,63023,0.3225,recommended,0.6775372442901892,0.8033254101954628
9,5,14626,0.3737,recommended,0.677537244290189,0.8033254101954628
9,6,89204,0.2827,recommended,0.6775372442901892,0.7866983592181475
9,7,87588,0.3234,recommended,0.677537244290189,0.8033254101954628
10,0,85320,0.3728,recommended,0.6775372442901892,0.7866983592181475
10,1,40546,0.3864,recommended,0.6775372442901892,0.7866983592181475
10,2,49390,0.3612,recommended,0.6775372442901892,0.7866983592181475
10,3,17772,0.3656,recommended,0.6775372442901892,0.7866983592181475
10,4,49594,0.3814,recommended,0.6775372442901892,0.7866983592181475
10,5,83722,0.3664,recommended,0.6775372442901892,0.8033254101954628
10,6,33287,0.4063,recommended,0.9125770254570054,0.8942953407333901
10,7,85663,0.4015,recommended,0.9125770254570054,0.9109223917107052
11,0,50654,0.3901,recommended,0.9125770254570054,0.9109223917107052
11,1,39252,0.4051,recommended,0.9125770254570054,0.9109223917107052
11,2,3552,0.4128,recommended,0.9125770254570054,0.9109223917107052
11,3,53653,0.3428,recommended,0.9270776651911113,0.7942445711120851
11,4,23416,0.351,recommended,0.9270776651911113,0.7942445711120851
11,5,39969,0.3365,recommended,0.9270776651911113,0.7942445711120851
11,6,5408,0.3492,recommended,0.9270776651911113,0.7944291879168298
11,7,87,0.3472,recommended,0.9270776651911113,0.7944291879168298
12,0,30108,0.3654,recommended,0.8251540509140107,0.9501188470680542
12,1,16492,0.379,recommended,0.8251540509140107,0.9833729490226846
12,2,43900,0.3767,recommended,0.8251540509140107,0.9667458980453696
12,3,28307,0.3824,recommended,0.8251540509140107,1.0
12,4,29580,0.3771,recommended,0.8251540509140107,0.9833729490226846
12,5,94688,0.3827,recommended,0.8251540509140107,0.9833729490226846
12,6,11948,0.369,recommended,0.8251540509140107,0.9667458980453696
12,7,32089,0.3641,recommended,0.8251540509140107,0.9833729490226846
13,0,95579,0.3136,recommended,0.8831566098504344,0.3453026561742781
13,1,58477,0.2968,recommended,0.8831566098504344,0.3453026561742781
13,2,6414,0.3161,recommended,0.8831566098504344,0.3453026561742781
13,3,22860,0.2877,recommended,0.8831566098504344,0.3451180393695334
13,4,86359,0.2941,recommended,0.8831566098504344,0.3759490457618902
13,5,61939,0.2945,recommended,0.8686559701163287,0.5088846837283361
13,6,94856,0.3097,recommended,0.8686559701163287,0.4924422495557656
13,7,61411,0.3051,recommended,0.8686559701163287,0.5393464565112036
14,0,84904,0.3669,recommended,0.7071856111299029,0.909976230586389
14,1,3232,0.3778,recommended,0.7071856111299029,0.8933491796090737
14,2,65439,0.3696,recommended,0.7071856111299029,0.8933491796090737
14,3,9295,0.3637,recommended,0.7071856111299029,0.8933491796090737
14,4,96015,0.3558,recommended,0.7071856111299026,0.8933491796090737
14,5,40727,0.33,recommended,0.7071856111299026,0.8933491796090737
14,6,36369,0.3562,recommended,0.7071856111299029,0.8933491796090737
14,7,2301,0.3464,recommended,0.7071856111299029,0.909976230586389
15,0,65886,0.3906,recommended,0.8977528420371487,0.882537557981215
15,1,19604,0.4802,recommended,0.8968557436357487,0.8100870006692356
15,2,70653,0.4037,recommended,0.8977528420371487,0.882537557981215
15,3,95755,0.3574,recommended,0.8977528420371487,0.882537557981215
15,4,38561,0.3625,recommended,0.8251540509140105,0.9667458980453696
15,5,22471,0.3643,recommended,0.8251540509140105,0.9667458980453696
15,6,10322,0.462,recommended,1.0,0.8550988853760411
15,7,64999,0.3955,recommended,0.8977528420371487,0.882537557981215
16,0,16706,0.4465,recommended,0.6031442563642514,0.792513788567604
16,1,678,0.4298,recommended,0.7062885127285028,0.8208986222970942
16,2,56175,0.4306,recommended,0.7062885127285028,0.8375256732744095
16,3,89341,0.3997,recommended,0.6914643293086462,0.792513788567604
16,4,22618,0.2356,recommended,0.8315072723796639,0.41818013984722935
16,5,42893,0.2235,recommended,0.8166830889598072,0.4095146885745272
16,6,45984,0.2552,recommended,0.8315072723796639,0.40743774952114986
16,7,54581,0.2502,recommended,0.8166830889598072,0.3896106893129945
17,0,13534,0.418,recommended,0.8094327690927541,0.8659105070038998
17,1,4379,0.4117,recommended,0.8094327690927541,0.8659105070038998
17,2,66575,0.4177,recommended,0.8094327690927541,0.8659105070038998
17,3,80085,0.3743,recommended,0.7946085856728974,0.8208986222970942
17,4,70215,0.3188,recommended,0.7797844022530407,0.7929060992776864
17,5,82473,0.3022,recommended,0.7797844022530405,0.7929060992776864
17,6,79414,0.3034,recommended,0.7797844022530407,0.7929060992776864
17,7,36462,0.3822,recommended,0.7946085856728974,0.8375256732744095
18,0,24480,0.2648,recommended,0.48607291498154337,0.7941061085085267
18,1,44032,0.3164,recommended,0.7955056840742973,0.9103685412964714
18,2,55812,0.3119,recommended,0.7955056840742973,0.8937414903191561
18,3,23168,0.3157,recommended,0.7955056840742973,0.8937414903191561
18,4,29404,0.349,recommended,0.5964821977440181,0.7910691620704772
18,5,15859,0.268,recommended,0.48607291498154337,0.8107331594858419
18,6,54776,0.3517,recommended,0.5964821977440181,0.7910691620704772
18,7,79406,0.2642,recommended,0.48607291498154315,0.7941061085085267
19,0,34606,0.3882,recommended,0.4125770254570054,0.8033254101954628
19,1,81194,0.3934,recommended,0.4125770254570054,0.8033254101954628
19,2,79109,0.3665,recommended,0.5008970984014001,0.8033254101954628
19,3,62883,0.3663,recommended,0.5008970984014001,0.8033254101954628
19,4,94986,0.3739,recommended,0.5008970984014001,0.8033254101954628
19,5,902,0.357,recommended,0.5008970984014001,0.8033254101954628
19,6,44473,0.3649,recommended,0.5008970984014001,0.819952461172778
19,7,35136,0.3752,recommended,0.5008970984014001,0.819952461172778
-1,0,41308,0.1753,init,0.8240290012794681,0.5776082892945327
-1,1,29497,0.1956,init,0.8169478065208758,0.487607596981515
-1,2,78099,0.2007,init,0.7872994396811623,0.7660351233471023
-1,3,12628,0.1916,init,0.8166536758974658,0.4388226063277407
-1,4,55915,0.16,init,0.7876229833669132,0.6615281656012736
-1,5,61555,0.2082,init,0.7948880097651368,0.5414903191563009
-1,6,44269,0.1459,init,0.8239187022956895,0.40429926384049086
-1,7,51190,0.2035,init,0.787622983366913,0.5535619504765419
0,0,61619,0.2227,recommended,0.7951821403885465,0.7369787459903535
0,1,40999,0.2724,recommended,0.8024471667867699,0.7296136893360715
0,2,57094,0.2557,recommended,0.7800638263452797,0.6040754159647379
0,3,807,0.2239,recommended,0.6182184508140064,0.5921007084669879
0,4,1600,0.2322,recommended,0.7803579569686896,0.7089862229709456
0,5,64930,0.3015,recommended,0.7510331338147271,0.7420787852214243
0,6,82786,0.2789,recommended,0.8024471667867699,0.5768121293240714
0,7,47239,0.2172,recommended,0.7876229833669132,0.5944314956268891
1,0,12011,0.195,recommended,0.7727987999470564,0.5536427203286176
1,1,27328,0.317,recommended,0.7951821403885465,0.7152170401310777
1,2,34631,0.3078,recommended,0.7876229833669132,0.5480580619850919
1,3,99310,0.2748,recommended,0.7879465270526639,0.6933053331179468
1,4,64528,0.2962,recommended,0.8241834198567582,0.4842844944961113
1,5,15192,0.3061,recommended,0.7803873700310306,0.5154155031961781
1,6,81555,0.1913,recommended,0.7948880097651368,0.5064962038169522
1,7,84818,0.2828,recommended,0.7803579569686898,0.7032746405741579
2,0,62777,0.2231,recommended,0.7283041898907304,0.3856160432003321
2,1,67092,0.2646,recommended,0.7876229833669132,0.5938545681120622
2,2,63984,0.2889,recommended,0.7948880097651364,0.38763759721228613
2,3,95739,0.2626,recommended,0.7655631866111737,0.5910253155793503
2,4,10857,0.2817,recommended,0.6844787270026618,0.45595735351810374
2,5,82959,0.2542,recommended,0.750739003191317,0.5458288140678003
2,6,78653,0.2894,recommended,0.8465961733605895,0.4563496642281861
2,7,99883,0.2208,recommended,0.7948585967027956,0.6057623520180921
3,0,11549,0.3371,recommended,0.8396546906481167,0.8668797452288092
3,1,45066,0.315,recommended,0.8096827801226523,0.6550896545358038
3,2,6026,0.3149,recommended,0.8393311469623658,0.594385341425703
3,3,61813,0.3153,recommended,0.6182184508140064,0.5090462234324876
3,4,6550,0.2954,recommended,0.6844787270026618,0.4921307086977589
3,5,60903,0.3075,recommended,0.787622983366913,0.5480580619850919
3,6,93907,0.293,recommended,0.7876229833669132,0.5011538550296538
3,7,22558,0.2978,recommended,0.8245069635425091,0.5658158908914681
4,0,19603,0.2987,recommended,0.8831566098504346,0.32886022200170756
4,1,47237,0.3176,recommended,0.82483050722826,0.8383102946945743
4,2,42207,0.2837,recommended,0.7876229833669132,0.5175962892022244
4,3,73500,0.3595,recommended,0.810329867494154,0.9383610643158792
4,4,87191,0.2773,recommended,0.5888936276600437,0.5945468811298547
4,5,34064,0.3133,recommended,0.7361868905981146,0.5966468972838249
4,6,16629,0.3361,recommended,0.64786681765372,0.6437357210440077
4,7,24434,0.3697,recommended,0.810329867494154,0.9383610643158792
5,0,5841,0.3079,recommended,0.6993029104225185,0.5482426787898366
5,1,88018,0.373,recommended,0.618865538185508,0.8933491796090737
5,2,41925,0.3324,recommended,0.8538317866964718,0.5813467795906119
5,3,73565,0.3433,recommended,0.7806815006544405,0.831710243924953
5,4,8687,0.3155,recommended,0.5005735547156493,0.6582627558673526
5,5,23570,0.3341,recommended,0.8541553303822227,0.7031131008700063
5,6,65282,0.3323,recommended,0.6775372442901895,0.819952461172778
5,7,69798,0.3255,recommended,0.8320955336264835,0.6034892576096736
6,0,17493,0.3013,recommended,0.8027707104725208,0.7218747836521816
6,1,85024,0.3642,recommended,0.705964969042752,0.675835967968984
6,2,101,0.3256,recommended,0.8100063238084031,0.7462095862275859
6,3,36847,0.3204,recommended,0.7951821403885465,0.7482865252809634
6,4,64400,0.3149,recommended,0.7213627071782579,0.6147970369002835
6,5,3325,0.3312,recommended,0.8245069635425091,0.7001015392426092
6,6,12168,0.3066,recommended,0.8100063238084031,0.7764867422057089
6,7,55758,0.3255,recommended,0.8245069635425091,0.6766205893891488
7,0,17247,0.322,recommended,0.7658573172345836,0.7700713082408323
7,1,48936,0.3149,recommended,0.8248305072282597,0.7745944199570762
7,2,23550,0.3034,recommended,0.7506875303322206,0.4657651212701634
7,3,85457,0.2702,recommended,0.7510331338147271,0.7587058361987397
7,4,57251,0.2317,recommended,0.7658573172345838,0.8058638912607017
7,5,32891,0.321,recommended,0.7068620674441519,0.7481019084762187
7,6,52514,0.2876,recommended,0.4857787843581334,0.41429164839729515
7,7,68905,0.3402,recommended,0.6185419944997573,0.7318440911083929
8,0,24663,0.329,recommended,0.7658573172345838,0.8033254101954628
8,1,10461,0.2491,recommended,0.6627130608703323,0.7774790575312115
8,2,22471,0.3643,recommended,0.8251540509140105,0.9667458980453696
8,3,64395,0.3412,recommended,0.5008970984014001,0.7866983592181475
8,4,52639,0.3403,recommended,0.7068620674441519,0.7152170401310777
8,5,90438,0.3149,recommended,0.8245069635425091,0.5660005076962127
8,6,76693,0.3045,recommended,0.8096827801226524,0.6314240878775987
8,7,896,0.3452,recommended,0.8248305072282598,0.8214986269125144
9,0,55409,0.3026,recommended,0.7361868905981146,0.6295317656289661
9,1,22039,0.3267,recommended,0.8541553303822229,0.7031131008700063
9,2,13508,0.3012,recommended,0.7803579569686896,0.6864629727920981
9,3,94689,0.3235,recommended,0.7216862508640088,0.7628366372049012
9,4,36434,0.3223,recommended,0.7068620674441519,0.7178247524980959
9,5,11660,0.3297,recommended,0.8245069635425091,0.7002861560473539
9,6,69715,0.2462,recommended,0.6478888774504756,0.7328594835344884
9,7,36155,0.3313,recommended,0.8100063238084033,0.7768559758151983
10,0,56462,0.3053,recommended,0.8172713502066268,0.6271663628181752
10,1,19711,0.374,recommended,0.810329867494154,0.9383610643158792
10,2,71943,0.328,recommended,0.8686559701163287,0.5090693005330807
10,3,53870,0.3171,recommended,0.7216862508640086,0.7932984099877689
10,4,664,0.3034,recommended,0.7951821403885463,0.7314748574989036
10,5,72373,0.3226,recommended,0.8100063238084033,0.7768559758151983
10,6,36073,0.3296,recommended,0.7806815006544406,0.8483372949022682
10,7,6885,0.3317,recommended,0.7213627071782579,0.6316087046823434
11,0,81602,0.2985,recommended,0.8024471667867699,0.5934391803013866
11,1,33505,0.2539,recommended,0.7658573172345836,0.8391179932153321
11,2,34839,0.3197,recommended,0.839331146962366,0.6110123924030182
11,3,84715,0.3239,recommended,0.8538317866964718,0.5817160132001012
11,4,5440,0.3373,recommended,0.8245069635425091,0.6764359725844042
11,5,69316,0.3472,recommended,0.7803579569686898,0.6866475895968427
11,6,66349,0.2896,recommended,0.6848022706884127,0.6649204993884565
11,7,49199,0.3173,recommended,0.8686559701163287,0.5090693005330807
12,0,78101,0.3038,recommended,0.8245069635425091,0.6459741998015366
12,1,73183,0.3124,recommended,0.7951821403885465,0.7011977015207806
12,2,69688,0.3208,recommended,0.8541553303822227,0.7029284840652616
12,3,90657,0.3361,recommended,0.8100063238084031,0.7931137931830241
12,4,38257,0.2727,recommended,0.7727987999470564,0.519488611450857
12,5,62637,0.3075,recommended,0.8172713502066266,0.6218240140308768
12,6,55891,0.3296,recommended,0.7141270938423754,0.5823390949161145
12,7,81323,0.3111,recommended,0.7803579569686896,0.7030900237694133
13,0,67085,0.3406,recommended,0.82483050722826,0.7914060877391361
13,1,57168,0.3653,recommended,0.810329867494154,0.9383610643158792
13,2,41574,0.3701,recommended,0.6775372442901892,0.8033254101954628
13,3,18153,0.3136,recommended,0.8320955336264835,0.6503934645651118
13,4,98453,0.3174,recommended,0.8974292983513977,0.7206632358710449
13,5,39850,0.3141,recommended,0.8100063238084033,0.7931137931830241
13,6,27017,0.335,recommended,0.7806815006544405,0.831710243924953
13,7,65916,0.3442,recommended,0.839007603276615,0.5130385618350908
14,0,57142,0.3351,recommended,0.7951821403885465,0.7316594743036482
14,1,43519,0.2918,recommended,0.7879465270526639,0.709932384095262
14,2,17117,0.2731,recommended,0.8317719899407325,0.4582419864768188
14,3,72801,0.3187,recommended,0.839007603276615,0.5128539450303461
14,4,11919,0.3359,recommended,0.6185419944997573,0.7481019084762187
14,5,863,0.3106,recommended,0.8100063238084031,0.7932984099877689
14,6,23083,0.3235,recommended,0.839007603276615,0.5126693282256014
14,7,56618,0.3228,recommended,0.7951821403885465,0.6845706505434654
15,0,52542,0.3563,recommended,0.5892171713457947,0.8365795121500932
15,1,92985,0.2913,recommended,0.8100357368707443,0.5723697874599032
15,2,86053,0.314,recommended,0.7951821403885465,0.7481019084762187
15,3,87441,0.2943,recommended,0.7141270938423754,0.5516927053285022
15,4,91541,0.2873,recommended,0.7141270938423754,0.5768121293240714
15,5,11193,0.3045,recommended,0.706538523758401,0.5699697689982228
15,6,61906,0.2986,recommended,0.7806815006544405,0.8649643458795834
15,7,6571,0.3758,recommended,0.7955056840742973,0.8933491796090737
16,0,81198,0.2983,recommended,0.8317719899407325,0.5288117600904619
16,1,74673,0.3132,recommended,0.692037884024295,0.6866475895968427
16,2,40128,0.3049,recommended,0.8393311469623658,0.6745436503357716
16,3,79475,0.2893,recommended,0.8172713502066266,0.5967045900353077
16,4,42068,0.3236,recommended,0.7955056840742971,0.8933491796090737
16,5,14275,0.3029,recommended,0.7361868905981146,0.6295317656289661
16,6,76060,0.254,recommended,0.7948585967027956,0.5559504303879258
16,7,39974,0.327,recommended,0.8245069635425091,0.7002861560473539
17,0,76551,0.3294,recommended,0.82483050722826,0.8218678605220037
17,1,33804,0.3124,recommended,0.7731223436328074,0.6813629335610271
17,2,23309,0.3083,recommended,0.8245069635425091,0.6295317656289661
17,3,16798,0.3543,recommended,0.810329867494154,0.9383610643158792
17,4,90102,0.3357,recommended,0.7955056840742973,0.8767221286317585
17,5,97154,0.329,recommended,0.7068620674441519,0.6845706505434654
17,6,6778,0.3034,recommended,0.8317719899407328,0.411153162716636
17,7,91739,0.2319,recommended,0.7727987999470564,0.7122400941545701
18,0,83394,0.3132,recommended,0.692037884024295,0.7030900237694133
18,1,18937,0.337,recommended,0.8245069635425091,0.6459741998015366
18,2,25170,0.3084,recommended,0.8024471667867699,0.593254563496642
18,3,16431,0.3329,recommended,0.7951821403885465,0.7314748574989036
18,4,63376,0.3363,recommended,0.7510110740179714,0.6887476057508132
18,5,46498,0.3088,recommended,0.839331146962366,0.6743590335310268
18,6,96984,0.3216,recommended,0.8396546906481165,0.850252694251494
18,7,51093,0.3027,recommended,0.6037178110799004,0.7032746405741579
19,0,52486,0.3468,recommended,0.5153977381355058,0.7030900237694133
19,1,68476,0.3054,recommended,0.8100063238084033,0.7931137931830241
19,2,17769,0.3054,recommended,0.8245069635425093,0.5661851245009575
19,3,75593,0.2855,recommended,0.7803579569686896,0.6395587658366599
19,4,75425,0.2628,recommended,0.7141270938423752,0.5297233055638887
19,5,24756,0.304,recommended,0.8245069635425091,0.6601781552165783
19,6,89341,0.3997,recommended,0.6914643293086462,0.792513788567604
19,7,7056,0.3107,recommended,0.8100063238084031,0.7931137931830241
-1,0,41308,0.1753,init,0.8240290012794681,0.5776082892945327
-1,1,29497,0.1956,init,0.8169478065208758,0.487607596981515
-1,2,78099,0.2007,init,0.7872994396811623,0.7660351233471023
-1,3,12628,0.1916,init,0.8166536758974658,0.4388226063277407
-1,4,55915,0.16,init,0.7876229833669132,0.6615281656012736
-1,5,61555,0.2082,init,0.7948880097651368,0.5414903191563009
-1,6,44269,0.1459,init,0.8239187022956895,0.40429926384049086
-1,7,51190,0.2035,init,0.787622983366913,0.5535619504765419
0,0,41429,0.3105,recommended,0.8100063238084031,0.7598596912283937
0,1,29723,0.2796,recommended,0.8097121931849933,0.5228094062262014
0,2,78275,0.22,recommended,0.6772431136667794,0.6387856829667918
0,3,12693,0.2092,recommended,0.8093886494992424,0.5297809983153714
0,4,55904,0.2299,recommended,0.8024471667867696,0.7501003853875796
0,5,61627,0.1998,recommended,0.8021236231010189,0.4809844691113006
0,6,44463,0.2507,recommended,0.8097121931849933,0.5969584381418316
0,7,51396,0.2037,recommended,0.8096827801226523,0.5904160801236931
1,0,35226,0.3057,recommended,0.7506875303322206,0.465949738074908
1,1,43472,0.2034,recommended,0.8093592364369016,0.5084923730182538
1,2,8849,0.2961,recommended,0.7876229833669132,0.6439295686889897
1,3,22338,0.1314,recommended,0.816977219583217,0.3629220224770958
1,4,16580,0.3152,recommended,0.8096827801226523,0.5374310571619779
1,5,91221,0.2275,recommended,0.7655631866111737,0.45969584381418294
1,6,53827,0.2586,recommended,0.8245069635425091,0.6490665312810097
1,7,35525,0.3199,recommended,0.839007603276615,0.5200770775159806
2,0,82650,0.2982,recommended,0.7138035501566244,0.39000300002307686
2,1,71870,0.1996,recommended,0.7948880097651366,0.5303902337710288
2,2,43723,0.2202,recommended,0.7358633469123637,0.5603581566012044
2,3,37722,0.2007,recommended,0.8166830889598072,0.44372302863868157
2,4,22784,0.3175,recommended,0.824506963542509,0.6130893314563955
2,5,79751,0.3364,recommended,0.824506963542509,0.6293471488242214
2,6,45105,0.2984,recommended,0.7731223436328072,0.6482934484111413
2,7,33839,0.2101,recommended,0.8169478065208758,0.5343733413333945
3,0,17192,0.2525,recommended,0.765563186611174,0.5799252301940782
3,1,11666,0.2564,recommended,0.8024471667867699,0.6222394018415524
3,2,63589,0.191,recommended,0.7800638263452799,0.6015715505503886
3,3,74509,0.1989,recommended,0.8317719899407323,0.48534604112339297
3,4,41003,0.169,recommended,0.8093886494992426,0.5852779636766434
3,5,30481,0.2306,recommended,0.574069444240187,0.5671312856252737
3,6,71427,0.2417,recommended,0.8169772195832168,0.5677659058915835
3,7,55413,0.2264,recommended,0.8021236231010189,0.6069046684974496
4,0,85995,0.2094,recommended,0.8169478065208758,0.43517642443403387
4,1,25705,0.1747,recommended,0.8093886494992424,0.5885237578750603
4,2,82263,0.3299,recommended,0.7806815006544405,0.8649643458795834
4,3,19255,0.2006,recommended,0.8169478065208758,0.44051877322133226
4,4,32777,0.2681,recommended,0.8096827801226524,0.6155585812198553
4,5,16725,0.2219,recommended,0.7948880097651366,0.649271917476288
4,6,68421,0.3027,recommended,0.6996264541082694,0.709932384095262
4,7,91648,0.3215,recommended,0.7731223436328072,0.6647358825837119
5,0,12793,0.2667,recommended,0.7876523964292543,0.48520527080977516
5,1,67113,0.168,recommended,0.8093886494992426,0.49890383772182834
5,2,32862,0.2104,recommended,0.8311543156315718,0.4365956661205084
5,3,1642,0.2983,recommended,0.810035736870744,0.572554404264648
5,4,50225,0.2365,recommended,0.8169478065208758,0.5112731636397201
5,5,60429,0.2131,recommended,0.8024471667867699,0.6983246024969421
5,6,5190,0.251,recommended,0.7948880097651364,0.5456199663074329
5,7,72829,0.2226,recommended,0.7800638263452799,0.610202386172201
6,0,6421,0.3006,recommended,0.7951821403885465,0.7481019084762187
6,1,36876,0.2515,recommended,0.7951821403885465,0.7508250063462024
6,2,29797,0.1764,recommended,0.8169478065208758,0.5095539196455354
6,3,31610,0.2768,recommended,0.7876229833669132,0.5017307825444809
6,4,77958,0.2236,recommended,0.7951821403885465,0.789398379987538
6,5,80673,0.2402,recommended,0.8314484462549816,0.33348718067062033
6,6,57099,0.3252,recommended,0.8393311469623658,0.7451134239494147
6,7,15092,0.2933,recommended,0.8100063238084031,0.7466018969376684
7,0,9442,0.2624,recommended,0.8387134726532051,0.4026723282486786
7,1,26324,0.2169,recommended,0.839007603276615,0.48771144393418386
7,2,20012,0.2375,recommended,0.8169772195832168,0.4540384926037891
7,3,20331,0.2985,recommended,0.7803579569686898,0.6235086423741718
7,4,87655,0.2557,recommended,0.8314484462549818,0.47490365310502364
7,5,65159,0.2473,recommended,0.7951821403885465,0.7838944914960881
7,6,52497,0.2675,recommended,0.7948880097651366,0.4768628989453762
7,7,15025,0.1643,recommended,0.787622983366913,0.7252682712943943
8,0,74217,0.2041,recommended,0.7138035501566244,0.40660697389979905
8,1,15433,0.3186,recommended,0.6037178110799006,0.7030900237694133
8,2,96306,0.2155,recommended,0.8021530361633601,0.574285186809129
8,3,17417,0.2158,recommended,0.787622983366913,0.6617358595066113
8,4,18016,0.2067,recommended,0.7800638263452799,0.518447834214109
8,5,21279,0.3457,recommended,0.7955056840742973,0.8933491796090737
8,6,44840,0.2545,recommended,0.8538317866964718,0.6339394918422447
8,7,61171,0.2157,recommended,0.8172713502066266,0.6437703366948974
9,0,80230,0.1696,recommended,0.787622983366913,0.618731682551404
9,1,32706,0.3108,recommended,0.8096827801226524,0.584335264117416
9,2,66084,0.2086,recommended,0.6917143403385443,0.5639235686428354
9,3,69178,0.3069,recommended,0.8169478065208758,0.6027254055800426
9,4,88380,0.2773,recommended,0.7731223436328072,0.648478065215886
9,5,808,0.2477,recommended,0.8245069635425091,0.6488819144762649
9,6,20089,0.2056,recommended,0.8241834198567582,0.5062308171601317
9,7,16611,0.322,recommended,0.8100063238084031,0.7297671520550155
10,0,90975,0.2178,recommended,0.8317719899407323,0.4855306579281376
10,1,43856,0.3201,recommended,0.721039163492507,0.645639581842937
10,2,8743,0.2124,recommended,0.839007603276615,0.5181732167170514
10,3,2512,0.2693,recommended,0.8610968130946952,0.1836706436203356
10,4,10353,0.2828,recommended,0.8024471667867699,0.5766275125193268
10,5,69073,0.2453,recommended,0.7803579569686896,0.7058131216393969
10,6,98664,0.279,recommended,0.7358633469123637,0.5134539496457663
10,7,98054,0.2723,recommended,0.7727987999470564,0.5196732282556017
11,0,17769,0.3054,recommended,0.8245069635425093,0.5661851245009575
11,1,65095,0.1769,recommended,0.8021236231010191,0.5035307963907413
11,2,29512,0.2419,recommended,0.7138035501566247,0.5394156878129829
11,3,22686,0.2302,recommended,0.7803579569686898,0.6569704382341399
11,4,79103,0.2163,recommended,0.7948880097651366,0.4443495719197837
11,5,1601,0.2256,recommended,0.8096827801226524,0.6038700297694595
11,6,12245,0.2112,recommended,0.7800932394076211,0.5652251171162852
11,7,92940,0.3008,recommended,0.8024471667867699,0.5303002330787157
12,0,96988,0.3239,recommended,0.8100063238084031,0.7600443080331384
12,1,48880,0.2389,recommended,0.7283041898907304,0.28847529596381494
12,2,14665,0.2365,recommended,0.8093886494992424,0.3873802875406732
12,3,15971,0.1957,recommended,0.7800638263452799,0.629568688989915
12,4,92062,0.3099,recommended,0.7951821403885465,0.715032423326333
12,5,34999,0.2022,recommended,0.7948880097651366,0.5845198809221607
12,6,33021,0.2138,recommended,0.8166242628351249,0.5688955299656149
12,7,64251,0.2584,recommended,0.7655337735488329,0.595516119354764
13,0,77358,0.2377,recommended,0.8242422459814405,0.3514007800059999
13,1,78467,0.2406,recommended,0.7803579569686898,0.7388826067892826
13,2,29300,0.2896,recommended,0.7876229833669132,0.6908337756444277
13,3,68709,0.2843,recommended,0.8169478065208758,0.66927860983546
13,4,94337,0.2486,recommended,0.5961586540582672,0.5488426834052567
13,5,46982,0.2625,recommended,0.8024471667867699,0.6386818360141229
13,6,94918,0.2699,recommended,0.7948880097651366,0.6494565342810327
13,7,17725,0.2959,recommended,0.6917437534008853,0.6171232086400661
14,0,90718,0.2473,recommended,0.7210685765548479,0.5578889068377446
14,1,54679,0.2807,recommended,0.7806815006544405,0.8653566565896658
14,2,93485,0.2109,recommended,0.7800344132829389,0.580366002815406
14,3,55560,0.1558,recommended,0.7652690559877642,0.5389137608750835
14,4,7529,0.2265,recommended,0.7948880097651368,0.6685897583827566
14,5,98429,0.2142,recommended,0.839007603276615,0.5348002676943666
14,6,53795,0.2577,recommended,0.7138329632189655,0.5608658528142522
14,7,29833,0.1946,recommended,0.8238598761710073,0.4243994184570648
15,0,40820,0.1981,recommended,0.6993323234848595,0.6171566704359261
15,1,61187,0.1973,recommended,0.7873288527435032,0.6390164539727226
15,2,21100,0.1673,recommended,0.750739003191317,0.7204670805160036
15,3,11134,0.2709,recommended,0.8390076032766149,0.6055546581127544
15,4,77695,0.3328,recommended,0.7879465270526641,0.8194539957999674
15,5,95175,0.224,recommended,0.8169772195832168,0.3561027392518403
15,6,16265,0.2671,recommended,0.8169478065208756,0.38239909537765654
15,7,4074,0.3239,recommended,0.824506963542509,0.5990699928460986
16,0,7490,0.2303,recommended,0.7210685765548479,0.5212309325456347
16,1,81125,0.2137,recommended,0.6993029104225187,0.5759005838506448
16,2,16734,0.3053,recommended,0.7731223436328072,0.6647358825837119
16,3,31430,0.1867,recommended,0.7876523964292541,0.5951953476565202
16,4,12105,0.2405,recommended,0.7803579569686898,0.6753513488565294
16,5,60759,0.2436,recommended,0.8169478065208758,0.4569612073939028
16,6,22060,0.2593,recommended,0.8169772195832168,0.5502850021923242
16,7,21937,0.2282,recommended,0.6185419944997573,0.7536057969676687
17,0,91650,0.3112,recommended,0.8096827801226523,0.6314240878775987
17,1,76170,0.2779,recommended,0.6182184508140064,0.6322087092977635
17,2,54523,0.2259,recommended,0.7582981602129505,0.6449934230263307
17,3,91499,0.2379,recommended,0.8024471667867699,0.571042854175801
17,4,2192,0.2719,recommended,0.7727987999470564,0.5993099946922665
17,5,10801,0.2166,recommended,0.8169478065208756,0.45696120739390284
17,6,68759,0.3242,recommended,0.7951821403885463,0.6845706505434654
17,7,57365,0.18,recommended,0.7800932394076209,0.6007084669882073
18,0,96657,0.3019,recommended,0.8097121931849933,0.38574527496365335
18,1,19693,0.2157,recommended,0.7951821403885465,0.789398379987538
18,2,21654,0.2377,recommended,0.8024471667867701,0.6553088869914382
18,3,33116,0.2192,recommended,0.7138035501566244,0.5283156024277107
18,4,58818,0.2284,recommended,0.8169478065208758,0.4750998084600648
18,5,6634,0.2259,recommended,0.7949174228274778,0.5773198255371192
18,6,34638,0.172,recommended,0.7949174228274778,0.5067119747074975
18,7,53345,0.2698,recommended,0.8169478065208758,0.6289859921999398
19,0,66563,0.2242,recommended,0.8096827801226524,0.6256317356287353
19,1,82242,0.2465,recommended,0.8024471667867699,0.6016892437634133
19,2,55101,0.2595,recommended,0.7286277335764811,0.38258371218240117
19,3,95262,0.3256,recommended,0.8096827801226524,0.6314240878775987
19,4,51782,0.3318,recommended,0.7068620674441519,0.6845706505434654
19,5,96464,0.2142,recommended,0.8021236231010191,0.5491980707543902
19,6,36152,0.2535,recommended,0.787622983366913,0.4851037315671656
19,7,85324,0.2535,recommended,0.8096827801226523,0.6963861260471231
-1,0,1662,3.257714985,init,1.0,0.0
-1,1,1774,2.458138496,init,1.0,0.0
-1,2,404,0.299153601,init,0.0,0.0
-1,3,2954,3.848767902,init,1.0,0.0
-1,4,2880,0.96264489,init,0.0,1.0
-1,5,2107,2.069098233,init,1.0,0.0
-1,6,425,0.0,init,0.0,0.0
-1,7,381,4.416019864,init,0.0,1.0
0,0,1130,70.58038327,global_best,0.0,1.0
0,1,1785,75.8997955,global_best,0.0,1.0
0,2,2073,1.834161249,global_best,0.0,1.0
0,3,84,74.62339174,global_best,0.0,1.0
0,4,1180,66.6354412,local_best,1.0,0.0
0,5,2405,9.606838288,local_best,1.0,0.0
0,6,1096,5.761815995,unexplored,1.0,0.0
0,7,2364,0.858974836,unexplored,1.0,0.0
1,0,2582,80.60055876,global_best,0.0,1.0
1,1,3855,13.7385945,global_best,0.0,1.0
1,2,1418,62.18465229,global_best,0.0,1.0
1,3,3139,54.65489395,global_best,0.0,1.0
1,4,409,93.02887198,local_best,0.0,1.0
1,5,790,83.73721982,local_best,0.0,1.0
1,6,1254,64.66756982,unexplored,0.0,0.0
1,7,495,68.57486471,unexplored,0.0,0.0
2,0,1335,84.40416295,global_best,0.0,1.0
2,1,1940,92.25602815,global_best,0.0,1.0
2,2,2820,98.28722602,global_best,0.0,1.0
2,3,2324,80.67857489,global_best,0.0,1.0
2,4,3330,84.40270662,local_best,0.0,0.0
2,5,3483,25.93974836,local_best,0.0,0.0
2,6,3517,88.40427326,unexplored,1.0,0.0
2,7,2154,91.48509414,unexplored,0.0,1.0
3,0,2316,33.8132368,global_best,0.0,1.0
3,1,1526,33.39106531,global_best,1.0,0.0
3,2,972,45.53588257,global_best,0.0,1.0
3,3,275,93.42111456,global_best,0.0,1.0
3,4,1549,92.95670274,local_best,1.0,0.0
3,5,813,92.13068227,local_best,0.0,0.0
3,6,715,94.69105416,unexplored,0.0,1.0
3,7,2697,60.06619639,unexplored,0.0,1.0
4,0,3865,88.35188783,global_best,1.0,0.0
4,1,815,92.39124083,global_best,0.0,0.0
4,2,3401,17.378304,global_best,0.0,0.0
4,3,3647,88.16754027,global_best,0.0,1.0
4,4,3045,81.63071985,local_best,0.0,1.0
4,5,1134,81.27546311,local_best,0.0,1.0
4,6,2996,79.34654649,unexplored,0.0,1.0
4,7,1507,83.31333267,unexplored,0.0,1.0
5,0,3215,84.5566149,global_best,0.0,0.0
5,1,492,86.003404,global_best,0.0,1.0
5,2,2867,80.28994263,global_best,1.0,0.0
5,3,2530,72.94185386,global_best,0.0,0.0
5,4,2215,94.50096737,local_best,0.0,0.0
5,5,2425,89.21674959,local_best,1.0,0.0
5,6,3444,94.54981251,unexplored,0.0,0.0
5,7,2742,93.10117477,unexplored,1.0,0.0
6,0,710,91.69839995,global_best,0.0,0.0
6,1,1792,86.76211847,global_best,0.0,1.0
6,2,1616,92.20931063,global_best,1.0,0.0
6,3,2418,76.73986616,global_best,0.0,0.0
6,4,1242,82.20776042,local_best,0.0,0.0
6,5,3258,69.79590237,local_best,0.0,0.0
6,6,891,63.99072189,unexplored,0.0,0.0
6,7,3785,85.22067267,unexplored,0.0,0.0
7,0,1654,28.58964812,global_best,0.0,1.0
7,1,1664,69.0890435,global_best,0.0,1.0
7,2,1973,77.66689194,global_best,0.0,1.0
7,3,371,78.29631742,global_best,0.0,1.0
7,4,2984,92.65898323,local_best,0.0,0.0
7,5,2459,87.55418753,local_best,1.0,0.0
7,6,964,74.51133845,unexplored,0.0,0.0
7,7,3229,83.40919805,unexplored,1.0,0.0
8,0,1525,2.733728741,global_best,0.0,0.0
8,1,1895,4.592618792,global_best,1.0,0.0
8,2,3766,77.85078652,global_best,0.0,1.0
8,3,2351,76.45126838,global_best,0.0,0.0
8,4,1778,93.58777419,local_best,1.0,0.0
8,5,47,92.12702212,local_best,0.0,0.0
8,6,2506,81.99763098,unexplored,1.0,0.0
8,7,2220,86.79260178,unexplored,0.0,0.0
9,0,1207,11.72782605,global_best,0.0,1.0
9,1,1761,0.0,global_best,1.0,0.0
9,2,3044,9.676524882,global_best,0.0,0.0
9,3,465,70.14574928,global_best,1.0,0.0
9,4,2696,80.7977409,local_best,1.0,0.0
9,5,1239,87.237545,local_best,1.0,0.0
9,6,3751,74.59231799,unexplored,0.0,0.0
9,7,279,85.60572483,unexplored,1.0,0.0
10,0,2645,64.64035682,global_best,1.0,0.0
10,1,1763,61.92858478,global_best,0.0,1.0
10,2,1156,55.78951841,global_best,0.0,0.0
10,3,1475,65.67896113,global_best,0.0,0.0
10,4,3188,86.19820374,local_best,0.0,0.0
10,5,1486,81.55614964,local_best,1.0,0.0
10,6,1581,83.59935968,unexplored,1.0,0.0
10,7,564,67.35182955,unexplored,0.0,0.0
11,0,3675,16.67869351,global_best,0.0,1.0
11,1,1223,76.79526891,global_best,0.0,1.0
11,2,2659,65.73471929,global_best,0.0,1.0
11,3,836,23.67114189,global_best,0.0,1.0
11,4,1838,79.64252926,local_best,0.0,1.0
11,5,366,78.2529931,local_best,0.0,1.0
11,6,3798,83.01646677,unexplored,1.0,0.0
11,7,1100,83.95560608,unexplored,0.0,0.0
12,0,143,49.89638876,global_best,0.0,1.0
12,1,2033,40.57039192,global_best,1.0,0.0
12,2,956,78.36249844,global_best,0.0,1.0
12,3,754,75.28558302,global_best,0.0,1.0
12,4,2783,83.04189522,local_best,1.0,0.0
12,5,2168,79.16863895,local_best,0.0,1.0
12,6,1700,75.20935081,unexplored,0.0,1.0
12,7,303,82.13737482,unexplored,0.0,1.0
13,0,2467,1.171055965,global_best,0.0,1.0
13,1,2881,39.10680932,global_best,0.0,1.0
13,2,2639,44.33084711,global_best,0.0,0.0
13,3,1412,55.96628365,global_best,1.0,0.0
13,4,2489,86.971127,local_best,0.0,1.0
13,5,3226,62.40731324,local_best,0.0,1.0
13,6,1824,65.9488999,unexplored,0.0,1.0
13,7,884,67.31022474,unexplored,0.0,1.0
14,0,3901,51.1783537,global_best,0.0,0.0
14,1,2613,24.41818234,global_best,0.0,0.0
14,2,2331,0.597977578,global_best,1.0,0.0
14,3,246,83.33821324,global_best,1.0,0.0
14,4,3946,0.0,local_best,0.0,1.0
14,5,497,90.73131654,local_best,0.0,0.0
14,6,3162,83.83843021,unexplored,1.0,0.0
14,7,827,72.63064909,unexplored,0.0,1.0
15,0,3655,35.55504656,global_best,0.0,1.0
15,1,663,86.68959994,global_best,0.0,1.0
15,2,2870,81.56943098,global_best,0.0,1.0
15,3,828,98.73132029,global_best,0.0,1.0
15,4,824,82.40046293,local_best,0.0,1.0
15,5,1444,71.15077458,local_best,1.0,0.0
15,6,962,68.67316565,unexplored,0.0,1.0
15,7,2637,68.10761052,unexplored,0.0,1.0
16,0,2712,86.08980917,global_best,0.0,0.0
16,1,570,86.53541708,global_best,0.0,0.0
16,2,2798,92.57247896,global_best,0.0,1.0
16,3,406,95.12897845,global_best,0.0,0.0
16,4,3669,83.65433196,local_best,1.0,0.0
16,5,2293,86.41541039,local_best,0.0,0.0
16,6,1136,50.13634297,unexplored,0.0,1.0
16,7,670,77.57371189,unexplored,0.0,1.0
17,0,1302,28.68684159,global_best,0.0,0.0
17,1,119,7.782359234,global_best,0.0,1.0
17,2,2771,1.068125406,global_best,0.0,0.0
17,3,1942,45.04099086,global_best,0.0,1.0
17,4,2452,94.87994774,local_best,0.0,1.0
17,5,2985,89.48065113,local_best,0.0,1.0
17,6,2508,92.72370704,unexplored,0.0,1.0
17,7,3066,94.14846732,unexplored,0.0,0.0
18,0,1154,3.135484875,global_best,0.0,0.0
18,1,2171,0.646778821,global_best,0.0,1.0
18,2,1908,6.591475121,global_best,0.0,1.0
18,3,1439,0.544984175,global_best,0.0,0.0
18,4,993,95.38648822,local_best,0.0,1.0
18,5,2313,50.10376029,local_best,0.0,0.0
18,6,2229,53.85457225,unexplored,0.0,0.0
18,7,1198,54.23706273,unexplored,0.0,0.0
19,0,3629,83.93526521,global_best,0.0,0.0
19,1,1964,85.68357471,global_best,0.0,1.0
19,2,2043,77.75555198,global_best,0.0,0.0
19,3,1879,72.1822742,global_best,0.0,0.0
19,4,2463,94.34623373,local_best,0.0,1.0
19,5,42,97.56849953,local_best,0.0,1.0
19,6,3240,82.02772208,unexplored,0.0,1.0
19,7,3239,92.91423383,unexplored,0.0,1.0
-1,0,1662,3.257714985,init,1.0,0.0
-1,1,1774,2.458138496,init,1.0,0.0
-1,2,404,0.299153601,init,0.0,0.0
-1,3,2954,3.848767902,init,1.0,0.0
-1,4,2880,0.96264489,init,0.0,1.0
-1,5,2107,2.069098233,init,1.0,0.0
-1,6,425,0.0,init,0.0,0.0
-1,7,381,4.416019864,init,0.0,1.0
0,0,1130,70.58038327,recommended,0.0,1.0
0,1,744,20.6070389,recommended,0.0,1.0
0,2,1654,28.58964812,recommended,0.0,1.0
0,3,2073,1.834161249,recommended,0.0,1.0
0,4,3021,23.46293461,recommended,0.0,1.0
0,5,3059,23.04134387,recommended,0.0,1.0
0,6,1973,77.66689194,recommended,0.0,1.0
0,7,1785,75.8997955,recommended,0.0,1.0
1,0,3751,74.59231799,recommended,0.0,0.0
1,1,3741,62.55956501,recommended,0.0,0.0
1,2,1475,65.67896113,recommended,0.0,0.0
1,3,2568,43.30658798,recommended,0.0,0.0
1,4,2927,41.00150742,recommended,0.0,0.0
1,5,2651,75.11548375,recommended,0.0,0.0
1,6,2696,80.7977409,recommended,1.0,0.0
1,7,2314,60.5253289,recommended,1.0,0.0
2,0,553,21.70039266,recommended,1.0,0.0
2,1,3033,76.95155975,recommended,1.0,0.0
2,2,1615,28.57251929,recommended,1.0,0.0
2,3,3951,47.15627467,recommended,1.0,0.0
2,4,2340,80.79670421,recommended,1.0,0.0
2,5,2255,74.97052076,recommended,1.0,0.0
2,6,1522,1.226874544,recommended,1.0,0.0
2,7,1706,41.63261266,recommended,1.0,0.0
3,0,2716,75.98553455,recommended,0.0,1.0
3,1,3142,70.27327326,recommended,0.0,1.0
3,2,3162,83.83843021,recommended,1.0,0.0
3,3,3359,63.13467167,recommended,0.0,1.0
3,4,2672,65.74098646,recommended,1.0,0.0
3,5,651,43.53836522,recommended,0.0,0.0
3,6,674,13.63572226,recommended,0.0,0.0
3,7,738,48.96975625,recommended,1.0,0.0
4,0,391,0.745430861,recommended,0.0,1.0
4,1,556,0.381599662,recommended,0.0,1.0
4,2,1899,42.67624543,recommended,0.0,1.0
4,3,3727,39.35316158,recommended,0.0,1.0
4,4,3296,11.91198349,recommended,0.0,1.0
4,5,2200,82.32171897,recommended,0.0,1.0
4,6,1883,71.48272249,recommended,0.0,1.0
4,7,879,82.3438198,recommended,0.0,1.0
5,0,995,99.99999,recommended,0.0,1.0
5,1,1268,99.99999,recommended,1.0,0.0
5,2,1695,50.80872036,recommended,1.0,0.0
5,3,2713,88.44637346,recommended,0.0,1.0
5,4,2296,71.49385038,recommended,1.0,0.0
5,5,3928,98.84920594,recommended,1.0,0.0
5,6,2905,88.72522624,recommended,1.0,0.0
5,7,2126,91.13914928,recommended,1.0,0.0
6,0,2065,41.96438983,recommended,0.0,0.0
6,1,3753,81.63511603,recommended,1.0,0.0
6,2,3637,50.42857568,recommended,0.0,0.0
6,3,3604,19.42152909,recommended,0.0,0.0
6,4,3877,35.80276164,recommended,1.0,0.0
6,5,1461,27.24737039,recommended,0.0,0.0
6,6,1845,2.633148758,recommended,1.0,0.0
6,7,966,12.05269157,recommended,1.0,0.0
7,0,1915,92.35381549,recommended,1.0,0.0
7,1,993,95.38648822,recommended,0.0,1.0
7,2,3291,44.9389876,recommended,1.0,0.0
7,3,3066,94.14846732,recommended,0.0,0.0
7,4,2859,34.44632451,recommended,0.0,0.0
7,5,1812,81.51017538,recommended,0.0,0.0
7,6,983,51.15306518,recommended,0.0,1.0
7,7,1934,89.55924552,recommended,1.0,0.0
8,0,2522,90.37135809,recommended,1.0,0.0
8,1,1449,91.20970452,recommended,1.0,0.0
8,2,2051,60.412252,recommended,1.0,0.0
8,3,3238,69.52780108,recommended,1.0,0.0
8,4,2856,85.26909551,recommended,1.0,0.0
8,5,2904,63.37225968,recommended,1.0,0.0
8,6,1246,47.63381676,recommended,1.0,0.0
8,7,1244,36.05690183,recommended,1.0,0.0
9,0,3167,86.19439925,recommended,0.0,1.0
9,1,3865,88.35188783,recommended,1.0,0.0
9,2,275,93.42111456,recommended,0.0,1.0
9,3,1565,80.58863006,recommended,0.0,1.0
9,4,2735,83.09647392,recommended,0.0,1.0
9,5,3218,80.53864746,recommended,0.0,1.0
9,6,1320,91.26694463,recommended,0.0,1.0
9,7,3813,81.53694628,recommended,0.0,1.0
10,0,1908,6.591475121,recommended,0.0,1.0
10,1,1154,3.135484875,recommended,0.0,0.0
10,2,746,9.034825048,recommended,1.0,0.0
10,3,2914,49.30997149,recommended,0.0,1.0
10,4,3763,40.48243437,recommended,1.0,0.0
10,5,1375,63.26443611,recommended,0.0,1.0
10,6,2272,45.50089871,recommended,1.0,0.0
10,7,3317,51.57354724,recommended,0.0,1.0
11,0,605,52.01896484,recommended,0.0,1.0
11,1,1796,50.27132659,recommended,0.0,1.0
11,2,3000,70.86807008,recommended,0.0,1.0
11,3,173,82.63071562,recommended,0.0,0.0
11,4,3549,92.89765441,recommended,0.0,0.0
11,5,3133,50.57898439,recommended,0.0,1.0
11,6,1198,54.23706273,recommended,0.0,0.0
11,7,3322,77.95754061,recommended,1.0,0.0
12,0,3647,88.16754027,recommended,0.0,1.0
12,1,2583,91.93340238,recommended,0.0,1.0
12,2,254,65.59087383,recommended,1.0,0.0
12,3,849,84.44355873,recommended,1.0,0.0
12,4,1215,89.5987779,recommended,1.0,0.0
12,5,734,84.53852223,recommended,0.0,1.0
12,6,1053,69.8410056,recommended,0.0,0.0
12,7,815,92.39124083,recommended,0.0,0.0
13,0,1840,47.30915738,recommended,0.0,0.0
13,1,972,45.53588257,recommended,0.0,1.0
13,2,981,14.03184959,recommended,0.0,1.0
13,3,2959,26.6793303,recommended,1.0,0.0
13,4,2324,80.67857489,recommended,0.0,1.0
13,5,3444,94.54981251,recommended,0.0,0.0
13,6,3880,36.35900481,recommended,0.0,0.0
13,7,3430,89.47412112,recommended,0.0,0.0
14,0,998,78.78970759,recommended,1.0,0.0
14,1,3237,81.37846659,recommended,0.0,0.0
14,2,2712,86.08980917,recommended,0.0,0.0
14,3,1257,87.76406197,recommended,1.0,0.0
14,4,102,80.68492948,recommended,0.0,0.0
14,5,406,95.12897845,recommended,0.0,0.0
14,6,2078,83.05466982,recommended,0.0,0.0
14,7,923,89.32312927,recommended,1.0,0.0
15,0,2220,86.79260178,recommended,0.0,0.0
15,1,771,89.97416157,recommended,0.0,0.0
15,2,710,91.69839995,recommended,0.0,0.0
15,3,2418,76.73986616,recommended,0.0,0.0
15,4,3278,63.42879895,recommended,0.0,1.0
15,5,187,43.57558027,recommended,1.0,0.0
15,6,3812,27.34305282,recommended,0.0,0.0
15,7,177,79.68761126,recommended,0.0,0.0
16,0,1422,83.94468409,recommended,1.0,0.0
16,1,1070,82.21280375,recommended,0.0,1.0
16,2,3858,48.49744103,recommended,1.0,0.0
16,3,409,93.02887198,recommended,0.0,1.0
16,4,3790,47.37967992,recommended,0.0,0.0
16,5,3097,81.15116736,recommended,0.0,1.0
16,6,1193,86.42573792,recommended,0.0,0.0
16,7,455,44.44212826,recommended,0.0,1.0
17,0,3212,41.06227561,recommended,0.0,0.0
17,1,1490,79.62575679,recommended,0.0,1.0
17,2,1737,79.78226496,recommended,0.0,1.0
17,3,3692,71.05445565,recommended,1.0,0.0
17,4,295,29.55686861,recommended,0.0,0.0
17,5,2894,53.30648897,recommended,1.0,0.0
17,6,234,78.37132703,recommended,1.0,0.0
17,7,3782,73.39202626,recommended,0.0,0.0
18,0,3839,87.36384149,recommended,0.0,0.0
18,1,747,84.91024962,recommended,0.0,0.0
18,2,3386,44.47903411,recommended,0.0,0.0
18,3,2671,89.88953077,recommended,0.0,0.0
18,4,470,85.65923047,recommended,0.0,0.0
18,5,3301,82.64502167,recommended,0.0,0.0
18,6,1316,65.99016493,recommended,0.0,0.0
18,7,3820,35.64598437,recommended,0.0,0.0
19,0,1080,87.75322874,recommended,1.0,0.0
19,1,3330,84.40270662,recommended,0.0,0.0
19,2,3292,77.54677515,recommended,0.0,0.0
19,3,1548,86.21496371,recommended,0.0,1.0
19,4,1783,48.77228165,recommended,0.0,0.0
19,5,3942,64.185973,recommended,0.0,0.0
19,6,3561,91.52862329,recommended,0.0,0.0
19,7,570,86.53541708,recommended,0.0,0.0
-1,0,1662,3.257714985,init,1.0,0.0
-1,1,1774,2.458138496,init,1.0,0.0
-1,2,404,0.299153601,init,0.0,0.0
-1,3,2954,3.848767902,init,1.0,0.0
-1,4,2880,0.96264489,init,0.0,1.0
-1,5,2107,2.069098233,init,1.0,0.0
-1,6,425,0.0,init,0.0,0.0
-1,7,381,4.416019864,init,0.0,1.0
0,0,1130,70.58038327,recommended,0.0,1.0
0,1,744,20.6070389,recommended,0.0,1.0
0,2,3059,23.04134387,recommended,0.0,1.0
0,3,2073,1.834161249,recommended,0.0,1.0
0,4,1973,77.66689194,recommended,0.0,1.0
0,5,84,74.62339174,recommended,0.0,1.0
0,6,1785,75.8997955,recommended,0.0,1.0
0,7,1664,69.0890435,recommended,0.0,1.0
1,0,225,62.65745672,recommended,0.0,1.0
1,1,1134,81.27546311,recommended,0.0,1.0
1,2,1475,65.67896113,recommended,0.0,0.0
1,3,2651,75.11548375,recommended,0.0,0.0
1,4,2744,61.99734129,recommended,1.0,0.0
1,5,3751,74.59231799,recommended,0.0,0.0
1,6,2568,43.30658798,recommended,0.0,0.0
1,7,2696,80.7977409,recommended,1.0,0.0
2,0,824,82.40046293,recommended,0.0,1.0
2,1,1838,79.64252926,recommended,0.0,1.0
2,2,3162,83.83843021,recommended,1.0,0.0
2,3,2506,81.99763098,recommended,1.0,0.0
2,4,972,45.53588257,recommended,0.0,1.0
2,5,715,94.69105416,recommended,0.0,1.0
2,6,1940,92.25602815,recommended,0.0,1.0
2,7,3045,81.63071985,recommended,0.0,1.0
3,0,275,93.42111456,recommended,0.0,1.0
3,1,3865,88.35188783,recommended,1.0,0.0
3,2,2316,33.8132368,recommended,0.0,1.0
3,3,1526,33.39106531,recommended,1.0,0.0
3,4,815,92.39124083,recommended,0.0,0.0
3,5,2965,46.01420049,recommended,0.0,0.0
3,6,2425,89.21674959,recommended,1.0,0.0
3,7,827,72.63064909,recommended,0.0,1.0
4,0,2324,80.67857489,recommended,0.0,1.0
4,1,3215,84.5566149,recommended,0.0,0.0
4,2,1792,86.76211847,recommended,0.0,1.0
4,3,564,67.35182955,recommended,0.0,0.0
4,4,3647,88.16754027,recommended,0.0,1.0
4,5,1486,81.55614964,recommended,1.0,0.0
4,6,710,91.69839995,recommended,0.0,0.0
4,7,1616,92.20931063,recommended,1.0,0.0
5,0,2781,62.34681732,recommended,1.0,0.0
5,1,3139,54.65489395,recommended,0.0,1.0
5,2,3273,54.92415457,recommended,0.0,0.0
5,3,2215,94.50096737,recommended,0.0,0.0
5,4,303,82.13737482,recommended,0.0,1.0
5,5,857,72.77189285,recommended,1.0,0.0
5,6,246,83.33821324,recommended,1.0,0.0
5,7,2489,86.971127,recommended,0.0,1.0
6,0,318,60.45904469,recommended,0.0,1.0
6,1,1236,59.16216512,recommended,0.0,0.0
6,2,2764,57.52960259,recommended,1.0,0.0
6,3,3444,94.54981251,recommended,0.0,0.0
6,4,2984,92.65898323,recommended,0.0,0.0
6,5,2418,76.73986616,recommended,0.0,0.0
6,6,1242,82.20776042,recommended,0.0,0.0
6,7,2220,86.79260178,recommended,0.0,0.0
7,0,1895,4.592618792,recommended,1.0,0.0
7,1,2639,44.33084711,recommended,0.0,0.0
7,2,1525,2.733728741,recommended,0.0,0.0
7,3,891,63.99072189,recommended,0.0,0.0
7,4,813,92.13068227,recommended,0.0,0.0
7,5,3330,84.40270662,recommended,0.0,0.0
7,6,964,74.51133845,recommended,0.0,0.0
7,7,47,92.12702212,recommended,0.0,0.0
8,0,1335,84.40416295,recommended,0.0,1.0
8,1,690,0.747631534,recommended,0.0,0.0
8,2,1419,16.84841979,recommended,0.0,0.0
8,3,2331,0.597977578,recommended,1.0,0.0
8,4,1778,93.58777419,recommended,1.0,0.0
8,5,3946,0.0,recommended,0.0,1.0
8,6,1427,0.0,recommended,0.0,0.0
8,7,2351,76.45126838,recommended,0.0,0.0
9,0,497,90.73131654,recommended,0.0,0.0
9,1,37,21.33105034,recommended,0.0,0.0
9,2,1223,76.79526891,recommended,0.0,1.0
9,3,1654,28.58964812,recommended,0.0,1.0
9,4,956,78.36249844,recommended,0.0,1.0
9,5,3021,23.46293461,recommended,0.0,1.0
9,6,836,23.67114189,recommended,0.0,1.0
9,7,1207,11.72782605,recommended,0.0,1.0
10,0,2742,93.10117477,recommended,1.0,0.0
10,1,3120,2.310618854,recommended,0.0,0.0
10,2,2001,85.89473594,recommended,0.0,0.0
10,3,1083,52.67302388,recommended,0.0,0.0
10,4,1429,57.53990104,recommended,0.0,0.0
10,5,561,57.85208433,recommended,0.0,0.0
10,6,570,86.53541708,recommended,0.0,0.0
10,7,2488,32.99753143,recommended,0.0,0.0
11,0,273,78.71189796,recommended,0.0,0.0
11,1,2085,80.90409924,recommended,0.0,1.0
11,2,1912,89.32288292,recommended,1.0,0.0
11,3,2798,92.57247896,recommended,0.0,1.0
11,4,2549,78.08461533,recommended,0.0,1.0
11,5,687,65.78374618,recommended,0.0,0.0
11,6,2712,86.08980917,recommended,0.0,0.0
11,7,1803,82.71053034,recommended,1.0,0.0
12,0,119,7.782359234,recommended,0.0,1.0
12,1,1320,91.26694463,recommended,0.0,1.0
12,2,993,95.38648822,recommended,0.0,1.0
12,3,3167,86.19439925,recommended,0.0,1.0
12,4,1908,6.591475121,recommended,0.0,1.0
12,5,605,52.01896484,recommended,0.0,1.0
12,6,3288,34.96627405,recommended,0.0,1.0
12,7,1942,45.04099086,recommended,0.0,1.0
13,0,2043,77.75555198,recommended,0.0,0.0
13,1,1075,59.55424843,recommended,0.0,0.0
13,2,3902,99.61910732,recommended,0.0,1.0
13,3,42,97.56849953,recommended,0.0,1.0
13,4,3933,93.87454124,recommended,0.0,1.0
13,5,2552,38.32865111,recommended,0.0,0.0
13,6,1249,86.49714531,recommended,0.0,1.0
13,7,3000,70.86807008,recommended,0.0,1.0
14,0,743,0.0,recommended,0.0,1.0
14,1,3448,1.402918235,recommended,0.0,1.0
14,2,2148,2.942173839,recommended,0.0,1.0
14,3,2741,1.18600639,recommended,0.0,1.0
14,4,595,0.97555089,recommended,0.0,1.0
14,5,217,0.354218547,recommended,1.0,0.0
14,6,926,0.605197064,recommended,1.0,0.0
14,7,3569,1.100030526,recommended,1.0,0.0
15,0,663,86.68959994,recommended,0.0,1.0
15,1,2536,69.39855223,recommended,1.0,0.0
15,2,2680,91.39064225,recommended,0.0,1.0
15,3,2593,84.85609846,recommended,0.0,1.0
15,4,2635,79.07949659,recommended,1.0,0.0
15,5,1346,84.69021766,recommended,1.0,0.0
15,6,3605,77.92695821,recommended,1.0,0.0
15,7,513,86.12188158,recommended,1.0,0.0
16,0,463,88.51390693,recommended,0.0,1.0
16,1,1934,89.55924552,recommended,1.0,0.0
16,2,1613,96.13228316,recommended,0.0,0.0
16,3,1247,99.03446213,recommended,0.0,0.0
16,4,2649,51.9557832,recommended,0.0,1.0
16,5,1893,38.41251828,recommended,0.0,1.0
16,6,3345,63.8388463,recommended,0.0,1.0
16,7,3063,64.60187181,recommended,0.0,1.0
17,0,2171,0.646778821,recommended,0.0,1.0
17,1,1154,3.135484875,recommended,0.0,0.0
17,2,130,0.968826586,recommended,0.0,0.0
17,3,2866,1.379250532,recommended,0.0,0.0
17,4,1095,4.228381568,recommended,1.0,0.0
17,5,3294,3.893641215,recommended,0.0,1.0
17,6,2406,1.087256852,recommended,0.0,0.0
17,7,257,1.542228309,recommended,0.0,0.0
18,0,3232,79.01720716,recommended,0.0,0.0
18,1,1763,61.92858478,recommended,0.0,1.0
18,2,1156,55.78951841,recommended,0.0,0.0
18,3,3721,81.35759178,recommended,0.0,0.0
18,4,3218,80.53864746,recommended,0.0,1.0
18,5,2553,70.31871872,recommended,0.0,0.0
18,6,998,78.78970759,recommended,1.0,0.0
18,7,3724,95.07020116,recommended,0.0,0.0
19,0,2914,49.30997149,recommended,0.0,1.0
19,1,3331,4.166287009,recommended,0.0,1.0
19,2,3763,40.48243437,recommended,1.0,0.0
19,3,3472,95.75260589,recommended,0.0,0.0
19,4,2449,35.8579046,recommended,0.0,0.0
19,5,1375,63.26443611,recommended,0.0,1.0
19,6,261,30.83522639,recommended,0.0,1.0
19,7,330,30.758172,recommended,0.0,1.0
-1,0,1662,3.257714985,init,1.0,0.0
-1,1,1774,2.458138496,init,1.0,0.0
-1,2,404,0.299153601,init,0.0,0.0
-1,3,2954,3.848767902,init,1.0,0.0
-1,4,2880,0.96264489,init,0.0,1.0
-1,5,2107,2.069098233,init,1.0,0.0
-1,6,425,0.0,init,0.0,0.0
-1,7,381,4.416019864,init,0.0,1.0
0,0,1785,75.8997955,recommended,0.0,1.0
0,1,2317,0.522267307,recommended,0.0,0.0
0,2,460,68.74074216,recommended,0.0,1.0
0,3,2445,64.2716813,recommended,0.0,1.0
0,4,2225,53.50463767,recommended,0.0,1.0
0,5,2537,28.11243479,recommended,0.0,1.0
0,6,3191,2.97486192,recommended,0.0,0.0
0,7,501,36.30636065,recommended,0.0,1.0
1,0,2002,1.728296665,recommended,0.0,1.0
1,1,1314,27.35092133,recommended,0.0,1.0
1,2,3557,0.390715033,recommended,0.0,1.0
1,3,1700,75.20935081,recommended,0.0,1.0
1,4,3535,78.61845192,recommended,0.0,1.0
1,5,1288,10.05139356,recommended,0.0,1.0
1,6,1552,11.56918225,recommended,0.0,1.0
1,7,3037,26.05284451,recommended,0.0,1.0
2,0,2865,5.948041851,recommended,0.0,0.0
2,1,1081,56.79309437,recommended,1.0,0.0
2,2,2241,40.30244069,recommended,0.0,1.0
2,3,537,41.72955132,recommended,0.0,1.0
2,4,3228,86.41285544,recommended,1.0,0.0
2,5,786,54.8424453,recommended,0.0,1.0
2,6,997,0.0,recommended,0.0,0.0
2,7,1224,35.81675951,recommended,0.0,0.0
3,0,1134,81.27546311,recommended,0.0,1.0
3,1,1992,73.24639173,recommended,1.0,0.0
3,2,3356,9.3396983,recommended,0.0,0.0
3,3,3647,88.16754027,recommended,0.0,1.0
3,4,3785,85.22067267,recommended,0.0,0.0
3,5,3492,62.99169098,recommended,0.0,1.0
3,6,2610,80.64990682,recommended,1.0,0.0
3,7,1486,81.55614964,recommended,1.0,0.0
4,0,366,78.2529931,recommended,0.0,1.0
4,1,3205,53.12382569,recommended,0.0,0.0
4,2,160,45.52509107,recommended,1.0,0.0
4,3,3070,50.25936964,recommended,0.0,0.0
4,4,3365,43.08223061,recommended,0.0,0.0
4,5,1526,33.39106531,recommended,1.0,0.0
4,6,962,68.67316565,recommended,0.0,1.0
4,7,2220,86.79260178,recommended,0.0,0.0
5,0,2613,24.41818234,recommended,0.0,0.0
5,1,1743,64.00575958,recommended,1.0,0.0
5,2,836,23.67114189,recommended,0.0,1.0
5,3,2811,52.13571621,recommended,0.0,0.0
5,4,1156,55.78951841,recommended,0.0,0.0
5,5,1130,70.58038327,recommended,0.0,1.0
5,6,668,47.89881593,recommended,0.0,0.0
5,7,2981,87.52908706,recommended,1.0,0.0
6,0,597,47.70226953,recommended,1.0,0.0
6,1,2735,83.09647392,recommended,0.0,1.0
6,2,666,48.86581696,recommended,0.0,0.0
6,3,2819,47.09445645,recommended,0.0,0.0
6,4,3308,90.64441503,recommended,0.0,0.0
6,5,2635,79.07949659,recommended,1.0,0.0
6,6,2030,47.09764929,recommended,1.0,0.0
6,7,1605,3.524318044,recommended,0.0,1.0
7,0,998,78.78970759,recommended,1.0,0.0
7,1,714,57.45048731,recommended,1.0,0.0
7,2,3441,74.1058241,recommended,0.0,0.0
7,3,926,0.605197064,recommended,1.0,0.0
7,4,1375,63.26443611,recommended,0.0,1.0
7,5,2866,1.379250532,recommended,0.0,0.0
7,6,58,73.57415684,recommended,1.0,0.0
7,7,2481,0.0,recommended,0.0,0.0
8,0,259,11.83956232,recommended,0.0,0.0
8,1,964,74.51133845,recommended,0.0,0.0
8,2,999,37.72387007,recommended,1.0,0.0
8,3,3100,83.3036144,recommended,0.0,1.0
8,4,316,31.25713511,recommended,0.0,1.0
8,5,469,26.95590806,recommended,0.0,0.0
8,6,534,83.03295526,recommended,0.0,0.0
8,7,610,24.23482722,recommended,1.0,0.0
9,0,300,91.51096876,recommended,0.0,1.0
9,1,2778,73.13874552,recommended,0.0,1.0
9,2,3942,64.185973,recommended,0.0,0.0
9,3,995,99.99999,recommended,0.0,1.0
9,4,2673,67.28395541,recommended,1.0,0.0
9,5,3877,35.80276164,recommended,1.0,0.0
9,6,3212,41.06227561,recommended,0.0,0.0
9,7,2331,0.597977578,recommended,1.0,0.0
10,0,2577,43.16671419,recommended,1.0,0.0
10,1,1341,25.85124884,recommended,1.0,0.0
10,2,3330,84.40270662,recommended,0.0,0.0
10,3,229,69.84952946,recommended,0.0,0.0
10,4,3809,39.89366621,recommended,0.0,1.0
10,5,2522,90.37135809,recommended,1.0,0.0
10,6,1070,82.21280375,recommended,0.0,1.0
10,7,1676,51.25885662,recommended,0.0,0.0
11,0,1359,86.23315653,recommended,0.0,0.0
11,1,7,69.51698512,recommended,0.0,0.0
11,2,3430,89.47412112,recommended,0.0,0.0
11,3,3454,69.39495874,recommended,0.0,1.0
11,4,2773,53.38444046,recommended,0.0,0.0
11,5,154,72.345187,recommended,1.0,0.0
11,6,2710,77.4707991,recommended,1.0,0.0
11,7,2355,81.02094948,recommended,0.0,1.0
12,0,2985,89.48065113,recommended,0.0,1.0
12,1,2713,88.44637346,recommended,0.0,1.0
12,2,3513,38.01577432,recommended,0.0,1.0
12,3,972,45.53588257,recommended,0.0,1.0
12,4,40,54.63240731,recommended,0.0,0.0
12,5,1484,60.93427362,recommended,0.0,1.0
12,6,2340,80.79670421,recommended,1.0,0.0
12,7,2839,54.9141799,recommended,1.0,0.0
13,0,263,21.81045338,recommended,1.0,0.0
13,1,3685,66.70576357,recommended,0.0,0.0
13,2,42,97.56849953,recommended,0.0,1.0
13,3,330,30.758172,recommended,0.0,1.0
13,4,3232,79.01720716,recommended,0.0,0.0
13,5,208,61.80067802,recommended,1.0,0.0
13,6,1038,55.00354925,recommended,0.0,0.0
13,7,2418,76.73986616,recommended,0.0,0.0
14,0,1001,49.32388819,recommended,0.0,0.0
14,1,3111,91.05627032,recommended,1.0,0.0
14,2,2744,61.99734129,recommended,1.0,0.0
14,3,923,89.32312927,recommended,1.0,0.0
14,4,527,49.40490981,recommended,0.0,0.0
14,5,667,44.53583158,recommended,0.0,1.0
14,6,1193,86.42573792,recommended,0.0,0.0
14,7,2803,82.84063003,recommended,0.0,0.0
15,0,3055,63.351286,recommended,0.0,0.0
15,1,2154,91.48509414,recommended,0.0,1.0
15,2,2711,73.4448659,recommended,1.0,0.0
15,3,744,20.6070389,recommended,0.0,1.0
15,4,3724,95.07020116,recommended,0.0,0.0
15,5,3670,48.17982197,recommended,1.0,0.0
15,6,3218,80.53864746,recommended,0.0,1.0
15,7,1934,89.55924552,recommended,1.0,0.0
16,0,579,43.87183311,recommended,0.0,1.0
16,1,1812,81.51017538,recommended,0.0,0.0
16,2,2272,45.50089871,recommended,1.0,0.0
16,3,78,79.44483195,recommended,0.0,1.0
16,4,3429,81.29892199,recommended,0.0,1.0
16,5,3292,77.54677515,recommended,0.0,0.0
16,6,1357,84.9300227,recommended,1.0,0.0
16,7,1549,92.95670274,recommended,1.0,0.0
17,0,1650,44.02752342,recommended,0.0,1.0
17,1,246,83.33821324,recommended,1.0,0.0
17,2,2381,61.05645885,recommended,0.0,1.0
17,3,1262,78.70773698,recommended,0.0,1.0
17,4,3892,72.46627889,recommended,0.0,0.0
17,5,372,77.78682066,recommended,0.0,1.0
17,6,1135,68.99091328,recommended,1.0,0.0
17,7,3934,69.38989345,recommended,0.0,1.0
18,0,3439,22.22340072,recommended,0.0,1.0
18,1,1872,25.2527032,recommended,0.0,0.0
18,2,1268,99.99999,recommended,1.0,0.0
18,3,618,75.55480498,recommended,0.0,0.0
18,4,3835,78.00288409,recommended,0.0,1.0
18,5,115,83.65366275,recommended,0.0,1.0
18,6,3600,81.62368897,recommended,1.0,0.0
18,7,2766,86.20017514,recommended,0.0,0.0
19,0,2105,85.4419715,recommended,1.0,0.0
19,1,721,68.29340203,recommended,1.0,0.0
19,2,117,78.80108905,recommended,0.0,1.0
19,3,1358,63.65319734,recommended,0.0,1.0
19,4,3386,44.47903411,recommended,0.0,0.0
19,5,2446,72.39052533,recommended,0.0,1.0
19,6,1393,79.52732954,recommended,0.0,1.0
19,7,465,70.14574928,recommended,1.0,0.0
-1,0,1662,3.257714985,init,1.0,0.0
-1,1,1774,2.458138496,init,1.0,0.0
-1,2,404,0.299153601,init,0.0,0.0
-1,3,2954,3.848767902,init,1.0,0.0
-1,4,2880,0.96264489,init,0.0,1.0
-1,5,2107,2.069098233,init,1.0,0.0
-1,6,425,0.0,init,0.0,0.0
-1,7,381,4.416019864,init,0.0,1.0
0,0,1705,36.62142901,recommended,0.0,0.0
0,1,1840,47.30915738,recommended,0.0,0.0
0,2,411,0.72962294,recommended,0.0,0.0
0,3,2979,57.65452227,recommended,0.0,0.0
0,4,2930,55.08984272,recommended,0.0,0.0
0,5,2149,17.36013023,recommended,0.0,0.0
0,6,454,44.03844861,recommended,0.0,0.0
0,7,384,56.99401844,recommended,0.0,1.0
1,0,2028,16.43551115,recommended,0.0,0.0
1,1,536,3.35256921,recommended,0.0,0.0
1,2,3388,0.448085745,recommended,0.0,0.0
1,3,1158,0.400015161,recommended,0.0,1.0
1,4,711,34.30918762,recommended,0.0,1.0
1,5,1784,61.68885211,recommended,0.0,0.0
1,6,3330,84.40270662,recommended,0.0,0.0
1,7,2970,0.0,recommended,0.0,0.0
2,0,739,46.19696168,recommended,0.0,0.0
2,1,1140,13.30215474,recommended,0.0,0.0
2,2,3570,9.973367678,recommended,1.0,0.0
2,3,2823,39.52986412,recommended,0.0,1.0
2,4,1227,43.5835106,recommended,0.0,0.0
2,5,1085,16.2490011,recommended,0.0,1.0
2,6,1713,47.66948987,recommended,0.0,0.0
2,7,1792,86.76211847,recommended,0.0,1.0
3,0,2180,41.80838188,recommended,0.0,1.0
3,1,1916,14.02259716,recommended,0.0,0.0
3,2,3774,9.636653904,recommended,1.0,0.0
3,3,445,39.51845686,recommended,0.0,0.0
3,4,3789,88.30829539,recommended,1.0,0.0
3,5,2990,14.82994008,recommended,0.0,0.0
3,6,3354,67.02083729,recommended,0.0,0.0
3,7,3491,16.57162393,recommended,0.0,0.0
4,0,2170,69.61841713,recommended,0.0,0.0
4,1,1150,0.578158424,recommended,1.0,0.0
4,2,2153,0.894637207,recommended,0.0,0.0
4,3,1678,62.91956913,recommended,0.0,0.0
4,4,1007,22.62644976,recommended,0.0,0.0
4,5,2545,17.29489164,recommended,0.0,0.0
4,6,3569,1.100030526,recommended,1.0,0.0
4,7,1531,12.42396719,recommended,1.0,0.0
5,0,3725,36.5598853,recommended,0.0,1.0
5,1,3091,56.03747384,recommended,0.0,0.0
5,2,3419,63.07769687,recommended,0.0,1.0
5,3,2563,57.95225277,recommended,0.0,1.0
5,4,2119,56.33395035,recommended,1.0,0.0
5,5,1789,0.316193405,recommended,0.0,0.0
5,6,2088,60.63710952,recommended,0.0,1.0
5,7,976,50.90618574,recommended,0.0,1.0
6,0,3274,26.91242644,recommended,0.0,1.0
6,1,312,32.14841463,recommended,1.0,0.0
6,2,100,29.29795514,recommended,0.0,0.0
6,3,1685,67.79255716,recommended,0.0,0.0
6,4,1918,36.03481726,recommended,0.0,0.0
6,5,197,0.0,recommended,0.0,0.0
6,6,3291,44.9389876,recommended,1.0,0.0
6,7,669,28.39231834,recommended,0.0,1.0
7,0,511,0.456472494,recommended,0.0,0.0
7,1,2157,22.35512226,recommended,0.0,0.0
7,2,3098,18.29616546,recommended,0.0,1.0
7,3,2842,47.55321922,recommended,0.0,0.0
7,4,2238,41.60266431,recommended,0.0,0.0
7,5,836,23.67114189,recommended,0.0,1.0
7,6,552,0.0,recommended,0.0,0.0
7,7,2223,1.73070141,recommended,1.0,0.0
8,0,1969,2.234092607,recommended,1.0,0.0
8,1,1912,89.32288292,recommended,1.0,0.0
8,2,920,28.28230111,recommended,0.0,0.0
8,3,3817,54.58472012,recommended,1.0,0.0
8,4,1353,3.23775549,recommended,0.0,0.0
8,5,1405,48.56121582,recommended,0.0,1.0
8,6,2452,94.87994774,recommended,0.0,1.0
8,7,2064,2.68455705,recommended,1.0,0.0
9,0,1567,6.894237827,recommended,0.0,0.0
9,1,395,2.889330361,recommended,0.0,1.0
9,2,3531,1.095223411,recommended,0.0,1.0
9,3,2744,61.99734129,recommended,1.0,0.0
9,4,2183,0.871820746,recommended,1.0,0.0
9,5,1807,12.51034862,recommended,1.0,0.0
9,6,463,88.51390693,recommended,0.0,1.0
9,7,3701,34.43934364,recommended,0.0,0.0
10,0,3614,66.42814295,recommended,0.0,0.0
10,1,1043,39.19686382,recommended,1.0,0.0
10,2,3152,9.714563227,recommended,1.0,0.0
10,3,236,66.71317285,recommended,0.0,0.0
10,4,1250,1.297818598,recommended,1.0,0.0
10,5,220,12.28165388,recommended,1.0,0.0
10,6,170,0.0,recommended,0.0,0.0
10,7,101,35.46998729,recommended,1.0,0.0
11,0,1157,0.0,recommended,1.0,0.0
11,1,616,2.917168593,recommended,0.0,0.0
11,2,1680,42.09636278,recommended,0.0,0.0
11,3,338,9.228754169,recommended,1.0,0.0
11,4,1755,17.36491347,recommended,0.0,0.0
11,5,3406,34.68866542,recommended,0.0,0.0
11,6,2187,6.083579291,recommended,0.0,0.0
11,7,1926,8.36792795,recommended,0.0,1.0
12,0,934,33.31806917,recommended,0.0,0.0
12,1,269,14.56538038,recommended,0.0,1.0
12,2,2864,26.0695387,recommended,0.0,0.0
12,3,429,36.4250561,recommended,1.0,0.0
12,4,625,62.35242374,recommended,0.0,1.0
12,5,746,9.034825048,recommended,1.0,0.0
12,6,1849,11.1309805,recommended,0.0,0.0
12,7,1169,3.647451971,recommended,0.0,0.0
13,0,2551,11.38334579,recommended,0.0,0.0
13,1,3257,0.836644888,recommended,0.0,0.0
13,2,2708,44.65371267,recommended,0.0,1.0
13,3,1873,5.06261629,recommended,0.0,1.0
13,4,2305,49.15752148,recommended,0.0,1.0
13,5,1590,28.49871025,recommended,0.0,0.0
13,6,558,86.07412603,recommended,1.0,0.0
13,7,683,82.1847816,recommended,0.0,1.0
14,0,3073,78.61961971,recommended,0.0,0.0
14,1,1668,0.0,recommended,1.0,0.0
14,2,3834,0.851812248,recommended,1.0,0.0
14,3,3504,7.259820865,recommended,0.0,0.0
14,4,3682,10.75553549,recommended,0.0,0.0
14,5,2098,46.08846314,recommended,0.0,0.0
14,6,3459,74.61155282,recommended,0.0,0.0
14,7,178,4.191040534,recommended,0.0,0.0
15,0,3896,0.0,recommended,0.0,0.0
15,1,3405,38.40380593,recommended,0.0,0.0
15,2,3150,79.63886176,recommended,0.0,1.0
15,3,3892,72.46627889,recommended,0.0,0.0
15,4,2765,27.47304315,recommended,0.0,0.0
15,5,1889,0.0,recommended,1.0,0.0
15,6,1117,33.82793233,recommended,0.0,1.0
15,7,3444,94.54981251,recommended,0.0,0.0
16,0,2879,0.0,recommended,0.0,0.0
16,1,3193,56.51667394,recommended,0.0,0.0
16,2,1580,34.67021781,recommended,0.0,0.0
16,3,3767,32.63137063,recommended,0.0,1.0
16,4,3474,16.25514799,recommended,0.0,0.0
16,5,3589,93.56409267,recommended,0.0,0.0
16,6,983,51.15306518,recommended,0.0,1.0
16,7,2609,54.53336611,recommended,0.0,1.0
17,0,3594,50.40479784,recommended,1.0,0.0
17,1,3465,13.33632103,recommended,0.0,0.0
17,2,1074,66.43295508,recommended,0.0,0.0
17,3,2565,15.23875818,recommended,0.0,0.0
17,4,2111,36.64285561,recommended,0.0,0.0
17,5,3058,24.60602271,recommended,0.0,0.0
17,6,3773,74.31911492,recommended,0.0,0.0
17,7,3409,0.0,recommended,1.0,0.0
18,0,2786,36.80129147,recommended,0.0,1.0
18,1,66,16.97838607,recommended,1.0,0.0
18,2,2631,46.14092963,recommended,1.0,0.0
18,3,502,0.0,recommended,0.0,0.0
18,4,927,7.259312325,recommended,1.0,0.0
18,5,2427,21.9180702,recommended,0.0,0.0
18,6,2414,30.46158728,recommended,1.0,0.0
18,7,2384,24.0555231,recommended,0.0,0.0
19,0,2005,34.1813834,recommended,0.0,0.0
19,1,2063,3.019148584,recommended,0.0,0.0
19,2,132,3.864236463,recommended,0.0,1.0
19,3,3395,65.3367146,recommended,0.0,1.0
19,4,3600,81.62368897,recommended,1.0,0.0
19,5,1620,20.24596352,recommended,1.0,0.0
19,6,3442,59.0740653,recommended,0.0,0.0
19,7,893,7.147436012,recommended,0.0,0.0
-1,0,65,0.0,init,1.0,0.0
-1,1,1297,2.067024275,init,0.0,0.0
-1,2,3667,3.678633066,init,1.0,0.0
-1,3,3207,1.152603634,init,0.0,1.0
-1,4,2779,1.039903259,init,0.0,0.0
-1,5,1993,2.720923971,init,0.0,1.0
-1,6,2950,4.337310253,init,1.0,0.0
-1,7,2585,0.0,init,0.0,0.0
0,0,1094,33.33065232,global_best,1.0,0.0
0,1,2571,24.90011385,global_best,1.0,0.0
0,2,147,19.47378974,global_best,1.0,0.0
0,3,2926,9.546870881,global_best,1.0,0.0
0,4,3282,0.0,local_best,1.0,0.0
0,5,953,0.0,local_best,1.0,0.0
0,6,1272,4.950264204,unexplored,1.0,0.0
0,7,2702,4.390150349,unexplored,1.0,0.0
1,0,2315,83.36436834,global_best,1.0,0.0
1,1,1464,24.16256349,global_best,0.0,0.0
1,2,3586,58.61075678,global_best,0.0,0.0
1,3,3556,92.00324978,global_best,1.0,0.0
1,4,3069,36.58798902,local_best,0.0,1.0
1,5,2410,19.59428889,local_best,0.0,0.0
1,6,3342,77.54678733,unexplored,1.0,0.0
1,7,3285,75.73582011,unexplored,0.0,1.0
2,0,3322,77.95754061,global_best,1.0,0.0
2,1,3576,84.31065923,global_best,1.0,0.0
2,2,1268,99.99999,global_best,1.0,0.0
2,3,2905,88.72522624,global_best,1.0,0.0
2,4,3090,89.61417594,local_best,1.0,0.0
2,5,3252,85.64532689,local_best,1.0,0.0
2,6,3544,88.24637541,unexplored,1.0,0.0
2,7,1934,89.55924552,unexplored,1.0,0.0
3,0,1812,81.51017538,global_best,0.0,0.0
3,1,995,99.99999,global_best,0.0,1.0
3,2,2859,34.44632451,global_best,0.0,0.0
3,3,3724,95.07020116,global_best,0.0,0.0
3,4,923,89.32312927,local_best,1.0,0.0
3,5,998,78.78970759,local_best,1.0,0.0
3,6,2535,86.32465757,unexplored,1.0,0.0
3,7,3928,98.84920594,unexplored,1.0,0.0
4,0,42,97.56849953,global_best,0.0,1.0
4,1,775,85.14015258,global_best,0.0,1.0
4,2,300,91.51096876,global_best,0.0,1.0
4,3,1658,90.22793001,global_best,0.0,1.0
4,4,1249,86.49714531,local_best,0.0,1.0
4,5,463,88.51390693,local_best,0.0,1.0
4,6,115,83.65366275,unexplored,0.0,1.0
4,7,3472,95.75260589,unexplored,0.0,0.0
5,0,2522,90.37135809,global_best,1.0,0.0
5,1,2043,77.75555198,global_best,0.0,0.0
5,2,2901,65.38933316,global_best,0.0,0.0
5,3,3234,80.58917239,global_best,0.0,1.0
5,4,3291,44.9389876,local_best,1.0,0.0
5,5,2039,98.17713445,local_best,1.0,0.0
5,6,3173,97.94800557,unexplored,1.0,0.0
5,7,1422,83.94468409,unexplored,1.0,0.0
6,0,7,69.51698512,global_best,0.0,0.0
6,1,3367,67.97172842,global_best,0.0,0.0
6,2,2745,54.83360857,global_best,0.0,0.0
6,3,3941,70.62989218,global_best,0.0,0.0
6,4,3933,93.87454124,local_best,0.0,1.0
6,5,3902,99.61910732,local_best,0.0,1.0
6,6,1719,95.67591323,unexplored,0.0,0.0
6,7,1247,99.03446213,unexplored,0.0,0.0
7,0,3357,69.94718927,global_best,0.0,0.0
7,1,252,85.14465222,global_best,0.0,1.0
7,2,2397,29.79340439,global_best,0.0,0.0
7,3,270,84.20189779,global_best,1.0,0.0
7,4,1915,92.35381549,local_best,1.0,0.0
7,5,2126,91.13914928,local_best,1.0,0.0
7,6,1080,87.75322874,unexplored,1.0,0.0
7,7,1215,89.5987779,unexplored,1.0,0.0
8,0,232,72.26820117,global_best,0.0,0.0
8,1,983,51.15306518,global_best,0.0,1.0
8,2,3077,35.68280094,global_best,0.0,0.0
8,3,3066,94.14846732,global_best,0.0,0.0
8,4,993,95.38648822,local_best,0.0,1.0
8,5,1513,84.68245385,local_best,0.0,1.0
8,6,2543,89.12987666,unexplored,1.0,0.0
8,7,734,84.53852223,unexplored,0.0,1.0
9,0,1808,63.83709974,global_best,0.0,1.0
9,1,1609,92.90401218,global_best,1.0,0.0
9,2,3292,77.54677515,global_best,0.0,0.0
9,3,3308,90.64441503,global_best,0.0,0.0
9,4,580,87.94083651,local_best,0.0,0.0
9,5,1613,96.13228316,local_best,0.0,0.0
9,6,1359,86.23315653,unexplored,0.0,0.0
9,7,2392,94.15173815,unexplored,0.0,0.0
10,0,1301,66.37274183,global_best,1.0,0.0
10,1,538,73.13965753,global_best,1.0,0.0
10,2,3877,35.80276164,global_best,1.0,0.0
10,3,2329,89.46707858,global_best,1.0,0.0
10,4,1417,83.49602396,local_best,0.0,0.0
10,5,112,80.80959568,local_best,0.0,0.0
10,6,608,84.70172213,unexplored,0.0,0.0
10,7,2827,92.11972779,unexplored,0.0,0.0
11,0,874,91.37329051,global_best,0.0,0.0
11,1,3753,81.63511603,global_best,1.0,0.0
11,2,1413,94.29690562,global_best,0.0,0.0
11,3,2778,73.13874552,global_best,0.0,1.0
11,4,3664,85.99469652,local_best,0.0,1.0
11,5,2327,83.82528245,local_best,0.0,1.0
11,6,3507,86.76065944,unexplored,0.0,0.0
11,7,416,90.31730943,unexplored,0.0,0.0
12,0,1539,6.244420828,global_best,0.0,0.0
12,1,2235,82.34937004,global_best,0.0,0.0
12,2,2347,15.42196799,global_best,0.0,0.0
12,3,541,27.05720868,global_best,0.0,0.0
12,4,1193,86.42573792,local_best,0.0,0.0
12,5,1393,79.52732954,local_best,0.0,1.0
12,6,879,82.3438198,unexplored,0.0,1.0
12,7,2369,80.16290148,unexplored,0.0,1.0
13,0,89,54.29333472,global_best,0.0,1.0
13,1,2577,43.16671419,global_best,1.0,0.0
13,2,3783,15.1215994,global_best,0.0,0.0
13,3,2202,28.29509241,global_best,0.0,0.0
13,4,1449,91.20970452,local_best,1.0,0.0
13,5,2856,85.26909551,local_best,1.0,0.0
13,6,2625,86.21979782,unexplored,0.0,1.0
13,7,1070,82.21280375,unexplored,0.0,1.0
14,0,3621,66.04767415,global_best,0.0,0.0
14,1,1906,42.69698784,global_best,0.0,0.0
14,2,2527,80.90631241,global_best,0.0,0.0
14,3,2081,17.5357483,global_best,0.0,0.0
14,4,2583,91.93340238,local_best,0.0,1.0
14,5,2469,63.18914382,local_best,1.0,0.0
14,6,1246,47.63381676,unexplored,1.0,0.0
14,7,3278,63.42879895,unexplored,0.0,1.0
15,0,1712,49.7806525,global_best,1.0,0.0
15,1,2563,57.95225277,global_best,0.0,1.0
15,2,1821,63.2869505,global_best,0.0,1.0
15,3,1265,65.15148191,global_best,1.0,0.0
15,4,2490,62.22086343,local_best,0.0,1.0
15,5,772,65.50261834,local_best,0.0,1.0
15,6,795,63.71103229,unexplored,0.0,1.0
15,7,3360,58.46064001,unexplored,0.0,1.0
16,0,3856,57.6053748,global_best,0.0,0.0
16,1,27,63.46127974,global_best,0.0,0.0
16,2,1005,12.7214048,global_best,0.0,0.0
16,3,2806,57.55128922,global_best,0.0,0.0
16,4,1053,69.8410056,local_best,0.0,0.0
16,5,2911,84.10193793,local_best,0.0,1.0
16,6,3055,63.351286,unexplored,0.0,0.0
16,7,1548,86.21496371,unexplored,0.0,1.0
17,0,3232,79.01720716,global_best,0.0,0.0
17,1,1482,79.30639259,global_best,1.0,0.0
17,2,2918,78.28452045,global_best,1.0,0.0
17,3,387,76.16070518,global_best,0.0,0.0
17,4,3218,80.53864746,local_best,0.0,1.0
17,5,208,61.80067802,local_best,1.0,0.0
17,6,1244,36.05690183,unexplored,1.0,0.0
17,7,3340,64.68104609,unexplored,1.0,0.0
18,0,1850,6.151237345,global_best,0.0,0.0
18,1,2960,79.76966371,global_best,0.0,0.0
18,2,692,83.08232968,global_best,0.0,0.0
18,3,3803,83.44233536,global_best,0.0,0.0
18,4,2952,68.60611463,local_best,0.0,0.0
18,5,3637,50.42857568,local_best,0.0,0.0
18,6,3000,70.86807008,unexplored,0.0,1.0
18,7,3224,73.22050209,unexplored,0.0,1.0
19,0,1921,23.02454867,global_best,0.0,0.0
19,1,2580,40.32898976,global_best,0.0,0.0
19,2,288,66.28326385,global_best,0.0,0.0
19,3,3332,8.140819585,global_best,0.0,1.0
19,4,2437,82.33244396,local_best,1.0,0.0
19,5,3652,84.58893866,local_best,1.0,0.0
19,6,3914,81.78695125,unexplored,1.0,0.0
19,7,820,57.7580975,unexplored,0.0,1.0
-1,0,65,0.0,init,1.0,0.0
-1,1,1297,2.067024275,init,0.0,0.0
-1,2,3667,3.678633066,init,1.0,0.0
-1,3,3207,1.152603634,init,0.0,1.0
-1,4,2779,1.039903259,init,0.0,0.0
-1,5,1993,2.720923971,init,0.0,1.0
-1,6,2950,4.337310253,init,1.0,0.0
-1,7,2585,0.0,init,0.0,0.0
0,0,1515,15.12671706,recommended,1.0,0.0
0,1,3152,9.714563227,recommended,1.0,0.0
0,2,2605,28.47849533,recommended,1.0,0.0
0,3,2988,12.592787,recommended,1.0,0.0
0,4,147,19.47378974,recommended,1.0,0.0
0,5,210,7.372693174,recommended,1.0,0.0
0,6,2571,24.90011385,recommended,1.0,0.0
0,7,3265,23.2960789,recommended,1.0,0.0
1,0,1929,39.09372544,recommended,0.0,0.0
1,1,683,82.1847816,recommended,0.0,1.0
1,2,1205,48.48749388,recommended,0.0,0.0
1,3,747,84.91024962,recommended,0.0,0.0
1,4,3239,92.91423383,recommended,0.0,1.0
1,5,693,42.69485888,recommended,0.0,0.0
1,6,80,51.8134607,recommended,1.0,0.0
1,7,2105,85.4419715,recommended,1.0,0.0
2,0,1054,65.48767084,recommended,0.0,1.0
2,1,2729,72.15476775,recommended,0.0,1.0
2,2,1017,70.25926715,recommended,0.0,1.0
2,3,2559,76.21686958,recommended,0.0,1.0
2,4,1682,66.07082051,recommended,0.0,1.0
2,5,2225,53.50463767,recommended,0.0,1.0
2,6,607,55.70352222,recommended,0.0,1.0
2,7,2567,35.06478929,recommended,0.0,1.0
3,0,3582,61.11611165,recommended,0.0,1.0
3,1,251,50.70720641,recommended,1.0,0.0
3,2,1456,49.14544471,recommended,0.0,0.0
3,3,1056,86.78620377,recommended,1.0,0.0
3,4,2874,84.33974431,recommended,1.0,0.0
3,5,1068,87.95919128,recommended,1.0,0.0
3,6,2120,85.13318487,recommended,1.0,0.0
3,7,2340,80.79670421,recommended,1.0,0.0
4,0,1262,78.70773698,recommended,0.0,1.0
4,1,2957,84.42429873,recommended,0.0,1.0
4,2,2375,85.40177854,recommended,0.0,1.0
4,3,2034,93.31083413,recommended,0.0,1.0
4,4,1306,93.09950718,recommended,0.0,1.0
4,5,1490,79.62575679,recommended,0.0,1.0
4,6,3429,81.29892199,recommended,0.0,1.0
4,7,1975,83.82537223,recommended,0.0,1.0
5,0,1164,27.33482675,recommended,0.0,0.0
5,1,3193,56.51667394,recommended,0.0,0.0
5,2,812,59.28097568,recommended,0.0,0.0
5,3,3364,84.17796028,recommended,0.0,0.0
5,4,1465,58.30938102,recommended,0.0,0.0
5,5,801,51.64764803,recommended,0.0,0.0
5,6,2622,51.52656955,recommended,0.0,0.0
5,7,3839,87.36384149,recommended,0.0,0.0
6,0,2296,71.49385038,recommended,1.0,0.0
6,1,3703,84.60201966,recommended,0.0,1.0
6,2,1652,87.90201497,recommended,0.0,1.0
6,3,1039,60.25206697,recommended,0.0,1.0
6,4,1842,65.93366748,recommended,0.0,1.0
6,5,2908,66.50686069,recommended,0.0,1.0
6,6,501,36.30636065,recommended,0.0,1.0
6,7,242,88.44485055,recommended,0.0,1.0
7,0,1075,59.55424843,recommended,0.0,0.0
7,1,2710,77.4707991,recommended,1.0,0.0
7,2,2524,56.65401799,recommended,0.0,0.0
7,3,3923,80.52782377,recommended,1.0,0.0
7,4,3549,92.89765441,recommended,0.0,0.0
7,5,3789,88.30829539,recommended,1.0,0.0
7,6,598,89.89767813,recommended,0.0,0.0
7,7,606,66.35401825,recommended,0.0,1.0
8,0,2166,76.33612431,recommended,1.0,0.0
8,1,757,79.65524299,recommended,1.0,0.0
8,2,3076,25.95507424,recommended,1.0,0.0
8,3,3010,87.93113193,recommended,1.0,0.0
8,4,3087,63.14714159,recommended,0.0,1.0
8,5,2228,72.16100406,recommended,1.0,0.0
8,6,3449,14.46827704,recommended,1.0,0.0
8,7,3093,19.93006899,recommended,1.0,0.0
9,0,1618,81.85780625,recommended,0.0,1.0
9,1,1129,60.85990802,recommended,0.0,1.0
9,2,1264,46.16924796,recommended,1.0,0.0
9,3,1323,48.23235239,recommended,1.0,0.0
9,4,3820,35.64598437,recommended,0.0,0.0
9,5,3880,36.35900481,recommended,0.0,0.0
9,6,530,55.46040564,recommended,1.0,0.0
9,7,2944,78.22401013,recommended,1.0,0.0
10,0,2556,83.37705512,recommended,0.0,0.0
10,1,3089,54.30595244,recommended,0.0,1.0
10,2,1836,35.2030282,recommended,0.0,1.0
10,3,3589,93.56409267,recommended,0.0,0.0
10,4,569,67.75052852,recommended,0.0,0.0
10,5,1316,65.99016493,recommended,0.0,0.0
10,6,2135,35.36016156,recommended,0.0,0.0
10,7,1957,82.57086092,recommended,0.0,0.0
11,0,1595,46.05681806,recommended,0.0,1.0
11,1,1027,2.413308832,recommended,1.0,0.0
11,2,1684,40.89777506,recommended,1.0,0.0
11,3,1108,2.145304957,recommended,1.0,0.0
11,4,705,32.01759643,recommended,1.0,0.0
11,5,895,27.98543221,recommended,1.0,0.0
11,6,1625,77.82985513,recommended,1.0,0.0
11,7,3653,91.6524383,recommended,1.0,0.0
12,0,3826,89.419451,recommended,1.0,0.0
12,1,802,0.0,recommended,0.0,0.0
12,2,3692,71.05445565,recommended,1.0,0.0
12,3,3038,63.25759385,recommended,0.0,0.0
12,4,3212,41.06227561,recommended,0.0,0.0
12,5,243,63.56506276,recommended,1.0,0.0
12,6,1489,76.11415284,recommended,1.0,0.0
12,7,1352,73.60085469,recommended,1.0,0.0
13,0,3522,60.47798465,recommended,1.0,0.0
13,1,1321,46.59177534,recommended,0.0,0.0
13,2,3107,88.82757824,recommended,1.0,0.0
13,3,855,81.15618498,recommended,0.0,1.0
13,4,3546,95.55515456,recommended,0.0,0.0
13,5,3773,74.31911492,recommended,0.0,0.0
13,6,470,85.65923047,recommended,0.0,0.0
13,7,3301,82.64502167,recommended,0.0,0.0
14,0,3630,96.59121826,recommended,1.0,0.0
14,1,2014,74.81544975,recommended,1.0,0.0
14,2,882,97.29293259,recommended,0.0,1.0
14,3,3614,66.42814295,recommended,0.0,0.0
14,4,849,84.44355873,recommended,1.0,0.0
14,5,3111,91.05627032,recommended,1.0,0.0
14,6,152,75.95426954,recommended,0.0,0.0
14,7,3860,74.49984474,recommended,0.0,0.0
15,0,3235,63.00725217,recommended,0.0,1.0
15,1,3685,66.70576357,recommended,0.0,0.0
15,2,1327,17.56349703,recommended,0.0,0.0
15,3,280,57.42667045,recommended,0.0,0.0
15,4,3430,89.47412112,recommended,0.0,0.0
15,5,1365,12.24156469,recommended,0.0,0.0
15,6,374,80.77035612,recommended,0.0,0.0
15,7,3085,47.20893463,recommended,1.0,0.0
16,0,3849,0.0,recommended,0.0,0.0
16,1,2366,28.5763008,recommended,1.0,0.0
16,2,709,80.73687357,recommended,1.0,0.0
16,3,1320,91.26694463,recommended,0.0,1.0
16,4,725,63.56431346,recommended,0.0,1.0
16,5,1995,83.38501147,recommended,0.0,1.0
16,6,2947,83.68183531,recommended,0.0,1.0
16,7,91,57.9744807,recommended,1.0,0.0
17,0,2981,87.52908706,recommended,1.0,0.0
17,1,1062,77.62777181,recommended,1.0,0.0
17,2,2517,36.7072802,recommended,0.0,1.0
17,3,2509,74.63930208,recommended,0.0,0.0
17,4,1521,44.24461772,recommended,1.0,0.0
17,5,3943,15.35251148,recommended,1.0,0.0
17,6,3710,92.13719474,recommended,0.0,1.0
17,7,1986,39.71442231,recommended,0.0,0.0
18,0,784,73.49750543,recommended,1.0,0.0
18,1,3474,16.25514799,recommended,0.0,0.0
18,2,3391,77.6347291,recommended,0.0,0.0
18,3,1347,76.33726193,recommended,0.0,1.0
18,4,3700,80.78104004,recommended,1.0,0.0
18,5,2326,81.27460019,recommended,0.0,1.0
18,6,1930,80.02551627,recommended,0.0,1.0
18,7,2991,93.03255731,recommended,1.0,0.0
19,0,2722,21.75875381,recommended,0.0,0.0
19,1,2932,75.06901133,recommended,0.0,0.0
19,2,1896,77.51023369,recommended,0.0,0.0
19,3,3065,62.53871196,recommended,1.0,0.0
19,4,1505,63.16520406,recommended,1.0,0.0
19,5,700,59.21092574,recommended,1.0,0.0
19,6,788,65.86005497,recommended,1.0,0.0
19,7,1109,60.94658978,recommended,1.0,0.0
-1,0,65,0.0,init,1.0,0.0
-1,1,1297,2.067024275,init,0.0,0.0
-1,2,3667,3.678633066,init,1.0,0.0
-1,3,3207,1.152603634,init,0.0,1.0
-1,4,2779,1.039903259,init,0.0,0.0
-1,5,1993,2.720923971,init,0.0,1.0
-1,6,2950,4.337310253,init,1.0,0.0
-1,7,2585,0.0,init,0.0,0.0
0,0,2926,9.546870881,recommended,1.0,0.0
0,1,3152,9.714563227,recommended,1.0,0.0
0,2,1094,33.33065232,recommended,1.0,0.0
0,3,2605,28.47849533,recommended,1.0,0.0
0,4,1726,15.06136862,recommended,1.0,0.0
0,5,2988,12.592787,recommended,1.0,0.0
0,6,210,7.372693174,recommended,1.0,0.0
0,7,147,19.47378974,recommended,1.0,0.0
1,0,2901,65.38933316,recommended,0.0,0.0
1,1,3234,80.58917239,recommended,0.0,1.0
1,2,1464,24.16256349,recommended,0.0,0.0
1,3,2410,19.59428889,recommended,0.0,0.0
1,4,3069,36.58798902,recommended,0.0,1.0
1,5,3586,58.61075678,recommended,0.0,0.0
1,6,3724,95.07020116,recommended,0.0,0.0
1,7,2745,54.83360857,recommended,0.0,0.0
2,0,3308,90.64441503,recommended,0.0,0.0
2,1,3472,95.75260589,recommended,0.0,0.0
2,2,1613,96.13228316,recommended,0.0,0.0
2,3,608,84.70172213,recommended,0.0,0.0
2,4,1247,99.03446213,recommended,0.0,0.0
2,5,3055,63.351286,recommended,0.0,0.0
2,6,3292,77.54677515,recommended,0.0,0.0
2,7,112,80.80959568,recommended,0.0,0.0
3,0,3902,99.61910732,recommended,0.0,1.0
3,1,3173,97.94800557,recommended,1.0,0.0
3,2,463,88.51390693,recommended,0.0,1.0
3,3,3357,69.94718927,recommended,0.0,0.0
3,4,300,91.51096876,recommended,0.0,1.0
3,5,1934,89.55924552,recommended,1.0,0.0
3,6,3077,35.68280094,recommended,0.0,0.0
3,7,3928,98.84920594,recommended,1.0,0.0
4,0,3941,70.62989218,recommended,0.0,0.0
4,1,3556,92.00324978,recommended,1.0,0.0
4,2,7,69.51698512,recommended,0.0,0.0
4,3,42,97.56849953,recommended,0.0,1.0
4,4,183,58.39892185,recommended,0.0,0.0
4,5,2098,46.08846314,recommended,0.0,0.0
4,6,140,63.62909921,recommended,0.0,0.0
4,7,3367,67.97172842,recommended,0.0,0.0
5,0,3291,44.9389876,recommended,1.0,0.0
5,1,983,51.15306518,recommended,0.0,1.0
5,2,3232,79.01720716,recommended,0.0,0.0
5,3,998,78.78970759,recommended,1.0,0.0
5,4,3066,94.14846732,recommended,0.0,0.0
5,5,2827,92.11972779,recommended,0.0,0.0
5,6,1417,83.49602396,recommended,0.0,0.0
5,7,1812,81.51017538,recommended,0.0,0.0
6,0,3322,77.95754061,recommended,1.0,0.0
6,1,3000,70.86807008,recommended,0.0,1.0
6,2,1193,86.42573792,recommended,0.0,0.0
6,3,1359,86.23315653,recommended,0.0,0.0
6,4,2392,94.15173815,recommended,0.0,0.0
6,5,416,90.31730943,recommended,0.0,0.0
6,6,580,87.94083651,recommended,0.0,0.0
6,7,3507,86.76065944,recommended,0.0,0.0
7,0,252,85.14465222,recommended,0.0,1.0
7,1,270,84.20189779,recommended,1.0,0.0
7,2,1215,89.5987779,recommended,1.0,0.0
7,3,734,84.53852223,recommended,0.0,1.0
7,4,993,95.38648822,recommended,0.0,1.0
7,5,1719,95.67591323,recommended,0.0,0.0
7,6,1080,87.75322874,recommended,1.0,0.0
7,7,1915,92.35381549,recommended,1.0,0.0
8,0,2327,83.82528245,recommended,0.0,1.0
8,1,2543,89.12987666,recommended,1.0,0.0
8,2,3933,93.87454124,recommended,0.0,1.0
8,3,2522,90.37135809,recommended,1.0,0.0
8,4,2039,98.17713445,recommended,1.0,0.0
8,5,3664,85.99469652,recommended,0.0,1.0
8,6,995,99.99999,recommended,0.0,1.0
8,7,1548,86.21496371,recommended,0.0,1.0
9,0,1268,99.99999,recommended,1.0,0.0
9,1,1513,84.68245385,recommended,0.0,1.0
9,2,1393,79.52732954,recommended,0.0,1.0
9,3,1658,90.22793001,recommended,0.0,1.0
9,4,2856,85.26909551,recommended,1.0,0.0
9,5,1249,86.49714531,recommended,0.0,1.0
9,6,2535,86.32465757,recommended,1.0,0.0
9,7,115,83.65366275,recommended,0.0,1.0
10,0,775,85.14015258,recommended,0.0,1.0
10,1,3753,81.63511603,recommended,1.0,0.0
10,2,2043,77.75555198,recommended,0.0,0.0
10,3,3576,84.31065923,recommended,1.0,0.0
10,4,3637,50.42857568,recommended,0.0,0.0
10,5,2905,88.72522624,recommended,1.0,0.0
10,6,2315,83.36436834,recommended,1.0,0.0
10,7,1053,69.8410056,recommended,0.0,0.0
11,0,667,44.53583158,recommended,0.0,1.0
11,1,903,26.61192771,recommended,0.0,0.0
11,2,2126,91.13914928,recommended,1.0,0.0
11,3,3447,13.49999802,recommended,0.0,0.0
11,4,3103,1.530768374,recommended,0.0,0.0
11,5,3378,23.20886991,recommended,0.0,0.0
11,6,55,66.20793624,recommended,0.0,1.0
11,7,1808,63.83709974,recommended,0.0,1.0
12,0,1244,36.05690183,recommended,1.0,0.0
12,1,365,59.18255708,recommended,0.0,1.0
12,2,1422,83.94468409,recommended,1.0,0.0
12,3,803,59.4767437,recommended,0.0,0.0
12,4,27,63.46127974,recommended,0.0,0.0
12,5,575,61.37532466,recommended,1.0,0.0
12,6,2806,57.55128922,recommended,0.0,0.0
12,7,2936,39.38981845,recommended,0.0,0.0
13,0,3332,8.140819585,recommended,0.0,1.0
13,1,1845,2.633148758,recommended,1.0,0.0
13,2,3427,66.65248144,recommended,1.0,0.0
13,3,1484,60.93427362,recommended,0.0,1.0
13,4,2691,59.66718586,recommended,0.0,1.0
13,5,208,61.80067802,recommended,1.0,0.0
13,6,2625,86.21979782,recommended,0.0,1.0
13,7,1609,92.90401218,recommended,1.0,0.0
14,0,1413,94.29690562,recommended,0.0,0.0
14,1,538,73.13965753,recommended,1.0,0.0
14,2,3877,35.80276164,recommended,1.0,0.0
14,3,2329,89.46707858,recommended,1.0,0.0
14,4,2816,27.04583578,recommended,1.0,0.0
14,5,1482,79.30639259,recommended,1.0,0.0
14,6,2918,78.28452045,recommended,1.0,0.0
14,7,1720,68.44214129,recommended,1.0,0.0
15,0,874,91.37329051,recommended,0.0,0.0
15,1,2469,63.18914382,recommended,1.0,0.0
15,2,3278,63.42879895,recommended,0.0,1.0
15,3,2235,82.34937004,recommended,0.0,0.0
15,4,2527,80.90631241,recommended,0.0,0.0
15,5,387,76.16070518,recommended,0.0,0.0
15,6,2778,73.13874552,recommended,0.0,1.0
15,7,1906,42.69698784,recommended,0.0,0.0
16,0,2347,15.42196799,recommended,0.0,0.0
16,1,3803,83.44233536,recommended,0.0,0.0
16,2,1539,6.244420828,recommended,0.0,0.0
16,3,541,27.05720868,recommended,0.0,0.0
16,4,692,83.08232968,recommended,0.0,0.0
16,5,2960,79.76966371,recommended,0.0,0.0
16,6,3051,60.13886073,recommended,0.0,1.0
16,7,2276,64.15465798,recommended,1.0,0.0
17,0,2577,43.16671419,recommended,1.0,0.0
17,1,89,54.29333472,recommended,0.0,1.0
17,2,1712,49.7806525,recommended,1.0,0.0
17,3,2563,57.95225277,recommended,0.0,1.0
17,4,3799,15.10235685,recommended,0.0,0.0
17,5,1066,13.88482007,recommended,1.0,0.0
17,6,2202,28.29509241,recommended,0.0,0.0
17,7,3783,15.1215994,recommended,0.0,0.0
18,0,1265,65.15148191,recommended,1.0,0.0
18,1,1821,63.2869505,recommended,0.0,1.0
18,2,288,66.28326385,recommended,0.0,0.0
18,3,3914,81.78695125,recommended,1.0,0.0
18,4,3621,66.04767415,recommended,0.0,0.0
18,5,1301,66.37274183,recommended,1.0,0.0
18,6,2580,40.32898976,recommended,0.0,0.0
18,7,232,72.26820117,recommended,0.0,0.0
19,0,2081,17.5357483,recommended,0.0,0.0
19,1,62,40.08669181,recommended,0.0,1.0
19,2,158,39.75657581,recommended,1.0,0.0
19,3,625,62.35242374,recommended,0.0,1.0
19,4,1449,91.20970452,recommended,1.0,0.0
19,5,2490,62.22086343,recommended,0.0,1.0
19,6,772,65.50261834,recommended,0.0,1.0
19,7,3360,58.46064001,recommended,0.0,1.0
-1,0,65,0.0,init,1.0,0.0
-1,1,1297,2.067024275,init,0.0,0.0
-1,2,3667,3.678633066,init,1.0,0.0
-1,3,3207,1.152603634,init,0.0,1.0
-1,4,2779,1.039903259,init,0.0,0.0
-1,5,1993,2.720923971,init,0.0,1.0
-1,6,2950,4.337310253,init,1.0,0.0
-1,7,2585,0.0,init,0.0,0.0
0,0,413,3.26158183,recommended,1.0,0.0
0,1,2209,16.04849725,recommended,0.0,0.0
0,2,2471,15.31942872,recommended,0.0,1.0
0,3,1654,28.58964812,recommended,0.0,1.0
0,4,1186,3.88663609,recommended,1.0,0.0
0,5,3912,2.641901391,recommended,1.0,0.0
0,6,3797,31.38632484,recommended,1.0,0.0
0,7,2595,28.92940614,recommended,1.0,0.0
1,0,3406,34.68866542,recommended,0.0,0.0
1,1,1664,69.0890435,recommended,0.0,1.0
1,2,2208,11.85429164,recommended,0.0,1.0
1,3,1772,54.24578847,recommended,1.0,0.0
1,4,3496,39.55792883,recommended,0.0,1.0
1,5,514,18.13660134,recommended,1.0,0.0
1,6,3497,3.280980517,recommended,0.0,0.0
1,7,3324,34.28672739,recommended,0.0,1.0
2,0,2985,89.48065113,recommended,0.0,1.0
2,1,2823,39.52986412,recommended,0.0,1.0
2,2,331,53.99699311,recommended,0.0,0.0
2,3,3214,45.27500965,recommended,1.0,0.0
2,4,3811,79.73976585,recommended,1.0,0.0
2,5,1103,12.56300254,recommended,0.0,1.0
2,6,3850,31.45776364,recommended,0.0,0.0
2,7,3283,20.96272395,recommended,0.0,0.0
3,0,2741,1.18600639,recommended,0.0,1.0
3,1,1709,0.0,recommended,1.0,0.0
3,2,1005,12.7214048,recommended,0.0,0.0
3,3,2525,38.88169758,recommended,0.0,0.0
3,4,1944,26.96354436,recommended,0.0,0.0
3,5,1674,0.668792684,recommended,0.0,1.0
3,6,1989,47.555818,recommended,1.0,0.0
3,7,2612,19.596159,recommended,0.0,0.0
4,0,1241,70.56509529,recommended,1.0,0.0
4,1,1851,72.63770939,recommended,0.0,1.0
4,2,2362,48.30710262,recommended,0.0,0.0
4,3,3539,0.0,recommended,0.0,0.0
4,4,3351,4.892554111,recommended,0.0,0.0
4,5,3668,5.82300352,recommended,0.0,0.0
4,6,2736,12.57060724,recommended,0.0,0.0
4,7,2411,18.20970217,recommended,0.0,0.0
5,0,3738,39.83155733,recommended,0.0,0.0
5,1,823,68.55764886,recommended,0.0,1.0
5,2,427,55.99062735,recommended,1.0,0.0
5,3,957,14.49254361,recommended,0.0,0.0
5,4,3478,60.54913452,recommended,1.0,0.0
5,5,505,57.37548977,recommended,0.0,0.0
5,6,3076,25.95507424,recommended,1.0,0.0
5,7,1167,49.9274003,recommended,0.0,1.0
6,0,2811,52.13571621,recommended,0.0,0.0
6,1,195,4.497312079,recommended,1.0,0.0
6,2,1201,48.47717448,recommended,1.0,0.0
6,3,388,31.9937252,recommended,0.0,0.0
6,4,3249,15.39357697,recommended,1.0,0.0
6,5,3561,91.52862329,recommended,0.0,0.0
6,6,1216,0.568210949,recommended,1.0,0.0
6,7,1319,47.63735715,recommended,1.0,0.0
7,0,1783,48.77228165,recommended,0.0,0.0
7,1,2251,72.38342011,recommended,1.0,0.0
7,2,335,25.45694196,recommended,0.0,0.0
7,3,2593,84.85609846,recommended,0.0,1.0
7,4,875,32.19059222,recommended,1.0,0.0
7,5,3372,36.47724246,recommended,0.0,1.0
7,6,1131,60.28357539,recommended,0.0,1.0
7,7,1729,39.80435813,recommended,0.0,0.0
8,0,828,98.73132029,recommended,0.0,1.0
8,1,792,64.52902546,recommended,0.0,0.0
8,2,1250,1.297818598,recommended,1.0,0.0
8,3,3228,86.41285544,recommended,1.0,0.0
8,4,786,54.8424453,recommended,0.0,1.0
8,5,2085,80.90409924,recommended,0.0,1.0
8,6,1545,46.6599306,recommended,1.0,0.0
8,7,1234,67.67136056,recommended,0.0,0.0
9,0,2798,92.57247896,recommended,0.0,1.0
9,1,814,78.63353277,recommended,0.0,1.0
9,2,528,82.51131881,recommended,0.0,1.0
9,3,1048,83.17489955,recommended,0.0,1.0
9,4,2969,86.59757822,recommended,0.0,1.0
9,5,1900,65.066599,recommended,1.0,0.0
9,6,3112,48.18783868,recommended,0.0,0.0
9,7,1370,12.44362591,recommended,0.0,0.0
10,0,2205,51.38895599,recommended,0.0,1.0
10,1,2138,62.426823,recommended,0.0,1.0
10,2,670,77.57371189,recommended,0.0,1.0
10,3,1758,50.43757677,recommended,0.0,1.0
10,4,1529,53.59986981,recommended,0.0,1.0
10,5,1375,63.26443611,recommended,0.0,1.0
10,6,583,83.08846167,recommended,0.0,1.0
10,7,1513,84.68245385,recommended,0.0,1.0
11,0,1931,42.25144884,recommended,0.0,1.0
11,1,1908,6.591475121,recommended,0.0,1.0
11,2,3564,64.45105489,recommended,0.0,1.0
11,3,2126,91.13914928,recommended,1.0,0.0
11,4,230,57.84627264,recommended,0.0,1.0
11,5,806,46.74806516,recommended,0.0,1.0
11,6,1286,44.56568658,recommended,0.0,1.0
11,7,795,63.71103229,recommended,0.0,1.0
12,0,1311,79.26160687,recommended,0.0,1.0
12,1,663,86.68959994,recommended,0.0,1.0
12,2,2817,86.89971677,recommended,1.0,0.0
12,3,1578,31.9378098,recommended,1.0,0.0
12,4,2293,86.41541039,recommended,0.0,0.0
12,5,475,73.07610721,recommended,0.0,1.0
12,6,2300,80.9780499,recommended,0.0,0.0
12,7,2308,74.07785582,recommended,0.0,1.0
13,0,392,76.73725946,recommended,0.0,1.0
13,1,921,37.03037628,recommended,0.0,1.0
13,2,1500,18.74350865,recommended,0.0,1.0
13,3,3798,83.01646677,recommended,1.0,0.0
13,4,2766,86.20017514,recommended,0.0,0.0
13,5,2752,80.58281911,recommended,0.0,1.0
13,6,2966,71.00136701,recommended,1.0,0.0
13,7,1336,89.5866498,recommended,1.0,0.0
14,0,1847,28.13311375,recommended,0.0,1.0
14,1,2336,6.315944702,recommended,0.0,1.0
14,2,2220,86.79260178,recommended,0.0,0.0
14,3,3364,84.17796028,recommended,0.0,0.0
14,4,2506,81.99763098,recommended,1.0,0.0
14,5,2810,28.72536954,recommended,0.0,1.0
14,6,3240,82.02772208,recommended,0.0,1.0
14,7,1056,86.78620377,recommended,1.0,0.0
15,0,3386,44.47903411,recommended,0.0,0.0
15,1,549,83.29437838,recommended,1.0,0.0
15,2,3663,74.39518038,recommended,0.0,0.0
15,3,3933,93.87454124,recommended,0.0,1.0
15,4,3686,70.67829218,recommended,0.0,1.0
15,5,3060,65.57301901,recommended,0.0,1.0
15,6,784,73.49750543,recommended,1.0,0.0
15,7,409,93.02887198,recommended,0.0,1.0
16,0,2878,4.522238884,recommended,0.0,1.0
16,1,1036,76.98654081,recommended,0.0,0.0
16,2,3801,2.74612364,recommended,0.0,1.0
16,3,923,89.32312927,recommended,1.0,0.0
16,4,747,84.91024962,recommended,0.0,0.0
16,5,793,61.25906652,recommended,0.0,1.0
16,6,506,52.90774845,recommended,1.0,0.0
16,7,1357,84.9300227,recommended,1.0,0.0
17,0,1658,90.22793001,recommended,0.0,1.0
17,1,2761,52.43953497,recommended,0.0,1.0
17,2,3471,73.72948461,recommended,0.0,1.0
17,3,2808,70.2055639,recommended,0.0,1.0
17,4,988,8.008432112,recommended,0.0,1.0
17,5,2092,53.14523882,recommended,0.0,0.0
17,6,396,11.09901507,recommended,0.0,1.0
17,7,1652,87.90201497,recommended,0.0,1.0
18,0,2103,67.97015702,recommended,0.0,1.0
18,1,3766,77.85078652,recommended,0.0,1.0
18,2,864,67.19184926,recommended,0.0,1.0
18,3,460,68.74074216,recommended,0.0,1.0
18,4,52,46.25838016,recommended,0.0,1.0
18,5,3678,46.6498955,recommended,0.0,1.0
18,6,3209,80.07437026,recommended,0.0,1.0
18,7,2748,14.44407911,recommended,0.0,1.0
19,0,2215,94.50096737,recommended,0.0,0.0
19,1,507,47.94242943,recommended,0.0,1.0
19,2,2992,30.87112941,recommended,0.0,0.0
19,3,2820,98.28722602,recommended,0.0,1.0
19,4,3087,63.14714159,recommended,0.0,1.0
19,5,15,0.0,recommended,0.0,1.0
19,6,3188,86.19820374,recommended,0.0,0.0
19,7,683,82.1847816,recommended,0.0,1.0
-1,0,65,0.0,init,1.0,0.0
-1,1,1297,2.067024275,init,0.0,0.0
-1,2,3667,3.678633066,init,1.0,0.0
-1,3,3207,1.152603634,init,0.0,1.0
-1,4,2779,1.039903259,init,0.0,0.0
-1,5,1993,2.720923971,init,0.0,1.0
-1,6,2950,4.337310253,init,1.0,0.0
-1,7,2585,0.0,init,0.0,0.0
0,0,43,38.91690391,recommended,0.0,0.0
0,1,1308,0.0,recommended,1.0,0.0
0,2,3690,15.19452071,recommended,0.0,1.0
0,3,3200,70.05483344,recommended,0.0,0.0
0,4,2839,54.9141799,recommended,1.0,0.0
0,5,2040,80.28534176,recommended,1.0,0.0
0,6,2985,89.48065113,recommended,0.0,1.0
0,7,2677,20.3250042,recommended,0.0,0.0
1,0,2596,16.70711364,recommended,0.0,0.0
1,1,3037,26.05284451,recommended,0.0,1.0
1,2,1151,40.47969677,recommended,1.0,0.0
1,3,3883,0.0,recommended,0.0,0.0
1,4,2727,28.58196621,recommended,1.0,0.0
1,5,3165,57.02971842,recommended,0.0,1.0
1,6,2925,19.53099508,recommended,0.0,0.0
1,7,3943,15.35251148,recommended,1.0,0.0
2,0,3541,0.0,recommended,0.0,0.0
2,1,317,1.252505333,recommended,0.0,0.0
2,2,685,0.810171959,recommended,1.0,0.0
2,3,1923,62.64059826,recommended,0.0,0.0
2,4,3080,0.0,recommended,0.0,0.0
2,5,1126,0.828206999,recommended,0.0,0.0
2,6,2780,49.30223849,recommended,1.0,0.0
2,7,3687,1.204026973,recommended,0.0,0.0
3,0,2206,1.629425083,recommended,0.0,0.0
3,1,2749,56.62080434,recommended,0.0,1.0
3,2,3176,40.48594286,recommended,1.0,0.0
3,3,361,2.579355469,recommended,0.0,0.0
3,4,81,9.627089409,recommended,0.0,1.0
3,5,2433,62.79572595,recommended,1.0,0.0
3,6,2711,73.4448659,recommended,1.0,0.0
3,7,3514,4.469322068,recommended,0.0,0.0
4,0,3887,39.67142934,recommended,0.0,0.0
4,1,426,11.65626027,recommended,1.0,0.0
4,2,2968,46.24961136,recommended,0.0,1.0
4,3,2395,0.597123544,recommended,0.0,0.0
4,4,1108,2.145304957,recommended,1.0,0.0
4,5,3466,2.871965335,recommended,0.0,0.0
4,6,1919,5.605744575,recommended,0.0,0.0
4,7,3606,36.80117668,recommended,0.0,0.0
5,0,39,2.443106533,recommended,0.0,0.0
5,1,2682,36.85037948,recommended,0.0,0.0
5,2,992,64.23525691,recommended,1.0,0.0
5,3,2464,2.819747326,recommended,0.0,0.0
5,4,2401,34.22871308,recommended,0.0,0.0
5,5,1865,28.59018557,recommended,0.0,1.0
5,6,1070,82.21280375,recommended,0.0,1.0
5,7,2634,27.07281953,recommended,0.0,1.0
6,0,3545,16.48404533,recommended,0.0,1.0
6,1,2488,32.99753143,recommended,0.0,0.0
6,2,1998,7.713999512,recommended,0.0,0.0
6,3,3092,2.373221649,recommended,0.0,0.0
6,4,3189,20.36311527,recommended,0.0,0.0
6,5,2068,29.06844689,recommended,0.0,0.0
6,6,2837,68.0065648,recommended,0.0,0.0
6,7,2410,19.59428889,recommended,0.0,0.0
7,0,3209,80.07437026,recommended,0.0,1.0
7,1,3871,20.45508721,recommended,0.0,0.0
7,2,1522,1.226874544,recommended,1.0,0.0
7,3,736,2.103607287,recommended,0.0,0.0
7,4,2014,74.81544975,recommended,1.0,0.0
7,5,1011,42.70251629,recommended,1.0,0.0
7,6,2926,9.546870881,recommended,1.0,0.0
7,7,148,35.92744664,recommended,0.0,0.0
8,0,2539,36.55522639,recommended,0.0,0.0
8,1,2386,0.0,recommended,0.0,0.0
8,2,670,77.57371189,recommended,0.0,1.0
8,3,2744,61.99734129,recommended,1.0,0.0
8,4,1648,7.156167613,recommended,0.0,0.0
8,5,3432,63.53604944,recommended,0.0,1.0
8,6,62,40.08669181,recommended,0.0,1.0
8,7,891,63.99072189,recommended,0.0,0.0
9,0,2606,2.627491811,recommended,0.0,0.0
9,1,1294,10.46965924,recommended,0.0,0.0
9,2,839,71.60789091,recommended,1.0,0.0
9,3,3788,0.995077613,recommended,0.0,0.0
9,4,356,39.2434395,recommended,0.0,0.0
9,5,1185,70.29330199,recommended,0.0,1.0
9,6,512,84.81458604,recommended,0.0,1.0
9,7,983,51.15306518,recommended,0.0,1.0
10,0,762,21.94834142,recommended,1.0,0.0
10,1,599,74.23518284,recommended,1.0,0.0
10,2,3650,58.864107,recommended,0.0,1.0
10,3,3528,0.706381042,recommended,0.0,0.0
10,4,646,33.21564888,recommended,0.0,0.0
10,5,3657,36.28377215,recommended,1.0,0.0
10,6,1114,5.980979595,recommended,0.0,1.0
10,7,3609,11.31144666,recommended,0.0,0.0
11,0,92,72.8478499,recommended,0.0,0.0
11,1,1153,17.39978172,recommended,0.0,0.0
11,2,950,5.529906697,recommended,0.0,0.0
11,3,1440,69.97972982,recommended,0.0,1.0
11,4,51,41.73289196,recommended,1.0,0.0
11,5,1836,35.2030282,recommended,0.0,1.0
11,6,205,13.02243467,recommended,0.0,0.0
11,7,3575,1.232632372,recommended,1.0,0.0
12,0,2275,51.39708789,recommended,0.0,1.0
12,1,3194,20.36820588,recommended,0.0,0.0
12,2,788,65.86005497,recommended,1.0,0.0
12,3,176,66.51493362,recommended,1.0,0.0
12,4,2704,44.1778543,recommended,0.0,1.0
12,5,1809,31.93031022,recommended,0.0,0.0
12,6,3300,64.02888238,recommended,0.0,0.0
12,7,1160,9.062775444,recommended,0.0,0.0
13,0,2086,57.95486785,recommended,0.0,1.0
13,1,2209,16.04849725,recommended,0.0,0.0
13,2,2869,69.21564786,recommended,0.0,0.0
13,3,2765,27.47304315,recommended,0.0,0.0
13,4,655,61.65083258,recommended,1.0,0.0
13,5,2318,2.890686767,recommended,0.0,1.0
13,6,3602,61.82340519,recommended,0.0,1.0
13,7,2174,37.46429839,recommended,0.0,0.0
14,0,3347,77.03264152,recommended,1.0,0.0
14,1,1518,31.2588772,recommended,1.0,0.0
14,2,2127,19.60222309,recommended,0.0,0.0
14,3,1846,78.46972259,recommended,0.0,0.0
14,4,3444,94.54981251,recommended,0.0,0.0
14,5,733,31.41749034,recommended,0.0,0.0
14,6,659,44.33872807,recommended,1.0,0.0
14,7,2180,41.80838188,recommended,0.0,1.0
15,0,3845,56.49708288,recommended,1.0,0.0
15,1,339,42.12607272,recommended,1.0,0.0
15,2,389,61.83593039,recommended,0.0,0.0
15,3,1371,0.389738186,recommended,0.0,0.0
15,4,2532,45.39654665,recommended,0.0,1.0
15,5,2179,20.76458994,recommended,1.0,0.0
15,6,3084,10.59565991,recommended,0.0,0.0
15,7,413,3.26158183,recommended,1.0,0.0
16,0,2028,16.43551115,recommended,0.0,0.0
16,1,3682,10.75553549,recommended,0.0,0.0
16,2,1823,7.641917878,recommended,0.0,1.0
16,3,36,0.0,recommended,0.0,1.0
16,4,724,56.80622374,recommended,0.0,1.0
16,5,726,67.69619533,recommended,0.0,0.0
16,6,274,0.929191796,recommended,0.0,0.0
16,7,3804,27.15198165,recommended,0.0,0.0
17,0,2607,17.30024922,recommended,0.0,0.0
17,1,553,21.70039266,recommended,1.0,0.0
17,2,403,0.0,recommended,0.0,0.0
17,3,3768,73.26731184,recommended,0.0,1.0
17,4,1121,44.04139335,recommended,0.0,0.0
17,5,2502,1.257407502,recommended,0.0,1.0
17,6,3499,27.32636453,recommended,0.0,0.0
17,7,1584,53.55291415,recommended,1.0,0.0
18,0,1926,8.36792795,recommended,0.0,1.0
18,1,433,18.37316337,recommended,0.0,0.0
18,2,1280,13.53376242,recommended,1.0,0.0
18,3,467,13.98397961,recommended,0.0,0.0
18,4,1232,18.1188647,recommended,0.0,0.0
18,5,2982,59.29246641,recommended,1.0,0.0
18,6,2533,9.508022367,recommended,1.0,0.0
18,7,3914,81.78695125,recommended,1.0,0.0
19,0,407,3.373624056,recommended,0.0,1.0
19,1,1825,7.479579469,recommended,1.0,0.0
19,2,3706,39.0058585,recommended,0.0,0.0
19,3,1290,0.0,recommended,0.0,0.0
19,4,877,1.582170389,recommended,0.0,0.0
19,5,2588,73.31932313,recommended,0.0,1.0
19,6,2859,34.44632451,recommended,0.0,0.0
19,7,167,0.0,recommended,1.0,0.0
-1,0,1457,2.570236026,init,0.0,0.0
-1,1,3191,2.97486192,init,0.0,0.0
-1,2,2432,1.249008464,init,0.0,0.0
-1,3,3275,1.52899949,init,0.0,0.0
-1,4,441,4.510171982,init,0.0,0.0
-1,5,3121,0.0,init,1.0,0.0
-1,6,2253,0.0,init,0.0,0.0
-1,7,2915,0.380918213,init,0.0,0.0
0,0,3350,9.609943508,global_best,1.0,0.0
0,1,1315,13.20129952,global_best,1.0,0.0
0,2,3777,8.246523526,global_best,0.0,1.0
0,3,2270,19.47556274,global_best,0.0,1.0
0,4,3404,3.547951578,local_best,0.0,0.0
0,5,320,13.55922704,local_best,0.0,0.0
0,6,3550,6.536001371,unexplored,0.0,0.0
0,7,981,14.03184959,unexplored,0.0,1.0
1,0,2546,0.970983294,global_best,0.0,1.0
1,1,2748,14.44407911,global_best,0.0,1.0
1,2,2482,13.95628888,global_best,0.0,1.0
1,3,1207,11.72782605,global_best,0.0,1.0
1,4,263,21.81045338,local_best,1.0,0.0
1,5,1021,12.33593597,local_best,0.0,1.0
1,6,2878,4.522238884,unexplored,0.0,1.0
1,7,1288,10.05139356,unexplored,0.0,1.0
2,0,1668,0.0,global_best,1.0,0.0
2,1,1976,0.413827697,global_best,1.0,0.0
2,2,2959,26.6793303,global_best,1.0,0.0
2,3,1323,48.23235239,global_best,1.0,0.0
2,4,439,73.16269955,local_best,1.0,0.0
2,5,1086,12.90161423,local_best,1.0,0.0
2,6,2123,7.275251821,unexplored,1.0,0.0
2,7,998,78.78970759,unexplored,1.0,0.0
3,0,3077,35.68280094,global_best,0.0,0.0
3,1,416,90.31730943,global_best,0.0,0.0
3,2,1247,99.03446213,global_best,0.0,0.0
3,3,3055,63.351286,global_best,0.0,0.0
3,4,3218,80.53864746,local_best,0.0,1.0
3,5,154,72.345187,local_best,1.0,0.0
3,6,1803,82.71053034,unexplored,1.0,0.0
3,7,2501,69.13479769,unexplored,1.0,0.0
4,0,288,66.28326385,global_best,0.0,0.0
4,1,3357,69.94718927,global_best,0.0,0.0
4,2,803,59.4767437,global_best,0.0,0.0
4,3,28,51.10248957,global_best,0.0,0.0
4,4,3902,99.61910732,local_best,0.0,1.0
4,5,3173,97.94800557,local_best,1.0,0.0
4,6,3941,70.62989218,unexplored,0.0,0.0
4,7,1393,79.52732954,unexplored,0.0,1.0
5,0,2001,85.89473594,global_best,0.0,0.0
5,1,572,84.89551287,global_best,0.0,1.0
5,2,546,68.84449525,global_best,0.0,0.0
5,3,273,78.71189796,global_best,0.0,0.0
5,4,3308,90.64441503,local_best,0.0,0.0
5,5,1719,95.67591323,local_best,0.0,0.0
5,6,1359,86.23315653,unexplored,0.0,0.0
5,7,1613,96.13228316,unexplored,0.0,0.0
6,0,2085,80.90409924,global_best,0.0,1.0
6,1,702,57.01120739,global_best,0.0,1.0
6,2,3031,50.62222146,global_best,0.0,1.0
6,3,2807,82.32885806,global_best,0.0,1.0
6,4,1812,81.51017538,local_best,0.0,0.0
6,5,608,84.70172213,local_best,0.0,0.0
6,6,3292,77.54677515,unexplored,0.0,0.0
6,7,3507,86.76065944,unexplored,0.0,0.0
7,0,3546,95.55515456,global_best,0.0,0.0
7,1,882,97.29293259,global_best,0.0,1.0
7,2,2650,66.44951759,global_best,0.0,1.0
7,3,3892,72.46627889,global_best,0.0,0.0
7,4,463,88.51390693,local_best,0.0,1.0
7,5,1934,89.55924552,local_best,1.0,0.0
7,6,3933,93.87454124,unexplored,0.0,1.0
7,7,2039,98.17713445,unexplored,1.0,0.0
8,0,2934,49.61438009,global_best,0.0,1.0
8,1,3331,4.166287009,global_best,0.0,1.0
8,2,3343,51.75674767,global_best,0.0,1.0
8,3,2969,86.59757822,global_best,0.0,1.0
8,4,580,87.94083651,local_best,0.0,0.0
8,5,1193,86.42573792,local_best,0.0,0.0
8,6,3472,95.75260589,unexplored,0.0,0.0
8,7,2392,94.15173815,unexplored,0.0,0.0
9,0,1429,57.53990104,global_best,0.0,0.0
9,1,886,36.61548208,global_best,0.0,0.0
9,2,3538,2.510510682,global_best,0.0,0.0
9,3,570,86.53541708,global_best,0.0,0.0
9,4,3928,98.84920594,local_best,1.0,0.0
9,5,2905,88.72522624,local_best,1.0,0.0
9,6,3066,94.14846732,unexplored,0.0,0.0
9,7,3724,95.07020116,unexplored,0.0,0.0
10,0,321,51.68395023,global_best,0.0,0.0
10,1,3038,63.25759385,global_best,0.0,0.0
10,2,583,83.08846167,global_best,0.0,1.0
10,3,2014,74.81544975,global_best,1.0,0.0
10,4,300,91.51096876,local_best,0.0,1.0
10,5,3556,92.00324978,local_best,1.0,0.0
10,6,1915,92.35381549,unexplored,1.0,0.0
10,7,2827,92.11972779,unexplored,0.0,0.0
11,0,2034,93.31083413,global_best,0.0,1.0
11,1,3710,92.13719474,global_best,0.0,1.0
11,2,1320,91.26694463,global_best,0.0,1.0
11,3,2326,81.27460019,global_best,0.0,1.0
11,4,1417,83.49602396,local_best,0.0,0.0
11,5,112,80.80959568,local_best,0.0,0.0
11,6,2126,91.13914928,unexplored,1.0,0.0
11,7,2535,86.32465757,unexplored,1.0,0.0
12,0,3811,79.73976585,global_best,1.0,0.0
12,1,117,78.80108905,global_best,0.0,1.0
12,2,3561,91.52862329,global_best,0.0,0.0
12,3,2164,81.22830675,global_best,0.0,0.0
12,4,993,95.38648822,local_best,0.0,1.0
12,5,2543,89.12987666,local_best,1.0,0.0
12,6,42,97.56849953,unexplored,0.0,1.0
12,7,3239,92.91423383,unexplored,0.0,1.0
13,0,2171,0.646778821,global_best,0.0,1.0
13,1,2406,1.087256852,global_best,0.0,0.0
13,2,1709,0.0,global_best,1.0,0.0
13,3,305,4.582095156,global_best,0.0,1.0
13,4,3664,85.99469652,local_best,0.0,1.0
13,5,3090,89.61417594,local_best,1.0,0.0
13,6,3364,84.17796028,unexplored,0.0,0.0
13,7,3430,89.47412112,unexplored,0.0,0.0
14,0,828,98.73132029,global_best,0.0,1.0
14,1,2293,86.41541039,global_best,0.0,0.0
14,2,703,93.74857618,global_best,1.0,0.0
14,3,2712,86.08980917,global_best,0.0,0.0
14,4,2375,85.40177854,local_best,0.0,1.0
14,5,3429,81.29892199,local_best,0.0,1.0
14,6,2957,84.42429873,unexplored,0.0,1.0
14,7,1995,83.38501147,unexplored,0.0,1.0
15,0,2148,2.942173839,global_best,0.0,1.0
15,1,3655,35.55504656,global_best,0.0,1.0
15,2,217,0.354218547,global_best,1.0,0.0
15,3,3569,1.100030526,global_best,1.0,0.0
15,4,3630,96.59121826,local_best,1.0,0.0
15,5,2105,85.4419715,local_best,1.0,0.0
15,6,2991,93.03255731,unexplored,1.0,0.0
15,7,747,84.91024962,unexplored,0.0,0.0
16,0,2680,91.39064225,global_best,0.0,1.0
16,1,663,86.68959994,global_best,0.0,1.0
16,2,3676,77.8707536,global_best,1.0,0.0
16,3,2742,93.10117477,global_best,1.0,0.0
16,4,3111,91.05627032,local_best,1.0,0.0
16,5,1068,87.95919128,local_best,1.0,0.0
16,6,923,89.32312927,unexplored,1.0,0.0
16,7,1422,83.94468409,unexplored,1.0,0.0
17,0,2425,89.21674959,global_best,1.0,0.0
17,1,715,94.69105416,global_best,0.0,1.0
17,2,2215,94.50096737,global_best,0.0,0.0
17,3,2820,98.28722602,global_best,0.0,1.0
17,4,2985,89.48065113,local_best,0.0,1.0
17,5,2508,92.72370704,local_best,0.0,1.0
17,6,2452,94.87994774,unexplored,0.0,1.0
17,7,2798,92.57247896,unexplored,0.0,1.0
18,0,2745,54.83360857,global_best,0.0,0.0
18,1,3401,17.378304,global_best,0.0,0.0
18,2,140,63.62909921,global_best,0.0,0.0
18,3,3367,67.97172842,global_best,0.0,0.0
18,4,275,93.42111456,local_best,0.0,1.0
18,5,1940,92.25602815,local_best,0.0,1.0
18,6,2154,91.48509414,unexplored,0.0,1.0
18,7,1549,92.95670274,unexplored,1.0,0.0
19,0,3799,15.10235685,global_best,0.0,0.0
19,1,3832,42.29478749,global_best,0.0,0.0
19,2,89,54.29333472,global_best,0.0,1.0
19,3,2216,13.03686492,global_best,0.0,0.0
19,4,813,92.13068227,local_best,0.0,0.0
19,5,815,92.39124083,local_best,0.0,0.0
19,6,2220,86.79260178,unexplored,0.0,0.0
19,7,2459,87.55418753,unexplored,1.0,0.0
-1,0,1457,2.570236026,init,0.0,0.0
-1,1,3191,2.97486192,init,0.0,0.0
-1,2,2432,1.249008464,init,0.0,0.0
-1,3,3275,1.52899949,init,0.0,0.0
-1,4,441,4.510171982,init,0.0,0.0
-1,5,3121,0.0,init,1.0,0.0
-1,6,2253,0.0,init,0.0,0.0
-1,7,2915,0.380918213,init,0.0,0.0
0,0,3350,9.609943508,recommended,1.0,0.0
0,1,1315,13.20129952,recommended,1.0,0.0
0,2,3777,8.246523526,recommended,0.0,1.0
0,3,2270,19.47556274,recommended,0.0,1.0
0,4,3286,7.972544215,recommended,0.0,0.0
0,5,3568,5.427048525,recommended,0.0,0.0
0,6,3404,3.547951578,recommended,0.0,0.0
0,7,263,21.81045338,recommended,1.0,0.0
1,0,1668,0.0,recommended,1.0,0.0
1,1,1086,12.90161423,recommended,1.0,0.0
1,2,439,73.16269955,recommended,1.0,0.0
1,3,1323,48.23235239,recommended,1.0,0.0
1,4,998,78.78970759,recommended,1.0,0.0
1,5,1308,0.0,recommended,1.0,0.0
1,6,712,35.33585167,recommended,1.0,0.0
1,7,312,32.14841463,recommended,1.0,0.0
2,0,3055,63.351286,recommended,0.0,0.0
2,1,416,90.31730943,recommended,0.0,0.0
2,2,3724,95.07020116,recommended,0.0,0.0
2,3,3066,94.14846732,recommended,0.0,0.0
2,4,3507,86.76065944,recommended,0.0,0.0
2,5,3472,95.75260589,recommended,0.0,0.0
2,6,1193,86.42573792,recommended,0.0,0.0
2,7,1359,86.23315653,recommended,0.0,0.0
3,0,2043,77.75555198,recommended,0.0,0.0
3,1,1413,94.29690562,recommended,0.0,0.0
3,2,2901,65.38933316,recommended,0.0,0.0
3,3,1464,24.16256349,recommended,0.0,0.0
3,4,169,58.95423439,recommended,0.0,0.0
3,5,770,78.10978605,recommended,1.0,0.0
3,6,173,82.63071562,recommended,0.0,0.0
3,7,628,21.48672588,recommended,0.0,0.0
4,0,3783,15.1215994,recommended,0.0,0.0
4,1,1808,63.83709974,recommended,0.0,1.0
4,2,874,91.37329051,recommended,0.0,0.0
4,3,2745,54.83360857,recommended,0.0,0.0
4,4,42,97.56849953,recommended,0.0,1.0
4,5,1609,92.90401218,recommended,1.0,0.0
4,6,1005,12.7214048,recommended,0.0,0.0
4,7,541,27.05720868,recommended,0.0,0.0
5,0,2329,89.46707858,recommended,1.0,0.0
5,1,1850,6.151237345,recommended,0.0,0.0
5,2,1461,27.24737039,recommended,0.0,0.0
5,3,2347,15.42196799,recommended,0.0,0.0
5,4,2235,82.34937004,recommended,0.0,0.0
5,5,288,66.28326385,recommended,0.0,0.0
5,6,3803,83.44233536,recommended,0.0,0.0
5,7,387,76.16070518,recommended,0.0,0.0
6,0,3077,35.68280094,recommended,0.0,0.0
6,1,983,51.15306518,recommended,0.0,1.0
6,2,3292,77.54677515,recommended,0.0,0.0
6,3,1548,86.21496371,recommended,0.0,1.0
6,4,3291,44.9389876,recommended,1.0,0.0
6,5,1080,87.75322874,recommended,1.0,0.0
6,6,1812,81.51017538,recommended,0.0,0.0
6,7,995,99.99999,recommended,0.0,1.0
7,0,1393,79.52732954,recommended,0.0,1.0
7,1,853,24.6686189,recommended,1.0,0.0
7,2,3652,84.58893866,recommended,1.0,0.0
7,3,3458,70.14060434,recommended,1.0,0.0
7,4,2816,27.04583578,recommended,1.0,0.0
7,5,3342,77.54678733,recommended,1.0,0.0
7,6,2437,82.33244396,recommended,1.0,0.0
7,7,1261,58.17261114,recommended,1.0,0.0
8,0,463,88.51390693,recommended,0.0,1.0
8,1,1613,96.13228316,recommended,0.0,0.0
8,2,1934,89.55924552,recommended,1.0,0.0
8,3,3015,83.93941968,recommended,0.0,0.0
8,4,775,85.14015258,recommended,0.0,1.0
8,5,780,59.31991617,recommended,0.0,0.0
8,6,3646,63.72449893,recommended,0.0,0.0
8,7,273,78.71189796,recommended,0.0,0.0
9,0,1539,6.244420828,recommended,0.0,0.0
9,1,3232,79.01720716,recommended,0.0,0.0
9,2,2563,57.95225277,recommended,0.0,1.0
9,3,2469,63.18914382,recommended,1.0,0.0
9,4,3218,80.53864746,recommended,0.0,1.0
9,5,3278,63.42879895,recommended,0.0,1.0
9,6,1712,49.7806525,recommended,1.0,0.0
9,7,2960,79.76966371,recommended,0.0,0.0
10,0,3556,92.00324978,recommended,1.0,0.0
10,1,3753,81.63511603,recommended,1.0,0.0
10,2,1066,13.88482007,recommended,1.0,0.0
10,3,2580,40.32898976,recommended,0.0,0.0
10,4,2202,28.29509241,recommended,0.0,0.0
10,5,2527,80.90631241,recommended,0.0,0.0
10,6,2778,73.13874552,recommended,0.0,1.0
10,7,692,83.08232968,recommended,0.0,0.0
11,0,1070,82.21280375,recommended,0.0,1.0
11,1,2087,7.957289224,recommended,0.0,0.0
11,2,3637,50.42857568,recommended,0.0,0.0
11,3,2094,16.33859929,recommended,0.0,0.0
11,4,3113,14.43785417,recommended,0.0,0.0
11,5,734,84.53852223,recommended,0.0,1.0
11,6,3696,41.94054392,recommended,1.0,0.0
11,7,1921,23.02454867,recommended,0.0,0.0
12,0,310,79.07623711,recommended,0.0,0.0
12,1,2300,80.9780499,recommended,0.0,0.0
12,2,2078,83.05466982,recommended,0.0,0.0
12,3,2711,73.4448659,recommended,1.0,0.0
12,4,2803,82.84063003,recommended,0.0,0.0
12,5,2197,79.19714754,recommended,0.0,0.0
12,6,670,77.57371189,recommended,0.0,1.0
12,7,3150,79.63886176,recommended,0.0,1.0
13,0,3072,49.39865649,recommended,0.0,1.0
13,1,315,79.87241595,recommended,0.0,1.0
13,2,409,93.02887198,recommended,0.0,1.0
13,3,3037,26.05284451,recommended,0.0,1.0
13,4,2004,53.83922891,recommended,0.0,1.0
13,5,2463,94.34623373,recommended,0.0,1.0
13,6,3645,36.89391539,recommended,0.0,1.0
13,7,1085,16.2490011,recommended,0.0,1.0
14,0,813,92.13068227,recommended,0.0,0.0
14,1,2820,98.28722602,recommended,0.0,1.0
14,2,2220,86.79260178,recommended,0.0,0.0
14,3,828,98.73132029,recommended,0.0,1.0
14,4,3444,94.54981251,recommended,0.0,0.0
14,5,1549,92.95670274,recommended,1.0,0.0
14,6,2293,86.41541039,recommended,0.0,0.0
14,7,2742,93.10117477,recommended,1.0,0.0
15,0,2148,2.942173839,recommended,0.0,1.0
15,1,595,0.97555089,recommended,0.0,1.0
15,2,1967,0.355367929,recommended,0.0,0.0
15,3,2015,0.862838268,recommended,0.0,0.0
15,4,3569,1.100030526,recommended,1.0,0.0
15,5,3448,1.402918235,recommended,0.0,1.0
15,6,217,0.354218547,recommended,1.0,0.0
15,7,2771,1.068125406,recommended,0.0,0.0
16,0,663,86.68959994,recommended,0.0,1.0
16,1,3237,81.37846659,recommended,0.0,0.0
16,2,2837,68.0065648,recommended,0.0,0.0
16,3,3937,80.49152522,recommended,0.0,0.0
16,4,3757,86.00345438,recommended,0.0,1.0
16,5,1257,87.76406197,recommended,1.0,0.0
16,6,534,83.03295526,recommended,0.0,0.0
16,7,1136,50.13634297,recommended,0.0,1.0
17,0,2471,15.31942872,recommended,0.0,1.0
17,1,810,30.01215681,recommended,0.0,1.0
17,2,927,7.259312325,recommended,1.0,0.0
17,3,2415,1.117675591,recommended,0.0,0.0
17,4,1814,12.78013721,recommended,0.0,0.0
17,5,1259,18.21528105,recommended,1.0,0.0
17,6,130,0.968826586,recommended,0.0,0.0
17,7,1302,28.68684159,recommended,0.0,0.0
18,0,486,12.61696696,recommended,0.0,0.0
18,1,598,89.89767813,recommended,0.0,0.0
18,2,2095,57.08877056,recommended,0.0,0.0
18,3,2529,83.14947865,recommended,0.0,0.0
18,4,2686,1.826315609,recommended,0.0,0.0
18,5,2057,23.78240992,recommended,1.0,0.0
18,6,1196,52.34346738,recommended,0.0,0.0
18,7,3151,2.241763673,recommended,0.0,0.0
19,0,2712,86.08980917,recommended,0.0,0.0
19,1,703,93.74857618,recommended,1.0,0.0
19,2,1282,78.00495066,recommended,0.0,1.0
19,3,160,45.52509107,recommended,1.0,0.0
19,4,1336,89.5866498,recommended,1.0,0.0
19,5,1591,76.47373216,recommended,1.0,0.0
19,6,3033,76.95155975,recommended,1.0,0.0
19,7,1912,89.32288292,recommended,1.0,0.0
-1,0,1457,2.570236026,init,0.0,0.0
-1,1,3191,2.97486192,init,0.0,0.0
-1,2,2432,1.249008464,init,0.0,0.0
-1,3,3275,1.52899949,init,0.0,0.0
-1,4,441,4.510171982,init,0.0,0.0
-1,5,3121,0.0,init,1.0,0.0
-1,6,2253,0.0,init,0.0,0.0
-1,7,2915,0.380918213,init,0.0,0.0
0,0,3350,9.609943508,recommended,1.0,0.0
0,1,3777,8.246523526,recommended,0.0,1.0
0,2,3404,3.547951578,recommended,0.0,0.0
0,3,1315,13.20129952,recommended,1.0,0.0
0,4,2270,19.47556274,recommended,0.0,1.0
0,5,3286,7.972544215,recommended,0.0,0.0
0,6,3568,5.427048525,recommended,0.0,0.0
0,7,263,21.81045338,recommended,1.0,0.0
1,0,981,14.03184959,recommended,0.0,1.0
1,1,1668,0.0,recommended,1.0,0.0
1,2,1086,12.90161423,recommended,1.0,0.0
1,3,2959,26.6793303,recommended,1.0,0.0
1,4,712,35.33585167,recommended,1.0,0.0
1,5,312,32.14841463,recommended,1.0,0.0
1,6,1308,0.0,recommended,1.0,0.0
1,7,1323,48.23235239,recommended,1.0,0.0
2,0,3107,88.82757824,recommended,1.0,0.0
2,1,2991,93.03255731,recommended,1.0,0.0
2,2,1068,87.95919128,recommended,1.0,0.0
2,3,2105,85.4419715,recommended,1.0,0.0
2,4,3111,91.05627032,recommended,1.0,0.0
2,5,1056,86.78620377,recommended,1.0,0.0
2,6,2296,71.49385038,recommended,1.0,0.0
2,7,709,80.73687357,recommended,1.0,0.0
3,0,2669,65.27849508,recommended,0.0,0.0
3,1,3430,89.47412112,recommended,0.0,0.0
3,2,1075,59.55424843,recommended,0.0,0.0
3,3,1890,59.13712916,recommended,0.0,0.0
3,4,1327,17.56349703,recommended,0.0,0.0
3,5,598,89.89767813,recommended,0.0,0.0
3,6,242,88.44485055,recommended,0.0,1.0
3,7,3710,92.13719474,recommended,0.0,1.0
4,0,3087,63.14714159,recommended,0.0,1.0
4,1,3789,88.30829539,recommended,1.0,0.0
4,2,1347,76.33726193,recommended,0.0,1.0
4,3,2166,76.33612431,recommended,1.0,0.0
4,4,2225,53.50463767,recommended,0.0,1.0
4,5,1682,66.07082051,recommended,0.0,1.0
4,6,3492,62.99169098,recommended,0.0,1.0
4,7,988,8.008432112,recommended,0.0,1.0
5,0,3826,89.419451,recommended,1.0,0.0
5,1,784,73.49750543,recommended,1.0,0.0
5,2,1986,39.71442231,recommended,0.0,0.0
5,3,1262,78.70773698,recommended,0.0,1.0
5,4,2710,77.4707991,recommended,1.0,0.0
5,5,855,81.15618498,recommended,0.0,1.0
5,6,1490,79.62575679,recommended,0.0,1.0
5,7,1618,81.85780625,recommended,0.0,1.0
6,0,2375,85.40177854,recommended,0.0,1.0
6,1,3589,93.56409267,recommended,0.0,0.0
6,2,3522,60.47798465,recommended,1.0,0.0
6,3,3364,84.17796028,recommended,0.0,0.0
6,4,2135,35.36016156,recommended,0.0,0.0
6,5,1316,65.99016493,recommended,0.0,0.0
6,6,470,85.65923047,recommended,0.0,0.0
6,7,3773,74.31911492,recommended,0.0,0.0
7,0,1039,60.25206697,recommended,0.0,1.0
7,1,1108,2.145304957,recommended,1.0,0.0
7,2,2556,83.37705512,recommended,0.0,0.0
7,3,2722,21.75875381,recommended,0.0,0.0
7,4,2932,75.06901133,recommended,0.0,0.0
7,5,3135,25.99050807,recommended,0.0,0.0
7,6,1026,16.4099085,recommended,0.0,0.0
7,7,3638,20.64357371,recommended,0.0,0.0
8,0,251,50.70720641,recommended,1.0,0.0
8,1,1456,49.14544471,recommended,0.0,0.0
8,2,2120,85.13318487,recommended,1.0,0.0
8,3,757,79.65524299,recommended,1.0,0.0
8,4,3093,19.93006899,recommended,1.0,0.0
8,5,895,27.98543221,recommended,1.0,0.0
8,6,1625,77.82985513,recommended,1.0,0.0
8,7,2228,72.16100406,recommended,1.0,0.0
9,0,1264,46.16924796,recommended,1.0,0.0
9,1,3820,35.64598437,recommended,0.0,0.0
9,2,3391,77.6347291,recommended,0.0,0.0
9,3,747,84.91024962,recommended,0.0,0.0
9,4,2509,74.63930208,recommended,0.0,0.0
9,5,3089,54.30595244,recommended,0.0,1.0
9,6,1684,40.89777506,recommended,1.0,0.0
9,7,152,75.95426954,recommended,0.0,0.0
10,0,1957,82.57086092,recommended,0.0,0.0
10,1,569,67.75052852,recommended,0.0,0.0
10,2,2622,51.52656955,recommended,0.0,0.0
10,3,3692,71.05445565,recommended,1.0,0.0
10,4,3010,87.93113193,recommended,1.0,0.0
10,5,683,82.1847816,recommended,0.0,1.0
10,6,3614,66.42814295,recommended,0.0,0.0
10,7,753,20.15990301,recommended,0.0,0.0
11,0,2605,28.47849533,recommended,1.0,0.0
11,1,812,59.28097568,recommended,0.0,0.0
11,2,705,32.01759643,recommended,1.0,0.0
11,3,1306,93.09950718,recommended,0.0,1.0
11,4,725,63.56431346,recommended,0.0,1.0
11,5,243,63.56506276,recommended,1.0,0.0
11,6,3076,25.95507424,recommended,1.0,0.0
11,7,3703,84.60201966,recommended,0.0,1.0
12,0,1365,12.24156469,recommended,0.0,0.0
12,1,1352,73.60085469,recommended,1.0,0.0
12,2,1330,4.952408524,recommended,0.0,0.0
12,3,3449,14.46827704,recommended,1.0,0.0
12,4,430,64.01092118,recommended,0.0,0.0
12,5,1027,2.413308832,recommended,1.0,0.0
12,6,3849,0.0,recommended,0.0,0.0
12,7,3653,91.6524383,recommended,1.0,0.0
13,0,3038,63.25759385,recommended,0.0,0.0
13,1,2729,72.15476775,recommended,0.0,1.0
13,2,2679,86.2541164,recommended,0.0,1.0
13,3,80,51.8134607,recommended,1.0,0.0
13,4,3860,74.49984474,recommended,0.0,0.0
13,5,530,55.46040564,recommended,1.0,0.0
13,6,2366,28.5763008,recommended,1.0,0.0
13,7,1489,76.11415284,recommended,1.0,0.0
14,0,3235,63.00725217,recommended,0.0,1.0
14,1,2268,50.50908656,recommended,0.0,1.0
14,2,2517,36.7072802,recommended,0.0,1.0
14,3,1389,51.21151631,recommended,0.0,1.0
14,4,1129,60.85990802,recommended,0.0,1.0
14,5,1062,77.62777181,recommended,1.0,0.0
14,6,3085,47.20893463,recommended,1.0,0.0
14,7,583,83.08846167,recommended,0.0,1.0
15,0,849,84.44355873,recommended,1.0,0.0
15,1,3685,66.70576357,recommended,0.0,0.0
15,2,2014,74.81544975,recommended,1.0,0.0
15,3,2947,83.68183531,recommended,0.0,1.0
15,4,3839,87.36384149,recommended,0.0,0.0
15,5,3549,92.89765441,recommended,0.0,0.0
15,6,2944,78.22401013,recommended,1.0,0.0
15,7,3301,82.64502167,recommended,0.0,0.0
16,0,2487,59.55262648,recommended,0.0,0.0
16,1,3239,92.91423383,recommended,0.0,1.0
16,2,1142,33.74087377,recommended,0.0,1.0
16,3,2981,87.52908706,recommended,1.0,0.0
16,4,2908,66.50686069,recommended,0.0,1.0
16,5,1896,77.51023369,recommended,0.0,0.0
16,6,606,66.35401825,recommended,0.0,1.0
16,7,1842,65.93366748,recommended,0.0,1.0
17,0,3474,16.25514799,recommended,0.0,0.0
17,1,1995,83.38501147,recommended,0.0,1.0
17,2,1320,91.26694463,recommended,0.0,1.0
17,3,2034,93.31083413,recommended,0.0,1.0
17,4,882,97.29293259,recommended,0.0,1.0
17,5,2193,82.77010873,recommended,0.0,1.0
17,6,1929,39.09372544,recommended,0.0,0.0
17,7,1930,80.02551627,recommended,0.0,1.0
18,0,3546,95.55515456,recommended,0.0,0.0
18,1,3630,96.59121826,recommended,1.0,0.0
18,2,1836,35.2030282,recommended,0.0,1.0
18,3,501,36.30636065,recommended,0.0,1.0
18,4,321,51.68395023,recommended,0.0,0.0
18,5,1521,44.24461772,recommended,1.0,0.0
18,6,2336,6.315944702,recommended,0.0,1.0
18,7,9,35.53815083,recommended,0.0,0.0
19,0,3461,63.0697188,recommended,0.0,0.0
19,1,1303,24.95867786,recommended,1.0,0.0
19,2,1321,46.59177534,recommended,0.0,0.0
19,3,1,11.06445724,recommended,0.0,0.0
19,4,2326,81.27460019,recommended,0.0,1.0
19,5,91,57.9744807,recommended,1.0,0.0
19,6,3880,36.35900481,recommended,0.0,0.0
19,7,1705,36.62142901,recommended,0.0,0.0
-1,0,1457,2.570236026,init,0.0,0.0
-1,1,3191,2.97486192,init,0.0,0.0
-1,2,2432,1.249008464,init,0.0,0.0
-1,3,3275,1.52899949,init,0.0,0.0
-1,4,441,4.510171982,init,0.0,0.0
-1,5,3121,0.0,init,1.0,0.0
-1,6,2253,0.0,init,0.0,0.0
-1,7,2915,0.380918213,init,0.0,0.0
0,0,3696,41.94054392,recommended,1.0,0.0
0,1,751,29.74076309,recommended,1.0,0.0
0,2,2270,19.47556274,recommended,0.0,1.0
0,3,17,62.39976577,recommended,0.0,1.0
0,4,1963,10.49048013,recommended,0.0,1.0
0,5,2037,19.27582448,recommended,0.0,0.0
0,6,1121,44.04139335,recommended,0.0,0.0
0,7,2979,57.65452227,recommended,0.0,0.0
1,0,741,33.09635306,recommended,0.0,0.0
1,1,2942,57.19204969,recommended,0.0,1.0
1,2,3005,51.5902696,recommended,0.0,0.0
1,3,2434,2.599454304,recommended,0.0,1.0
1,4,3441,74.1058241,recommended,0.0,0.0
1,5,342,34.77458228,recommended,0.0,1.0
1,6,2086,57.95486785,recommended,0.0,1.0
1,7,3631,32.03830806,recommended,0.0,1.0
2,0,3530,57.24624739,recommended,0.0,0.0
2,1,814,78.63353277,recommended,0.0,1.0
2,2,3032,7.206982067,recommended,1.0,0.0
2,3,2953,39.22831543,recommended,0.0,0.0
2,4,2058,32.73462184,recommended,1.0,0.0
2,5,800,36.81475234,recommended,1.0,0.0
2,6,2869,69.21564786,recommended,0.0,0.0
2,7,33,37.90012178,recommended,0.0,0.0
3,0,1226,43.83894822,recommended,0.0,0.0
3,1,2124,90.99050642,recommended,1.0,0.0
3,2,891,63.99072189,recommended,0.0,0.0
3,3,361,2.579355469,recommended,0.0,0.0
3,4,769,30.16614104,recommended,0.0,0.0
3,5,1190,83.80386815,recommended,0.0,0.0
3,6,2857,37.0158274,recommended,0.0,0.0
3,7,1613,96.13228316,recommended,0.0,0.0
4,0,1422,83.94468409,recommended,1.0,0.0
4,1,995,99.99999,recommended,0.0,1.0
4,2,1417,83.49602396,recommended,0.0,0.0
4,3,3435,0.81239337,recommended,1.0,0.0
4,4,300,91.51096876,recommended,0.0,1.0
4,5,3556,92.00324978,recommended,1.0,0.0
4,6,3353,45.50180654,recommended,1.0,0.0
4,7,1434,35.20060583,recommended,1.0,0.0
5,0,2427,21.9180702,recommended,0.0,0.0
5,1,1301,66.37274183,recommended,1.0,0.0
5,2,2081,17.5357483,recommended,0.0,0.0
5,3,1066,13.88482007,recommended,1.0,0.0
5,4,3066,94.14846732,recommended,0.0,0.0
5,5,1072,20.99661905,recommended,1.0,0.0
5,6,3290,54.86277738,recommended,0.0,0.0
5,7,1720,68.44214129,recommended,1.0,0.0
6,0,2128,61.50487524,recommended,0.0,0.0
6,1,2508,92.72370704,recommended,0.0,1.0
6,2,38,71.55294754,recommended,0.0,1.0
6,3,1346,84.69021766,recommended,1.0,0.0
6,4,608,84.70172213,recommended,0.0,0.0
6,5,3922,80.02767877,recommended,1.0,0.0
6,6,2463,94.34623373,recommended,0.0,1.0
6,7,1291,10.68115857,recommended,0.0,0.0
7,0,3499,27.32636453,recommended,0.0,0.0
7,1,797,38.95047983,recommended,0.0,0.0
7,2,1335,84.40416295,recommended,0.0,1.0
7,3,377,30.28625472,recommended,0.0,0.0
7,4,190,62.53548833,recommended,0.0,0.0
7,5,370,47.90925553,recommended,0.0,1.0
7,6,3370,32.36907857,recommended,0.0,0.0
7,7,2452,94.87994774,recommended,0.0,1.0
8,0,3378,23.20886991,recommended,0.0,0.0
8,1,3291,44.9389876,recommended,1.0,0.0
8,2,1282,78.00495066,recommended,0.0,1.0
8,3,528,82.51131881,recommended,0.0,1.0
8,4,275,93.42111456,recommended,0.0,1.0
8,5,1257,87.76406197,recommended,1.0,0.0
8,6,3343,51.75674767,recommended,0.0,1.0
8,7,2934,49.61438009,recommended,0.0,1.0
9,0,3579,0.0,recommended,0.0,0.0
9,1,1210,1.858400826,recommended,0.0,1.0
9,2,1204,9.564949769,recommended,1.0,0.0
9,3,3865,88.35188783,recommended,1.0,0.0
9,4,1912,89.32288292,recommended,1.0,0.0
9,5,18,73.08177999,recommended,0.0,0.0
9,6,2768,14.81646107,recommended,0.0,1.0
9,7,1668,0.0,recommended,1.0,0.0
10,0,1060,15.22347574,recommended,0.0,0.0
10,1,1198,54.23706273,recommended,0.0,0.0
10,2,1695,50.80872036,recommended,1.0,0.0
10,3,3645,36.89391539,recommended,0.0,1.0
10,4,3630,96.59121826,recommended,1.0,0.0
10,5,3294,3.893641215,recommended,0.0,1.0
10,6,2699,33.22033214,recommended,0.0,0.0
10,7,1739,51.23480839,recommended,0.0,1.0
11,0,1306,93.09950718,recommended,0.0,1.0
11,1,177,79.68761126,recommended,0.0,0.0
11,2,3928,98.84920594,recommended,1.0,0.0
11,3,1068,87.95919128,recommended,1.0,0.0
11,4,3773,74.31911492,recommended,0.0,0.0
11,5,160,45.52509107,recommended,1.0,0.0
11,6,882,97.29293259,recommended,0.0,1.0
11,7,154,72.345187,recommended,1.0,0.0
12,0,2680,91.39064225,recommended,0.0,1.0
12,1,392,76.73725946,recommended,0.0,1.0
12,2,2947,83.68183531,recommended,0.0,1.0
12,3,1359,86.23315653,recommended,0.0,0.0
12,4,263,21.81045338,recommended,1.0,0.0
12,5,42,97.56849953,recommended,0.0,1.0
12,6,3429,81.29892199,recommended,0.0,1.0
12,7,1270,64.99704829,recommended,1.0,0.0
13,0,3232,79.01720716,recommended,0.0,0.0
13,1,366,78.2529931,recommended,0.0,1.0
13,2,1737,79.78226496,recommended,0.0,1.0
13,3,2972,34.91231211,recommended,0.0,1.0
13,4,2905,88.72522624,recommended,1.0,0.0
13,5,1799,67.52036403,recommended,0.0,1.0
13,6,3359,63.13467167,recommended,0.0,1.0
13,7,3496,39.55792883,recommended,0.0,1.0
14,0,3077,35.68280094,recommended,0.0,0.0
14,1,1294,10.46965924,recommended,0.0,0.0
14,2,761,33.9312366,recommended,0.0,1.0
14,3,3037,26.05284451,recommended,0.0,1.0
14,4,747,84.91024962,recommended,0.0,0.0
14,5,1574,72.58292155,recommended,0.0,1.0
14,6,1011,42.70251629,recommended,1.0,0.0
14,7,3535,78.61845192,recommended,0.0,1.0
15,0,784,73.49750543,recommended,1.0,0.0
15,1,406,95.12897845,recommended,0.0,0.0
15,2,2139,74.16554821,recommended,0.0,0.0
15,3,828,98.73132029,recommended,0.0,1.0
15,4,1238,37.1696242,recommended,0.0,0.0
15,5,3124,45.20399384,recommended,0.0,0.0
15,6,710,91.69839995,recommended,0.0,0.0
15,7,2535,86.32465757,recommended,1.0,0.0
16,0,1495,25.42117806,recommended,1.0,0.0
16,1,1734,80.0652435,recommended,0.0,0.0
16,2,2713,88.44637346,recommended,0.0,1.0
16,3,2215,94.50096737,recommended,0.0,0.0
16,4,571,4.80921591,recommended,1.0,0.0
16,5,3700,80.78104004,recommended,1.0,0.0
16,6,1812,81.51017538,recommended,0.0,0.0
16,7,1357,84.9300227,recommended,1.0,0.0
17,0,2870,81.56943098,recommended,0.0,1.0
17,1,3663,74.39518038,recommended,0.0,0.0
17,2,1336,89.5866498,recommended,1.0,0.0
17,3,3751,74.59231799,recommended,0.0,0.0
17,4,1070,82.21280375,recommended,0.0,1.0
17,5,771,89.97416157,recommended,0.0,0.0
17,6,981,14.03184959,recommended,0.0,1.0
17,7,3162,83.83843021,recommended,1.0,0.0
18,0,2837,68.0065648,recommended,0.0,0.0
18,1,2520,6.141106311,recommended,0.0,0.0
18,2,3628,79.05542624,recommended,0.0,1.0
18,3,2220,86.79260178,recommended,0.0,0.0
18,4,315,79.87241595,recommended,0.0,1.0
18,5,3131,19.13281286,recommended,0.0,0.0
18,6,715,94.69105416,recommended,0.0,1.0
18,7,3330,84.40270662,recommended,0.0,0.0
19,0,3826,89.419451,recommended,1.0,0.0
19,1,604,54.46826622,recommended,0.0,1.0
19,2,1193,86.42573792,recommended,0.0,0.0
19,3,2742,93.10117477,recommended,1.0,0.0
19,4,2120,85.13318487,recommended,1.0,0.0
19,5,3458,70.14060434,recommended,1.0,0.0
19,6,2697,60.06619639,recommended,0.0,1.0
19,7,734,84.53852223,recommended,0.0,1.0
-1,0,1457,2.570236026,init,0.0,0.0
-1,1,3191,2.97486192,init,0.0,0.0
-1,2,2432,1.249008464,init,0.0,0.0
-1,3,3275,1.52899949,init,0.0,0.0
-1,4,441,4.510171982,init,0.0,0.0
-1,5,3121,0.0,init,1.0,0.0
-1,6,2253,0.0,init,0.0,0.0
-1,7,2915,0.380918213,init,0.0,0.0
0,0,1491,4.12761042,recommended,1.0,0.0
0,1,3179,2.505489323,recommended,0.0,0.0
0,2,2498,36.38014621,recommended,1.0,0.0
0,3,3264,2.064063489,recommended,0.0,0.0
0,4,462,10.87603871,recommended,0.0,0.0
0,5,3113,14.43785417,recommended,0.0,0.0
0,6,2319,27.11496768,recommended,0.0,1.0
0,7,2945,2.565604497,recommended,0.0,0.0
1,0,3286,7.972544215,recommended,0.0,0.0
1,1,3694,0.0,recommended,0.0,0.0
1,2,1764,13.66496862,recommended,0.0,1.0
1,3,407,3.373624056,recommended,0.0,1.0
1,4,3641,1.781909967,recommended,0.0,1.0
1,5,3840,38.11608188,recommended,0.0,1.0
1,6,1682,66.07082051,recommended,0.0,1.0
1,7,2500,12.78962475,recommended,1.0,0.0
2,0,1364,24.02819715,recommended,1.0,0.0
2,1,404,0.299153601,recommended,0.0,0.0
2,2,808,49.50904012,recommended,0.0,0.0
2,3,432,5.071740985,recommended,0.0,0.0
2,4,403,0.0,recommended,0.0,0.0
2,5,3374,48.45171074,recommended,0.0,0.0
2,6,84,74.62339174,recommended,0.0,1.0
2,7,957,14.49254361,recommended,0.0,0.0
3,0,936,6.458217991,recommended,1.0,0.0
3,1,2590,10.00188169,recommended,0.0,0.0
3,2,3093,19.93006899,recommended,1.0,0.0
3,3,1528,27.6859428,recommended,0.0,0.0
3,4,2826,41.36745101,recommended,0.0,1.0
3,5,2540,2.118660091,recommended,0.0,1.0
3,6,2536,69.39855223,recommended,1.0,0.0
3,7,3524,0.705195152,recommended,0.0,0.0
4,0,3776,19.42489921,recommended,0.0,1.0
4,1,3913,41.17290032,recommended,1.0,0.0
4,2,3088,1.261091862,recommended,0.0,0.0
4,3,1032,38.74519603,recommended,0.0,0.0
4,4,2004,53.83922891,recommended,0.0,1.0
4,5,80,51.8134607,recommended,1.0,0.0
4,6,1164,27.33482675,recommended,0.0,0.0
4,7,1210,1.858400826,recommended,0.0,1.0
5,0,556,0.381599662,recommended,0.0,1.0
5,1,2314,60.5253289,recommended,1.0,0.0
5,2,1614,54.22895975,recommended,0.0,1.0
5,3,3599,23.09132333,recommended,1.0,0.0
5,4,3866,14.86685885,recommended,0.0,0.0
5,5,3714,7.768371677,recommended,0.0,0.0
5,6,744,20.6070389,recommended,0.0,1.0
5,7,2489,86.971127,recommended,0.0,1.0
6,0,3168,61.03423565,recommended,0.0,0.0
6,1,2460,32.95642094,recommended,0.0,0.0
6,2,3003,14.9442896,recommended,0.0,0.0
6,3,1512,0.0,recommended,0.0,1.0
6,4,2443,47.34357171,recommended,0.0,0.0
6,5,2846,41.59326244,recommended,0.0,0.0
6,6,1719,95.67591323,recommended,0.0,0.0
6,7,89,54.29333472,recommended,0.0,1.0
7,0,2620,33.95037625,recommended,0.0,0.0
7,1,3779,39.03126202,recommended,0.0,0.0
7,2,2077,38.14083048,recommended,1.0,0.0
7,3,2170,69.61841713,recommended,0.0,0.0
7,4,1657,61.87528527,recommended,0.0,1.0
7,5,2720,37.93567028,recommended,0.0,0.0
7,6,1436,24.42152468,recommended,0.0,0.0
7,7,300,91.51096876,recommended,0.0,1.0
8,0,2072,0.0,recommended,0.0,0.0
8,1,3717,44.5879911,recommended,1.0,0.0
8,2,2002,1.728296665,recommended,0.0,1.0
8,3,1485,0.0,recommended,1.0,0.0
8,4,1799,67.52036403,recommended,0.0,1.0
8,5,346,28.7617291,recommended,0.0,0.0
8,6,3738,39.83155733,recommended,0.0,0.0
8,7,3063,64.60187181,recommended,0.0,1.0
9,0,2868,8.110761371,recommended,0.0,0.0
9,1,2549,78.08461533,recommended,0.0,1.0
9,2,2675,0.0,recommended,0.0,0.0
9,3,1578,31.9378098,recommended,1.0,0.0
9,4,3017,2.008708666,recommended,1.0,0.0
9,5,864,67.19184926,recommended,0.0,1.0
9,6,2463,94.34623373,recommended,0.0,1.0
9,7,3604,19.42152909,recommended,0.0,0.0
10,0,1684,40.89777506,recommended,1.0,0.0
10,1,2760,5.889073661,recommended,0.0,0.0
10,2,44,75.97219172,recommended,1.0,0.0
10,3,3229,83.40919805,recommended,1.0,0.0
10,4,3545,16.48404533,recommended,0.0,1.0
10,5,2442,40.45135336,recommended,1.0,0.0
10,6,2584,70.19925962,recommended,0.0,1.0
10,7,1383,33.66516566,recommended,1.0,0.0
11,0,265,15.85078385,recommended,0.0,0.0
11,1,1376,8.776630533,recommended,0.0,1.0
11,2,438,51.21654271,recommended,0.0,0.0
11,3,2439,24.04057337,recommended,0.0,0.0
11,4,435,5.105134806,recommended,0.0,0.0
11,5,1956,13.34881918,recommended,0.0,0.0
11,6,288,66.28326385,recommended,0.0,0.0
11,7,2191,13.02655322,recommended,0.0,1.0
12,0,2076,20.51920273,recommended,0.0,0.0
12,1,1609,92.90401218,recommended,1.0,0.0
12,2,1548,86.21496371,recommended,0.0,1.0
12,3,3911,59.7575144,recommended,0.0,1.0
12,4,2014,74.81544975,recommended,1.0,0.0
12,5,2047,53.84533811,recommended,0.0,0.0
12,6,401,34.91039433,recommended,0.0,1.0
12,7,677,35.13952712,recommended,0.0,0.0
13,0,2037,19.27582448,recommended,0.0,0.0
13,1,1994,31.88044847,recommended,0.0,1.0
13,2,251,50.70720641,recommended,1.0,0.0
13,3,1830,5.460903942,recommended,0.0,1.0
13,4,2331,0.597977578,recommended,1.0,0.0
13,5,2120,85.13318487,recommended,1.0,0.0
13,6,45,13.50296194,recommended,1.0,0.0
13,7,2091,55.16379105,recommended,0.0,0.0
14,0,1373,21.86178566,recommended,1.0,0.0
14,1,1243,43.34412585,recommended,0.0,0.0
14,2,854,44.07099157,recommended,0.0,1.0
14,3,726,67.69619533,recommended,0.0,0.0
14,4,39,2.443106533,recommended,0.0,0.0
14,5,848,27.32089436,recommended,0.0,1.0
14,6,3280,22.70660834,recommended,0.0,0.0
14,7,3595,57.59970402,recommended,0.0,0.0
15,0,738,48.96975625,recommended,1.0,0.0
15,1,2398,4.992379236,recommended,0.0,0.0
15,2,711,34.30918762,recommended,0.0,1.0
15,3,2828,1.226267555,recommended,0.0,0.0
15,4,2679,86.2541164,recommended,0.0,1.0
15,5,2525,38.88169758,recommended,0.0,0.0
15,6,1726,15.06136862,recommended,1.0,0.0
15,7,2927,41.00150742,recommended,0.0,0.0
16,0,1118,1.034854608,recommended,1.0,0.0
16,1,1002,52.20286143,recommended,0.0,0.0
16,2,1823,7.641917878,recommended,0.0,1.0
16,3,3526,0.0,recommended,0.0,0.0
16,4,641,65.46891846,recommended,0.0,0.0
16,5,2357,8.653540466,recommended,0.0,0.0
16,6,1059,48.69500261,recommended,0.0,1.0
16,7,118,32.01377764,recommended,0.0,0.0
17,0,587,9.025273637,recommended,0.0,0.0
17,1,2717,0.0,recommended,0.0,0.0
17,2,741,33.09635306,recommended,0.0,0.0
17,3,3073,78.61961971,recommended,0.0,0.0
17,4,2588,73.31932313,recommended,0.0,1.0
17,5,3697,0.406585723,recommended,0.0,0.0
17,6,949,17.55880282,recommended,1.0,0.0
17,7,514,18.13660134,recommended,1.0,0.0
18,0,615,0.0,recommended,0.0,0.0
18,1,245,27.79577337,recommended,1.0,0.0
18,2,3419,63.07769687,recommended,0.0,1.0
18,3,2568,43.30658798,recommended,0.0,0.0
18,4,770,78.10978605,recommended,1.0,0.0
18,5,3488,24.93961347,recommended,0.0,0.0
18,6,1935,33.0062022,recommended,1.0,0.0
18,7,191,28.15132537,recommended,0.0,0.0
19,0,2981,87.52908706,recommended,1.0,0.0
19,1,3937,80.49152522,recommended,0.0,0.0
19,2,2203,0.682447226,recommended,1.0,0.0
19,3,1688,29.97543001,recommended,0.0,1.0
19,4,3034,43.35721014,recommended,0.0,1.0
19,5,477,52.24472601,recommended,0.0,0.0
19,6,594,0.027450906,recommended,0.0,0.0
19,7,2116,17.50108516,recommended,0.0,1.0
-1,0,2756,0.0,init,0.0,0.0
-1,1,1598,0.0,init,0.0,0.0
-1,2,2915,0.380918213,init,0.0,0.0
-1,3,2950,4.337310253,init,1.0,0.0
-1,4,2570,0.438548426,init,1.0,0.0
-1,5,1790,0.382305168,init,0.0,0.0
-1,6,3052,0.0,init,1.0,0.0
-1,7,1439,0.544984175,init,0.0,0.0
0,0,1823,7.641917878,global_best,0.0,1.0
0,1,144,7.802080337,global_best,0.0,0.0
0,2,729,3.595206135,global_best,0.0,0.0
0,3,3282,0.0,global_best,1.0,0.0
0,4,1094,33.33065232,local_best,1.0,0.0
0,5,3261,14.01241706,local_best,1.0,0.0
0,6,1515,15.12671706,unexplored,1.0,0.0
0,7,2988,12.592787,unexplored,1.0,0.0
1,0,1845,2.633148758,global_best,1.0,0.0
1,1,2273,0.0,global_best,0.0,0.0
1,2,3332,8.140819585,global_best,0.0,1.0
1,3,3238,69.52780108,global_best,1.0,0.0
1,4,2410,19.59428889,local_best,0.0,0.0
1,5,3069,36.58798902,local_best,0.0,1.0
1,6,1464,24.16256349,unexplored,0.0,0.0
1,7,2816,27.04583578,unexplored,1.0,0.0
2,0,1018,42.79858664,global_best,0.0,0.0
2,1,3453,45.52130306,global_best,0.0,0.0
2,2,190,62.53548833,global_best,0.0,0.0
2,3,2126,91.13914928,global_best,1.0,0.0
2,4,2918,78.28452045,local_best,1.0,0.0
2,5,1328,73.95050649,local_best,0.0,1.0
2,6,3476,47.85301388,unexplored,0.0,0.0
2,7,2527,80.90631241,unexplored,0.0,0.0
3,0,1434,35.20060583,global_best,1.0,0.0
3,1,3176,40.48594286,global_best,1.0,0.0
3,2,3201,72.70181754,global_best,1.0,0.0
3,3,3700,80.78104004,global_best,1.0,0.0
3,4,1513,84.68245385,local_best,0.0,1.0
3,5,2827,92.11972779,local_best,0.0,0.0
3,6,3360,58.46064001,unexplored,0.0,1.0
3,7,2506,81.99763098,unexplored,1.0,0.0
4,0,2566,0.0,global_best,0.0,0.0
4,1,3684,49.75811265,global_best,0.0,0.0
4,2,1724,2.135901423,global_best,0.0,0.0
4,3,1209,50.28049867,global_best,0.0,0.0
4,4,3785,85.22067267,local_best,0.0,0.0
4,5,3773,74.31911492,local_best,0.0,0.0
4,6,2066,32.33228249,unexplored,0.0,0.0
4,7,72,75.02467082,unexplored,0.0,0.0
5,0,3722,3.382805594,global_best,0.0,0.0
5,1,474,0.665471445,global_best,0.0,0.0
5,2,1110,52.59936901,global_best,0.0,0.0
5,3,1838,79.64252926,global_best,0.0,1.0
5,4,2228,72.16100406,local_best,1.0,0.0
5,5,1433,52.16406686,local_best,1.0,0.0
5,6,2326,81.27460019,unexplored,0.0,1.0
5,7,3168,61.03423565,unexplored,0.0,0.0
6,0,960,1.442502721,global_best,0.0,1.0
6,1,701,4.04132523,global_best,1.0,0.0
6,2,3814,23.79770547,global_best,0.0,1.0
6,3,1828,2.354282195,global_best,1.0,0.0
6,4,2890,67.99152053,local_best,0.0,1.0
6,5,2049,71.83207772,local_best,1.0,0.0
6,6,563,79.51166554,unexplored,0.0,1.0
6,7,1017,70.25926715,unexplored,0.0,1.0
7,0,1933,24.48223218,global_best,0.0,1.0
7,1,1248,3.638207936,global_best,1.0,0.0
7,2,1487,47.37471195,global_best,0.0,1.0
7,3,3942,64.185973,global_best,0.0,0.0
7,4,1896,77.51023369,local_best,0.0,0.0
7,5,2204,72.8784855,local_best,0.0,1.0
7,6,1319,47.63735715,unexplored,1.0,0.0
7,7,107,69.97034068,unexplored,0.0,0.0
8,0,3338,38.35488356,global_best,0.0,1.0
8,1,1218,42.68462411,global_best,0.0,1.0
8,2,3002,42.52654707,global_best,0.0,1.0
8,3,1378,49.97942971,global_best,1.0,0.0
8,4,2325,64.44051661,local_best,0.0,1.0
8,5,1496,70.14701034,local_best,0.0,1.0
8,6,1176,68.43167679,unexplored,1.0,0.0
8,7,1048,83.17489955,unexplored,0.0,1.0
9,0,2966,71.00136701,global_best,1.0,0.0
9,1,2103,67.97015702,global_best,0.0,1.0
9,2,3169,55.23935567,global_best,1.0,0.0
9,3,1307,42.00065126,global_best,0.0,0.0
9,4,3824,74.06067797,local_best,0.0,0.0
9,5,3456,70.51359377,local_best,1.0,0.0
9,6,489,56.60877307,unexplored,1.0,0.0
9,7,3509,47.15771685,unexplored,0.0,0.0
10,0,668,47.89881593,global_best,0.0,0.0
10,1,947,62.78571552,global_best,0.0,0.0
10,2,84,74.62339174,global_best,0.0,1.0
10,3,2381,61.05645885,global_best,0.0,1.0
10,4,1473,62.03548199,local_best,1.0,0.0
10,5,1692,55.58164705,local_best,1.0,0.0
10,6,2346,55.60412419,unexplored,1.0,0.0
10,7,3593,54.39040243,unexplored,1.0,0.0
11,0,962,68.67316565,global_best,0.0,1.0
11,1,3563,61.01774399,global_best,0.0,1.0
11,2,459,61.13755675,global_best,0.0,1.0
11,3,2872,64.8702395,global_best,0.0,0.0
11,4,3686,70.67829218,local_best,0.0,1.0
11,5,3564,64.45105489,local_best,0.0,1.0
11,6,1938,65.50667277,unexplored,1.0,0.0
11,7,500,57.33300234,unexplored,0.0,1.0
12,0,1705,36.62142901,global_best,0.0,0.0
12,1,1578,31.9378098,global_best,1.0,0.0
12,2,19,42.52691913,global_best,0.0,0.0
12,3,3746,42.30149711,global_best,0.0,1.0
12,4,3611,61.69857953,local_best,0.0,0.0
12,5,2287,50.4472159,local_best,1.0,0.0
12,6,1570,27.69709095,unexplored,0.0,0.0
12,7,3153,53.27735781,unexplored,0.0,0.0
13,0,296,40.31193463,global_best,0.0,1.0
13,1,2542,40.40712226,global_best,0.0,1.0
13,2,3603,34.27058432,global_best,0.0,1.0
13,3,911,53.28001638,global_best,0.0,0.0
13,4,339,42.12607272,local_best,1.0,0.0
13,5,566,37.62624076,local_best,1.0,0.0
13,6,1426,47.95299992,unexplored,0.0,0.0
13,7,1253,64.50667156,unexplored,0.0,0.0
14,0,29,27.22195897,global_best,0.0,0.0
14,1,2539,36.55522639,global_best,0.0,0.0
14,2,2503,46.64960106,global_best,0.0,0.0
14,3,3495,34.89766998,global_best,0.0,1.0
14,4,1104,27.27757284,local_best,0.0,0.0
14,5,2163,23.90935743,local_best,0.0,0.0
14,6,3636,60.41732712,unexplored,0.0,0.0
14,7,3178,21.19444726,unexplored,0.0,0.0
15,0,3543,21.77773542,global_best,0.0,0.0
15,1,3245,27.71714775,global_best,0.0,0.0
15,2,3025,35.80552258,global_best,0.0,1.0
15,3,1669,43.39942952,global_best,0.0,0.0
15,4,2555,32.37253744,local_best,0.0,0.0
15,5,1256,32.87780619,local_best,0.0,0.0
15,6,3779,39.03126202,unexplored,0.0,0.0
15,7,2782,25.1779767,unexplored,0.0,0.0
16,0,1797,45.77926691,global_best,0.0,0.0
16,1,2194,40.2947746,global_best,0.0,1.0
16,2,1691,37.54624547,global_best,0.0,0.0
16,3,2133,37.12675544,global_best,0.0,1.0
16,4,732,42.82874785,local_best,1.0,0.0
16,5,437,34.79607292,local_best,1.0,0.0
16,6,1299,39.99682926,unexplored,0.0,0.0
16,7,2389,39.43512545,unexplored,0.0,0.0
17,0,2466,0.399824711,global_best,0.0,1.0
17,1,2579,32.40012299,global_best,0.0,0.0
17,2,672,0.0,global_best,1.0,0.0
17,3,1885,45.54864618,global_best,0.0,0.0
17,4,1342,31.53029931,local_best,0.0,0.0
17,5,3506,35.33279168,local_best,1.0,0.0
17,6,1592,38.40946204,unexplored,1.0,0.0
17,7,2521,24.99527669,unexplored,0.0,0.0
18,0,350,52.2237426,global_best,0.0,0.0
18,1,3733,37.70168941,global_best,0.0,0.0
18,2,848,27.32089436,global_best,0.0,1.0
18,3,2302,21.26152094,global_best,0.0,1.0
18,4,985,23.50114845,local_best,0.0,0.0
18,5,2526,25.94389985,local_best,1.0,0.0
18,6,2380,35.8368136,unexplored,0.0,0.0
18,7,653,28.25277351,unexplored,1.0,0.0
19,0,2250,24.10905766,global_best,0.0,0.0
19,1,3651,24.17024028,global_best,0.0,1.0
19,2,889,21.44960942,global_best,0.0,0.0
19,3,3784,21.83853262,global_best,0.0,1.0
19,4,3904,24.95662893,local_best,0.0,0.0
19,5,1868,20.18480169,local_best,0.0,0.0
19,6,1660,17.02843498,unexplored,0.0,0.0
19,7,2743,30.08596307,unexplored,0.0,0.0
-1,0,2756,0.0,init,0.0,0.0
-1,1,1598,0.0,init,0.0,0.0
-1,2,2915,0.380918213,init,0.0,0.0
-1,3,2950,4.337310253,init,1.0,0.0
-1,4,2570,0.438548426,init,1.0,0.0
-1,5,1790,0.382305168,init,0.0,0.0
-1,6,3052,0.0,init,1.0,0.0
-1,7,1439,0.544984175,init,0.0,0.0
0,0,1823,7.641917878,recommended,0.0,1.0
0,1,144,7.802080337,recommended,0.0,0.0
0,2,729,3.595206135,recommended,0.0,0.0
0,3,3282,0.0,recommended,1.0,0.0
0,4,1726,15.06136862,recommended,1.0,0.0
0,5,2571,24.90011385,recommended,1.0,0.0
0,6,2434,2.599454304,recommended,0.0,1.0
0,7,1573,2.84616447,recommended,0.0,0.0
1,0,3807,76.83418769,recommended,1.0,0.0
1,1,3456,70.51359377,recommended,1.0,0.0
1,2,479,41.14460565,recommended,1.0,0.0
1,3,1135,68.99091328,recommended,1.0,0.0
1,4,550,23.70056273,recommended,1.0,0.0
1,5,3778,78.77070783,recommended,1.0,0.0
1,6,3683,24.62070452,recommended,1.0,0.0
1,7,740,69.08248124,recommended,1.0,0.0
2,0,3197,85.53405964,recommended,1.0,0.0
2,1,3040,78.41262052,recommended,0.0,0.0
2,2,781,83.76441682,recommended,0.0,1.0
2,3,3499,27.32636453,recommended,0.0,0.0
2,4,3676,77.8707536,recommended,1.0,0.0
2,5,2680,91.39064225,recommended,0.0,1.0
2,6,2519,33.8754215,recommended,0.0,0.0
2,7,1234,67.67136056,recommended,0.0,0.0
3,0,2939,40.21576406,recommended,0.0,1.0
3,1,2808,70.2055639,recommended,0.0,1.0
3,2,3035,64.60204454,recommended,0.0,1.0
3,3,459,61.13755675,recommended,0.0,1.0
3,4,1516,76.63515592,recommended,0.0,1.0
3,5,1565,80.58863006,recommended,0.0,1.0
3,6,1614,54.22895975,recommended,0.0,1.0
3,7,17,62.39976577,recommended,0.0,1.0
4,0,663,86.68959994,recommended,0.0,1.0
4,1,2713,88.44637346,recommended,0.0,1.0
4,2,3392,48.36115435,recommended,0.0,1.0
4,3,3498,79.04497323,recommended,0.0,1.0
4,4,1357,84.9300227,recommended,1.0,0.0
4,5,1656,36.05565123,recommended,1.0,0.0
4,6,2589,64.98015189,recommended,1.0,0.0
4,7,2635,79.07949659,recommended,1.0,0.0
5,0,1695,50.80872036,recommended,1.0,0.0
5,1,2536,69.39855223,recommended,1.0,0.0
5,2,624,63.35366236,recommended,0.0,1.0
5,3,3386,44.47903411,recommended,0.0,0.0
5,4,2837,68.0065648,recommended,0.0,0.0
5,5,475,73.07610721,recommended,0.0,1.0
5,6,3028,72.24358198,recommended,1.0,0.0
5,7,1048,83.17489955,recommended,0.0,1.0
6,0,1903,65.93988128,recommended,0.0,1.0
6,1,2617,3.510094374,recommended,0.0,1.0
6,2,1864,74.20453315,recommended,0.0,0.0
6,3,3938,31.29909936,recommended,0.0,1.0
6,4,1358,63.65319734,recommended,0.0,1.0
6,5,1816,70.24905586,recommended,0.0,1.0
6,6,2270,19.47556274,recommended,0.0,1.0
6,7,2609,54.53336611,recommended,0.0,1.0
7,0,3813,81.53694628,recommended,0.0,1.0
7,1,981,14.03184959,recommended,0.0,1.0
7,2,534,83.03295526,recommended,0.0,0.0
7,3,1932,58.32558385,recommended,1.0,0.0
7,4,2560,43.94688122,recommended,0.0,0.0
7,5,263,21.81045338,recommended,1.0,0.0
7,6,2303,60.26102193,recommended,0.0,1.0
7,7,3454,69.39495874,recommended,0.0,1.0
8,0,3845,56.49708288,recommended,1.0,0.0
8,1,894,63.8547365,recommended,1.0,0.0
8,2,184,73.53944548,recommended,1.0,0.0
8,3,1023,24.72320112,recommended,1.0,0.0
8,4,689,75.99606764,recommended,1.0,0.0
8,5,1148,78.76794462,recommended,1.0,0.0
8,6,1737,79.78226496,recommended,0.0,1.0
8,7,1639,86.6996801,recommended,1.0,0.0
9,0,954,4.444109893,recommended,1.0,0.0
9,1,2468,0.0,recommended,0.0,0.0
9,2,2349,16.31613355,recommended,1.0,0.0
9,3,2492,18.57739993,recommended,0.0,0.0
9,4,1882,16.47592229,recommended,0.0,0.0
9,5,1388,80.10225068,recommended,1.0,0.0
9,6,3729,24.01631717,recommended,0.0,0.0
9,7,2966,71.00136701,recommended,1.0,0.0
10,0,2861,76.3099624,recommended,0.0,0.0
10,1,0,70.41045785,recommended,0.0,0.0
10,2,3459,74.61155282,recommended,0.0,0.0
10,3,2930,55.08984272,recommended,0.0,0.0
10,4,533,72.98033012,recommended,0.0,0.0
10,5,3595,57.59970402,recommended,0.0,0.0
10,6,2664,28.40072634,recommended,1.0,0.0
10,7,3824,74.06067797,recommended,0.0,0.0
11,0,3605,77.92695821,recommended,1.0,0.0
11,1,2286,72.60987428,recommended,1.0,0.0
11,2,1009,32.00160024,recommended,1.0,0.0
11,3,125,32.57727167,recommended,1.0,0.0
11,4,2547,70.04834525,recommended,0.0,0.0
11,5,1480,16.1585109,recommended,0.0,0.0
11,6,2470,61.91869342,recommended,0.0,0.0
11,7,1309,21.50066765,recommended,0.0,0.0
12,0,2433,62.79572595,recommended,1.0,0.0
12,1,1773,58.92871095,recommended,1.0,0.0
12,2,3817,54.58472012,recommended,1.0,0.0
12,3,174,52.72286451,recommended,1.0,0.0
12,4,3848,49.94868445,recommended,1.0,0.0
12,5,3937,80.49152522,recommended,0.0,0.0
12,6,1116,78.17281005,recommended,1.0,0.0
12,7,3857,38.10999093,recommended,0.0,1.0
13,0,3312,54.63079808,recommended,0.0,1.0
13,1,2041,62.46560879,recommended,0.0,1.0
13,2,535,53.37807808,recommended,0.0,1.0
13,3,2552,38.32865111,recommended,0.0,0.0
13,4,1392,52.85443039,recommended,0.0,1.0
13,5,211,1.660025621,recommended,1.0,0.0
13,6,295,29.55686861,recommended,0.0,0.0
13,7,528,82.51131881,recommended,0.0,1.0
14,0,1257,87.76406197,recommended,1.0,0.0
14,1,1985,15.64688259,recommended,0.0,0.0
14,2,1346,84.69021766,recommended,1.0,0.0
14,3,2040,80.28534176,recommended,1.0,0.0
14,4,513,86.12188158,recommended,1.0,0.0
14,5,2124,90.99050642,recommended,1.0,0.0
14,6,632,78.02488381,recommended,1.0,0.0
14,7,1483,74.69880742,recommended,1.0,0.0
15,0,512,84.81458604,recommended,0.0,1.0
15,1,3024,74.22961906,recommended,0.0,0.0
15,2,1217,89.07661609,recommended,0.0,0.0
15,3,1163,17.08713871,recommended,0.0,0.0
15,4,532,40.01187418,recommended,1.0,0.0
15,5,3757,86.00345438,recommended,0.0,1.0
15,6,3237,81.37846659,recommended,0.0,0.0
15,7,758,34.48220577,recommended,0.0,0.0
16,0,760,54.69797468,recommended,0.0,0.0
16,1,2671,89.88953077,recommended,0.0,0.0
16,2,2766,86.20017514,recommended,0.0,0.0
16,3,1978,60.52865164,recommended,0.0,0.0
16,4,618,75.55480498,recommended,0.0,0.0
16,5,3405,38.40380593,recommended,0.0,0.0
16,6,1315,13.20129952,recommended,1.0,0.0
16,7,3041,47.18415816,recommended,0.0,0.0
17,0,2200,82.32171897,recommended,0.0,1.0
17,1,347,84.64975432,recommended,0.0,1.0
17,2,573,77.39811795,recommended,0.0,1.0
17,3,3167,86.19439925,recommended,0.0,1.0
17,4,3075,17.3168226,recommended,0.0,0.0
17,5,3719,76.3025428,recommended,0.0,1.0
17,6,1696,29.35743486,recommended,0.0,0.0
17,7,875,32.19059222,recommended,1.0,0.0
18,0,1110,52.59936901,recommended,0.0,0.0
18,1,2687,31.19527434,recommended,0.0,0.0
18,2,3300,64.02888238,recommended,0.0,0.0
18,3,2593,84.85609846,recommended,0.0,1.0
18,4,3810,63.40623793,recommended,1.0,0.0
18,5,3251,20.00288675,recommended,0.0,0.0
18,6,3842,31.37415917,recommended,0.0,0.0
18,7,3112,48.18783868,recommended,0.0,0.0
19,0,3370,32.36907857,recommended,0.0,0.0
19,1,3267,38.03832948,recommended,0.0,1.0
19,2,1585,38.26811211,recommended,0.0,0.0
19,3,2723,38.14302674,recommended,0.0,0.0
19,4,351,27.19452945,recommended,0.0,0.0
19,5,1622,33.94683682,recommended,0.0,0.0
19,6,2689,34.05189508,recommended,0.0,0.0
19,7,3591,28.88381703,recommended,0.0,0.0
-1,0,2756,0.0,init,0.0,0.0
-1,1,1598,0.0,init,0.0,0.0
-1,2,2915,0.380918213,init,0.0,0.0
-1,3,2950,4.337310253,init,1.0,0.0
-1,4,2570,0.438548426,init,1.0,0.0
-1,5,1790,0.382305168,init,0.0,0.0
-1,6,3052,0.0,init,1.0,0.0
-1,7,1439,0.544984175,init,0.0,0.0
0,0,144,7.802080337,recommended,0.0,0.0
0,1,1823,7.641917878,recommended,0.0,1.0
0,2,729,3.595206135,recommended,0.0,0.0
0,3,1726,15.06136862,recommended,1.0,0.0
0,4,2571,24.90011385,recommended,1.0,0.0
0,5,3282,0.0,recommended,1.0,0.0
0,6,3265,23.2960789,recommended,1.0,0.0
0,7,147,19.47378974,recommended,1.0,0.0
1,0,3456,70.51359377,recommended,1.0,0.0
1,1,3807,76.83418769,recommended,1.0,0.0
1,2,689,75.99606764,recommended,1.0,0.0
1,3,1148,78.76794462,recommended,1.0,0.0
1,4,184,73.53944548,recommended,1.0,0.0
1,5,3778,78.77070783,recommended,1.0,0.0
1,6,2349,16.31613355,recommended,1.0,0.0
1,7,550,23.70056273,recommended,1.0,0.0
2,0,512,84.81458604,recommended,0.0,1.0
2,1,1217,89.07661609,recommended,0.0,0.0
2,2,351,27.19452945,recommended,0.0,0.0
2,3,2124,90.99050642,recommended,1.0,0.0
2,4,3197,85.53405964,recommended,1.0,0.0
2,5,781,83.76441682,recommended,0.0,1.0
2,6,3040,78.41262052,recommended,0.0,0.0
2,7,3499,27.32636453,recommended,0.0,0.0
3,0,532,40.01187418,recommended,1.0,0.0
3,1,758,34.48220577,recommended,0.0,0.0
3,2,3028,72.24358198,recommended,1.0,0.0
3,3,1357,84.9300227,recommended,1.0,0.0
3,4,632,78.02488381,recommended,1.0,0.0
3,5,1639,86.6996801,recommended,1.0,0.0
3,6,2589,64.98015189,recommended,1.0,0.0
3,7,3605,77.92695821,recommended,1.0,0.0
4,0,2689,34.05189508,recommended,0.0,0.0
4,1,1773,58.92871095,recommended,1.0,0.0
4,2,17,62.39976577,recommended,0.0,1.0
4,3,1913,66.11270607,recommended,0.0,1.0
4,4,2119,56.33395035,recommended,1.0,0.0
4,5,1622,33.94683682,recommended,0.0,0.0
4,6,3035,64.60204454,recommended,0.0,1.0
4,7,2303,60.26102193,recommended,0.0,1.0
5,0,1656,36.05565123,recommended,1.0,0.0
5,1,624,63.35366236,recommended,0.0,1.0
5,2,2713,88.44637346,recommended,0.0,1.0
5,3,1695,50.80872036,recommended,1.0,0.0
5,4,663,86.68959994,recommended,0.0,1.0
5,5,2536,69.39855223,recommended,1.0,0.0
5,6,1696,29.35743486,recommended,0.0,0.0
5,7,3386,44.47903411,recommended,0.0,0.0
6,0,533,72.98033012,recommended,0.0,0.0
6,1,534,83.03295526,recommended,0.0,0.0
6,2,1234,67.67136056,recommended,0.0,0.0
6,3,3041,47.18415816,recommended,0.0,0.0
6,4,3237,81.37846659,recommended,0.0,0.0
6,5,2766,86.20017514,recommended,0.0,0.0
6,6,320,13.55922704,recommended,0.0,0.0
6,7,3112,48.18783868,recommended,0.0,0.0
7,0,981,14.03184959,recommended,0.0,1.0
7,1,2861,76.3099624,recommended,0.0,0.0
7,2,263,21.81045338,recommended,1.0,0.0
7,3,3938,31.29909936,recommended,0.0,1.0
7,4,3300,64.02888238,recommended,0.0,0.0
7,5,347,84.64975432,recommended,0.0,1.0
7,6,699,0.0,recommended,0.0,0.0
7,7,2837,68.0065648,recommended,0.0,0.0
8,0,3813,81.53694628,recommended,0.0,1.0
8,1,211,1.660025621,recommended,1.0,0.0
8,2,1864,74.20453315,recommended,0.0,0.0
8,3,2617,3.510094374,recommended,0.0,1.0
8,4,3937,80.49152522,recommended,0.0,0.0
8,5,760,54.69797468,recommended,0.0,0.0
8,6,3251,20.00288675,recommended,0.0,0.0
8,7,3459,74.61155282,recommended,0.0,0.0
9,0,573,77.39811795,recommended,0.0,1.0
9,1,1388,80.10225068,recommended,1.0,0.0
9,2,1978,60.52865164,recommended,0.0,0.0
9,3,740,69.08248124,recommended,1.0,0.0
9,4,3312,54.63079808,recommended,0.0,1.0
9,5,2664,28.40072634,recommended,1.0,0.0
9,6,479,41.14460565,recommended,1.0,0.0
9,7,1483,74.69880742,recommended,1.0,0.0
10,0,3392,48.36115435,recommended,0.0,1.0
10,1,475,73.07610721,recommended,0.0,1.0
10,2,3683,24.62070452,recommended,1.0,0.0
10,3,2492,18.57739993,recommended,0.0,0.0
10,4,1023,24.72320112,recommended,1.0,0.0
10,5,2040,80.28534176,recommended,1.0,0.0
10,6,1882,16.47592229,recommended,0.0,0.0
10,7,3729,24.01631717,recommended,0.0,0.0
11,0,3024,74.22961906,recommended,0.0,0.0
11,1,1135,68.99091328,recommended,1.0,0.0
11,2,3595,57.59970402,recommended,0.0,0.0
11,3,0,70.41045785,recommended,0.0,0.0
11,4,2468,0.0,recommended,0.0,0.0
11,5,954,4.444109893,recommended,1.0,0.0
11,6,2609,54.53336611,recommended,0.0,1.0
11,7,2930,55.08984272,recommended,0.0,0.0
12,0,1315,13.20129952,recommended,1.0,0.0
12,1,3845,56.49708288,recommended,1.0,0.0
12,2,894,63.8547365,recommended,1.0,0.0
12,3,1932,58.32558385,recommended,1.0,0.0
12,4,2286,72.60987428,recommended,1.0,0.0
12,5,618,75.55480498,recommended,0.0,0.0
12,6,1110,52.59936901,recommended,0.0,0.0
12,7,2671,89.88953077,recommended,0.0,0.0
13,0,1048,83.17489955,recommended,0.0,1.0
13,1,513,86.12188158,recommended,1.0,0.0
13,2,3167,86.19439925,recommended,0.0,1.0
13,3,2966,71.00136701,recommended,1.0,0.0
13,4,2680,91.39064225,recommended,0.0,1.0
13,5,2560,43.94688122,recommended,0.0,0.0
13,6,1737,79.78226496,recommended,0.0,1.0
13,7,1985,15.64688259,recommended,0.0,0.0
14,0,3676,77.8707536,recommended,1.0,0.0
14,1,2547,70.04834525,recommended,0.0,0.0
14,2,3405,38.40380593,recommended,0.0,0.0
14,3,3267,38.03832948,recommended,0.0,1.0
14,4,3695,8.586375019,recommended,0.0,0.0
14,5,3857,38.10999093,recommended,0.0,1.0
14,6,1346,84.69021766,recommended,1.0,0.0
14,7,1163,17.08713871,recommended,0.0,0.0
15,0,2200,82.32171897,recommended,0.0,1.0
15,1,3824,74.06067797,recommended,0.0,0.0
15,2,3848,49.94868445,recommended,1.0,0.0
15,3,1480,16.1585109,recommended,0.0,0.0
15,4,1309,21.50066765,recommended,0.0,0.0
15,5,3498,79.04497323,recommended,0.0,1.0
15,6,2041,62.46560879,recommended,0.0,1.0
15,7,2687,31.19527434,recommended,0.0,0.0
16,0,2939,40.21576406,recommended,0.0,1.0
16,1,295,29.55686861,recommended,0.0,0.0
16,2,3842,31.37415917,recommended,0.0,0.0
16,3,2552,38.32865111,recommended,0.0,0.0
16,4,3624,26.14998957,recommended,0.0,0.0
16,5,1121,44.04139335,recommended,0.0,0.0
16,6,3777,8.246523526,recommended,0.0,1.0
16,7,3837,14.11480355,recommended,0.0,0.0
17,0,572,84.89551287,recommended,0.0,1.0
17,1,2969,86.59757822,recommended,0.0,1.0
17,2,3331,4.166287009,recommended,0.0,1.0
17,3,1529,53.59986981,recommended,0.0,1.0
17,4,882,97.29293259,recommended,0.0,1.0
17,5,1958,53.675534,recommended,0.0,1.0
17,6,3902,99.61910732,recommended,0.0,1.0
17,7,2934,49.61438009,recommended,0.0,1.0
18,0,2905,88.72522624,recommended,1.0,0.0
18,1,1915,92.35381549,recommended,1.0,0.0
18,2,2190,84.34096533,recommended,1.0,0.0
18,3,3173,97.94800557,recommended,1.0,0.0
18,4,2543,89.12987666,recommended,1.0,0.0
18,5,1934,89.55924552,recommended,1.0,0.0
18,6,3252,85.64532689,recommended,1.0,0.0
18,7,2039,98.17713445,recommended,1.0,0.0
19,0,1719,95.67591323,recommended,0.0,0.0
19,1,3066,94.14846732,recommended,0.0,0.0
19,2,2392,94.15173815,recommended,0.0,0.0
19,3,1247,99.03446213,recommended,0.0,0.0
19,4,3472,95.75260589,recommended,0.0,0.0
19,5,1613,96.13228316,recommended,0.0,0.0
19,6,3507,86.76065944,recommended,0.0,0.0
19,7,3549,92.89765441,recommended,0.0,0.0
-1,0,2756,0.0,init,0.0,0.0
-1,1,1598,0.0,init,0.0,0.0
-1,2,2915,0.380918213,init,0.0,0.0
-1,3,2950,4.337310253,init,1.0,0.0
-1,4,2570,0.438548426,init,1.0,0.0
-1,5,1790,0.382305168,init,0.0,0.0
-1,6,3052,0.0,init,1.0,0.0
-1,7,1439,0.544984175,init,0.0,0.0
0,0,2926,9.546870881,recommended,1.0,0.0
0,1,1992,73.24639173,recommended,1.0,0.0
0,2,914,37.21381762,recommended,1.0,0.0
0,3,877,1.582170389,recommended,0.0,0.0
0,4,3690,15.19452071,recommended,0.0,1.0
0,5,2948,0.0,recommended,0.0,1.0
0,6,663,86.68959994,recommended,0.0,1.0
0,7,159,0.566845941,recommended,0.0,0.0
1,0,1234,67.67136056,recommended,0.0,0.0
1,1,1498,27.24876847,recommended,0.0,1.0
1,2,1600,24.23900204,recommended,0.0,0.0
1,3,981,14.03184959,recommended,0.0,1.0
1,4,1822,28.5480245,recommended,0.0,0.0
1,5,2106,64.80074025,recommended,0.0,0.0
1,6,620,9.46569581,recommended,0.0,0.0
1,7,2808,70.2055639,recommended,0.0,1.0
2,0,1983,5.007207988,recommended,1.0,0.0
2,1,2316,33.8132368,recommended,0.0,1.0
2,2,1433,52.16406686,recommended,1.0,0.0
2,3,2766,86.20017514,recommended,0.0,0.0
2,4,3818,40.31664678,recommended,1.0,0.0
2,5,2425,89.21674959,recommended,1.0,0.0
2,6,956,78.36249844,recommended,0.0,1.0
2,7,824,82.40046293,recommended,0.0,1.0
3,0,1912,89.32288292,recommended,1.0,0.0
3,1,2536,69.39855223,recommended,1.0,0.0
3,2,341,48.93807733,recommended,0.0,1.0
3,3,1729,39.80435813,recommended,0.0,0.0
3,4,112,80.80959568,recommended,0.0,0.0
3,5,1696,29.35743486,recommended,0.0,0.0
3,6,2602,34.74690376,recommended,0.0,0.0
3,7,790,83.73721982,recommended,0.0,1.0
4,0,3948,85.8122803,recommended,0.0,1.0
4,1,1262,78.70773698,recommended,0.0,1.0
4,2,651,43.53836522,recommended,0.0,0.0
4,3,1217,89.07661609,recommended,0.0,0.0
4,4,1279,39.55034963,recommended,0.0,1.0
4,5,2251,72.38342011,recommended,1.0,0.0
4,6,1190,83.80386815,recommended,0.0,0.0
4,7,3817,54.58472012,recommended,1.0,0.0
5,0,2593,84.85609846,recommended,0.0,1.0
5,1,3061,28.02951353,recommended,0.0,0.0
5,2,347,84.64975432,recommended,0.0,1.0
5,3,3798,83.01646677,recommended,1.0,0.0
5,4,3815,75.06056887,recommended,1.0,0.0
5,5,1792,86.76211847,recommended,0.0,1.0
5,6,222,33.50615076,recommended,0.0,1.0
5,7,3090,89.61417594,recommended,1.0,0.0
6,0,3538,2.510510682,recommended,0.0,0.0
6,1,3133,50.57898439,recommended,0.0,1.0
6,2,812,59.28097568,recommended,0.0,0.0
6,3,1522,1.226874544,recommended,1.0,0.0
6,4,2791,49.74093184,recommended,1.0,0.0
6,5,3055,63.351286,recommended,0.0,0.0
6,6,933,1.413781414,recommended,0.0,1.0
6,7,1742,2.018550488,recommended,0.0,0.0
7,0,2637,68.10761052,recommended,0.0,1.0
7,1,1737,79.78226496,recommended,0.0,1.0
7,2,736,2.103607287,recommended,0.0,0.0
7,3,2024,62.7905956,recommended,0.0,1.0
7,4,3536,46.76206263,recommended,1.0,0.0
7,5,3770,32.16902238,recommended,1.0,0.0
7,6,1654,28.58964812,recommended,0.0,1.0
7,7,300,91.51096876,recommended,0.0,1.0
8,0,558,86.07412603,recommended,1.0,0.0
8,1,2506,81.99763098,recommended,1.0,0.0
8,2,1613,96.13228316,recommended,0.0,0.0
8,3,1826,66.81498604,recommended,0.0,0.0
8,4,2375,85.40177854,recommended,0.0,1.0
8,5,3209,80.07437026,recommended,0.0,1.0
8,6,365,59.18255708,recommended,0.0,1.0
8,7,1412,55.96628365,recommended,1.0,0.0
9,0,754,75.28558302,recommended,0.0,1.0
9,1,1523,0.609947969,recommended,0.0,1.0
9,2,3945,47.77426479,recommended,0.0,0.0
9,3,2817,86.89971677,recommended,1.0,0.0
9,4,666,48.86581696,recommended,0.0,0.0
9,5,1095,4.228381568,recommended,1.0,0.0
9,6,995,99.99999,recommended,0.0,1.0
9,7,3278,63.42879895,recommended,0.0,1.0
10,0,327,38.37909694,recommended,0.0,0.0
10,1,1617,11.31352123,recommended,1.0,0.0
10,2,2123,7.275251821,recommended,1.0,0.0
10,3,2305,49.15752148,recommended,0.0,1.0
10,4,1548,86.21496371,recommended,0.0,1.0
10,5,3338,38.35488356,recommended,0.0,1.0
10,6,1359,86.23315653,recommended,0.0,0.0
10,7,2959,26.6793303,recommended,1.0,0.0
11,0,2088,60.63710952,recommended,0.0,1.0
11,1,219,79.8902752,recommended,1.0,0.0
11,2,1785,75.8997955,recommended,0.0,1.0
11,3,2494,68.89095082,recommended,0.0,0.0
11,4,3322,77.95754061,recommended,1.0,0.0
11,5,3112,48.18783868,recommended,0.0,0.0
11,6,1549,92.95670274,recommended,1.0,0.0
11,7,2713,88.44637346,recommended,0.0,1.0
12,0,2991,93.03255731,recommended,1.0,0.0
12,1,2981,87.52908706,recommended,1.0,0.0
12,2,734,84.53852223,recommended,0.0,1.0
12,3,18,73.08177999,recommended,0.0,0.0
12,4,747,84.91024962,recommended,0.0,0.0
12,5,1184,50.58289676,recommended,0.0,1.0
12,6,3063,64.60187181,recommended,0.0,1.0
12,7,3040,78.41262052,recommended,0.0,0.0
13,0,3758,52.3137348,recommended,0.0,1.0
13,1,1915,92.35381549,recommended,1.0,0.0
13,2,891,63.99072189,recommended,0.0,0.0
13,3,2296,71.49385038,recommended,1.0,0.0
13,4,2610,80.64990682,recommended,1.0,0.0
13,5,2777,3.973986769,recommended,0.0,1.0
13,6,1306,93.09950718,recommended,0.0,1.0
13,7,3228,86.41285544,recommended,1.0,0.0
14,0,3710,92.13719474,recommended,0.0,1.0
14,1,826,45.52184766,recommended,0.0,1.0
14,2,1812,81.51017538,recommended,0.0,0.0
14,3,3855,13.7385945,recommended,0.0,1.0
14,4,1311,79.26160687,recommended,0.0,1.0
14,5,1607,19.60839775,recommended,0.0,1.0
14,6,1957,82.57086092,recommended,0.0,0.0
14,7,3188,86.19820374,recommended,0.0,0.0
15,0,2170,69.61841713,recommended,0.0,0.0
15,1,283,69.58481273,recommended,0.0,1.0
15,2,250,79.45834404,recommended,1.0,0.0
15,3,3946,0.0,recommended,0.0,1.0
15,4,1734,80.0652435,recommended,0.0,0.0
15,5,143,49.89638876,recommended,0.0,1.0
15,6,1393,79.52732954,recommended,0.0,1.0
15,7,3488,24.93961347,recommended,0.0,0.0
16,0,3726,72.29221067,recommended,0.0,0.0
16,1,3060,65.57301901,recommended,0.0,1.0
16,2,573,77.39811795,recommended,0.0,1.0
16,3,1264,46.16924796,recommended,1.0,0.0
16,4,3530,57.24624739,recommended,0.0,0.0
16,5,993,95.38648822,recommended,0.0,1.0
16,6,2798,92.57247896,recommended,0.0,1.0
16,7,2078,83.05466982,recommended,0.0,0.0
17,0,3669,83.65433196,recommended,1.0,0.0
17,1,237,37.13655068,recommended,0.0,1.0
17,2,1719,95.67591323,recommended,0.0,0.0
17,3,1881,27.04861196,recommended,0.0,1.0
17,4,2735,83.09647392,recommended,0.0,1.0
17,5,1155,77.85802389,recommended,0.0,1.0
17,6,2303,60.26102193,recommended,0.0,1.0
17,7,2467,1.171055965,recommended,0.0,1.0
18,0,964,74.51133845,recommended,0.0,0.0
18,1,1513,84.68245385,recommended,0.0,1.0
18,2,2582,80.60055876,recommended,0.0,1.0
18,3,2836,49.72808893,recommended,1.0,0.0
18,4,1324,12.26279814,recommended,0.0,1.0
18,5,358,36.30128303,recommended,0.0,1.0
18,6,770,78.10978605,recommended,1.0,0.0
18,7,3505,50.58160419,recommended,0.0,0.0
19,0,2164,81.22830675,recommended,0.0,0.0
19,1,3226,62.40731324,recommended,0.0,1.0
19,2,910,50.52138402,recommended,0.0,0.0
19,3,1946,73.64322424,recommended,0.0,1.0
19,4,3922,80.02767877,recommended,1.0,0.0
19,5,1257,87.76406197,recommended,1.0,0.0
19,6,1663,56.83415199,recommended,1.0,0.0
19,7,2846,41.59326244,recommended,0.0,0.0
-1,0,2756,0.0,init,0.0,0.0
-1,1,1598,0.0,init,0.0,0.0
-1,2,2915,0.380918213,init,0.0,0.0
-1,3,2950,4.337310253,init,1.0,0.0
-1,4,2570,0.438548426,init,1.0,0.0
-1,5,1790,0.382305168,init,0.0,0.0
-1,6,3052,0.0,init,1.0,0.0
-1,7,1439,0.544984175,init,0.0,0.0
0,0,2804,8.109204436,recommended,0.0,0.0
0,1,1668,0.0,recommended,1.0,0.0
0,2,2935,12.51722888,recommended,0.0,0.0
0,3,2976,17.08756486,recommended,0.0,0.0
0,4,2651,75.11548375,recommended,0.0,0.0
0,5,1860,49.51819322,recommended,1.0,0.0
0,6,3050,33.30841773,recommended,0.0,0.0
0,7,1476,0.0,recommended,0.0,0.0
1,0,3367,67.97172842,recommended,0.0,0.0
1,1,2638,8.071196301,recommended,0.0,0.0
1,2,3040,78.41262052,recommended,0.0,0.0
1,3,756,46.63249784,recommended,0.0,0.0
1,4,3742,59.99235473,recommended,0.0,1.0
1,5,691,21.54675104,recommended,0.0,1.0
1,6,2282,31.86956379,recommended,0.0,0.0
1,7,2705,80.71099803,recommended,0.0,0.0
2,0,1832,2.042704931,recommended,1.0,0.0
2,1,3693,51.01008234,recommended,0.0,1.0
2,2,1203,44.76424476,recommended,0.0,0.0
2,3,305,4.582095156,recommended,0.0,1.0
2,4,77,43.31119655,recommended,1.0,0.0
2,5,316,31.25713511,recommended,0.0,1.0
2,6,2837,68.0065648,recommended,0.0,0.0
2,7,3318,32.51941474,recommended,0.0,0.0
3,0,3769,0.0,recommended,0.0,0.0
3,1,2826,41.36745101,recommended,0.0,1.0
3,2,2723,38.14302674,recommended,0.0,0.0
3,3,3589,93.56409267,recommended,0.0,0.0
3,4,353,15.08609068,recommended,0.0,0.0
3,5,1160,9.062775444,recommended,0.0,0.0
3,6,3392,48.36115435,recommended,0.0,1.0
3,7,619,11.92095297,recommended,1.0,0.0
4,0,3749,81.47790375,recommended,1.0,0.0
4,1,1603,4.695061055,recommended,0.0,1.0
4,2,961,9.910073167,recommended,1.0,0.0
4,3,3949,23.84150703,recommended,1.0,0.0
4,4,1640,0.432282788,recommended,0.0,0.0
4,5,1381,0.0,recommended,0.0,0.0
4,6,763,45.97256872,recommended,1.0,0.0
4,7,2738,0.712699399,recommended,0.0,1.0
5,0,2098,46.08846314,recommended,0.0,0.0
5,1,978,40.24019595,recommended,0.0,0.0
5,2,2003,66.88608561,recommended,1.0,0.0
5,3,253,74.21032846,recommended,1.0,0.0
5,4,2466,0.399824711,recommended,0.0,1.0
5,5,485,5.195732957,recommended,0.0,0.0
5,6,329,15.42545497,recommended,0.0,0.0
5,7,3400,5.085670913,recommended,0.0,0.0
6,0,3030,0.0,recommended,0.0,0.0
6,1,2076,20.51920273,recommended,0.0,0.0
6,2,2597,34.68494953,recommended,0.0,0.0
6,3,3855,13.7385945,recommended,0.0,1.0
6,4,1781,13.89042777,recommended,1.0,0.0
6,5,3326,43.48269562,recommended,1.0,0.0
6,6,447,42.55967392,recommended,0.0,1.0
6,7,2405,9.606838288,recommended,1.0,0.0
7,0,2396,0.0,recommended,1.0,0.0
7,1,2985,89.48065113,recommended,0.0,1.0
7,2,3522,60.47798465,recommended,1.0,0.0
7,3,2739,0.70766924,recommended,0.0,0.0
7,4,512,84.81458604,recommended,0.0,1.0
7,5,3404,3.547951578,recommended,0.0,0.0
7,6,1443,23.04423411,recommended,1.0,0.0
7,7,423,12.11048821,recommended,1.0,0.0
8,0,1855,0.0,recommended,0.0,0.0
8,1,2662,72.37220718,recommended,1.0,0.0
8,2,3819,1.12036933,recommended,0.0,0.0
8,3,902,36.02889558,recommended,0.0,0.0
8,4,1200,3.292807267,recommended,1.0,0.0
8,5,3130,24.40165539,recommended,0.0,0.0
8,6,173,82.63071562,recommended,0.0,0.0
8,7,3456,70.51359377,recommended,1.0,0.0
9,0,784,73.49750543,recommended,1.0,0.0
9,1,3019,46.33728613,recommended,0.0,0.0
9,2,52,46.25838016,recommended,0.0,1.0
9,3,981,14.03184959,recommended,0.0,1.0
9,4,1357,84.9300227,recommended,1.0,0.0
9,5,121,16.10027076,recommended,1.0,0.0
9,6,2770,8.286467695,recommended,0.0,0.0
9,7,1500,18.74350865,recommended,0.0,1.0
10,0,3464,2.782548169,recommended,0.0,0.0
10,1,3057,10.36729294,recommended,1.0,0.0
10,2,1831,39.909465,recommended,0.0,1.0
10,3,2812,35.66483427,recommended,0.0,0.0
10,4,2926,9.546870881,recommended,1.0,0.0
10,5,227,45.92980056,recommended,0.0,0.0
10,6,3268,1.666950752,recommended,0.0,0.0
10,7,319,0.0,recommended,0.0,0.0
11,0,83,69.13688603,recommended,1.0,0.0
11,1,1136,50.13634297,recommended,0.0,1.0
11,2,2872,64.8702395,recommended,0.0,0.0
11,3,1453,0.552049908,recommended,0.0,0.0
11,4,3346,0.0,recommended,1.0,0.0
11,5,1109,60.94658978,recommended,1.0,0.0
11,6,1464,24.16256349,recommended,0.0,0.0
11,7,3170,3.498335753,recommended,1.0,0.0
12,0,281,1.445871909,recommended,0.0,0.0
12,1,3362,3.434831672,recommended,0.0,0.0
12,2,3309,14.26895253,recommended,0.0,0.0
12,3,2845,47.96214472,recommended,0.0,0.0
12,4,1549,92.95670274,recommended,1.0,0.0
12,5,233,25.67305216,recommended,0.0,0.0
12,6,7,69.51698512,recommended,0.0,0.0
12,7,2761,52.43953497,recommended,0.0,1.0
13,0,2521,24.99527669,recommended,0.0,0.0
13,1,2261,14.93339955,recommended,0.0,0.0
13,2,3537,9.444894792,recommended,1.0,0.0
13,3,290,0.0,recommended,0.0,0.0
13,4,601,0.0,recommended,0.0,0.0
13,5,2969,86.59757822,recommended,0.0,1.0
13,6,2766,86.20017514,recommended,0.0,0.0
13,7,2954,3.848767902,recommended,1.0,0.0
14,0,797,38.95047983,recommended,0.0,0.0
14,1,3766,77.85078652,recommended,0.0,1.0
14,2,3244,6.819997972,recommended,0.0,0.0
14,3,3009,6.131625875,recommended,0.0,0.0
14,4,1889,0.0,recommended,1.0,0.0
14,5,3218,80.53864746,recommended,0.0,1.0
14,6,697,9.967076399,recommended,0.0,0.0
14,7,583,83.08846167,recommended,0.0,1.0
15,0,2482,13.95628888,recommended,0.0,1.0
15,1,1014,2.086409943,recommended,0.0,0.0
15,2,3822,0.899554125,recommended,0.0,0.0
15,3,3201,72.70181754,recommended,1.0,0.0
15,4,2381,61.05645885,recommended,0.0,1.0
15,5,1345,11.31698923,recommended,0.0,1.0
15,6,2929,18.97711675,recommended,0.0,0.0
15,7,2495,26.03173318,recommended,0.0,0.0
16,0,3861,3.383758574,recommended,0.0,0.0
16,1,195,4.497312079,recommended,1.0,0.0
16,2,3550,6.536001371,recommended,0.0,0.0
16,3,921,37.03037628,recommended,0.0,1.0
16,4,2581,56.13504943,recommended,0.0,1.0
16,5,723,13.83920399,recommended,0.0,1.0
16,6,3055,63.351286,recommended,0.0,0.0
16,7,666,48.86581696,recommended,0.0,0.0
17,0,1513,84.68245385,recommended,0.0,1.0
17,1,3251,20.00288675,recommended,0.0,0.0
17,2,1886,6.408110436,recommended,0.0,0.0
17,3,1272,4.950264204,recommended,1.0,0.0
17,4,2753,42.68363634,recommended,0.0,1.0
17,5,3725,36.5598853,recommended,0.0,1.0
17,6,2669,65.27849508,recommended,0.0,0.0
17,7,988,8.008432112,recommended,0.0,1.0
18,0,1438,3.849200649,recommended,1.0,0.0
18,1,459,61.13755675,recommended,0.0,1.0
18,2,1996,0.0,recommended,1.0,0.0
18,3,3947,15.75654156,recommended,0.0,1.0
18,4,159,0.566845941,recommended,0.0,0.0
18,5,1431,23.57347354,recommended,0.0,0.0
18,6,2374,32.07542073,recommended,0.0,0.0
18,7,2151,3.20619178,recommended,1.0,0.0
19,0,3545,16.48404533,recommended,0.0,1.0
19,1,2952,68.60611463,recommended,0.0,0.0
19,2,2964,23.31600153,recommended,0.0,0.0
19,3,3781,37.26514805,recommended,1.0,0.0
19,4,3574,33.94655387,recommended,0.0,1.0
19,5,1784,61.68885211,recommended,0.0,0.0
19,6,1865,28.59018557,recommended,0.0,1.0
19,7,3938,31.29909936,recommended,0.0,1.0
-1,0,1572,0.0,init,0.0,0.0
-1,1,1169,3.647451971,init,0.0,0.0
-1,2,3103,1.530768374,init,0.0,0.0
-1,3,487,0.0,init,0.0,0.0
-1,4,2169,2.790822418,init,1.0,0.0
-1,5,2386,0.0,init,0.0,0.0
-1,6,1711,0.0,init,1.0,0.0
-1,7,1981,1.005881291,init,0.0,0.0
0,0,1410,4.247160433,global_best,0.0,0.0
0,1,2257,39.35843617,global_best,0.0,1.0
0,2,3795,15.1222891,global_best,1.0,0.0
0,3,2429,7.488530825,global_best,0.0,0.0
0,4,2177,0.0,local_best,0.0,0.0
0,5,3529,0.0,local_best,1.0,0.0
0,6,900,0.0,unexplored,0.0,1.0
0,7,281,1.445871909,unexplored,0.0,0.0
1,0,378,4.28271464,global_best,0.0,1.0
1,1,1795,0.0,global_best,0.0,1.0
1,2,1085,16.2490011,global_best,0.0,1.0
1,3,305,4.582095156,global_best,0.0,1.0
1,4,3000,70.86807008,local_best,0.0,1.0
1,5,3392,48.36115435,local_best,0.0,1.0
1,6,1748,22.894141,unexplored,0.0,1.0
1,7,2372,41.66866973,unexplored,0.0,1.0
2,0,3218,80.53864746,global_best,0.0,1.0
2,1,667,44.53583158,global_best,0.0,1.0
2,2,75,30.72459608,global_best,0.0,1.0
2,3,2327,83.82528245,global_best,0.0,1.0
2,4,995,99.99999,local_best,0.0,1.0
2,5,2911,84.10193793,local_best,0.0,1.0
2,6,1513,84.68245385,unexplored,0.0,1.0
2,7,3664,85.99469652,unexplored,0.0,1.0
3,0,2859,34.44632451,global_best,0.0,0.0
3,1,1812,81.51017538,global_best,0.0,0.0
3,2,1268,99.99999,global_best,1.0,0.0
3,3,1274,64.88423444,global_best,0.0,0.0
3,4,3902,99.61910732,local_best,0.0,1.0
3,5,879,82.3438198,local_best,0.0,1.0
3,6,463,88.51390693,unexplored,0.0,1.0
3,7,1393,79.52732954,unexplored,0.0,1.0
4,0,3173,97.94800557,global_best,1.0,0.0
4,1,1247,99.03446213,global_best,0.0,0.0
4,2,3291,44.9389876,global_best,1.0,0.0
4,3,1934,89.55924552,global_best,1.0,0.0
4,4,2905,88.72522624,local_best,1.0,0.0
4,5,2126,91.13914928,local_best,1.0,0.0
4,6,2535,86.32465757,unexplored,1.0,0.0
4,7,2543,89.12987666,unexplored,1.0,0.0
5,0,3877,35.80276164,global_best,1.0,0.0
5,1,1301,66.37274183,global_best,1.0,0.0
5,2,288,66.28326385,global_best,0.0,0.0
5,3,55,66.20793624,global_best,0.0,1.0
5,4,2039,98.17713445,local_best,1.0,0.0
5,5,923,89.32312927,local_best,1.0,0.0
5,6,1915,92.35381549,unexplored,1.0,0.0
5,7,3928,98.84920594,unexplored,1.0,0.0
6,0,3322,77.95754061,global_best,1.0,0.0
6,1,3472,95.75260589,global_best,0.0,0.0
6,2,3941,70.62989218,global_best,0.0,0.0
6,3,3077,35.68280094,global_best,0.0,0.0
6,4,1422,83.94468409,local_best,1.0,0.0
6,5,1080,87.75322874,local_best,1.0,0.0
6,6,3090,89.61417594,unexplored,1.0,0.0
6,7,1215,89.5987779,unexplored,1.0,0.0
7,0,1719,95.67591323,global_best,0.0,0.0
7,1,3357,69.94718927,global_best,0.0,0.0
7,2,270,84.20189779,global_best,1.0,0.0
7,3,252,85.14465222,global_best,0.0,1.0
7,4,3556,92.00324978,local_best,1.0,0.0
7,5,3252,85.64532689,local_best,1.0,0.0
7,6,3544,88.24637541,unexplored,1.0,0.0
7,7,300,91.51096876,unexplored,0.0,1.0
8,0,3753,81.63511603,global_best,1.0,0.0
8,1,775,85.14015258,global_best,0.0,1.0
8,2,2522,90.37135809,global_best,1.0,0.0
8,3,2856,85.26909551,global_best,1.0,0.0
8,4,3933,93.87454124,local_best,0.0,1.0
8,5,998,78.78970759,local_best,1.0,0.0
8,6,1613,96.13228316,unexplored,0.0,0.0
8,7,2827,92.11972779,unexplored,0.0,0.0
9,0,27,63.46127974,global_best,0.0,0.0
9,1,2936,39.38981845,global_best,0.0,0.0
9,2,3856,57.6053748,global_best,0.0,0.0
9,3,2806,57.55128922,global_best,0.0,0.0
9,4,3066,94.14846732,local_best,0.0,0.0
9,5,3724,95.07020116,local_best,0.0,0.0
9,6,580,87.94083651,unexplored,0.0,0.0
9,7,112,80.80959568,unexplored,0.0,0.0
10,0,1484,60.93427362,global_best,0.0,1.0
10,1,1658,90.22793001,global_best,0.0,1.0
10,2,2625,86.21979782,global_best,0.0,1.0
10,3,3427,66.65248144,global_best,1.0,0.0
10,4,3507,86.76065944,local_best,0.0,0.0
10,5,2392,94.15173815,local_best,0.0,0.0
10,6,3292,77.54677515,unexplored,0.0,0.0
10,7,3308,90.64441503,unexplored,0.0,0.0
11,0,3234,80.58917239,global_best,0.0,1.0
11,1,2490,62.22086343,global_best,0.0,1.0
11,2,3278,63.42879895,global_best,0.0,1.0
11,3,3637,50.42857568,global_best,0.0,0.0
11,4,608,84.70172213,local_best,0.0,0.0
11,5,1417,83.49602396,local_best,0.0,0.0
11,6,1193,86.42573792,unexplored,0.0,0.0
11,7,1359,86.23315653,unexplored,0.0,0.0
12,0,1808,63.83709974,global_best,0.0,1.0
12,1,1609,92.90401218,global_best,1.0,0.0
12,2,2043,77.75555198,global_best,0.0,0.0
12,3,1413,94.29690562,global_best,0.0,0.0
12,4,42,97.56849953,local_best,0.0,1.0
12,5,993,95.38648822,local_best,0.0,1.0
12,6,3576,84.31065923,unexplored,1.0,0.0
12,7,416,90.31730943,unexplored,0.0,0.0
13,0,538,73.13965753,global_best,1.0,0.0
13,1,387,76.16070518,global_best,0.0,0.0
13,2,1845,2.633148758,global_best,1.0,0.0
13,3,3224,73.22050209,global_best,0.0,1.0
13,4,1249,86.49714531,local_best,0.0,1.0
13,5,115,83.65366275,local_best,0.0,1.0
13,6,2369,80.16290148,unexplored,0.0,1.0
13,7,1070,82.21280375,unexplored,0.0,1.0
14,0,2583,91.93340238,global_best,0.0,1.0
14,1,2563,57.95225277,global_best,0.0,1.0
14,2,772,65.50261834,global_best,0.0,1.0
14,3,365,59.18255708,global_best,0.0,1.0
14,4,734,84.53852223,local_best,0.0,1.0
14,5,3232,79.01720716,local_best,0.0,0.0
14,6,1548,86.21496371,unexplored,0.0,1.0
14,7,575,61.37532466,unexplored,1.0,0.0
15,0,874,91.37329051,global_best,0.0,0.0
15,1,2329,89.46707858,global_best,1.0,0.0
15,2,1053,69.8410056,global_best,0.0,0.0
15,3,2778,73.13874552,global_best,0.0,1.0
15,4,1449,91.20970452,local_best,1.0,0.0
15,5,2952,68.60611463,local_best,0.0,0.0
15,6,2315,83.36436834,unexplored,1.0,0.0
15,7,3055,63.351286,unexplored,0.0,0.0
16,0,1094,33.33065232,global_best,1.0,0.0
16,1,1464,24.16256349,global_best,0.0,0.0
16,2,62,40.08669181,global_best,0.0,1.0
16,3,3238,69.52780108,global_best,1.0,0.0
16,4,1265,65.15148191,local_best,1.0,0.0
16,5,2577,43.16671419,local_best,1.0,0.0
16,6,1246,47.63381676,unexplored,1.0,0.0
16,7,3340,64.68104609,unexplored,1.0,0.0
17,0,2901,65.38933316,global_best,0.0,0.0
17,1,3586,58.61075678,global_best,0.0,0.0
17,2,2527,80.90631241,global_best,0.0,0.0
17,3,692,83.08232968,global_best,0.0,0.0
17,4,254,65.59087383,local_best,1.0,0.0
17,5,2276,64.15465798,local_best,1.0,0.0
17,6,208,61.80067802,unexplored,1.0,0.0
17,7,2904,63.37225968,unexplored,1.0,0.0
18,0,232,72.26820117,global_best,0.0,0.0
18,1,2960,79.76966371,global_best,0.0,0.0
18,2,541,27.05720868,global_best,0.0,0.0
18,3,2081,17.5357483,global_best,0.0,0.0
18,4,1906,42.69698784,local_best,0.0,0.0
18,5,3803,83.44233536,local_best,0.0,0.0
18,6,3783,15.1215994,unexplored,0.0,0.0
18,7,2235,82.34937004,unexplored,0.0,0.0
19,0,2347,15.42196799,global_best,0.0,0.0
19,1,3621,66.04767415,global_best,0.0,0.0
19,2,2580,40.32898976,global_best,0.0,0.0
19,3,1539,6.244420828,global_best,0.0,0.0
19,4,2202,28.29509241,local_best,0.0,0.0
19,5,3945,47.77426479,local_best,0.0,0.0
19,6,602,58.26903703,unexplored,0.0,0.0
19,7,3453,45.52130306,unexplored,0.0,0.0
-1,0,1572,0.0,init,0.0,0.0
-1,1,1169,3.647451971,init,0.0,0.0
-1,2,3103,1.530768374,init,0.0,0.0
-1,3,487,0.0,init,0.0,0.0
-1,4,2169,2.790822418,init,1.0,0.0
-1,5,2386,0.0,init,0.0,0.0
-1,6,1711,0.0,init,1.0,0.0
-1,7,1981,1.005881291,init,0.0,0.0
0,0,1410,4.247160433,recommended,0.0,0.0
0,1,2257,39.35843617,recommended,0.0,1.0
0,2,3795,15.1222891,recommended,1.0,0.0
0,3,2429,7.488530825,recommended,0.0,0.0
0,4,3615,10.88472418,recommended,0.0,1.0
0,5,1211,17.22825534,recommended,0.0,0.0
0,6,2626,13.71916528,recommended,1.0,0.0
0,7,281,1.445871909,recommended,0.0,0.0
1,0,3198,53.10447809,recommended,0.0,1.0
1,1,341,48.93807733,recommended,0.0,1.0
1,2,2180,41.80838188,recommended,0.0,1.0
1,3,2772,44.37252425,recommended,0.0,1.0
1,4,1739,51.23480839,recommended,0.0,1.0
1,5,370,47.90925553,recommended,0.0,1.0
1,6,3713,34.0355551,recommended,0.0,1.0
1,7,2581,56.13504943,recommended,0.0,1.0
2,0,1085,16.2490011,recommended,0.0,1.0
2,1,3758,52.3137348,recommended,0.0,1.0
2,2,2713,88.44637346,recommended,0.0,1.0
2,3,3037,26.05284451,recommended,0.0,1.0
2,4,1181,3.500057239,recommended,0.0,1.0
2,5,3072,49.39865649,recommended,0.0,1.0
2,6,315,79.87241595,recommended,0.0,1.0
2,7,1306,93.09950718,recommended,0.0,1.0
3,0,1054,65.48767084,recommended,0.0,1.0
3,1,1836,35.2030282,recommended,0.0,1.0
3,2,3492,62.99169098,recommended,0.0,1.0
3,3,1278,38.88072897,recommended,0.0,1.0
3,4,3768,73.26731184,recommended,0.0,1.0
3,5,1017,70.25926715,recommended,0.0,1.0
3,6,20,64.57811697,recommended,0.0,1.0
3,7,1347,76.33726193,recommended,0.0,1.0
4,0,1084,21.68221926,recommended,0.0,1.0
4,1,1805,12.36409536,recommended,0.0,1.0
4,2,375,56.83280355,recommended,0.0,1.0
4,3,1358,63.65319734,recommended,0.0,1.0
4,4,1496,70.14701034,recommended,0.0,1.0
4,5,3221,53.94447324,recommended,0.0,1.0
4,6,3938,31.29909936,recommended,0.0,1.0
4,7,3454,69.39495874,recommended,0.0,1.0
5,0,2947,83.68183531,recommended,0.0,1.0
5,1,1995,83.38501147,recommended,0.0,1.0
5,2,2375,85.40177854,recommended,0.0,1.0
5,3,1618,81.85780625,recommended,0.0,1.0
5,4,882,97.29293259,recommended,0.0,1.0
5,5,1129,60.85990802,recommended,0.0,1.0
5,6,1930,80.02551627,recommended,0.0,1.0
5,7,1262,78.70773698,recommended,0.0,1.0
6,0,3582,61.11611165,recommended,0.0,1.0
6,1,2680,91.39064225,recommended,0.0,1.0
6,2,573,77.39811795,recommended,0.0,1.0
6,3,1142,33.74087377,recommended,0.0,1.0
6,4,781,83.76441682,recommended,0.0,1.0
6,5,347,84.64975432,recommended,0.0,1.0
6,6,3813,81.53694628,recommended,0.0,1.0
6,7,663,86.68959994,recommended,0.0,1.0
7,0,743,0.0,recommended,0.0,1.0
7,1,2171,0.646778821,recommended,0.0,1.0
7,2,119,7.782359234,recommended,0.0,1.0
7,3,3331,4.166287009,recommended,0.0,1.0
7,4,572,84.89551287,recommended,0.0,1.0
7,5,715,94.69105416,recommended,0.0,1.0
7,6,3902,99.61910732,recommended,0.0,1.0
7,7,2798,92.57247896,recommended,0.0,1.0
8,0,1529,53.59986981,recommended,0.0,1.0
8,1,2934,49.61438009,recommended,0.0,1.0
8,2,2969,86.59757822,recommended,0.0,1.0
8,3,3343,51.75674767,recommended,0.0,1.0
8,4,252,85.14465222,recommended,0.0,1.0
8,5,1102,70.54955286,recommended,0.0,1.0
8,6,1589,46.74711139,recommended,0.0,1.0
8,7,921,37.03037628,recommended,0.0,1.0
9,0,995,99.99999,recommended,0.0,1.0
9,1,409,93.02887198,recommended,0.0,1.0
9,2,2463,94.34623373,recommended,0.0,1.0
9,3,3097,81.15116736,recommended,0.0,1.0
9,4,1821,63.2869505,recommended,0.0,1.0
9,5,3234,80.58917239,recommended,0.0,1.0
9,6,2691,59.66718586,recommended,0.0,1.0
9,7,772,65.50261834,recommended,0.0,1.0
10,0,1393,79.52732954,recommended,0.0,1.0
10,1,734,84.53852223,recommended,0.0,1.0
10,2,2911,84.10193793,recommended,0.0,1.0
10,3,879,82.3438198,recommended,0.0,1.0
10,4,2327,83.82528245,recommended,0.0,1.0
10,5,115,83.65366275,recommended,0.0,1.0
10,6,1249,86.49714531,recommended,0.0,1.0
10,7,1548,86.21496371,recommended,0.0,1.0
11,0,3645,36.89391539,recommended,0.0,1.0
11,1,3655,35.55504656,recommended,0.0,1.0
11,2,15,0.0,recommended,0.0,1.0
11,3,2310,31.87466664,recommended,0.0,1.0
11,4,1386,26.57993699,recommended,0.0,1.0
11,5,1375,63.26443611,recommended,0.0,1.0
11,6,1650,44.02752342,recommended,0.0,1.0
11,7,1777,30.05876834,recommended,0.0,1.0
12,0,55,66.20793624,recommended,0.0,1.0
12,1,3835,78.00288409,recommended,0.0,1.0
12,2,567,30.11566658,recommended,0.0,1.0
12,3,2316,33.8132368,recommended,0.0,1.0
12,4,62,40.08669181,recommended,0.0,1.0
12,5,1700,75.20935081,recommended,0.0,1.0
12,6,326,76.23035085,recommended,0.0,1.0
12,7,3000,70.86807008,recommended,0.0,1.0
13,0,775,85.14015258,recommended,0.0,1.0
13,1,873,16.88486051,recommended,0.0,1.0
13,2,3680,15.4176361,recommended,0.0,1.0
13,3,2109,7.837919121,recommended,0.0,1.0
13,4,2820,98.28722602,recommended,0.0,1.0
13,5,2996,79.34654649,recommended,0.0,1.0
13,6,2584,70.19925962,recommended,0.0,1.0
13,7,3766,77.85078652,recommended,0.0,1.0
14,0,828,98.73132029,recommended,0.0,1.0
14,1,2870,81.56943098,recommended,0.0,1.0
14,2,2275,51.39708789,recommended,0.0,1.0
14,3,2004,53.83922891,recommended,0.0,1.0
14,4,670,77.57371189,recommended,0.0,1.0
14,5,3239,92.91423383,recommended,0.0,1.0
14,6,42,97.56849953,recommended,0.0,1.0
14,7,790,83.73721982,recommended,0.0,1.0
15,0,1282,78.00495066,recommended,0.0,1.0
15,1,303,82.13737482,recommended,0.0,1.0
15,2,3703,84.60201966,recommended,0.0,1.0
15,3,492,86.003404,recommended,0.0,1.0
15,4,1029,83.87445444,recommended,0.0,1.0
15,5,372,77.78682066,recommended,0.0,1.0
15,6,2549,78.08461533,recommended,0.0,1.0
15,7,484,73.2728017,recommended,0.0,1.0
16,0,1143,68.84655406,recommended,0.0,1.0
16,1,583,83.08846167,recommended,0.0,1.0
16,2,3218,80.53864746,recommended,0.0,1.0
16,3,2563,57.95225277,recommended,0.0,1.0
16,4,625,62.35242374,recommended,0.0,1.0
16,5,2490,62.22086343,recommended,0.0,1.0
16,6,795,63.71103229,recommended,0.0,1.0
16,7,365,59.18255708,recommended,0.0,1.0
17,0,3844,43.73298112,recommended,0.0,1.0
17,1,1405,48.56121582,recommended,0.0,1.0
17,2,725,63.56431346,recommended,0.0,1.0
17,3,3139,54.65489395,recommended,0.0,1.0
17,4,3392,48.36115435,recommended,0.0,1.0
17,5,52,46.25838016,recommended,0.0,1.0
17,6,143,49.89638876,recommended,0.0,1.0
17,7,1418,62.18465229,recommended,0.0,1.0
18,0,1630,33.62905648,recommended,0.0,1.0
18,1,385,41.29698409,recommended,0.0,1.0
18,2,451,47.02427089,recommended,0.0,1.0
18,3,3623,47.2768797,recommended,0.0,1.0
18,4,2446,72.39052533,recommended,0.0,1.0
18,5,683,82.1847816,recommended,0.0,1.0
18,6,3410,66.02401389,recommended,0.0,1.0
18,7,2085,80.90409924,recommended,0.0,1.0
19,0,1793,0.595872872,recommended,0.0,1.0
19,1,2336,6.315944702,recommended,0.0,1.0
19,2,2777,3.973986769,recommended,0.0,1.0
19,3,198,2.39840777,recommended,0.0,1.0
19,4,3948,85.8122803,recommended,0.0,1.0
19,5,3471,73.72948461,recommended,0.0,1.0
19,6,3927,78.67116412,recommended,0.0,1.0
19,7,3209,80.07437026,recommended,0.0,1.0
-1,0,1572,0.0,init,0.0,0.0
-1,1,1169,3.647451971,init,0.0,0.0
-1,2,3103,1.530768374,init,0.0,0.0
-1,3,487,0.0,init,0.0,0.0
-1,4,2169,2.790822418,init,1.0,0.0
-1,5,2386,0.0,init,0.0,0.0
-1,6,1711,0.0,init,1.0,0.0
-1,7,1981,1.005881291,init,0.0,0.0
0,0,2429,7.488530825,recommended,0.0,0.0
0,1,2257,39.35843617,recommended,0.0,1.0
0,2,3795,15.1222891,recommended,1.0,0.0
0,3,1410,4.247160433,recommended,0.0,0.0
0,4,3615,10.88472418,recommended,0.0,1.0
0,5,2626,13.71916528,recommended,1.0,0.0
0,6,2177,0.0,recommended,0.0,0.0
0,7,1211,17.22825534,recommended,0.0,0.0
1,0,918,35.07362546,recommended,0.0,1.0
1,1,2372,41.66866973,recommended,0.0,1.0
1,2,3392,48.36115435,recommended,0.0,1.0
1,3,1937,2.863405084,recommended,0.0,1.0
1,4,1459,21.62255716,recommended,0.0,1.0
1,5,1748,22.894141,recommended,0.0,1.0
1,6,2704,44.1778543,recommended,0.0,1.0
1,7,2697,60.06619639,recommended,0.0,1.0
2,0,143,49.89638876,recommended,0.0,1.0
2,1,1763,61.92858478,recommended,0.0,1.0
2,2,318,60.45904469,recommended,0.0,1.0
2,3,3855,13.7385945,recommended,0.0,1.0
2,4,3184,47.28268345,recommended,0.0,1.0
2,5,790,83.73721982,recommended,0.0,1.0
2,6,303,82.13737482,recommended,0.0,1.0
2,7,2489,86.971127,recommended,0.0,1.0
3,0,3901,51.1783537,recommended,0.0,0.0
3,1,497,90.73131654,recommended,0.0,0.0
3,2,246,83.33821324,recommended,1.0,0.0
3,3,3946,0.0,recommended,0.0,1.0
3,4,1419,16.84841979,recommended,0.0,0.0
3,5,690,0.747631534,recommended,0.0,0.0
3,6,2331,0.597977578,recommended,1.0,0.0
3,7,2256,14.74148388,recommended,0.0,0.0
4,0,3872,79.37053051,recommended,0.0,0.0
4,1,857,72.77189285,recommended,1.0,0.0
4,2,1936,58.943816,recommended,0.0,0.0
4,3,2530,72.94185386,recommended,0.0,0.0
4,4,2106,64.80074025,recommended,0.0,0.0
4,5,3125,55.26466335,recommended,0.0,0.0
4,6,3741,62.55956501,recommended,0.0,0.0
4,7,3273,54.92415457,recommended,0.0,0.0
5,0,1940,92.25602815,recommended,0.0,1.0
5,1,3444,94.54981251,recommended,0.0,0.0
5,2,2742,93.10117477,recommended,1.0,0.0
5,3,715,94.69105416,recommended,0.0,1.0
5,4,409,93.02887198,recommended,0.0,1.0
5,5,1444,71.15077458,recommended,1.0,0.0
5,6,2215,94.50096737,recommended,0.0,0.0
5,7,1516,76.63515592,recommended,0.0,1.0
6,0,2425,89.21674959,recommended,1.0,0.0
6,1,2965,46.01420049,recommended,0.0,0.0
6,2,3330,84.40270662,recommended,0.0,0.0
6,3,1840,47.30915738,recommended,0.0,0.0
6,4,1287,70.18702806,recommended,1.0,0.0
6,5,891,63.99072189,recommended,0.0,0.0
6,6,3258,69.79590237,recommended,0.0,0.0
6,7,2984,92.65898323,recommended,0.0,0.0
7,0,1700,75.20935081,recommended,0.0,1.0
7,1,2154,91.48509414,recommended,0.0,1.0
7,2,964,74.51133845,recommended,0.0,0.0
7,3,1792,86.76211847,recommended,0.0,1.0
7,4,2168,79.16863895,recommended,0.0,1.0
7,5,275,93.42111456,recommended,0.0,1.0
7,6,2316,33.8132368,recommended,0.0,1.0
7,7,1335,84.40416295,recommended,0.0,1.0
8,0,2324,80.67857489,recommended,0.0,1.0
8,1,1507,83.31333267,recommended,0.0,1.0
8,2,1134,81.27546311,recommended,0.0,1.0
8,3,2996,79.34654649,recommended,0.0,1.0
8,4,3045,81.63071985,recommended,0.0,1.0
8,5,1838,79.64252926,recommended,0.0,1.0
8,6,2820,98.28722602,recommended,0.0,1.0
8,7,366,78.2529931,recommended,0.0,1.0
9,0,813,92.13068227,recommended,0.0,0.0
9,1,1549,92.95670274,recommended,1.0,0.0
9,2,3312,54.63079808,recommended,0.0,1.0
9,3,815,92.39124083,recommended,0.0,0.0
9,4,1704,37.08543096,recommended,0.0,0.0
9,5,1526,33.39106531,recommended,1.0,0.0
9,6,1496,70.14701034,recommended,0.0,1.0
9,7,1688,29.97543001,recommended,0.0,1.0
10,0,1570,27.69709095,recommended,0.0,0.0
10,1,1692,55.58164705,recommended,1.0,0.0
10,2,3904,24.95662893,recommended,0.0,0.0
10,3,2552,38.32865111,recommended,0.0,0.0
10,4,3810,63.40623793,recommended,1.0,0.0
10,5,2597,34.68494953,recommended,0.0,0.0
10,6,3817,54.58472012,recommended,1.0,0.0
10,7,3327,39.19022489,recommended,0.0,0.0
11,0,2959,26.6793303,recommended,1.0,0.0
11,1,710,91.69839995,recommended,0.0,0.0
11,2,1100,83.95560608,recommended,0.0,0.0
11,3,3188,86.19820374,recommended,0.0,0.0
11,4,1242,82.20776042,recommended,0.0,0.0
11,5,564,67.35182955,recommended,0.0,0.0
11,6,3785,85.22067267,recommended,0.0,0.0
11,7,2220,86.79260178,recommended,0.0,0.0
12,0,3865,88.35188783,recommended,1.0,0.0
12,1,2459,87.55418753,recommended,1.0,0.0
12,2,1616,92.20931063,recommended,1.0,0.0
12,3,2783,83.04189522,recommended,1.0,0.0
12,4,2696,80.7977409,recommended,1.0,0.0
12,5,3517,88.40427326,recommended,1.0,0.0
12,6,1778,93.58777419,recommended,1.0,0.0
12,7,2443,47.34357171,recommended,0.0,0.0
13,0,3483,25.93974836,recommended,0.0,0.0
13,1,3401,17.378304,recommended,0.0,0.0
13,2,654,49.09682213,recommended,0.0,0.0
13,3,2746,53.36463944,recommended,0.0,0.0
13,4,2068,29.06844689,recommended,0.0,0.0
13,5,1544,47.33481015,recommended,0.0,0.0
13,6,1713,47.66948987,recommended,0.0,0.0
13,7,2602,34.74690376,recommended,0.0,0.0
14,0,459,61.13755675,recommended,0.0,1.0
14,1,3777,8.246523526,recommended,0.0,1.0
14,2,1486,81.55614964,recommended,1.0,0.0
14,3,2303,60.26102193,recommended,0.0,1.0
14,4,3827,1.986478634,recommended,0.0,1.0
14,5,1614,54.22895975,recommended,0.0,1.0
14,6,3454,69.39495874,recommended,0.0,1.0
14,7,1946,73.64322424,recommended,0.0,1.0
15,0,3162,83.83843021,recommended,1.0,0.0
15,1,47,92.12702212,recommended,0.0,0.0
15,2,3508,3.451949517,recommended,0.0,1.0
15,3,962,68.67316565,recommended,0.0,1.0
15,4,492,86.003404,recommended,0.0,1.0
15,5,824,82.40046293,recommended,0.0,1.0
15,6,954,4.444109893,recommended,1.0,0.0
15,7,3052,0.0,recommended,1.0,0.0
16,0,894,63.8547365,recommended,1.0,0.0
16,1,1346,84.69021766,recommended,1.0,0.0
16,2,375,56.83280355,recommended,0.0,1.0
16,3,2140,70.28309787,recommended,1.0,0.0
16,4,550,23.70056273,recommended,1.0,0.0
16,5,875,32.19059222,recommended,1.0,0.0
16,6,3796,42.78380779,recommended,0.0,1.0
16,7,1695,50.80872036,recommended,1.0,0.0
17,0,2723,38.14302674,recommended,0.0,0.0
17,1,2766,86.20017514,recommended,0.0,0.0
17,2,3688,31.61725517,recommended,0.0,0.0
17,3,2593,84.85609846,recommended,0.0,1.0
17,4,1350,45.30738516,recommended,0.0,0.0
17,5,2741,1.18600639,recommended,0.0,1.0
17,6,3536,46.76206263,recommended,1.0,0.0
17,7,3811,79.73976585,recommended,1.0,0.0
18,0,2164,81.22830675,recommended,0.0,0.0
18,1,117,78.80108905,recommended,0.0,1.0
18,2,3228,86.41285544,recommended,1.0,0.0
18,3,3361,80.78664078,recommended,1.0,0.0
18,4,1989,47.555818,recommended,1.0,0.0
18,5,3111,91.05627032,recommended,1.0,0.0
18,6,2039,98.17713445,recommended,1.0,0.0
18,7,1709,0.0,recommended,1.0,0.0
19,0,1719,95.67591323,recommended,0.0,0.0
19,1,3933,93.87454124,recommended,0.0,1.0
19,2,3949,23.84150703,recommended,1.0,0.0
19,3,658,14.50083816,recommended,0.0,0.0
19,4,3364,84.17796028,recommended,0.0,0.0
19,5,2034,93.31083413,recommended,0.0,1.0
19,6,2240,55.18037009,recommended,0.0,0.0
19,7,3561,91.52862329,recommended,0.0,0.0
-1,0,1572,0.0,init,0.0,0.0
-1,1,1169,3.647451971,init,0.0,0.0
-1,2,3103,1.530768374,init,0.0,0.0
-1,3,487,0.0,init,0.0,0.0
-1,4,2169,2.790822418,init,1.0,0.0
-1,5,2386,0.0,init,0.0,0.0
-1,6,1711,0.0,init,1.0,0.0
-1,7,1981,1.005881291,init,0.0,0.0
0,0,2876,13.25100229,recommended,0.0,1.0
0,1,3170,3.498335753,recommended,1.0,0.0
0,2,1583,2.029011587,recommended,0.0,0.0
0,3,1410,4.247160433,recommended,0.0,0.0
0,4,2191,13.02655322,recommended,0.0,1.0
0,5,697,9.967076399,recommended,0.0,0.0
0,6,476,3.496970929,recommended,0.0,1.0
0,7,3005,51.5902696,recommended,0.0,0.0
1,0,3037,26.05284451,recommended,0.0,1.0
1,1,3479,59.5664451,recommended,1.0,0.0
1,2,3022,23.43579167,recommended,0.0,0.0
1,3,1872,25.2527032,recommended,0.0,0.0
1,4,2670,75.59377488,recommended,0.0,1.0
1,5,902,36.02889558,recommended,0.0,0.0
1,6,3361,80.78664078,recommended,1.0,0.0
1,7,1191,46.04956103,recommended,0.0,1.0
2,0,664,44.01604328,recommended,1.0,0.0
2,1,461,8.178111662,recommended,0.0,0.0
2,2,2550,30.76250124,recommended,0.0,1.0
2,3,372,77.78682066,recommended,0.0,1.0
2,4,884,67.31022474,recommended,0.0,1.0
2,5,1528,27.6859428,recommended,0.0,0.0
2,6,2979,57.65452227,recommended,0.0,0.0
2,7,745,71.82751675,recommended,1.0,0.0
3,0,3243,63.92666602,recommended,0.0,1.0
3,1,2927,41.00150742,recommended,0.0,0.0
3,2,3592,47.14534203,recommended,1.0,0.0
3,3,3879,27.47497093,recommended,0.0,0.0
3,4,549,83.29437838,recommended,1.0,0.0
3,5,1651,59.85587044,recommended,1.0,0.0
3,6,225,62.65745672,recommended,0.0,1.0
3,7,1468,63.88080478,recommended,0.0,0.0
4,0,670,77.57371189,recommended,0.0,1.0
4,1,702,57.01120739,recommended,0.0,1.0
4,2,58,73.57415684,recommended,1.0,0.0
4,3,3097,81.15116736,recommended,0.0,1.0
4,4,2766,86.20017514,recommended,0.0,0.0
4,5,1792,86.76211847,recommended,0.0,1.0
4,6,1338,62.08187356,recommended,0.0,0.0
4,7,3809,39.89366621,recommended,0.0,1.0
5,0,1116,78.17281005,recommended,1.0,0.0
5,1,709,80.73687357,recommended,1.0,0.0
5,2,2222,48.38997285,recommended,0.0,0.0
5,3,3811,79.73976585,recommended,1.0,0.0
5,4,597,47.70226953,recommended,1.0,0.0
5,5,2452,94.87994774,recommended,0.0,1.0
5,6,1656,36.05565123,recommended,1.0,0.0
5,7,3777,8.246523526,recommended,0.0,1.0
6,0,1692,55.58164705,recommended,1.0,0.0
6,1,828,98.73132029,recommended,0.0,1.0
6,2,2258,50.12467654,recommended,0.0,1.0
6,3,1452,73.81395251,recommended,0.0,0.0
6,4,2543,89.12987666,recommended,1.0,0.0
6,5,3630,96.59121826,recommended,1.0,0.0
6,6,3364,84.17796028,recommended,0.0,0.0
6,7,2680,91.39064225,recommended,0.0,1.0
7,0,3561,91.52862329,recommended,0.0,0.0
7,1,3424,0.0,recommended,0.0,0.0
7,2,788,65.86005497,recommended,1.0,0.0
7,3,3713,34.0355551,recommended,0.0,1.0
7,4,2120,85.13318487,recommended,1.0,0.0
7,5,600,41.98383636,recommended,1.0,0.0
7,6,1070,82.21280375,recommended,0.0,1.0
7,7,537,41.72955132,recommended,0.0,1.0
8,0,570,86.53541708,recommended,0.0,0.0
8,1,632,78.02488381,recommended,1.0,0.0
8,2,1083,52.67302388,recommended,0.0,0.0
8,3,1903,65.93988128,recommended,0.0,1.0
8,4,3922,80.02767877,recommended,1.0,0.0
8,5,1415,35.88987774,recommended,0.0,1.0
8,6,561,57.85208433,recommended,0.0,0.0
8,7,2541,49.46796695,recommended,0.0,1.0
9,0,1357,84.9300227,recommended,1.0,0.0
9,1,874,91.37329051,recommended,0.0,0.0
9,2,528,82.51131881,recommended,0.0,1.0
9,3,823,68.55764886,recommended,0.0,1.0
9,4,1316,65.99016493,recommended,0.0,0.0
9,5,1393,79.52732954,recommended,0.0,1.0
9,6,2425,89.21674959,recommended,1.0,0.0
9,7,3629,83.93526521,recommended,0.0,0.0
10,0,1066,13.88482007,recommended,1.0,0.0
10,1,2164,81.22830675,recommended,0.0,0.0
10,2,1193,86.42573792,recommended,0.0,0.0
10,3,3669,83.65433196,recommended,1.0,0.0
10,4,2215,94.50096737,recommended,0.0,0.0
10,5,3803,83.44233536,recommended,0.0,0.0
10,6,3835,78.00288409,recommended,0.0,1.0
10,7,2991,93.03255731,recommended,1.0,0.0
11,0,1595,46.05681806,recommended,0.0,1.0
11,1,1561,43.8122723,recommended,0.0,0.0
11,2,1495,25.42117806,recommended,1.0,0.0
11,3,2331,0.597977578,recommended,1.0,0.0
11,4,1323,48.23235239,recommended,1.0,0.0
11,5,784,73.49750543,recommended,1.0,0.0
11,6,1331,7.18319285,recommended,1.0,0.0
11,7,1964,85.68357471,recommended,0.0,1.0
12,0,75,30.72459608,recommended,0.0,1.0
12,1,3068,55.95219042,recommended,0.0,1.0
12,2,349,63.44404456,recommended,0.0,1.0
12,3,2783,83.04189522,recommended,1.0,0.0
12,4,1110,52.59936901,recommended,0.0,0.0
12,5,3304,47.68791361,recommended,1.0,0.0
12,6,304,40.27887601,recommended,0.0,1.0
12,7,564,67.35182955,recommended,0.0,0.0
13,0,48,74.04736649,recommended,0.0,0.0
13,1,3435,0.81239337,recommended,1.0,0.0
13,2,3239,92.91423383,recommended,0.0,1.0
13,3,3308,90.64441503,recommended,0.0,0.0
13,4,2527,80.90631241,recommended,0.0,0.0
13,5,2111,36.64285561,recommended,0.0,0.0
13,6,3100,83.3036144,recommended,0.0,1.0
13,7,1196,52.34346738,recommended,0.0,0.0
14,0,2262,77.66498135,recommended,1.0,0.0
14,1,1639,86.6996801,recommended,1.0,0.0
14,2,2494,68.89095082,recommended,0.0,0.0
14,3,2710,77.4707991,recommended,1.0,0.0
14,4,754,75.28558302,recommended,0.0,1.0
14,5,3810,63.40623793,recommended,1.0,0.0
14,6,2870,81.56943098,recommended,0.0,1.0
14,7,1929,39.09372544,recommended,0.0,0.0
15,0,1135,68.99091328,recommended,1.0,0.0
15,1,2964,23.31600153,recommended,0.0,0.0
15,2,3942,64.185973,recommended,0.0,0.0
15,3,3430,89.47412112,recommended,0.0,0.0
15,4,3481,74.23566846,recommended,1.0,0.0
15,5,3664,85.99469652,recommended,0.0,1.0
15,6,3839,87.36384149,recommended,0.0,0.0
15,7,513,86.12188158,recommended,1.0,0.0
16,0,540,62.64758393,recommended,0.0,1.0
16,1,1035,4.88514688,recommended,0.0,0.0
16,2,3251,20.00288675,recommended,0.0,0.0
16,3,2556,83.37705512,recommended,0.0,0.0
16,4,3437,75.29152855,recommended,0.0,0.0
16,5,1464,24.16256349,recommended,0.0,0.0
16,6,2431,48.06786456,recommended,0.0,0.0
16,7,2489,86.971127,recommended,0.0,1.0
17,0,2407,54.23706048,recommended,0.0,1.0
17,1,3675,16.67869351,recommended,0.0,1.0
17,2,232,72.26820117,recommended,0.0,0.0
17,3,42,97.56849953,recommended,0.0,1.0
17,4,3719,76.3025428,recommended,0.0,1.0
17,5,1577,1.262424529,recommended,0.0,0.0
17,6,263,21.81045338,recommended,1.0,0.0
17,7,3621,66.04767415,recommended,0.0,0.0
18,0,2837,68.0065648,recommended,0.0,0.0
18,1,810,30.01215681,recommended,0.0,1.0
18,2,2470,61.91869342,recommended,0.0,0.0
18,3,3149,3.012114112,recommended,0.0,1.0
18,4,2081,17.5357483,recommended,0.0,0.0
18,5,2204,72.8784855,recommended,0.0,1.0
18,6,1496,70.14701034,recommended,0.0,1.0
18,7,3215,84.5566149,recommended,0.0,0.0
19,0,689,75.99606764,recommended,1.0,0.0
19,1,2686,1.826315609,recommended,0.0,0.0
19,2,409,93.02887198,recommended,0.0,1.0
19,3,1182,5.298717423,recommended,0.0,0.0
19,4,74,37.12306374,recommended,0.0,0.0
19,5,365,59.18255708,recommended,0.0,1.0
19,6,604,54.46826622,recommended,0.0,1.0
19,7,470,85.65923047,recommended,0.0,0.0
-1,0,1572,0.0,init,0.0,0.0
-1,1,1169,3.647451971,init,0.0,0.0
-1,2,3103,1.530768374,init,0.0,0.0
-1,3,487,0.0,init,0.0,0.0
-1,4,2169,2.790822418,init,1.0,0.0
-1,5,2386,0.0,init,0.0,0.0
-1,6,1711,0.0,init,1.0,0.0
-1,7,1981,1.005881291,init,0.0,0.0
0,0,1635,6.160292213,recommended,1.0,0.0
0,1,1175,23.3532112,recommended,0.0,0.0
0,2,3091,56.03747384,recommended,0.0,0.0
0,3,501,36.30636065,recommended,0.0,1.0
0,4,2209,16.04849725,recommended,0.0,0.0
0,5,2438,1.069060713,recommended,0.0,0.0
0,6,1757,31.88542104,recommended,1.0,0.0
0,7,2032,17.14482537,recommended,0.0,1.0
1,0,1391,29.68665622,recommended,0.0,0.0
1,1,1716,0.526967727,recommended,0.0,0.0
1,2,348,32.02304313,recommended,1.0,0.0
1,3,881,1.208332351,recommended,0.0,0.0
1,4,654,49.09682213,recommended,0.0,0.0
1,5,3606,36.80117668,recommended,0.0,0.0
1,6,2129,0.0,recommended,0.0,0.0
1,7,1401,40.60161129,recommended,0.0,1.0
2,0,3269,34.74723042,recommended,1.0,0.0
2,1,2842,47.55321922,recommended,0.0,0.0
2,2,1728,28.48464058,recommended,1.0,0.0
2,3,1491,4.12761042,recommended,1.0,0.0
2,4,900,0.0,recommended,0.0,1.0
2,5,3157,4.67315366,recommended,0.0,0.0
2,6,1784,61.68885211,recommended,0.0,0.0
2,7,1336,89.5866498,recommended,1.0,0.0
3,0,677,35.13952712,recommended,0.0,0.0
3,1,458,67.48065191,recommended,0.0,0.0
3,2,2517,36.7072802,recommended,0.0,1.0
3,3,2948,0.0,recommended,0.0,1.0
3,4,1620,20.24596352,recommended,1.0,0.0
3,5,1201,48.47717448,recommended,1.0,0.0
3,6,2823,39.52986412,recommended,0.0,1.0
3,7,2196,52.55158103,recommended,0.0,1.0
4,0,3402,29.85245303,recommended,1.0,0.0
4,1,1012,8.862814974,recommended,0.0,0.0
4,2,3257,0.836644888,recommended,0.0,0.0
4,3,759,31.17955703,recommended,1.0,0.0
4,4,1292,9.616112883,recommended,0.0,1.0
4,5,659,44.33872807,recommended,1.0,0.0
4,6,2707,1.279456438,recommended,0.0,0.0
4,7,3625,5.748911263,recommended,0.0,0.0
5,0,503,25.83582864,recommended,0.0,0.0
5,1,2653,49.61017751,recommended,0.0,0.0
5,2,1298,53.60304102,recommended,1.0,0.0
5,3,64,24.59821074,recommended,0.0,1.0
5,4,1990,6.581266653,recommended,0.0,1.0
5,5,2392,94.15173815,recommended,0.0,0.0
5,6,202,16.82018282,recommended,0.0,0.0
5,7,2880,0.96264489,recommended,0.0,1.0
6,0,252,85.14465222,recommended,0.0,1.0
6,1,1458,0.47110416,recommended,0.0,0.0
6,2,1177,3.12306153,recommended,0.0,0.0
6,3,1247,99.03446213,recommended,0.0,0.0
6,4,3086,38.49679424,recommended,1.0,0.0
6,5,3192,7.66652575,recommended,0.0,1.0
6,6,2260,48.70823186,recommended,0.0,0.0
6,7,594,0.027450906,recommended,0.0,0.0
7,0,370,47.90925553,recommended,0.0,1.0
7,1,1039,60.25206697,recommended,0.0,1.0
7,2,790,83.73721982,recommended,0.0,1.0
7,3,802,0.0,recommended,0.0,0.0
7,4,3471,73.72948461,recommended,0.0,1.0
7,5,2583,91.93340238,recommended,0.0,1.0
7,6,2079,7.774794319,recommended,0.0,0.0
7,7,591,15.0343232,recommended,0.0,0.0
8,0,2940,0.0,recommended,1.0,0.0
8,1,609,6.618305452,recommended,0.0,0.0
8,2,3807,76.83418769,recommended,1.0,0.0
8,3,690,0.747631534,recommended,0.0,0.0
8,4,713,42.28229272,recommended,0.0,1.0
8,5,842,11.68964545,recommended,0.0,0.0
8,6,1778,93.58777419,recommended,1.0,0.0
8,7,2422,64.13599101,recommended,0.0,0.0
9,0,3179,2.505489323,recommended,0.0,0.0
9,1,1297,2.067024275,recommended,0.0,0.0
9,2,2617,3.510094374,recommended,0.0,1.0
9,3,2741,1.18600639,recommended,0.0,1.0
9,4,3497,3.280980517,recommended,0.0,0.0
9,5,31,71.09717455,recommended,0.0,1.0
9,6,796,39.32908802,recommended,0.0,1.0
9,7,656,8.038113026,recommended,1.0,0.0
10,0,3602,61.82340519,recommended,0.0,1.0
10,1,1739,51.23480839,recommended,0.0,1.0
10,2,341,48.93807733,recommended,0.0,1.0
10,3,99,32.25917309,recommended,0.0,1.0
10,4,406,95.12897845,recommended,0.0,0.0
10,5,2736,12.57060724,recommended,0.0,0.0
10,6,3903,4.103392125,recommended,1.0,0.0
10,7,3876,26.47105008,recommended,0.0,0.0
11,0,705,32.01759643,recommended,1.0,0.0
11,1,2579,32.40012299,recommended,0.0,0.0
11,2,1168,9.576264128,recommended,0.0,0.0
11,3,904,0.0,recommended,0.0,0.0
11,4,3133,50.57898439,recommended,0.0,1.0
11,5,62,40.08669181,recommended,0.0,1.0
11,6,482,40.65115531,recommended,0.0,1.0
11,7,3674,41.26140824,recommended,0.0,1.0
12,0,3831,20.44948228,recommended,0.0,0.0
12,1,1937,2.863405084,recommended,0.0,1.0
12,2,578,0.0,recommended,0.0,0.0
12,3,632,78.02488381,recommended,1.0,0.0
12,4,3644,64.96884309,recommended,1.0,0.0
12,5,1392,52.85443039,recommended,0.0,1.0
12,6,1314,27.35092133,recommended,0.0,1.0
12,7,2546,0.970983294,recommended,0.0,1.0
13,0,3063,64.60187181,recommended,0.0,1.0
13,1,3104,53.17975334,recommended,0.0,0.0
13,2,1160,9.062775444,recommended,0.0,0.0
13,3,2721,15.46929664,recommended,0.0,0.0
13,4,3729,24.01631717,recommended,0.0,0.0
13,5,1868,20.18480169,recommended,0.0,0.0
13,6,3752,46.52870973,recommended,0.0,0.0
13,7,706,14.60964787,recommended,0.0,0.0
14,0,3583,22.3492694,recommended,1.0,0.0
14,1,2168,79.16863895,recommended,0.0,1.0
14,2,3699,22.20180478,recommended,0.0,0.0
14,3,2202,28.29509241,recommended,0.0,0.0
14,4,294,8.194090633,recommended,0.0,1.0
14,5,3891,34.68012306,recommended,0.0,0.0
14,6,2131,23.26106265,recommended,0.0,0.0
14,7,1184,50.58289676,recommended,0.0,1.0
15,0,1618,81.85780625,recommended,0.0,1.0
15,1,2423,31.49662818,recommended,0.0,0.0
15,2,839,71.60789091,recommended,1.0,0.0
15,3,436,0.927604534,recommended,1.0,0.0
15,4,3074,28.75149591,recommended,0.0,0.0
15,5,3759,51.85571731,recommended,0.0,1.0
15,6,642,40.59375347,recommended,0.0,0.0
15,7,159,0.566845941,recommended,0.0,0.0
16,0,292,6.262930072,recommended,0.0,0.0
16,1,3209,80.07437026,recommended,0.0,1.0
16,2,665,11.23128528,recommended,1.0,0.0
16,3,1249,86.49714531,recommended,0.0,1.0
16,4,476,3.496970929,recommended,0.0,1.0
16,5,2405,9.606838288,recommended,1.0,0.0
16,6,879,82.3438198,recommended,0.0,1.0
16,7,875,32.19059222,recommended,1.0,0.0
17,0,3620,34.2854552,recommended,0.0,0.0
17,1,3010,87.93113193,recommended,1.0,0.0
17,2,2161,49.01650319,recommended,0.0,1.0
17,3,3619,4.220973073,recommended,1.0,0.0
17,4,86,73.85492194,recommended,0.0,0.0
17,5,424,0.0,recommended,0.0,0.0
17,6,2724,0.319224301,recommended,0.0,0.0
17,7,2277,19.65840226,recommended,0.0,1.0
18,0,3818,40.31664678,recommended,1.0,0.0
18,1,785,12.48722349,recommended,0.0,0.0
18,2,864,67.19184926,recommended,0.0,1.0
18,3,1322,14.36737015,recommended,0.0,0.0
18,4,2330,49.15467449,recommended,1.0,0.0
18,5,260,7.108204477,recommended,0.0,1.0
18,6,1379,26.98890626,recommended,0.0,0.0
18,7,2113,6.264897465,recommended,0.0,0.0
19,0,2637,68.10761052,recommended,0.0,1.0
19,1,3253,47.59873076,recommended,0.0,0.0
19,2,2187,6.083579291,recommended,0.0,0.0
19,3,3767,32.63137063,recommended,0.0,1.0
19,4,2052,19.22189421,recommended,0.0,0.0
19,5,3812,27.34305282,recommended,0.0,0.0
19,6,1441,32.89151252,recommended,0.0,0.0
19,7,3377,0.707254592,recommended,0.0,0.0
-1,0,4287,0.046021129755799625,init,0.8610629364797194,0.06986192068466168
-1,1,4668,0.03465854372427552,init,0.63267703484136,0.9760139255987942
-1,2,1032,0.05054672792916922,init,0.05195657755426841,0.7862781993840331
-1,3,7526,0.04405385799622244,init,0.08398950138915895,0.8903091977745643
-1,4,7384,0.05965579308001954,init,0.1993238589505738,0.06525518912500594
-1,5,5473,0.020055435170736824,init,0.058133791026828585,0.9291163526913256
-1,6,1162,0.05390107492424445,init,0.8237903842212947,0.9550605114849889
-1,7,960,0.004130230838594379,init,0.6956181464968069,0.0032182636042786816
0,0,5249,0.04428139518747376,global_best,0.2980416983469145,0.035064949018718705
0,1,5055,0.04119784388419308,global_best,0.262880701989326,0.03574839446586464
0,2,8549,0.04869193486570643,global_best,0.3340007188265939,0.03580929441773073
0,3,1120,0.03269178371843732,global_best,0.7945782787001903,0.03467026672648332
0,4,1743,0.07308632268761892,local_best,0.35492466087701,0.05198935197770749
0,5,8306,0.049650686681558386,local_best,0.23212860210310593,0.04761237842748811
0,6,6326,2.5102662926555395,unexplored,0.28509949938299406,0.4550517048081386
0,7,3807,0.9654099419589741,unexplored,0.24527930497436734,0.4484078410159329
1,0,9567,0.7143444420561312,global_best,0.3049955183026858,0.6179182568379911
1,1,6716,1.945289861179262,global_best,0.29100336340028155,0.5206224651714518
1,2,4638,1.5375683453966096,global_best,0.29028367731476035,0.5411880558570243
1,3,2633,2.7596545145860936,global_best,0.2908768542315825,0.4694068419892581
1,4,3715,2.549356210069447,local_best,0.28622430723999437,0.46010262655768797
1,5,3565,2.338924969136137,local_best,0.28266736054115904,0.460868735269652
1,6,1220,3.836117241449617,unexplored,0.5537114853580112,0.541704812410004
1,7,1296,4.9317961862718,unexplored,0.5525009674078891,0.5201698923107512
2,0,7580,11.160252765858809,global_best,0.44151869651086506,0.529190098746567
2,1,6674,14.503911538458311,global_best,0.4307166216080104,0.5017029841763491
2,2,8833,8.257299160177762,global_best,0.5061700856552025,0.5291631009556624
2,3,7764,7.523763595172944,global_best,0.527436084929228,0.51455309133378
2,4,1042,7.334121601119428,local_best,0.5387017979527142,0.4978125080342902
2,5,4575,6.849809320230369,local_best,0.5434698699813632,0.49715381588287166
2,6,4159,1.5954793485772722,unexplored,0.8577655483724422,0.494982794712461
2,7,4359,1.356152705016544,unexplored,0.883349701022104,0.4957170100782755
3,0,4272,11.107745939409522,global_best,0.3980548406789377,0.513633383928651
3,1,8029,0.0376054653475689,global_best,0.4345026937193044,0.02446470275893342
3,2,7601,0.40956637858894474,global_best,0.43407639419691957,0.19197550585923784
3,3,327,0.19862951329525613,global_best,0.4316595462296794,0.12758030279556376
3,4,7593,13.126472818649024,local_best,0.4236901786604971,0.5108523649637979
3,5,2764,3.3622351573702454,local_best,0.4350145943402234,0.2926550976674078
3,6,3402,0.2891865648769013,unexplored,0.4332509323090279,0.7996918620027912
3,7,7130,0.2511520952795995,unexplored,0.43161551737234916,0.8283229686418426
4,0,3760,9.010647033165665,global_best,0.3693826475825851,0.5058092225923297
4,1,3737,12.863025333315935,global_best,0.3982502348634128,0.4971672807176857
4,2,8289,0.07534677924522426,global_best,0.048150789173200925,0.5049609189421677
4,3,4778,0.16531971479986354,global_best,0.10691986437982137,0.5047543235655417
4,4,9066,13.089618348984569,local_best,0.4103056135599151,0.5046246829316976
4,5,7352,1.1987845318522863,local_best,0.9142087896808119,0.5060053347669375
4,6,2119,0.36728549705904234,unexplored,0.7021074541137926,0.33135221873631704
4,7,1084,0.4130343279658138,unexplored,0.676177562075434,0.325104015431699
5,0,2996,14.714145531512829,global_best,0.4595629775055219,0.49896794422079305
5,1,2313,5.322788794304982,global_best,0.33161684910783396,0.5005793174308313
5,2,4487,7.760251078869035,global_best,0.42960274344854676,0.5543225980836554
5,3,2297,1.3063618968507016,global_best,0.42746652816668906,0.6452185758446639
5,4,9979,13.64877172532747,local_best,0.4143004118309941,0.5021280957856249
5,5,9019,6.871088771027965,unexplored,0.737025905790354,0.6622475475214803
5,6,3780,6.718676656632481,unexplored,0.7355207057935812,0.6637916239414441
6,0,9229,14.220747916651593,global_best,0.46875106043441406,0.4993955991710657
6,1,9693,13.981293431467716,global_best,0.4449666567350885,0.5076599964512309
6,2,4154,13.15044158148429,global_best,0.4184494971754581,0.5085388914977079
6,3,9331,9.676276783868351,global_best,0.40143816199886495,0.5283989834014866
6,4,1866,14.716994946656596,local_best,0.44671452725852034,0.5015179603501664
6,5,4145,2.43871386263834,unexplored,0.9694393756758783,0.6932095422188678
6,6,7655,1.2788816322803696,unexplored,0.9933898787390681,0.6987269237038791
7,0,3741,15.303950911295582,global_best,0.43946537435844213,0.49632277128437885
7,1,4820,12.981434226119942,global_best,0.483593048104329,0.5010473777944182
7,2,2930,12.528585884013744,global_best,0.4553949052479408,0.5180153489085197
7,3,4536,12.296041285096567,global_best,0.42286840905908707,0.5171503622838772
7,4,4857,13.437509416547382,local_best,0.48071405648435594,0.49885102374427426
7,5,7772,7.760526644156365,local_best,0.7460934621942268,0.6707257400787232
7,6,1033,0.22437485876175522,unexplored,0.2013637821359744,0.2586208348880388
7,7,5114,0.21709824949615822,unexplored,0.1937389330248106,0.26175286903702366
8,0,7453,14.033452344642006,global_best,0.45253364402930063,0.5065538158814177
8,1,4233,12.309896519366843,global_best,0.43677716932331967,0.5201807365667597
8,2,2230,10.795643042652786,global_best,0.40273948474683074,0.5196116758030075
8,3,3410,10.998734201862257,global_best,0.48222523033732656,0.5203236261913857
8,4,1256,13.613824804579888,local_best,0.4483190553694222,0.5104324890042322
8,5,2825,7.254599274192888,local_best,0.7416841289918231,0.6752308375620375
8,6,2388,0.00077327251632369,unexplored,0.0005979388347953085,0.30781915002611915
8,7,1357,0.0017194736618350284,unexplored,0.0013536257154681541,0.2998005275652359
9,0,9311,16.31039161052814,global_best,0.4390946215718754,0.4866100436893823
9,1,6801,14.766865450119365,global_best,0.4724603288539476,0.4916133448403307
9,2,5877,11.84512742947516,global_best,0.39929925602578586,0.5078942095312776
9,3,2207,14.701149214227476,global_best,0.41078880999961176,0.48964407603203264
9,4,4630,13.96174741540506,local_best,0.4537537602503535,0.5069301160771944
9,5,997,8.332966238409966,local_best,0.7513750860290457,0.6569551562671395
9,6,6848,0.06600454958366199,unexplored,0.9468673974959648,0.2917238871803609
9,7,1216,0.019788258452832084,unexplored,0.9840131632104643,0.2884054378187457
10,0,8197,15.522984425084788,global_best,0.413054347953398,0.4824754444178325
10,1,2558,16.528966554676547,global_best,0.45564954943987745,0.4820173397769325
10,2,2942,14.652152388102213,global_best,0.48018351526188785,0.4858856061896132
10,3,633,13.726724570279403,global_best,0.3924935564066848,0.4799388347171235
10,4,3541,16.41581291722031,local_best,0.43276708170819367,0.4841844983225968
10,5,1446,10.320067748507117,local_best,0.7711228158518866,0.6546506868659545
10,6,3816,0.02198334111554564,unexplored,0.32558113251901144,0.9835972997387742
10,7,6255,0.013874556492433118,unexplored,0.32135230581522534,0.9895648082378068
11,0,2624,17.013843595776,global_best,0.45688807173726687,0.4751083649318354
11,1,3493,17.35111164344301,global_best,0.42944789707870257,0.4707059473159374
11,2,170,14.30637280406288,global_best,0.49161587511683236,0.4734717707805657
11,3,4035,16.992267212638204,global_best,0.43558915801270903,0.41484685030159496
11,4,991,16.35252716927125,local_best,0.45818688673789265,0.4829688720853552
11,5,9307,8.366665893646642,local_best,0.7742221911560132,0.6059089432132964
11,6,1230,0.03804673122834317,unexplored,0.9938483888996982,0.880314762148927
11,7,7215,0.0199858760883183,unexplored,0.9958564291781623,0.8972965885332946
12,0,1950,13.03786172642505,global_best,0.4313017063410146,0.37904048538303503
12,1,5609,18.09932209205459,global_best,0.4294187868522533,0.4412878027999434
12,2,6145,16.423982099504407,global_best,0.4274505332424855,0.4103375943357709
12,3,4470,13.86249638295615,global_best,0.4623614472477392,0.39006606574762825
12,4,1025,16.197725580096687,local_best,0.45830064152865646,0.484696287130047
12,5,6068,7.627466446619093,local_best,0.7628554778963716,0.6079711675981625
12,6,2875,0.2049040842116708,unexplored,0.24361479198219427,0.798555838130599
12,7,3505,0.20280505398512805,unexplored,0.25048294674976346,0.8059058425334413
13,0,4327,12.201566061941195,global_best,0.3714633393344715,0.4489117225927901
13,1,2465,8.128616731262545,global_best,0.4237701199309234,0.34213260011189495
13,2,5219,8.30695713658799,global_best,0.4559461857686613,0.34442804621718826
13,3,1443,11.505642576047958,global_best,0.5069204379618346,0.40941207181701833
13,4,8201,18.09012779190241,local_best,0.4303926180160754,0.45383788125698044
13,5,4914,10.369051847942195,local_best,0.7711360481708222,0.6612653062650915
13,6,166,0.008060274792361816,unexplored,0.014393488629755868,0.11607264050691624
13,7,5885,0.004456048758185354,unexplored,0.008349737513769662,0.11035505655787547
14,0,3705,17.90266617518896,global_best,0.4241850557459762,0.4466887217446649
14,1,8575,13.076659023860099,global_best,0.5057654423348055,0.4557274006802463
14,2,4590,16.263425596127043,global_best,0.42932276570419525,0.40788492685035893
14,3,920,12.20375959334846,global_best,0.3721670238375133,0.432076882944196
14,4,605,17.962951472208704,local_best,0.42618130223597295,0.4513870243296755
14,5,9864,10.020463105239847,local_best,0.7676754330372791,0.6659300312206798
14,6,1324,18.06505261547206,unexplored,0.43272913601970464,0.457699605159294
14,7,8817,17.908294566077526,unexplored,0.4557062844202975,0.45777935126563984
15,0,8804,17.76314927535766,global_best,0.42168164685289433,0.444385026638056
15,1,9273,17.51132517172868,global_best,0.4633834858663197,0.43765236472442226
15,2,4397,15.982636013069456,global_best,0.43728164824461757,0.40354862081368836
15,3,7546,15.25231306203587,global_best,0.45700230937694064,0.40014546728455913
15,4,2804,18.06813213054944,local_best,0.4490377603699617,0.45930368821307377
15,5,8617,10.334275622633454,local_best,0.7707726882106072,0.663444393638966
15,6,7815,17.64010529593808,unexplored,0.42835028381315066,0.46472195619874945
15,7,2793,17.348459244452876,unexplored,0.4268947278233026,0.4690249397178835
16,0,9694,17.35523936916646,global_best,0.4157543876756019,0.4494367753080455
16,1,1620,17.02154395693303,global_best,0.4157751035233219,0.42894433343014426
16,2,7820,17.373688873909813,global_best,0.46050915990817876,0.4292107795416997
16,3,9236,18.075867950647677,global_best,0.4362671348044198,0.4333420303683231
16,4,7066,17.686458003480876,local_best,0.43354310280380104,0.4671741333524465
16,5,930,10.841826726843143,local_best,0.7764474464997246,0.6561618376810715
16,6,4129,0.35209333036600376,unexplored,0.6137079695437473,0.793537402228831
16,7,9897,0.3062934226196444,unexplored,0.6068597036029475,0.8083263989215644
17,0,9029,17.192573932628804,global_best,0.41351685437859886,0.4428583095794191
17,1,4292,16.98581065807028,global_best,0.46354783925892185,0.4703240479372064
17,2,7291,16.646668476823947,global_best,0.4625339853783005,0.4189408420801276
17,3,8186,16.39323439916339,global_best,0.4133125614011103,0.42023263280146006
17,4,2355,17.40474175546537,local_best,0.4189697737795244,0.4580286165838686
17,5,8347,11.427290774819852,local_best,0.7826207890770093,0.6638101052502828
17,6,3870,0.23671125176972035,unexplored,0.603755143837613,0.16393172095320274
17,7,6198,0.226835604263162,unexplored,0.6001239399394965,0.1562613398113556
18,0,8603,11.624674024355526,global_best,0.514502164857092,0.46810204444960535
18,1,8515,11.62805298886019,global_best,0.51631656166117,0.444829257597959
18,2,9276,11.556876150642704,global_best,0.5063662535617891,0.49020285420562826
18,3,6782,16.09251467344487,global_best,0.4046554179046665,0.4290479939721157
18,4,3423,17.39956537585413,local_best,0.4162849285443547,0.448851365652003
18,5,9280,10.921137737546248,local_best,0.7802034968567615,0.6438472028115468
18,6,4767,17.52818968654935,unexplored,0.4183833377132715,0.44085511270251587
18,7,3673,17.36644328979894,unexplored,0.4549507768419997,0.47078499701270726
19,0,3969,9.736186780874414,global_best,0.3593389905157872,0.47535906768086855
19,1,1821,16.896473857230063,global_best,0.4680690542342901,0.4662994129398188
19,2,5139,10.529263687548411,global_best,0.36046302914925554,0.4304219080879669
19,3,829,15.569208643327451,global_best,0.3969815170742834,0.44720254050483565
19,4,4260,17.48613500599785,local_best,0.45232347763429603,0.4243890180725104
19,5,1321,11.06906728512243,local_best,0.7818238633449356,0.6441492214759159
19,6,5772,17.5102451098659,unexplored,0.450623425108169,0.42389975199699825
19,7,9401,17.306567202952372,unexplored,0.4272817081273277,0.42231387785603225
-1,0,4287,0.046021129755799625,init,0.8610629364797194,0.06986192068466168
-1,1,4668,0.03465854372427552,init,0.63267703484136,0.9760139255987942
-1,2,1032,0.05054672792916922,init,0.05195657755426841,0.7862781993840331
-1,3,7526,0.04405385799622244,init,0.08398950138915895,0.8903091977745643
-1,4,7384,0.05965579308001954,init,0.1993238589505738,0.06525518912500594
-1,5,5473,0.020055435170736824,init,0.058133791026828585,0.9291163526913256
-1,6,1162,0.05390107492424445,init,0.8237903842212947,0.9550605114849889
-1,7,960,0.004130230838594379,init,0.6956181464968069,0.0032182636042786816
0,0,7189,0.04566417813435268,recommended,0.304579947087249,0.03562979539013933
0,1,3306,0.04000179263588406,recommended,0.24781244290690685,0.036340748316242455
0,2,3037,0.04531283632041892,recommended,0.3070877433602487,0.035159250271194153
0,3,7935,0.04698658687944831,recommended,0.3257681196433685,0.035087611216299996
0,4,5249,0.04428139518747376,recommended,0.2980416983469145,0.035064949018718705
0,5,8549,0.04869193486570643,recommended,0.3340007188265939,0.03580929441773073
0,6,5055,0.04119784388419308,recommended,0.262880701989326,0.03574839446586464
0,7,6305,0.041141542467835246,recommended,0.27000499646501397,0.03498248830806283
1,0,1611,0.007792377177937897,recommended,0.08355433751068975,0.01912896643728701
1,1,9525,0.003090884216817221,recommended,0.14854515150998093,0.004373679100979522
1,2,5990,0.0025352519905411683,recommended,0.14182882868767488,0.003745094711284813
1,3,2992,0.00956117306187139,recommended,0.14306195272340239,0.01401451752605698
1,4,2928,0.0059125226533521275,recommended,0.14387615538978016,0.008619002591780278
1,5,1380,0.005498308688499791,recommended,0.14730304427897034,0.007841590771916818
1,6,1608,0.001552836946390536,recommended,0.16528449014295743,0.001992135219070268
1,7,1065,0.009659596108930434,recommended,0.16223340578247936,0.01260751997575904
2,0,4786,0.015417131409103864,recommended,0.06150573645863855,0.051334371323677574
2,1,9845,0.020400169455799626,recommended,0.06366333324100759,0.06583774216430249
2,2,855,0.044021844010388736,recommended,0.1520248531286481,0.06134962711066816
2,3,9125,0.05397713279870913,recommended,0.17218852755576275,0.06722863557081049
2,4,6376,0.044029793967428454,recommended,0.17320363075991208,0.05441012775017795
2,5,6751,0.04315645780950419,recommended,0.16421695822734594,0.05598028486168638
2,6,6548,0.042019929785712874,recommended,0.1641144395957903,0.054522558878279725
2,7,9330,0.050093904397142286,recommended,0.19159494968442303,0.943379718994751
3,0,7675,0.019049312452081104,recommended,0.012137458315200522,0.48864389709875844
3,1,1258,0.0299312185728864,recommended,0.01911609442976403,0.4768434683178171
3,2,7473,0.0756611460074418,recommended,0.049188990232022056,0.44114359936907654
3,3,9713,0.012550061635295467,recommended,0.008118807036994857,0.4432573413593345
3,4,7252,0.05123667365847445,recommended,0.0328354290838776,0.4684095450243587
3,5,428,0.05707040343158564,recommended,0.03654966784809488,0.47206694510999925
3,6,1549,0.012784552736694937,recommended,0.008319942227192012,0.43358279263261434
3,7,3377,0.0022158346111833933,recommended,0.0014283430791767193,0.4495833529202623
4,0,6185,0.0743528206867781,recommended,0.050144023071810206,0.3966087993343448
4,1,2462,0.056080837891656944,recommended,0.04960590834948275,0.25706269218920874
4,2,2707,0.07226552846183419,recommended,0.04929449276441644,0.3862877051455452
4,3,5533,0.06674098870620288,recommended,0.04912689389185232,0.3347435317993622
4,4,3668,0.05817519594708816,recommended,0.049781001523043766,0.2685000761974954
4,5,1831,0.008602776570248017,recommended,0.05024300982298213,0.03491155265622381
4,6,3852,0.007492548486250904,recommended,0.04916082915504816,0.03105687603515561
4,7,3205,0.06686738737603058,recommended,0.04778136468140537,0.3522309750707453
5,0,2186,0.07592743827826781,recommended,0.051150205620397626,0.3977934409290982
5,1,5748,0.0792168778717237,recommended,0.053340163005183516,0.3985996627184558
5,2,1989,0.07700090179079584,recommended,0.05057310382422886,0.4261212379522308
5,3,9072,0.07638798719665447,recommended,0.05296640560971011,0.373617772310308
5,4,8309,0.01195533393427487,recommended,0.04928020144774492,0.9504422340901033
5,5,2547,0.06935556334648849,recommended,0.04515136441229195,0.4378998871429123
5,6,4686,0.030281021310269274,recommended,0.05006452709329434,0.8736338226347001
5,7,7661,0.026222754156681384,recommended,0.05060138712180473,0.8925114190941515
6,0,1781,0.08615528676752209,recommended,0.05697872699736828,0.41860727491832994
6,1,8950,0.08291421073198219,recommended,0.05700659464969238,0.3807837345921097
6,2,7758,0.08215121056088641,recommended,0.056947948698448214,0.3743255646128538
6,3,1512,0.08159037091786844,recommended,0.056585656146715624,0.3739210470128136
6,4,4938,0.08366224436378136,recommended,0.05816775872092472,0.3722452951860714
6,5,3486,0.09128742212813194,recommended,0.06068306895068232,0.4133424598711922
6,6,7553,0.10554927595227966,recommended,0.06994401013863127,0.4191050862867066
6,7,4606,0.0957036151110152,recommended,0.06431922319358352,0.40237053954137436
7,0,6270,0.11918287766674722,recommended,0.07868365694189783,0.4261515484507238
7,1,3863,0.14493683468125176,recommended,0.09612585173215149,0.4245726071859556
7,2,2860,0.15740577200934563,recommended,0.10466044034648114,0.42294354374155774
7,3,8976,0.09664425154767517,recommended,0.06767516322559997,0.3683165056261255
7,4,6973,0.11843739882625094,recommended,0.0781096887511562,0.42741512018770944
7,5,7177,0.14262405544813114,recommended,0.09431265146274759,0.4281280507101417
7,6,187,0.09346380621349437,recommended,0.07118864846022899,0.3189756302937613
7,7,2731,0.08901278928759368,recommended,0.06803731409166969,0.31690413772062476
8,0,8911,0.6137364571077497,recommended,0.6767665412396405,0.4306735714824551
8,1,9722,0.7630564904611928,recommended,0.23517023912461177,0.4307419748812953
8,2,627,0.5621655653650554,recommended,0.6855652872289714,0.4303058948994627
8,3,2878,1.3219301051492658,recommended,0.6306352949830805,0.4301427320968263
8,4,1186,0.5317943715518783,recommended,0.6924928266692253,0.42993107739014813
8,5,1128,11.172281628667196,recommended,0.5174463517550413,0.4304274103209902
8,6,1823,15.064428084057488,recommended,0.4872653541000508,0.4299852141210597
8,7,3906,0.15650661453093245,recommended,0.10339493663004151,0.43150811984764237
9,0,8870,0.034848585551658144,recommended,0.410902058988588,0.023089622682200828
9,1,1705,0.19979467619093003,recommended,0.411191517994586,0.13008066982894695
9,2,8775,0.16270514880116893,recommended,0.4116507968016314,0.10782367385194702
9,3,3315,0.2156725311165693,recommended,0.4120177389516564,0.13839758596812457
9,4,9482,0.29871903209152084,recommended,0.4119226278941627,0.17029558425203373
9,5,3246,0.6288832819334489,recommended,0.4108163955674278,0.21769979885723245
9,6,2288,0.5394360545071976,recommended,0.41068263301028285,0.20969027743020086
9,7,1631,0.027559572167388826,recommended,0.419271661166022,0.018124041045729733
10,0,9856,0.005290896703403581,recommended,0.46625674111737336,0.0033839865739774266
10,1,6494,0.03846737390355457,recommended,0.46413518719873204,0.024656055706892888
10,2,4522,0.04667135915481951,recommended,0.4561272089466333,0.030020225717336313
10,3,3890,0.04790584109035175,recommended,0.45550169521922024,0.030824618699370254
10,4,2792,0.08556796541736787,recommended,0.4593436555939564,0.055101535158831094
10,5,3164,0.0820899667819361,recommended,0.46668315583086417,0.05270978985343899
10,6,810,0.09354228201250765,recommended,0.46520561228371815,0.060142342600785215
10,7,7550,0.08976187536911438,recommended,0.46587172890767536,0.05768328458354377
11,0,1658,0.008340632419536944,recommended,0.48398936817974714,0.005313475668345946
11,1,4699,0.03541442594771978,recommended,0.4883349130043346,0.022569696573442655
11,2,1206,0.043178350837592604,recommended,0.4855896996593978,0.027536719869465487
11,3,6315,0.04526882305409535,recommended,0.490119236126782,0.02885791333612453
11,4,6845,0.06238111433346431,recommended,0.49047840720806724,0.03980568322208733
11,5,7290,0.06646654591303341,recommended,0.4819442793927208,0.04247091048841134
11,6,6913,0.1156734016811035,recommended,0.4904595251574879,0.07411917438595805
11,7,5584,0.13398794008463713,recommended,0.4858205588603991,0.0859737352792116
12,0,7514,9.384240313815416,recommended,0.48750227862027984,0.366303145262339
12,1,5239,8.190699147097739,recommended,0.48724956034545097,0.3554366807245314
12,2,677,0.1934920577678318,recommended,0.48666894142470285,0.8734232380816606
12,3,1136,1.0842705637328633,recommended,0.4876670686212644,0.6522242595454725
12,4,3815,2.8919817023306877,recommended,0.48860492587798476,0.6032221356579637
12,5,4546,0.5150178172359385,recommended,0.4878766059980595,0.7021643286483125
12,6,6140,0.01590192168958345,recommended,0.487813481807599,0.9898674840378934
12,7,5599,0.09186753454627487,recommended,0.4880601562696629,0.9411403351458403
13,0,3920,5.076276232751013,recommended,0.5683191510779255,0.4395077804475518
13,1,6672,5.32819405827478,recommended,0.5654434995653427,0.4362893592936943
13,2,4392,5.182907957572277,recommended,0.5664436850866266,0.4717563093908743
13,3,7631,4.555986774535358,recommended,0.5738240691889402,0.4660035143530129
13,4,6661,4.827680572633881,recommended,0.5714113930442343,0.4473798226380674
13,5,5269,5.4306992658162425,recommended,0.5626541196713092,0.47904072567461364
13,6,3330,4.717323950977924,recommended,0.5722838145420012,0.44185370809106395
13,7,7092,5.653765069366737,recommended,0.5618981030014264,0.4333808481149408
14,0,866,9.723393040217099,recommended,0.5270414639116516,0.4260833838903715
14,1,3688,8.577702021790978,recommended,0.5273108956423933,0.402785534046495
14,2,8383,0.6840548925940236,recommended,0.5273732899708411,0.24068490922334085
14,3,1443,11.505642576047958,recommended,0.5069204379618346,0.40941207181701833
14,4,8934,10.394754187117291,recommended,0.5141881809210113,0.40627480055958654
14,5,6929,9.262601891061196,recommended,0.5242859833747512,0.40826677392642585
14,6,6431,9.306672963894044,recommended,0.5200899376058343,0.40069928124325294
14,7,48,10.35413372427606,recommended,0.5227328293819941,0.42754101835854963
15,0,1623,12.51526907639021,recommended,0.500112752076627,0.41195809503410197
15,1,8106,13.715591305343521,recommended,0.497746816956376,0.42804779194207465
15,2,7135,13.140275514490366,recommended,0.5001480831643993,0.4223518727007345
15,3,4748,14.004816140297324,recommended,0.4953176469339088,0.4276917880334611
15,4,3927,13.632978452044865,recommended,0.4956539208832471,0.4211189044340816
15,5,8939,14.058053307808951,recommended,0.49115317431045047,0.4192369414973601
15,6,863,0.005186564933643902,recommended,0.5094221281497897,0.9966968538529768
15,7,6223,0.0026589483803651295,recommended,0.5078620376159938,0.9983069303819881
16,0,9065,14.203048082273867,recommended,0.49509244999315616,0.4319334233634766
16,1,6813,0.06339161733338508,recommended,0.49724548018956327,0.04043883121266134
16,2,9896,0.09445291603459795,recommended,0.49725431594847147,0.06040186879292697
16,3,3105,0.19333605691926614,recommended,0.49651542223060485,0.12331849107529225
16,4,5410,0.08639739100300527,recommended,0.4940428669357333,0.055217626750405646
16,5,9939,0.09843542476679264,recommended,0.49344170056256587,0.0629764401466607
16,6,3272,0.134258845672348,recommended,0.4948259516005463,0.0861161105063738
16,7,1438,0.4478082469542166,recommended,0.4975398521461022,0.20468010905728395
17,0,7258,14.023435915640151,recommended,0.4949116047766605,0.4713681557014906
17,1,1997,14.782733360240977,recommended,0.49253538071428926,0.44210703467972
17,2,7082,13.78686381615709,recommended,0.49636437246630705,0.4727068986362891
17,3,9866,14.065002188677878,recommended,0.4974113794914262,0.4370240760986729
17,4,9861,14.539162652341762,recommended,0.4935774386721822,0.43663132089416024
17,5,9712,14.613275281245045,recommended,0.4937887702564081,0.4570252804809394
17,6,170,14.30637280406288,recommended,0.49161587511683236,0.4734717707805657
17,7,5084,14.054051680184243,recommended,0.49815072025114837,0.45763187454517507
18,0,1156,0.5106314349036924,recommended,0.49354658034011867,0.7022587660316643
18,1,8830,15.045088043289654,recommended,0.4908072494527028,0.44809111279591984
18,2,3683,4.419703518761512,recommended,0.4932474930259858,0.5791298040350491
18,3,5861,4.981872623961059,recommended,0.4934442792827386,0.5721468777864003
18,4,3031,4.982369514611637,recommended,0.4919280240391293,0.572772509737109
18,5,8313,0.4025322074987063,recommended,0.49179398006265684,0.7332782958676516
18,6,4982,5.633514836228184,recommended,0.49179063262366807,0.5654563660741082
18,7,4619,0.5819708616535724,recommended,0.4962194794899244,0.6899643571263624
19,0,4623,15.236295480085555,recommended,0.4891965179806156,0.4502651934966382
19,1,2709,4.607263281245701,recommended,0.49101976266891,0.32073358231157123
19,2,6191,12.251884053653848,recommended,0.500755274740986,0.48956090622760573
19,3,7775,3.5558822134864396,recommended,0.4911385356958269,0.30683813070261834
19,4,9613,11.611896398060601,recommended,0.5030684634788309,0.4946682822273434
19,5,5199,11.874068789638375,recommended,0.5026398049755353,0.49181132232245595
19,6,3469,3.5615769181100894,recommended,0.49794859258226387,0.31003402401245006
19,7,291,5.223447666307633,recommended,0.4926180939928696,0.3287516102875082
-1,0,4287,0.046021129755799625,init,0.8610629364797194,0.06986192068466168
-1,1,4668,0.03465854372427552,init,0.63267703484136,0.9760139255987942
-1,2,1032,0.05054672792916922,init,0.05195657755426841,0.7862781993840331
-1,3,7526,0.04405385799622244,init,0.08398950138915895,0.8903091977745643
-1,4,7384,0.05965579308001954,init,0.1993238589505738,0.06525518912500594
-1,5,5473,0.020055435170736824,init,0.058133791026828585,0.9291163526913256
-1,6,1162,0.05390107492424445,init,0.8237903842212947,0.9550605114849889
-1,7,960,0.004130230838594379,init,0.6956181464968069,0.0032182636042786816
0,0,8549,0.04869193486570643,recommended,0.3340007188265939,0.03580929441773073
0,1,3306,0.04000179263588406,recommended,0.24781244290690685,0.036340748316242455
0,2,7189,0.04566417813435268,recommended,0.304579947087249,0.03562979539013933
0,3,5055,0.04119784388419308,recommended,0.262880701989326,0.03574839446586464
0,4,3037,0.04531283632041892,recommended,0.3070877433602487,0.035159250271194153
0,5,6305,0.041141542467835246,recommended,0.27000499646501397,0.03498248830806283
0,6,7935,0.04698658687944831,recommended,0.3257681196433685,0.035087611216299996
0,7,5249,0.04428139518747376,recommended,0.2980416983469145,0.035064949018718705
1,0,4786,0.015417131409103864,recommended,0.06150573645863855,0.051334371323677574
1,1,9845,0.020400169455799626,recommended,0.06366333324100759,0.06583774216430249
1,2,3486,0.09128742212813194,recommended,0.06068306895068232,0.4133424598711922
1,3,1781,0.08615528676752209,recommended,0.05697872699736828,0.41860727491832994
1,4,5443,0.06759943261031681,recommended,0.05548394206791063,0.2845406102720561
1,5,8906,0.07519122908295829,recommended,0.06439294646623639,0.26918644017168725
1,6,7758,0.08215121056088641,recommended,0.056947948698448214,0.3743255646128538
1,7,8950,0.08291421073198219,recommended,0.05700659464969238,0.3807837345921097
2,0,7266,0.09361717713945619,recommended,0.05997927219151644,0.4879576397907488
2,1,8178,0.08750252463114172,recommended,0.057997572472708425,0.5835295488659132
2,2,212,0.08884439798573637,recommended,0.057558760016644284,0.5495288823237355
2,3,5610,0.097536156730891,recommended,0.06562799533574037,0.4014435492600038
2,4,4606,0.0957036151110152,recommended,0.06431922319358352,0.40237053954137436
2,5,802,0.108030544974614,recommended,0.06942384274609337,0.5190597909082704
2,6,1519,0.10508994532143896,recommended,0.06750254668382194,0.518700994380595
2,7,894,0.10378959143037282,recommended,0.06665204056068996,0.5184080219452041
3,0,1293,0.093894190631771,recommended,0.07177580622651303,0.6826172212234024
3,1,2997,0.09410632145130206,recommended,0.07221318533518795,0.6844353610693075
3,2,336,0.12440271643455478,recommended,0.08023374566164221,0.5245113895702547
3,3,3219,0.19341025368700848,recommended,0.12613765801615207,0.5295336150224574
3,4,147,0.19531252567373886,recommended,0.12706051265188478,0.5222432600548044
3,5,8602,0.15164449766958626,recommended,0.0982088890488636,0.5238556070428226
3,6,3621,0.18361256802256673,recommended,0.11975996643219722,0.5319329775527915
3,7,3399,0.1512749165883445,recommended,0.09804453811093983,0.5268171660504134
4,0,4059,0.2704085942371838,recommended,0.17170998897368817,0.5298338889620703
4,1,8855,0.15824533714440314,recommended,0.14052372418008585,0.7344924006110509
4,2,895,0.1669026515945357,recommended,0.15016900081704165,0.7374337687214856
4,3,8381,0.2826118540783415,recommended,0.177116568678373,0.5283446934365542
4,4,3660,0.6775767229253136,recommended,0.24599974030679517,0.5320868239380113
4,5,4703,0.5237261258926718,recommended,0.23227336479050076,0.5348009769191681
4,6,804,0.5201030838699833,recommended,0.23371208191043302,0.5400119146045106
4,7,4178,1.4408658029741535,recommended,0.28192955175156076,0.5308590342884758
5,0,9304,1.5417557947999725,recommended,0.9308730929145203,0.5306881410624438
5,1,4823,3.1624878232332776,recommended,0.7823958086444591,0.5307506023881423
5,2,1945,2.4614059132325234,recommended,0.7523978823037879,0.5312940183509319
5,3,6277,1.497725117773053,recommended,0.6131219737415599,0.5310031297429625
5,4,5537,2.1226668726449565,recommended,0.30022711154138637,0.5311094225441555
5,5,5709,2.554791987600765,recommended,0.7578581220721001,0.5302475263662427
5,6,912,1.0118328143642668,recommended,0.6439042535411307,0.5303021332491583
5,7,3977,2.523230903479623,recommended,0.8937741877619448,0.5298090570700541
6,0,1814,11.112680476793928,recommended,0.7925948132091347,0.627328935090678
6,1,7911,6.804127114976584,recommended,0.7925871600335685,0.574642070621839
6,2,6127,8.937355544537724,recommended,0.7974889777130172,0.5958075323899696
6,3,7917,6.297044920371809,recommended,0.8025483033945796,0.5655318769240576
6,4,5117,7.611920527291889,recommended,0.799578644102003,0.5806197604823538
6,5,1150,6.901216694169258,recommended,0.8025856795798129,0.5720486433693008
6,6,4604,7.529175361979986,recommended,0.7919065384222369,0.5830186474441363
6,7,4052,9.864205200625989,recommended,0.8011715032953248,0.6043807190828081
7,0,4473,0.10886146731244059,recommended,0.7815231295330671,0.9308076723447618
7,1,7260,0.0826149897832882,recommended,0.7856268042879978,0.9419105448514798
7,2,6454,0.3081886749271106,recommended,0.7863095527102798,0.8901054734427041
7,3,9270,0.04633162665778564,recommended,0.7799157791054099,0.9631577002561021
7,4,3096,0.09238131985974281,recommended,0.7827456742513867,0.9374811723991047
7,5,6742,0.010854056493592674,recommended,0.7809331797904943,0.991507688278502
7,6,5212,1.0892828819472329,recommended,0.7809448189504872,0.8404495816388055
7,7,6611,0.2539808374202453,recommended,0.7839165096792028,0.8972041309317914
8,0,6396,0.05733619671744971,recommended,0.7915739089300279,0.9554141647460965
8,1,7002,0.15768590033688845,recommended,0.7904152503192102,0.9162708373435314
8,2,8371,0.1895366184621976,recommended,0.7899327210558801,0.9090725263612945
8,3,6408,0.0479782335496921,recommended,0.7922507001640182,0.9614313123833371
8,4,3994,1.2150821108096839,recommended,0.7921899382752451,0.8386217961980568
8,5,3382,0.2076493114203805,recommended,0.7928400452735271,0.9057567906364479
8,6,1400,0.19626906199903354,recommended,0.7925951162883833,0.9078987937796194
8,7,4732,0.05624767839957405,recommended,0.8131821472844613,0.9546376520064683
9,0,9544,6.73748268814167,recommended,0.7924877273700713,0.7508777765144898
9,1,1280,10.620104039096475,recommended,0.7945155444907487,0.7070864772666982
9,2,5776,13.023140519379709,recommended,0.8122395386087472,0.6791288313348619
9,3,4442,12.506668119183242,recommended,0.8104329135731705,0.6897015348618686
9,4,1374,12.551395994750537,recommended,0.8111237699334709,0.6359547071637285
9,5,917,13.241722087558932,recommended,0.8117697880901376,0.6564786073315027
9,6,7789,6.780102600552794,recommended,0.7946267910267816,0.7513072956521765
9,7,4946,10.418578807679953,recommended,0.811861699832584,0.7189069446047903
10,0,6538,13.357277230885067,recommended,0.8169684504748762,0.6535607255451928
10,1,7102,12.932356930906527,recommended,0.8132623013506542,0.642717154745558
10,2,7193,13.05972614863345,recommended,0.8145079681305315,0.6450826919667862
10,3,8500,13.066430179059454,recommended,0.8129477019446214,0.678542029790759
10,4,1589,12.852303889695259,recommended,0.8141256855911618,0.6851343098744841
10,5,8279,12.189357270137506,recommended,0.8155869805157686,0.6274456098169422
10,6,1930,10.977692437670472,recommended,0.8146710047099892,0.6118310201032214
10,7,864,11.24220215476901,recommended,0.8139702695060188,0.6152194382310109
11,0,2354,13.315157152671686,recommended,0.8202533189448897,0.6487471138950182
11,1,9147,13.53872898881287,recommended,0.8345719568709472,0.6594796782867858
11,2,1679,13.530689515218578,recommended,0.8218309465853593,0.6595107686407702
11,3,3733,13.370555576503074,recommended,0.8366202103676581,0.6507883208469019
11,4,2786,13.265684865925376,recommended,0.8218393227529025,0.6463099336573813
11,5,8060,13.293325575775121,recommended,0.8301169113081226,0.6795518622851849
11,6,8482,13.059419673213442,recommended,0.8272769548719391,0.6854066230403211
11,7,6711,12.766805227046387,recommended,0.8363692930100863,0.6899911963543062
12,0,1027,13.041700317036456,recommended,0.8499753714806619,0.6690223373291083
12,1,2938,11.98142212301372,recommended,0.8670116069106004,0.6692682917508349
12,2,4056,2.3638441419535856,recommended,0.9737425820384935,0.6633626109564928
12,3,6700,1.6353005069163462,recommended,0.9880679419611499,0.6588347003588382
12,4,8455,3.7842554713062793,recommended,0.952765897153333,0.6645794280090398
12,5,808,1.3841333345861946,recommended,0.9941393612211675,0.6618391898493786
12,6,7871,7.017680285723803,recommended,0.9177956261106798,0.6667560613073773
12,7,2958,1.795225568796108,recommended,0.9845758963761131,0.6664073046949189
13,0,8572,13.06211143051325,recommended,0.8492687504381812,0.6698908678584068
13,1,3254,12.441933406970753,recommended,0.8545154359107495,0.6831755632398181
13,2,4871,12.541893710582615,recommended,0.8518879824703832,0.6840248616920718
13,3,4679,12.298349388896163,recommended,0.8543459827827155,0.6867677955971696
13,4,5889,12.421236387462882,recommended,0.8579574553975083,0.6780603767876752
13,5,9670,12.920171991127436,recommended,0.8459593654230126,0.6445251356703602
13,6,1637,1.999816971706828,recommended,0.8361177032072488,0.8213883629006943
13,7,2171,1.785476025524182,recommended,0.8204875844802748,0.8263408109501867
14,0,8331,11.524566061834568,recommended,0.8690471024768169,0.6433243136757882
14,1,6676,11.648820600803079,recommended,0.8678285021649326,0.6442414008259819
14,2,5494,11.55977914003158,recommended,0.8700551931092828,0.6783931464059073
14,3,1624,10.891593124817767,recommended,0.8705269662693842,0.6314189212183764
14,4,9835,11.836811238843735,recommended,0.8679111317392613,0.6738985378607202
14,5,3568,10.865231288344127,recommended,0.866855213027066,0.6262592746624267
14,6,5297,11.250076988679702,recommended,0.8597287835022325,0.700188259294053
14,7,40,10.924185178564159,recommended,0.8631034258755935,0.6232981268275579
15,0,8423,13.053872802485643,recommended,0.806395293334983,0.6624984583613046
15,1,4271,12.93584746742805,recommended,0.80426115437845,0.6591555446001344
15,2,502,13.046829727848184,recommended,0.8065611478614497,0.6587833667107174
15,3,474,8.264678214491003,recommended,0.8738900775625152,0.5974131021703083
15,4,6452,8.732996043770008,recommended,0.8638667559882083,0.59623107984235
15,5,6295,10.308359002596708,recommended,0.881466764879556,0.6386990948831726
15,6,5702,9.004081915338684,recommended,0.839566706475422,0.5902533652596944
15,7,7387,8.691088187474849,recommended,0.835806369617836,0.7385594981157951
16,0,924,10.024460415069543,recommended,0.8869249002092695,0.645810812655206
16,1,9392,10.201436058488117,recommended,0.8862613845298132,0.6508383588369067
16,2,495,11.714220747362326,recommended,0.7994158789689793,0.6946964708544268
16,3,138,12.452139027628636,recommended,0.7982951789667752,0.6499639307777652
16,4,5921,10.215645561676224,recommended,0.8867343919459044,0.6706633160020995
16,5,7629,12.301593219215475,recommended,0.8001582366647964,0.6417370448140233
16,6,522,8.736517761023922,recommended,0.8859777482361871,0.6158631881823046
16,7,573,12.53410180834408,recommended,0.7974260216069281,0.6584518346584255
17,0,5382,11.484296208936168,recommended,0.7952870447972226,0.630779733104932
17,1,6169,0.13743050401689558,recommended,0.7932296782733221,0.15015364418387522
17,2,1632,0.06521482047252558,recommended,0.7927581135728128,0.06904590631459973
17,3,1052,0.2548272955248064,recommended,0.7932613504382544,0.31676167706752667
17,4,7493,5.180276595219344,recommended,0.7933448278609759,0.7690232387826479
17,5,2791,12.09820721331131,recommended,0.8263903116005552,0.701499101465166
17,6,114,9.013275336857811,recommended,0.8920465551771133,0.6311386259972629
17,7,3767,11.974843061336747,recommended,0.8404427505460201,0.7012933420883841
18,0,8773,1.5957499081521445,recommended,0.7925911401965442,0.49410041575843944
18,1,7991,9.427576603211245,recommended,0.8924261775360394,0.6437404583772466
18,2,7140,9.119110126740754,recommended,0.8932065885508419,0.6365444885767242
18,3,2062,12.016550095212402,recommended,0.7921911948016761,0.6763610678727241
18,4,1573,9.380224959195036,recommended,0.8953460891531693,0.6664630475268357
18,5,96,8.28241406736115,recommended,0.9004180571633305,0.6331014572732679
18,6,7733,8.36455301576994,recommended,0.8982590836748244,0.6298837036711994
18,7,7732,12.995117067139907,recommended,0.828125191856901,0.6385250461916646
19,0,5929,6.079573674358987,recommended,0.7922170331553517,0.7581292064968449
19,1,2882,7.407261118737734,recommended,0.874743649656566,0.7374314414271221
19,2,132,6.976839255930054,recommended,0.8773730719279554,0.7407686177542044
19,3,7315,3.8763440381664753,recommended,0.8792726411829093,0.7792031367651079
19,4,4293,5.318680836673544,recommended,0.8735753057597342,0.7627990528758054
19,5,5926,5.420784530365072,recommended,0.8807485770741894,0.7576576166029725
19,6,6709,5.741756429607287,recommended,0.8789923077586501,0.7546825208681412
19,7,5639,6.372135670266797,recommended,0.8167452794726815,0.7613496562028924
-1,0,4287,0.046021129755799625,init,0.8610629364797194,0.06986192068466168
-1,1,4668,0.03465854372427552,init,0.63267703484136,0.9760139255987942
-1,2,1032,0.05054672792916922,init,0.05195657755426841,0.7862781993840331
-1,3,7526,0.04405385799622244,init,0.08398950138915895,0.8903091977745643
-1,4,7384,0.05965579308001954,init,0.1993238589505738,0.06525518912500594
-1,5,5473,0.020055435170736824,init,0.058133791026828585,0.9291163526913256
-1,6,1162,0.05390107492424445,init,0.8237903842212947,0.9550605114849889
-1,7,960,0.004130230838594379,init,0.6956181464968069,0.0032182636042786816
0,0,5428,0.16245390096286538,recommended,0.7087285799048996,0.13443108283573402
0,1,1580,0.03388181981156737,recommended,0.4439194545063778,0.021913328775008956
0,2,1163,0.0013094807745713788,recommended,0.8211982825502265,0.0015651051914729042
0,3,7536,0.04112743509740011,recommended,0.6144212982230295,0.028005319472458434
0,4,5510,0.052886174647986894,recommended,0.7027828771659749,0.0420057674188119
0,5,5793,0.06732594545421636,recommended,0.4142005543046434,0.04455663161765322
0,6,7794,0.01709381839410258,recommended,0.11121657500221538,0.03184174454809785
0,7,5514,0.01230072198201456,recommended,0.8311272167177457,0.015482459137515336
1,0,6894,6.824793199727917,recommended,0.7416088339433383,0.6934258420162734
1,1,6053,0.2768729089585371,recommended,0.7589319486146815,0.29708054987799837
1,2,9011,0.057569172145794885,recommended,0.7152292897762982,0.9571065528560324
1,3,7321,7.778533155509661,recommended,0.757937739606166,0.6178591540622559
1,4,1476,0.6116383738715989,recommended,0.7143266357349976,0.4617161438131191
1,5,4101,0.09978869479088,recommended,0.9369492539086954,0.3772519857156954
1,6,9968,1.0131524238126304,recommended,0.715869543583235,0.8121045388640898
1,7,7814,0.05968261057264271,recommended,0.8837774582085866,0.10849834507043843
2,0,1848,3.1346729983714017,recommended,0.9614923245741122,0.6678679067008134
2,1,7509,0.23682034353530557,recommended,0.19275201041271228,0.6883967049269083
2,2,489,3.115323952566631,recommended,0.49636624720123634,0.5968428489168892
2,3,1259,2.1882325591672434,recommended,0.6877220424305607,0.7227069576982285
2,4,9650,7.3347787018769175,recommended,0.7624196216457234,0.720883074508124
2,5,2614,0.2200746569461093,recommended,0.15174291295305242,0.597808013401514
2,6,937,2.342695252147255,recommended,0.7328015447662506,0.5422372054918483
2,7,849,1.1493186072433663,recommended,0.9631151115891738,0.549529535895017
3,0,3256,3.203592800621388,recommended,0.8455108108405605,0.7990821457719545
3,1,4065,8.859324773209762,recommended,0.7783719045454912,0.6085715931739742
3,2,3122,7.072620351810725,recommended,0.7569268451270138,0.6067162019700039
3,3,1856,3.676361070055537,recommended,0.7062461625552622,0.6226895409497974
3,4,4604,7.529175361979986,recommended,0.7919065384222369,0.5830186474441363
3,5,9412,2.0506883802580593,recommended,0.6773215879614743,0.6180374805617743
3,6,7002,0.15768590033688845,recommended,0.7904152503192102,0.9162708373435314
3,7,3409,10.580452673598773,recommended,0.859502975624898,0.7097850502239725
4,0,4482,0.6558278027515129,recommended,0.5568121431407401,0.6615243241461749
4,1,9654,6.600501112154907,recommended,0.8958838370675472,0.5954554827078453
4,2,3733,13.370555576503074,recommended,0.8366202103676581,0.6507883208469019
4,3,6279,6.876965633265054,recommended,0.8813248894649517,0.5860163774782966
4,4,3258,9.64060468506073,recommended,0.8453299756887267,0.7271628097401385
4,5,7911,6.804127114976584,recommended,0.7925871600335685,0.574642070621839
4,6,9423,9.990989482079954,recommended,0.7758970823891844,0.6300938494554116
4,7,8500,13.066430179059454,recommended,0.8129477019446214,0.678542029790759
5,0,6711,12.766805227046387,recommended,0.8363692930100863,0.6899911963543062
5,1,6307,7.803300284225734,recommended,0.909360326724968,0.6492427328379706
5,2,3909,4.104888934554348,recommended,0.9059439679262645,0.566806105010466
5,3,9111,0.9143890087940911,recommended,0.8317211202799181,0.8526224374761169
5,4,3774,11.920818552096925,recommended,0.8296438053529284,0.7039366670345154
5,5,1031,0.7855162517000132,recommended,0.8064036172328395,0.45923987759695806
5,6,6068,7.627466446619093,recommended,0.7628554778963716,0.6079711675981625
5,7,5852,0.204920838734704,recommended,0.14838537821747766,0.6360403551318858
6,0,7763,10.588526647192756,recommended,0.7975655525345219,0.7098270749198761
6,1,7102,12.932356930906527,recommended,0.8132623013506542,0.642717154745558
6,2,9874,2.3884578789697137,recommended,0.9709921485238141,0.6357367782552691
6,3,3177,0.01669358829356512,recommended,0.9207708496360754,0.9684191305004078
6,4,4052,9.864205200625989,recommended,0.8011715032953248,0.6043807190828081
6,5,4431,10.503425472191333,recommended,0.8610088213080136,0.6156243966831266
6,6,5005,7.3612760222553195,recommended,0.8860739670955251,0.7290337428294941
6,7,2263,0.154750411796467,recommended,0.7498599312882688,0.913041466889856
7,0,6638,0.5172815126035907,recommended,0.5395065739842955,0.690920570071195
7,1,997,8.332966238409966,recommended,0.7513750860290457,0.6569551562671395
7,2,6420,6.837510824445308,recommended,0.854000823496369,0.5716397232701479
7,3,2174,12.604357466050399,recommended,0.8259323085500162,0.6314587925830206
7,4,3483,0.22673339343794802,recommended,0.8425545014651813,0.36218160279415157
7,5,5955,4.682419487143607,recommended,0.926557115141838,0.6033078783889431
7,6,2831,7.793757551129079,recommended,0.8128509715367578,0.5787564763599993
7,7,5024,0.0186320362338973,recommended,0.7571505803074392,0.9852073259110937
8,0,4525,4.921967224557749,recommended,0.8191073261776878,0.5471276425689006
8,1,7811,9.08601988542295,recommended,0.8055031112598633,0.7310758817345485
8,2,4946,10.418578807679953,recommended,0.811861699832584,0.7189069446047903
8,3,5022,8.399669644296804,recommended,0.7640930002129815,0.619351305936299
8,4,2499,9.676054277835078,recommended,0.8157453806261209,0.5973123783307118
8,5,6148,3.0850542572264623,recommended,0.4910679496535785,0.5991756352105778
8,6,2354,13.315157152671686,recommended,0.8202533189448897,0.6487471138950182
8,7,223,0.9177172530723423,recommended,0.9860010638228709,0.7533781852589416
9,0,764,4.109216521369944,recommended,0.8030258978326634,0.5391612766752545
9,1,8937,3.810353262946238,recommended,0.7315256152685815,0.5785754113832238
9,2,374,7.335950939169101,recommended,0.9064721109645469,0.6242379959139921
9,3,1,4.738468367210092,recommended,0.7319939418114051,0.5986584841970366
9,4,5190,10.178931264728103,recommended,0.788581765108471,0.7080237839979118
9,5,9644,7.898040234093336,recommended,0.8740459143411642,0.7321198004106302
9,6,5255,0.18411115313177015,recommended,0.1215873495335269,0.5560573351914615
9,7,3313,12.231079952653474,recommended,0.8078314518266223,0.6928784276966522
10,0,4269,0.1860426998568415,recommended,0.470762392387603,0.8781151969857014
10,1,4017,0.09208091780940132,recommended,0.7943842250928563,0.09896862340870682
10,2,5889,12.421236387462882,recommended,0.8579574553975083,0.6780603767876752
10,3,5061,7.763797197667886,recommended,0.8906666758919072,0.718531318122246
10,4,900,2.276599300652255,recommended,0.9565013982994801,0.737508359459007
10,5,3543,1.3222783746874658,recommended,0.6539942214202483,0.6185851490721154
10,6,8758,2.499824544693359,recommended,0.7393361958960009,0.5411029164541511
10,7,1062,1.8154481530132647,recommended,0.9841103190364978,0.6679199988036271
11,0,667,2.2771366750546203,recommended,0.9747931621467831,0.6503256863469369
11,1,6811,10.029616698441636,recommended,0.8451072990054121,0.6021543061264543
11,2,2261,7.086571724246438,recommended,0.8906584554618424,0.5969452234131726
11,3,4974,12.246822144617406,recommended,0.5114364063015873,0.4401484472241325
11,4,6452,8.732996043770008,recommended,0.8638667559882083,0.59623107984235
11,5,2749,0.8717693668879098,recommended,0.569304984412202,0.631722418326584
11,6,3290,0.0571183661157875,recommended,0.8817089696385847,0.9419055872604202
11,7,1060,2.105645622070761,recommended,0.8036035354415352,0.5052067735766382
12,0,2081,5.079078384223591,recommended,0.5488728015425998,0.3799790789653946
12,1,6592,0.2283552955936054,recommended,0.504176820338043,0.8491366361611221
12,2,7770,3.787906412026733,recommended,0.4157889015772531,0.2999914705537111
12,3,6518,8.728129953913216,recommended,0.5373348248430777,0.44414420222011963
12,4,6322,7.957610979531753,recommended,0.3453966620635961,0.41104078057461146
12,5,7031,11.451826499975613,recommended,0.5143264789098588,0.4736911322907005
12,6,3629,0.5257911020957466,recommended,0.7203732127322029,0.44447997797779104
12,7,4189,4.208072658502812,recommended,0.575501018469059,0.42343880489979246
13,0,3954,12.98213562368932,recommended,0.39477531677168287,0.49221618328746686
13,1,3915,0.3876136944330194,recommended,0.200469047766359,0.4134657667101601
13,2,5126,0.06050469950945092,recommended,0.040487824328304445,0.4028895789566308
13,3,4771,8.46722873448194,recommended,0.3479686661552165,0.4690603402211536
13,4,1582,0.08776826236763169,recommended,0.05617607734743901,0.49109572938316515
13,5,3535,11.211977901595064,recommended,0.3650475666926015,0.432437166716503
13,6,6178,5.1721079131134715,recommended,0.8111562615875056,0.7736366450057608
13,7,5380,0.07180004928080028,recommended,0.04786559890610709,0.4078600255909134
14,0,8804,17.76314927535766,recommended,0.42168164685289433,0.444385026638056
14,1,3824,1.3019175579117166,recommended,0.3195894262599983,0.5918079076633259
14,2,137,10.167845637858063,recommended,0.5113423988609378,0.5015162946871996
14,3,805,10.788972932884942,recommended,0.8800790875614583,0.6508773690471942
14,4,1620,17.02154395693303,recommended,0.4157751035233219,0.42894433343014426
14,5,1679,13.530689515218578,recommended,0.8218309465853593,0.6595107686407702
14,6,2797,9.714012728496343,recommended,0.360059901930726,0.4778673549131358
14,7,5199,11.874068789638375,recommended,0.5026398049755353,0.49181132232245595
15,0,5783,0.006171652289573885,recommended,0.003929321422217802,0.4954591929029444
15,1,1007,8.405300771283262,recommended,0.5324206822752171,0.41109560260070654
15,2,7003,2.8879501161886436,recommended,0.38836687767154754,0.5964100265846463
15,3,3617,7.136176336308367,recommended,0.3385540274370513,0.47343493359404876
15,4,9414,10.787626225924473,recommended,0.8776692678517609,0.6426396706650265
15,5,1443,11.505642576047958,recommended,0.5069204379618346,0.40941207181701833
15,6,9272,0.4666335527110539,recommended,0.33487629347953374,0.6781792934120665
15,7,872,15.845250627942361,recommended,0.4161539981797615,0.4813441516353236
16,0,658,0.39907222481744375,recommended,0.5264026609361132,0.7315895217553319
16,1,4578,4.291823282788394,recommended,0.9326457173411677,0.6049500131477042
16,2,4138,11.897887257318756,recommended,0.5097355100039371,0.4224457900308791
16,3,286,1.8277407263761887,recommended,0.39654278232127016,0.6220867002278735
16,4,8672,1.0165014854836507,recommended,0.44433516708296994,0.6591135216215475
16,5,8929,7.746877508818928,recommended,0.4067423871913114,0.5477157081792359
16,6,9146,12.020497359725695,recommended,0.3718979905749412,0.4610533305271882
16,7,6669,8.55768628718557,recommended,0.39275018353870994,0.35655622368835627
17,0,3910,7.431859903449898,recommended,0.35442399198738617,0.38114688203473557
17,1,4039,10.508585397109744,recommended,0.36973781087268875,0.4860575419026809
17,2,7264,0.6726555108235949,recommended,0.8263592101750041,0.45213905512244745
17,3,9871,8.860160625156164,recommended,0.5365357736257104,0.4533535379141953
17,4,8197,15.522984425084788,recommended,0.413054347953398,0.4824754444178325
17,5,744,14.532075535788577,recommended,0.38855810127034573,0.44869362262253065
17,6,2159,11.382134597700926,recommended,0.40542282513915495,0.516283299197674
17,7,1028,16.100160858151497,recommended,0.4622955610006072,0.4117655415845085
18,0,9537,1.3323067332999756,recommended,0.42917202775906205,0.6444780259798835
18,1,1646,7.387755723762435,recommended,0.3894049389788753,0.5417609642675633
18,2,7637,11.199333002529269,recommended,0.37517639831310245,0.4860034482382267
18,3,6756,5.61154931064893,recommended,0.7475746360541103,0.730542631496579
18,4,2086,10.811776865758596,recommended,0.4441035569066186,0.5318717665050166
18,5,1723,10.49021091783879,recommended,0.8044140596774734,0.7151001612837
18,6,1604,2.7888458871703175,recommended,0.43921060124971734,0.6105467550154245
18,7,7193,13.05972614863345,recommended,0.8145079681305315,0.6450826919667862
19,0,5233,10.467653911206147,recommended,0.4239561794632619,0.36053291785164776
19,1,2467,7.665390269933079,recommended,0.4890484004492832,0.35164987234190537
19,2,7278,8.429625902504192,recommended,0.4985692169635553,0.5333268427529364
19,3,6220,11.348261760840492,recommended,0.8328490415914426,0.6144100093171658
19,4,3390,8.858410686453094,recommended,0.3550152661362467,0.4819001671099774
19,5,3541,16.41581291722031,recommended,0.43276708170819367,0.4841844983225968
19,6,1667,5.508661339127483,recommended,0.8904095172193285,0.7499777984520708
19,7,5791,7.667241296430151,recommended,0.894538852240591,0.7151056136180892
-1,0,4287,0.046021129755799625,init,0.8610629364797194,0.06986192068466168
-1,1,4668,0.03465854372427552,init,0.63267703484136,0.9760139255987942
-1,2,1032,0.05054672792916922,init,0.05195657755426841,0.7862781993840331
-1,3,7526,0.04405385799622244,init,0.08398950138915895,0.8903091977745643
-1,4,7384,0.05965579308001954,init,0.1993238589505738,0.06525518912500594
-1,5,5473,0.020055435170736824,init,0.058133791026828585,0.9291163526913256
-1,6,1162,0.05390107492424445,init,0.8237903842212947,0.9550605114849889
-1,7,960,0.004130230838594379,init,0.6956181464968069,0.0032182636042786816
0,0,4312,0.030315000820887502,recommended,0.02040161068820634,0.6044889822584595
0,1,4651,2.0986284324436446,recommended,0.8465344931234052,0.5051657115227325
0,2,1038,0.8283871372611622,recommended,0.23879621138153928,0.4512393441809881
0,3,7535,0.06787969589586959,recommended,0.9330940731098543,0.22550310252096262
0,4,7414,0.3646426939809664,recommended,0.6301855690545725,0.8037549475691906
0,5,5435,0.09522119434097923,recommended,0.06584216450865465,0.6221669241736077
0,6,1144,0.41318775379794814,recommended,0.48204105811208253,0.19609771273839294
0,7,973,0.23970930802354054,recommended,0.44019899795549056,0.14745252670628395
1,0,5130,2.4345958576735267,recommended,0.6815260298866503,0.6801096984332773
1,1,1352,2.1515418513000677,recommended,0.770158211757096,0.8071555373648825
1,2,8573,0.24998879080809383,recommended,0.7329326220175225,0.23416868619664244
1,3,2927,0.33290556153440765,recommended,0.4067737485720052,0.7623612137071728
1,4,1794,0.11159006798134052,recommended,0.12600202786399428,0.19641921587201738
1,5,4511,3.640172717187567,recommended,0.48499228457749954,0.30557645932782573
1,6,8417,0.15339391883467113,recommended,0.7223161772939539,0.13118510392079863
1,7,7505,0.05401989447530484,recommended,0.06755484345568707,0.17143220447471808
2,0,1864,0.23649752888140863,recommended,0.16279098920622936,0.5952128341268748
2,1,2884,0.10156756563744203,recommended,0.26799726688437797,0.9122082367815256
2,2,9024,0.009873517563915546,recommended,0.03075294050971633,0.9343745403825013
2,3,7142,0.6150087971051444,recommended,0.44945919318374117,0.6893388222000828
2,4,3103,0.7598110770702114,recommended,0.2585572636402459,0.33721249040628576
2,5,2744,0.12560431937192582,recommended,0.6096819082757774,0.9150984544900299
2,6,4334,0.19945528332448026,recommended,0.2522231342306188,0.8107304652304127
2,7,4529,0.19170994703396166,recommended,0.2201098300191635,0.20117296711390076
3,0,5512,6.4161693123803145,recommended,0.46032698477783285,0.5664666059796343
3,1,4841,0.22323472013922446,recommended,0.3130253547015813,0.819868147527005
3,2,9543,0.05274110304127102,recommended,0.10587902147380224,0.8952948141563388
3,3,1124,0.1685463763493193,recommended,0.5989785081772105,0.11493299705956683
3,4,9583,0.03164483939174241,recommended,0.02158991114267539,0.38351509451030497
3,5,7558,0.16430781939879355,recommended,0.6705800508269354,0.8943898536984908
3,6,8484,0.8078208908687814,recommended,0.743888144118619,0.47343786783827446
3,7,8822,0.21573328780839368,recommended,0.9582984830713006,0.8546738702503017
4,0,5488,3.3377314914719034,recommended,0.937525986759583,0.7366567352187905
4,1,2910,0.5658014172467484,recommended,0.8429454824561972,0.4458866198598078
4,2,5442,0.5315845032409992,recommended,0.5136526718213296,0.694541974037274
4,3,4247,0.019038821061545516,recommended,0.18583205556534255,0.9779934237382346
4,4,2548,0.17283381516476887,recommended,0.8439934719420248,0.26240837648930193
4,5,6442,0.04566763193793925,recommended,0.11393818312798532,0.08395166149978384
4,6,9025,0.12600221455226435,recommended,0.14772830585057428,0.8096523320704518
4,7,3874,0.4370114210839951,recommended,0.30264034063681455,0.6623718599127535
5,0,9419,0.057657739945513674,recommended,0.9478050183624682,0.24965009275830274
5,1,7817,0.039188210650398056,recommended,0.40724641726207056,0.026057885985593
5,2,8647,1.2974144629265156,recommended,0.5610487353667037,0.6091748793796582
5,3,6484,0.3450905983883964,recommended,0.6243355265512055,0.23762121756042043
5,4,5357,0.005075816478440075,recommended,0.9725144821597427,0.037556069740189546
5,5,4525,4.921967224557749,recommended,0.8191073261776878,0.5471276425689006
5,6,5282,0.05828688396933457,recommended,0.04657994208654159,0.7051131466389949
5,7,2472,0.08418835089405426,recommended,0.7939351334518513,0.9409923225744371
6,0,8281,1.5745041142182121,recommended,0.7468481212961181,0.509722705566481
6,1,796,0.06305191887097172,recommended,0.12839428945412523,0.10410964938416634
6,2,256,0.2589608226385269,recommended,0.9327284833540133,0.8660638895004084
6,3,4266,0.31313410525092794,recommended,0.5570475861922342,0.7873488484097071
6,4,4850,0.19873679149281603,recommended,0.7807327300286697,0.21500476827002857
6,5,504,0.9519736292361962,recommended,0.24966800885918594,0.4894249636431405
6,6,8333,0.14624495191249925,recommended,0.6276247009230531,0.9008369802823235
6,7,1697,0.0033231201360119406,recommended,0.9009608956904679,0.9961576734987788
7,0,1290,0.0645370082895459,recommended,0.12292067846538757,0.8886590802653986
7,1,5449,0.1633483271727842,recommended,0.12785381790869554,0.3124058976796318
7,2,7837,1.381639907913509,recommended,0.9110851315740486,0.8130869641138196
7,3,7195,0.006708064906829026,recommended,0.008554770118170185,0.8336075586882403
7,4,5650,0.44860028955538167,recommended,0.43285110679567096,0.19767093687426895
7,5,2115,1.8314266008033508,recommended,0.7017382738772572,0.556464637348822
7,6,1394,0.001934648673895295,recommended,0.9514298103618323,0.994819293965951
7,7,5617,0.3155416665458516,recommended,0.1867462845973269,0.5102159340784042
8,0,4979,0.2965402498439872,recommended,0.6669053866842103,0.2340281753068746
8,1,4839,4.53897572113554,recommended,0.5073940938449606,0.3289197782107244
8,2,2328,5.067376107188081,recommended,0.8364421924698697,0.5489096316400717
8,3,9648,4.168833638261765,recommended,0.49772737647806786,0.5805670235907876
8,4,3426,2.727489900482031,recommended,0.9084101072685695,0.7812906474056922
8,5,3556,0.39347500725838785,recommended,0.4080404616028166,0.19127737103739706
8,6,6196,0.21552534450709834,recommended,0.6634583230160925,0.8712729076173946
8,7,5222,0.2929563094936288,recommended,0.26665619213250447,0.7160934824899615
9,0,3971,0.07516983230562373,recommended,0.9012592077965633,0.16392026204694488
9,1,1004,0.10191692770197731,recommended,0.06536615756438524,0.4875711936733843
9,2,8927,0.0015080915590248271,recommended,0.09007386294689113,0.9965614195138568
9,3,6942,0.08999795444700799,recommended,0.25350618892501464,0.9189793255003985
9,4,5506,0.04454522083802175,recommended,0.9602523252014376,0.2536694591216965
9,5,4572,0.41320501289554973,recommended,0.7339203702877005,0.4110471935560581
9,6,1172,4.6919833165119655,recommended,0.941725711618925,0.668572646722914
9,7,9368,2.35255480884007,recommended,0.4540652563320121,0.2772250074218823
10,0,9135,0.23809357674654658,recommended,0.15537035593683213,0.4143831693562766
10,1,2642,0.48597275863400863,recommended,0.4603553731348269,0.7096713435045244
10,2,7969,0.1335496237401278,recommended,0.25221839326837203,0.877598373161419
10,3,604,0.003421885775306655,recommended,0.2736266662816659,0.9971245001577111
10,4,3164,0.0820899667819361,recommended,0.46668315583086417,0.05270978985343899
10,5,562,1.0208567906842987,recommended,0.6552419806390217,0.5508573706091393
10,6,436,0.9367208205065995,recommended,0.6439995432390158,0.4087341710980964
10,7,258,0.2599375568576016,recommended,0.3764633668780496,0.8105533307818329
11,0,2924,4.088646934715836,recommended,0.32001611308739175,0.5060446924118366
11,1,1552,1.3367865440491575,recommended,0.25871164215544096,0.4344033190066098
11,2,4255,0.24618250257467272,recommended,0.1855259752577192,0.651679794878427
11,3,857,0.0014652550016416015,recommended,0.05816379550547579,0.9948663171697671
11,4,4441,0.04520915393362614,recommended,0.03417558904108742,0.31965206225530063
11,5,8614,0.1412053100922488,recommended,0.5255407311257162,0.09106635598747259
11,6,5519,2.412229792217594,recommended,0.924147949136699,0.7753157538803761
11,7,4864,0.10619822966050398,recommended,0.18616503574607024,0.12566114557958274
12,0,2361,0.41388829161148905,recommended,0.20424210636842888,0.4186951433276842
12,1,684,0.18360191002730314,recommended,0.17968310887024197,0.23754332492387764
12,2,7238,0.014910059298374266,recommended,0.9148159757649807,0.9733791957751172
12,3,1080,1.2673398363109318,recommended,0.6511475848816741,0.6209285674784312
12,4,1574,0.6942144243168302,recommended,0.7873870267523329,0.45434542306765513
12,5,1881,1.6085475713422495,recommended,0.5314549141893053,0.2879453426759925
12,6,4673,0.4922186892470523,recommended,0.7524024537194672,0.8639033162941132
12,7,2954,0.15862092393411723,recommended,0.22047048099936983,0.16456605842933492
13,0,6443,2.345781730478443,recommended,0.3395648455635287,0.31084615551739325
13,1,8230,0.033010081012915526,recommended,0.04321993725495721,0.8378257199236009
13,2,6846,0.1711567117251409,recommended,0.7630193978156674,0.1685691443921128
13,3,4729,0.4957108147255782,recommended,0.6631478293998225,0.34171187934168834
13,4,5812,0.039476310095918246,recommended,0.11555669883633879,0.07136701388938005
13,5,4021,0.05132475313747712,recommended,0.04097822224989045,0.7050632842053791
13,6,1401,0.015460841786436579,recommended,0.9437015928202208,0.9601356044054472
13,7,1719,0.04778327874657323,recommended,0.9281820981139515,0.9291395200154627
14,0,7770,3.787906412026733,recommended,0.4157889015772531,0.2999914705537111
14,1,4221,0.8075327508720527,recommended,0.6540230776587604,0.41621703103231444
14,2,9693,13.981293431467716,recommended,0.4449666567350885,0.5076599964512309
14,3,8861,0.13439915273304526,recommended,0.18669429746141208,0.8385776663714248
14,4,9307,8.366665893646642,recommended,0.7742221911560132,0.6059089432132964
14,5,5295,9.843368888568277,recommended,0.7767682713500729,0.62584666605061
14,6,8748,2.9377208383227926,recommended,0.47992568900439403,0.604709793887392
14,7,454,1.1068463036817402,recommended,0.2594234334312925,0.3796924081672669
15,0,9852,0.060979790742805906,recommended,0.9778470873280569,0.4268414093689781
15,1,8609,1.1288460980020858,recommended,0.6140083390389374,0.3547249679475275
15,2,7965,0.052469751260585284,recommended,0.039132254483859374,0.3268787897653196
15,3,9849,0.46188744298959805,recommended,0.25520212401559794,0.6005576560606293
15,4,6991,0.4412700482579223,recommended,0.258506252147812,0.2846979688875555
15,5,4774,0.07099850553154591,recommended,0.4702490853287543,0.9544476948529885
15,6,2821,3.417982747610526,recommended,0.3267388905686336,0.34961439880772216
15,7,8712,0.032566438874369524,recommended,0.3711929866485244,0.022561650757327634
16,0,7288,0.38885859696334774,recommended,0.9855404806740391,0.5218330484948498
16,1,8081,1.7007676264675426,recommended,0.6085717243060165,0.3881810010456791
16,2,4006,0.30300770472478555,recommended,0.6366929143579417,0.22123781980668367
16,3,9528,0.09174348210508809,recommended,0.6736543307822432,0.06885753760754154
16,4,8781,0.13551752889262955,recommended,0.5534899305004339,0.08845574068553652
16,5,9080,1.4335747256837337,recommended,0.6708577033306954,0.7317399735856052
16,6,2485,0.15708534222894135,recommended,0.47510034069172047,0.8979552161850192
16,7,6594,0.012870727020740451,recommended,0.9549079089350034,0.9589046048452052
17,0,9087,0.12094160954652154,recommended,0.8815310480420061,0.9152779789128344
17,1,8762,0.289493922975148,recommended,0.18517593884505912,0.554842190371608
17,2,2719,0.022433688903999365,recommended,0.030353805533004263,0.8438128636583061
17,3,6489,0.19045896129352666,recommended,0.16840794901002998,0.7278558680501468
17,4,5337,0.01442569556949455,recommended,0.013981712971364746,0.7718054684782346
17,5,7744,0.4503695934618381,recommended,0.34326715707240407,0.6871225203598057
17,6,9546,0.13519643228776906,recommended,0.137951010468357,0.22238617619688839
17,7,8629,7.248298115800039,recommended,0.8098815857057108,0.7511537036455784
18,0,7060,0.5822521899371214,recommended,0.6624968731842784,0.37122764775743056
18,1,172,2.1085639137721732,recommended,0.39850473439737344,0.6158500980522165
18,2,6660,0.4213694134895596,recommended,0.6815350002084708,0.3390285497439097
18,3,1269,3.6627844425086393,recommended,0.7534279222569691,0.768922782107641
18,4,2351,1.3946534103546737,recommended,0.6631462489752088,0.5953663701568727
18,5,6139,0.5643277841328502,recommended,0.6716429214549452,0.38916461651348
18,6,6104,0.6126359013513554,recommended,0.3518268970868115,0.2325946369638504
18,7,6031,0.7022355697117442,recommended,0.5787006476922424,0.6468056603490969
19,0,5077,0.3982907000465419,recommended,0.7955818365422829,0.4170552362327056
19,1,5226,0.22226412225497066,recommended,0.8349695494811857,0.9029010111633711
19,2,337,0.02657658198443508,recommended,0.4103968269896615,0.9823786169086064
19,3,8596,9.38600976233832,recommended,0.3524847275980618,0.4572608045918206
19,4,9102,0.058649942756147246,recommended,0.044309811238326224,0.32059390708031776
19,5,4116,8.422968743911806,recommended,0.7969475040156458,0.5904261031078913
19,6,8716,0.04951402774356365,recommended,0.5998412211431142,0.033196315065561754
19,7,2263,0.154750411796467,recommended,0.7498599312882688,0.913041466889856
-1,0,118,0.029463860134875158,init,0.2807723624408558,0.02431596643145384
-1,1,3342,0.020753343272291835,init,0.6941316539762369,0.01612464637221489
-1,2,9418,0.05970108711877681,init,0.04016781395058122,0.39751575154123553
-1,3,8056,0.002503297889116516,init,0.3379014257750631,0.998174737892465
-1,4,7168,0.01890759671390427,init,0.5784732510018857,0.987595774513281
-1,5,5155,0.02863959417431388,init,0.9764132223840561,0.2812600203804746
-1,6,7534,0.03666791827372808,init,0.14070783082557425,0.9451614571778969
-1,7,6771,0.028107186392106052,init,0.052673331829697134,0.8891449619957854
0,0,7889,0.0005293771733728611,global_best,0.03319648610546988,0.996762584986409
0,1,1264,9.529957160009111e-05,global_best,0.0088632851134689,0.9978208556819782
0,2,6159,0.0012251837105679334,global_best,0.008304841123329743,0.9700573600380694
0,3,913,0.006493996723209632,global_best,0.041951223431636264,0.9684887775943838
0,4,7438,0.007655623343228402,local_best,0.022686842182447542,0.931022279070994
0,5,4874,0.011840391404917274,local_best,0.03603737749918745,0.9327791246877345
0,6,3791,0.0007436539737658149,unexplored,0.0012844255268014138,0.12015925873562194
0,7,2489,0.00018233759899303575,unexplored,0.000943415267631087,0.03926505164866023
1,0,2790,0.05682435029832015,global_best,0.03994797328609434,0.36229349000020483
1,1,5126,0.06050469950945092,global_best,0.040487824328304445,0.4028895789566308
1,2,8241,0.06020268844456661,global_best,0.03931948766847326,0.43176753819855795
1,3,2869,0.06052972913704917,global_best,0.03900642076281813,0.4555667819901088
1,4,3830,0.05578913957753395,local_best,0.03836155478797465,0.6214644226567846
1,5,2619,0.055096995000262806,local_best,0.03840087732634456,0.3682501073951331
1,6,1967,2.032705091994853,unexplored,0.3072164170212709,0.5464585417281244
1,7,8,2.474039363640802,unexplored,0.3042422429595377,0.5247564316322378
2,0,2060,1.9496573289348333,global_best,0.29335342144100984,0.5254703073558932
2,1,208,1.3803534564333875,global_best,0.29321077169806453,0.32866454536991596
2,2,6395,0.21908396479269884,global_best,0.29272443783977187,0.17435670765087163
2,3,8153,0.18437383141215158,global_best,0.29352795416794963,0.1493484503194734
2,4,2515,2.203688777585896,local_best,0.3027751282719672,0.5324709078838974
2,5,5537,2.1226668726449565,local_best,0.30022711154138637,0.5311094225441555
2,6,5128,2.9790369379791,unexplored,0.5878856919297817,0.5013964785953243
2,7,4924,2.7519472904028732,unexplored,0.5910953805356141,0.5037734437246341
3,0,4440,3.640063350322249,global_best,0.5851216609271247,0.4429140980419636
3,1,8815,1.2374901162395173,global_best,0.7463061694876093,0.49687739168679557
3,2,9700,1.0660001179078333,global_best,0.7240764217904032,0.4999835316048351
3,3,47,1.4104978007976752,global_best,0.770967179954561,0.49379559636439074
3,4,6788,4.374528266485636,local_best,0.31468897387132655,0.48190756883600216
3,5,963,3.269334630770469,local_best,0.5882022669483905,0.48097288988612374
3,6,7527,0.3802395902022171,unexplored,0.4717671511498236,0.7438621448859984
3,7,3567,0.3911598933498436,unexplored,0.4864423871418745,0.7385390394759076
4,0,6075,16.006716592837194,global_best,0.42954912352067554,0.4874404737597884
4,1,1766,1.5748437438949288,global_best,0.3262539180411468,0.2993833737053483
4,2,6014,4.642277491408532,global_best,0.44789134484446314,0.30926887879218967
4,3,3562,15.320485800798563,global_best,0.410023786741743,0.48199491773286707
4,4,3390,8.858410686453094,local_best,0.3550152661362467,0.4819001671099774
4,5,7637,11.199333002529269,local_best,0.37517639831310245,0.4860034482382267
4,6,6526,0.7006469231890995,unexplored,0.9988448271846312,0.5792200352275578
4,7,9554,1.740486907975407,unexplored,0.9815517379172206,0.6247999220727483
5,0,7124,0.006799630731556903,global_best,0.4253552743286837,0.9955492647395692
5,1,123,0.05095773898313577,global_best,0.42818414831731433,0.9666548190436696
5,2,9058,0.12797894497509243,global_best,0.4239125874876323,0.9151407395173947
5,3,6461,0.09197632919831981,global_best,0.4263898947694251,0.9394808877148755
5,4,2207,14.701149214227476,local_best,0.41078880999961176,0.48964407603203264
5,5,3591,4.576526747131481,unexplored,0.7800840237349648,0.7712248152904037
5,6,8784,3.9929010708392676,unexplored,0.7839607870610179,0.7809152521545261
6,0,2939,16.1747573438986,global_best,0.4480854872830765,0.48790019527930184
6,1,878,0.35757798483914127,global_best,0.9595766443210334,0.48785404392636245
6,2,7686,0.7539337423221435,global_best,0.6793587899216466,0.48752757040499983
6,3,4731,0.9538454121563666,global_best,0.7356426600113652,0.4870160405162395
6,4,4039,10.508585397109744,local_best,0.36973781087268875,0.4860575419026809
6,5,460,1.260348472400104,local_best,0.8684679758979128,0.48743119824951364
6,6,4764,0.0054208219761300285,unexplored,0.9888757121375433,0.9490693936454213
6,7,8567,0.005103293286573364,unexplored,0.9882471556902453,0.9521238781308706
7,0,9311,16.31039161052814,global_best,0.4390946215718754,0.4866100436893823
7,1,3954,12.98213562368932,global_best,0.39477531677168287,0.49221618328746686
7,2,9979,13.64877172532747,global_best,0.4143004118309941,0.5021280957856249
7,3,3028,14.927361790028632,global_best,0.47190251056452304,0.4903124894098283
7,4,8197,15.522984425084788,local_best,0.413054347953398,0.4824754444178325
7,5,1751,0.00040865518766265984,unexplored,0.9972378999036027,0.030026005329392813
7,6,7350,0.0003255497364322731,unexplored,0.9945051042205587,0.01200916308426414
8,0,2942,14.652152388102213,global_best,0.48018351526188785,0.4858856061896132
8,1,3073,11.030156026904649,global_best,0.5122605638762605,0.4873748079212449
8,2,2558,16.528966554676547,global_best,0.45564954943987745,0.4820173397769325
8,3,3741,15.303950911295582,global_best,0.43946537435844213,0.49632277128437885
8,4,3541,16.41581291722031,local_best,0.43276708170819367,0.4841844983225968
8,5,1025,16.197725580096687,unexplored,0.45830064152865646,0.484696287130047
8,6,991,16.35252716927125,unexplored,0.45818688673789265,0.4829688720853552
9,0,2996,14.714145531512829,global_best,0.4595629775055219,0.49896794422079305
9,1,4857,13.437509416547382,global_best,0.48071405648435594,0.49885102374427426
9,2,2149,3.740024745043116,global_best,0.4327714843418189,0.5956798241615295
9,3,8898,2.7909668523259406,global_best,0.4482388465553965,0.6107813560779473
9,4,7581,15.618851298835946,local_best,0.4493658716251506,0.4931955197879292
9,5,7827,0.26821240591732504,unexplored,0.7291032835948762,0.2519082653674215
9,6,6339,0.25047314254788544,unexplored,0.7454670382070553,0.24582713263321632
10,0,9693,13.981293431467716,global_best,0.4449666567350885,0.5076599964512309
10,1,3673,17.36644328979894,global_best,0.4549507768419997,0.47078499701270726
10,2,2086,10.811776865758596,global_best,0.4441035569066186,0.5318717665050166
10,3,143,9.0871372916085,global_best,0.46559801813246016,0.5426446347075766
10,4,1913,15.981981037112702,local_best,0.4666931208844084,0.4821320989198419
10,5,6801,14.766865450119365,unexplored,0.4724603288539476,0.4916133448403307
10,6,9229,14.220747916651593,unexplored,0.46875106043441406,0.4993955991710657
11,0,7546,15.25231306203587,global_best,0.45700230937694064,0.40014546728455913
11,1,4397,15.982636013069456,global_best,0.43728164824461757,0.40354862081368836
11,2,6387,16.32250796378601,global_best,0.46783801312471496,0.41938983796838936
11,3,9236,18.075867950647677,global_best,0.4362671348044198,0.4333420303683231
11,4,2624,17.013843595776,local_best,0.45688807173726687,0.4751083649318354
11,5,4292,16.98581065807028,unexplored,0.46354783925892185,0.4703240479372064
11,6,1821,16.896473857230063,unexplored,0.4680690542342901,0.4662994129398188
12,0,1950,13.03786172642505,global_best,0.4313017063410146,0.37904048538303503
12,1,6462,10.27623187780769,global_best,0.4285638378056973,0.3583676323323983
12,2,605,17.962951472208704,global_best,0.42618130223597295,0.4513870243296755
12,3,5275,15.796513415500646,global_best,0.4353893961280134,0.4018987079559666
12,4,7066,17.686458003480876,local_best,0.43354310280380104,0.4671741333524465
12,5,6737,0.04185412380284265,local_best,0.47125071662352813,0.026770585703127847
12,6,7006,0.23501706161220506,unexplored,0.2543400875776042,0.7725264231625943
12,7,2286,0.23531067680803427,unexplored,0.23906638407502967,0.7580404210112165
13,0,8830,15.045088043289654,global_best,0.4908072494527028,0.44809111279591984
13,1,170,14.30637280406288,global_best,0.49161587511683236,0.4734717707805657
13,2,4748,14.004816140297324,global_best,0.4953176469339088,0.4276917880334611
13,3,1739,13.026484452715867,global_best,0.48849563265990537,0.4018871998907301
13,4,1324,18.06505261547206,local_best,0.43272913601970464,0.457699605159294
13,5,6742,0.010854056493592674,unexplored,0.7809331797904943,0.991507688278502
14,0,3705,17.90266617518896,global_best,0.4241850557459762,0.4466887217446649
14,1,2793,17.348459244452876,global_best,0.4268947278233026,0.4690249397178835
14,2,2022,16.61038053268789,global_best,0.4111904758694911,0.427486454090268
14,3,9637,15.497144938922059,global_best,0.3965459869736151,0.44977794156570317
14,4,8201,18.09012779190241,local_best,0.4303926180160754,0.45383788125698044
14,5,5609,18.09932209205459,unexplored,0.4294187868522533,0.4412878027999434
14,6,3493,17.35111164344301,unexplored,0.42944789707870257,0.4707059473159374
15,0,9347,14.625047389321121,global_best,0.4643348736103855,0.3978155951222587
15,1,5135,13.837929711157503,global_best,0.38419418492597746,0.43233389987866533
15,2,9726,14.76642329189364,global_best,0.44003315300400536,0.39244484417692493
15,3,3769,13.499472637694362,global_best,0.40465374164855017,0.3936818859906128
15,4,8804,17.76314927535766,local_best,0.42168164685289433,0.444385026638056
15,5,2355,17.40474175546537,unexplored,0.4189697737795244,0.4580286165838686
15,6,2804,18.06813213054944,unexplored,0.4490377603699617,0.45930368821307377
16,0,356,15.462915573189038,global_best,0.47157618855015837,0.41184091414726853
16,1,7453,14.033452344642006,global_best,0.45253364402930063,0.5065538158814177
16,2,7386,12.343350398981299,global_best,0.4720778346800132,0.5142071744772863
16,3,6518,8.728129953913216,global_best,0.5373348248430777,0.44414420222011963
16,4,8817,17.908294566077526,local_best,0.4557062844202975,0.45777935126563984
16,5,4767,17.52818968654935,unexplored,0.4183833377132715,0.44085511270251587
16,6,7815,17.64010529593808,unexplored,0.42835028381315066,0.46472195619874945
17,0,1168,11.477383257915696,global_best,0.456236508955542,0.3690530217609166
17,1,2392,12.345080556752599,global_best,0.41739478232914795,0.3768668803471885
17,2,8790,8.562949319918852,global_best,0.5011666285631721,0.3688979435205936
17,3,3682,10.718132420989878,global_best,0.48013493963837317,0.37320736910512686
17,4,3423,17.39956537585413,local_best,0.4162849285443547,0.448851365652003
17,5,9694,17.35523936916646,unexplored,0.4157543876756019,0.4494367753080455
17,6,9273,17.51132517172868,unexplored,0.4633834858663197,0.43765236472442226
18,0,4752,12.769888834421753,global_best,0.37796835564128417,0.463675805773178
18,1,3152,13.736845183578845,global_best,0.3823633310616279,0.44312734532291453
18,2,9029,17.192573932628804,global_best,0.41351685437859886,0.4428583095794191
18,3,5186,13.227785606461612,global_best,0.5032283453861176,0.4647842059375008
18,4,9401,17.306567202952372,local_best,0.4272817081273277,0.42231387785603225
18,5,2179,0.2864637005702839,unexplored,0.5716076494829438,0.18483839794702495
18,6,2838,0.24922317254117965,unexplored,0.579792843832955,0.1665035470495151
19,0,5133,14.192285068900283,global_best,0.47108285070451317,0.3979530562013335
19,1,1620,17.02154395693303,global_best,0.4157751035233219,0.42894433343014426
19,2,5772,17.5102451098659,global_best,0.450623425108169,0.42389975199699825
19,3,1823,15.064428084057488,global_best,0.4872653541000508,0.4299852141210597
19,4,4260,17.48613500599785,local_best,0.45232347763429603,0.4243890180725104
19,5,2352,16.641138058478184,unexplored,0.4151456539927457,0.42219223388067806
19,6,7820,17.373688873909813,unexplored,0.46050915990817876,0.4292107795416997
-1,0,118,0.029463860134875158,init,0.2807723624408558,0.02431596643145384
-1,1,3342,0.020753343272291835,init,0.6941316539762369,0.01612464637221489
-1,2,9418,0.05970108711877681,init,0.04016781395058122,0.39751575154123553
-1,3,8056,0.002503297889116516,init,0.3379014257750631,0.998174737892465
-1,4,7168,0.01890759671390427,init,0.5784732510018857,0.987595774513281
-1,5,5155,0.02863959417431388,init,0.9764132223840561,0.2812600203804746
-1,6,7534,0.03666791827372808,init,0.14070783082557425,0.9451614571778969
-1,7,6771,0.028107186392106052,init,0.052673331829697134,0.8891449619957854
0,0,6678,0.0004584991627246692,recommended,0.03555187754905509,0.9973811268138131
0,1,1264,9.529957160009111e-05,recommended,0.0088632851134689,0.9978208556819782
0,2,7889,0.0005293771733728611,recommended,0.03319648610546988,0.996762584986409
0,3,2371,0.000993647168187749,recommended,0.035590230806476386,0.9943303026857149
0,4,3061,1.0428221266089516e-05,recommended,0.003918374951093262,0.9994606810596731
0,5,3513,0.003090631670222499,recommended,0.04006908634826667,0.9843219788140413
0,6,1956,0.000680805957142396,recommended,0.006379043406590679,0.9783547870568566
0,7,2163,0.001900815372808023,recommended,0.022066148682290843,0.9825212722560387
1,0,8193,0.05474357006575903,recommended,0.04077327434137146,0.6722715076341925
1,1,4625,0.060554072896927456,recommended,0.042334492518303346,0.6335352936161702
1,2,7687,0.05599253490231415,recommended,0.04051952543966997,0.6561288043672019
1,3,774,0.06212000025012482,recommended,0.043412532854819164,0.6331513755940223
1,4,6517,0.0566837673145075,recommended,0.04236193195278204,0.6739444490730234
1,5,7516,0.016302079951018948,recommended,0.04126974737462186,0.9188528558831043
1,6,236,0.022666061139625864,recommended,0.04315991195057611,0.8911431136980711
1,7,9139,0.051850718300132256,recommended,0.04291227266019415,0.7194768931764646
2,0,6263,7.516240294772866e-05,recommended,0.012657828484162192,0.0012036139090179088
2,1,1147,0.0002082014950990385,recommended,0.005505799160420821,0.0076640326492253275
2,2,8000,7.171182667492678e-06,recommended,0.004401609003786278,0.00033015925947643687
2,3,6073,0.00207620286176038,recommended,0.028264701049977692,0.014910264154807895
2,4,8144,0.003045174100497449,recommended,0.03577469071400785,0.01729397576708258
2,5,4607,0.031655492574662214,recommended,0.02345902172115444,0.3294166573744429
2,6,9600,0.030402076181008285,recommended,0.022220639519938357,0.3369831224412506
2,7,3092,0.02004222379766915,recommended,0.021981814809622913,0.8026974053360216
3,0,6699,0.0016352007983566586,recommended,0.04585201837470154,0.007252428015144474
3,1,5647,0.0023323253112731493,recommended,0.042334945902492094,0.011199305255704117
3,2,5523,0.05913126927458549,recommended,0.04027816273538787,0.38641556183058123
3,3,536,0.003700044838935321,recommended,0.04209318963636188,0.01787393473341381
3,4,4089,0.018531616038042018,recommended,0.0403252397209507,0.09476847103459396
3,5,2802,0.05943839555345893,recommended,0.03979712733565255,0.5976823355234591
3,6,3830,0.05578913957753395,recommended,0.03836155478797465,0.6214644226567846
3,7,2619,0.055096995000262806,recommended,0.03840087732634456,0.3682501073951331
4,0,515,0.055368808945309184,recommended,0.03700763471549262,0.596269878482053
4,1,7072,1.292686070874038,recommended,0.5113245436611265,0.6363481252670565
4,2,8934,10.394754187117291,recommended,0.5141881809210113,0.40627480055958654
4,3,4974,12.246822144617406,recommended,0.5114364063015873,0.4401484472241325
4,4,6094,12.261424284446607,recommended,0.5102626462206492,0.4337844022073727
4,5,9918,9.37692237253239,recommended,0.510886008224664,0.3878210887248762
4,6,5450,3.114363557733528,recommended,0.5143832465110202,0.5887594635650095
4,7,2330,2.4027482128020377,recommended,0.5111136384895005,0.6043129822403198
5,0,3705,17.90266617518896,recommended,0.4241850557459762,0.4466887217446649
5,1,137,10.167845637858063,recommended,0.5113423988609378,0.5015162946871996
5,2,7111,12.623543912299862,recommended,0.44150674328917106,0.5181849423431099
5,3,2930,12.528585884013744,recommended,0.4553949052479408,0.5180153489085197
5,4,688,13.070362622989995,recommended,0.4453052550026655,0.5148173539296902
5,5,715,12.85432087742575,recommended,0.4547398556338591,0.5155960285792502
5,6,7312,12.483389052604233,recommended,0.46437032018204105,0.5161245842024867
5,7,6409,13.02848482749682,recommended,0.42696619928121926,0.5126839534499428
6,0,3152,13.736845183578845,recommended,0.3823633310616279,0.44312734532291453
6,1,6571,0.1333802668297848,recommended,0.38203483041127095,0.09163820517572785
6,2,3972,0.21167590399751612,recommended,0.3814088099031234,0.14086860395086132
6,3,2435,0.19639177411788664,recommended,0.3821234944599732,0.1322687150984817
6,4,8660,0.005220756373323422,recommended,0.3851250709192222,0.0035489918647713115
6,5,203,0.0160084643388431,recommended,0.3892016787341631,0.01083765148029836
6,6,9495,0.022320791087114607,recommended,0.38959524843862814,0.015107445587704382
6,7,2327,0.2771040073751403,recommended,0.38339714105825895,0.16827858850771282
7,0,5538,2.1230027216046774,recommended,0.40822182258823203,0.27384251909925916
7,1,4057,2.4529052383885426,recommended,0.4082375193462987,0.2804632242046524
7,2,3928,0.8324902405559829,recommended,0.41052278435142786,0.2313487132001505
7,3,6201,1.919553966716682,recommended,0.4112273626316605,0.26879709616697756
7,4,6760,1.0851593523370897,recommended,0.4113462488815004,0.24336971340637603
7,5,2010,1.0188523169876404,recommended,0.41130397206623126,0.24053158518014872
7,6,5163,0.8653833652924132,recommended,0.4140678257678164,0.23273024187005353
7,7,2970,0.8890101615719643,recommended,0.4111272782593792,0.2343250656505268
8,0,1631,0.027559572167388826,recommended,0.419271661166022,0.018124041045729733
8,1,7095,0.09269291156609698,recommended,0.42006266957944705,0.06114618104768621
8,2,9509,0.18609638923041258,recommended,0.41950074021133854,0.1214157653119542
8,3,4681,0.41786085182101146,recommended,0.4192492493189658,0.1939939562233972
8,4,6158,0.3823848385818205,recommended,0.4196547448590051,0.188174646052918
8,5,164,1.2209673988350525,recommended,0.4196000624277899,0.24773098950115746
8,6,1101,0.06395453154531945,recommended,0.4225484283119446,0.04202467517140529
8,7,1449,0.057317956979284636,recommended,0.4252281854376939,0.03757109039890738
9,0,5233,10.467653911206147,recommended,0.4239561794632619,0.36053291785164776
9,1,7593,13.126472818649024,recommended,0.4236901786604971,0.5108523649637979
9,2,8239,9.064781037594758,recommended,0.42437676701387816,0.5426592821365677
9,3,2465,8.128616731262545,recommended,0.4237701199309234,0.34213260011189495
9,4,5728,4.449305773787086,recommended,0.4236931519996423,0.30714995018995217
9,5,4250,4.646125794165489,recommended,0.42449283267653515,0.30932422435822293
9,6,6229,3.0790009532815,recommended,0.424867927068011,0.28888729937422675
9,7,8588,4.949812440462324,recommended,0.42553429772119955,0.31257472707785827
10,0,5327,0.09518202675616075,recommended,0.38236459791671085,0.9345580725432818
10,1,2188,0.22591961553063858,recommended,0.38278410040304056,0.8391466080707525
10,2,8242,0.9924326800853671,recommended,0.3822559146564046,0.647578490806859
10,3,4536,12.296041285096567,recommended,0.42286840905908707,0.5171503622838772
10,4,6497,0.08714893768632542,recommended,0.38350902449273905,0.9402341928728895
10,5,3919,0.1865519170194853,recommended,0.38306936972650674,0.8690990687247285
10,6,4844,0.23060255782033987,recommended,0.38310143359058446,0.8355707099645604
10,7,5671,0.183159740370113,recommended,0.3830656760857787,0.8716168463288502
11,0,5982,7.376987385896801,recommended,0.5481200649818184,0.45301475038018846
11,1,8088,4.471746070422404,recommended,0.5753700648257168,0.45071798553214737
11,2,6661,4.827680572633881,recommended,0.5714113930442343,0.4473798226380674
11,3,4198,3.3247082121055413,recommended,0.5897290360764658,0.44991278108550536
11,4,4842,6.681253676604564,recommended,0.5539417338546375,0.4505824928161174
11,5,7901,5.094319602803801,recommended,0.5687279416481599,0.4516366846832235
11,6,5658,2.54899823254154,recommended,0.6021018301273497,0.454960317393011
11,7,4908,2.9001171325730244,recommended,0.5960301609498011,0.4603861756750406
12,0,226,0.14089814203490456,recommended,0.4242220092469763,0.906354385094736
12,1,402,0.3866642580966595,recommended,0.424130671302386,0.7364442356247228
12,2,605,17.962951472208704,recommended,0.42618130223597295,0.4513870243296755
12,3,8201,18.09012779190241,recommended,0.4303926180160754,0.45383788125698044
12,4,3493,17.35111164344301,recommended,0.42944789707870257,0.4707059473159374
12,5,7815,17.64010529593808,recommended,0.42835028381315066,0.46472195619874945
12,6,2793,17.348459244452876,recommended,0.4268947278233026,0.4690249397178835
12,7,1324,18.06505261547206,recommended,0.43272913601970464,0.457699605159294
13,0,4330,16.737544836583798,recommended,0.43372370283142103,0.41209360963253916
13,1,4035,16.992267212638204,recommended,0.43558915801270903,0.41484685030159496
13,2,4590,16.263425596127043,recommended,0.42932276570419525,0.40788492685035893
13,3,5275,15.796513415500646,recommended,0.4353893961280134,0.4018987079559666
13,4,1950,13.03786172642505,recommended,0.4313017063410146,0.37904048538303503
13,5,9401,17.306567202952372,recommended,0.4272817081273277,0.42231387785603225
13,6,6145,16.423982099504407,recommended,0.4274505332424855,0.4103375943357709
13,7,5609,18.09932209205459,recommended,0.4294187868522533,0.4412878027999434
14,0,9472,0.02245546512688255,recommended,0.43593449089112823,0.9854047834806314
14,1,1650,0.004329579897924529,recommended,0.4334722327556344,0.9971823539029504
14,2,2359,0.12075237708592464,recommended,0.43526227965655384,0.9206914007786196
14,3,1311,0.13657666882659222,recommended,0.43381741957652953,0.909943143854392
14,4,5821,0.41460493939828247,recommended,0.4349801978880452,0.7272924772395685
14,5,1879,0.24736074494121701,recommended,0.4299576197798217,0.8309491710550684
14,6,3637,0.18675964146754767,recommended,0.4301759084443132,0.8750086997439702
14,7,6160,0.04696889625595562,recommended,0.43170297865641905,0.9693496144198253
15,0,6075,16.006716592837194,recommended,0.42954912352067554,0.4874404737597884
15,1,8817,17.908294566077526,recommended,0.4557062844202975,0.45777935126563984
15,2,9273,17.51132517172868,recommended,0.4633834858663197,0.43765236472442226
15,3,2804,18.06813213054944,recommended,0.4490377603699617,0.45930368821307377
15,4,6387,16.32250796378601,recommended,0.46783801312471496,0.41938983796838936
15,5,7291,16.646668476823947,recommended,0.4625339853783005,0.4189408420801276
15,6,2624,17.013843595776,recommended,0.45688807173726687,0.4751083649318354
15,7,1913,15.981981037112702,recommended,0.4666931208844084,0.4821320989198419
16,0,1823,15.064428084057488,recommended,0.4872653541000508,0.4299852141210597
16,1,5081,13.274821219904847,recommended,0.474325570550291,0.39166654287880887
16,2,9347,14.625047389321121,recommended,0.4643348736103855,0.3978155951222587
16,3,5133,14.192285068900283,recommended,0.47108285070451317,0.3979530562013335
16,4,3741,15.303950911295582,recommended,0.43946537435844213,0.49632277128437885
16,5,9974,15.778249493748264,recommended,0.48208115823227327,0.4635015661671852
16,6,7602,12.994193554866133,recommended,0.48821935919923853,0.4012148277113289
16,7,6940,15.306620054398099,recommended,0.485608317996847,0.46619023015553385
17,0,9236,18.075867950647677,recommended,0.4362671348044198,0.4333420303683231
17,1,8804,17.76314927535766,recommended,0.42168164685289433,0.444385026638056
17,2,2848,16.09530705015384,recommended,0.44797165638218994,0.4054716763304185
17,3,7820,17.373688873909813,recommended,0.46050915990817876,0.4292107795416997
17,4,1821,16.896473857230063,recommended,0.4680690542342901,0.4662994129398188
17,5,7066,17.686458003480876,recommended,0.43354310280380104,0.4671741333524465
17,6,4292,16.98581065807028,recommended,0.46354783925892185,0.4703240479372064
17,7,7581,15.618851298835946,recommended,0.4493658716251506,0.4931955197879292
18,0,1159,16.24818216176892,recommended,0.42182817853883137,0.41102107526554577
18,1,6674,14.503911538458311,recommended,0.4307166216080104,0.5017029841763491
18,2,5453,15.49289972712074,recommended,0.4738084349601387,0.4145208293901811
18,3,4260,17.48613500599785,recommended,0.45232347763429603,0.4243890180725104
18,4,9229,14.220747916651593,recommended,0.46875106043441406,0.4993955991710657
18,5,2996,14.714145531512829,recommended,0.4595629775055219,0.49896794422079305
18,6,356,15.462915573189038,recommended,0.47157618855015837,0.41184091414726853
18,7,4820,12.981434226119942,recommended,0.483593048104329,0.5010473777944182
19,0,5772,17.5102451098659,recommended,0.450623425108169,0.42389975199699825
19,1,170,14.30637280406288,recommended,0.49161587511683236,0.4734717707805657
19,2,3673,17.36644328979894,recommended,0.4549507768419997,0.47078499701270726
19,3,7258,14.023435915640151,recommended,0.4949116047766605,0.4713681557014906
19,4,4623,15.236295480085555,recommended,0.4891965179806156,0.4502651934966382
19,5,8830,15.045088043289654,recommended,0.4908072494527028,0.44809111279591984
19,6,7082,13.78686381615709,recommended,0.49636437246630705,0.4727068986362891
19,7,9712,14.613275281245045,recommended,0.4937887702564081,0.4570252804809394
-1,0,118,0.029463860134875158,init,0.2807723624408558,0.02431596643145384
-1,1,3342,0.020753343272291835,init,0.6941316539762369,0.01612464637221489
-1,2,9418,0.05970108711877681,init,0.04016781395058122,0.39751575154123553
-1,3,8056,0.002503297889116516,init,0.3379014257750631,0.998174737892465
-1,4,7168,0.01890759671390427,init,0.5784732510018857,0.987595774513281
-1,5,5155,0.02863959417431388,init,0.9764132223840561,0.2812600203804746
-1,6,7534,0.03666791827372808,init,0.14070783082557425,0.9451614571778969
-1,7,6771,0.028107186392106052,init,0.052673331829697134,0.8891449619957854
0,0,3061,1.0428221266089516e-05,recommended,0.003918374951093262,0.9994606810596731
0,1,6678,0.0004584991627246692,recommended,0.03555187754905509,0.9973811268138131
0,2,2371,0.000993647168187749,recommended,0.035590230806476386,0.9943303026857149
0,3,7889,0.0005293771733728611,recommended,0.03319648610546988,0.996762584986409
0,4,1264,9.529957160009111e-05,recommended,0.0088632851134689,0.9978208556819782
0,5,6393,0.0028519477237894035,recommended,0.03625489544152738,0.9840181501963605
0,6,2163,0.001900815372808023,recommended,0.022066148682290843,0.9825212722560387
0,7,6086,0.002320829887716677,recommended,0.0392435760405464,0.987982644420261
1,0,4625,0.060554072896927456,recommended,0.042334492518303346,0.6335352936161702
1,1,7687,0.05599253490231415,recommended,0.04051952543966997,0.6561288043672019
1,2,6517,0.0566837673145075,recommended,0.04236193195278204,0.6739444490730234
1,3,774,0.06212000025012482,recommended,0.043412532854819164,0.6331513755940223
1,4,8193,0.05474357006575903,recommended,0.04077327434137146,0.6722715076341925
1,5,8294,0.0618191340603813,recommended,0.043345619927325774,0.3644268113352511
1,6,2790,0.05682435029832015,recommended,0.03994797328609434,0.36229349000020483
1,7,5523,0.05913126927458549,recommended,0.04027816273538787,0.38641556183058123
2,0,236,0.022666061139625864,recommended,0.04315991195057611,0.8911431136980711
2,1,8230,0.033010081012915526,recommended,0.04321993725495721,0.8378257199236009
2,2,5149,0.03319607109518676,recommended,0.0454865414722746,0.8456263001150188
2,3,8399,0.02158585706840544,recommended,0.045572521613820305,0.9021541886529115
2,4,597,0.028119923497639997,recommended,0.04574203381251285,0.8715368061523763
2,5,3175,0.011538009134510965,recommended,0.007357829625414536,0.5182057321825209
2,6,7625,0.05196471781445325,recommended,0.033187630225001485,0.517014723886716
2,7,7409,0.026516624536104514,recommended,0.01692935242553506,0.522095236914789
3,0,9636,0.046107197529205536,recommended,0.04384701871096319,0.23437158640380573
3,1,6203,0.043025488552092296,recommended,0.04356068057242002,0.21725740049386455
3,2,1388,0.03419815388792041,recommended,0.04389994264300512,0.16574977982015593
3,3,9102,0.058649942756147246,recommended,0.044309811238326224,0.32059390708031776
3,4,9265,0.04442402623856796,recommended,0.044332250802281425,0.2210658650472167
3,5,933,0.033463525318070314,recommended,0.04317373579701167,0.16481481572943713
3,6,7538,0.05957298281071909,recommended,0.04322315141777899,0.3424999930081374
3,7,536,0.003700044838935321,recommended,0.04209318963636188,0.01787393473341381
4,0,7200,0.05834688463276376,recommended,0.0381536059353772,0.42981769814138193
4,1,7945,0.05854133288638766,recommended,0.03735163481581283,0.5002645074774619
4,2,2977,0.0650933962951645,recommended,0.04486055762771701,0.6225469904622817
4,3,515,0.055368808945309184,recommended,0.03700763471549262,0.596269878482053
4,4,8241,0.06020268844456661,recommended,0.03931948766847326,0.43176753819855795
4,5,6088,0.056303325898692955,recommended,0.037997837304742155,0.6055292748912722
4,6,3176,0.0574292661245928,recommended,0.03752865753180312,0.569230212091448
4,7,2869,0.06052972913704917,recommended,0.03900642076281813,0.4555667819901088
5,0,2547,0.06935556334648849,recommended,0.04515136441229195,0.4378998871429123
5,1,9639,0.06769517127718108,recommended,0.04511099552039388,0.40786296342566186
5,2,9352,0.06611396009219979,recommended,0.045109006285336095,0.38556288011032
5,3,6757,0.07167706645972656,recommended,0.04635326943427953,0.5496696690036911
5,4,3616,0.07143331288399397,recommended,0.04606916967546759,0.5438779211611176
5,5,9056,0.07267655750532824,recommended,0.04651849634506866,0.5198353671551348
5,6,8985,0.06720737668524533,recommended,0.047547608881163494,0.6412149902350247
5,7,9015,1.6223442893375988,recommended,0.5077772860695646,0.625866109615368
6,0,4683,0.2873781954784762,recommended,0.5313307926731757,0.8055808264412336
6,1,520,0.30730350264876843,recommended,0.5394912923753372,0.7907231648389635
6,2,4183,0.3047803632330981,recommended,0.4473324266661878,0.7898646210355388
6,3,2687,0.30292699939498846,recommended,0.48417303216340746,0.7940144502659627
6,4,8053,0.2959023358038876,recommended,0.47200748211732935,0.798678105907632
6,5,6329,0.30318702143829607,recommended,0.5392305273364831,0.7937668070297539
6,6,8662,0.28966331608262,recommended,0.5041484897283163,0.8042337890322266
6,7,5911,0.3027425699587139,recommended,0.4363511943036117,0.7899120017028454
7,0,1830,10.350014929832692,recommended,0.5098540095504577,0.5012756446257294
7,1,5534,7.714586106063727,recommended,0.5092889906799262,0.5323477279546288
7,2,1247,10.834280491833647,recommended,0.5112754622007512,0.4923254800011819
7,3,8833,8.257299160177762,recommended,0.5061700856552025,0.5291631009556624
7,4,8062,8.309325906036117,recommended,0.5067117639327983,0.5281400572737537
7,5,9276,11.556876150642704,recommended,0.5063662535617891,0.49020285420562826
7,6,8520,8.5060496583333,recommended,0.509769673499049,0.5231560631441117
7,7,137,10.167845637858063,recommended,0.5113423988609378,0.5015162946871996
8,0,5100,0.28659920647676373,recommended,0.5212677538240658,0.17209985264986216
8,1,4566,1.2366475898521871,recommended,0.5208155861440822,0.26855714062064107
8,2,5174,9.940785058443122,recommended,0.5209913886493571,0.48759843804956093
8,3,9607,0.20316375085013258,recommended,0.5073185006796489,0.1295537377604956
8,4,346,0.8228777793314577,recommended,0.507610378684455,0.24240973241508024
8,5,9055,0.13277522648346046,recommended,0.5060738984667101,0.0852140869017709
8,6,4840,0.037625422513918316,recommended,0.5083116942766945,0.023975447376531678
8,7,3257,0.6822989688672965,recommended,0.5084790353080261,0.23290183864948166
9,0,1443,11.505642576047958,recommended,0.5069204379618346,0.40941207181701833
9,1,6431,9.306672963894044,recommended,0.5200899376058343,0.40069928124325294
9,2,1128,11.172281628667196,recommended,0.5174463517550413,0.4304274103209902
9,3,8515,11.62805298886019,recommended,0.51631656166117,0.444829257597959
9,4,3578,11.259411050745918,recommended,0.5183239230398234,0.46180648156201864
9,5,750,10.597733702990618,recommended,0.519081785136218,0.47918187762973097
9,6,4204,8.815513875551732,recommended,0.5097231716035652,0.37995995225975254
9,7,4372,9.35663381607304,recommended,0.5165465103892622,0.5047394753803517
10,0,2657,12.666192817469684,recommended,0.5089590404220475,0.4528248052843268
10,1,48,10.35413372427606,recommended,0.5227328293819941,0.42754101835854963
10,2,431,10.45160573786247,recommended,0.52439026932758,0.44076274693822814
10,3,6929,9.262601891061196,recommended,0.5242859833747512,0.40826677392642585
10,4,5027,9.922315220249375,recommended,0.5249340842434675,0.47712976739568325
10,5,7867,7.5792082335844375,recommended,0.5062517344973269,0.36312844284607204
10,6,9704,5.595928894582633,recommended,0.5075383250920755,0.3421413172970391
10,7,5115,4.405589609157945,recommended,0.5125909252672963,0.33060080997000185
11,0,2769,9.797596181343714,recommended,0.5281892617563562,0.4672609960075026
11,1,7264,0.6726555108235949,recommended,0.8263592101750041,0.45213905512244745
11,2,2128,0.04176232150822424,recommended,0.9977493890102006,0.4517394759814438
11,3,3144,0.13778097610701137,recommended,0.9665907702233167,0.45221510010171806
11,4,784,1.5850200518506345,recommended,0.623859324676573,0.4517676787372291
11,5,6193,0.6059133798272651,recommended,0.7557099224923928,0.4513360327392887
11,6,414,0.5814994967870074,recommended,0.7375012481097484,0.45221794088980716
11,7,7901,5.094319602803801,recommended,0.5687279416481599,0.4516366846832235
12,0,8575,13.076659023860099,recommended,0.5057654423348055,0.4557274006802463
12,1,4759,7.888227333948685,recommended,0.5294357405412765,0.3954890761835702
12,2,4138,11.897887257318756,recommended,0.5097355100039371,0.4224457900308791
12,3,866,9.723393040217099,recommended,0.5270414639116516,0.4260833838903715
12,4,9821,8.924559969865841,recommended,0.5307591771858249,0.4834690643233511
12,5,5704,10.818141509706736,recommended,0.5059833291570635,0.398641335196384
12,6,3837,3.6475388282072116,recommended,0.5176298283979672,0.5778770814409091
12,7,3480,7.927783296739582,recommended,0.5313399532366091,0.3997195509744276
13,0,2348,10.276612291187778,recommended,0.5055207917234903,0.5077578381885688
13,1,5084,14.054051680184243,recommended,0.49815072025114837,0.45763187454517507
13,2,1291,13.474352315264111,recommended,0.5030839507798364,0.44934974203964206
13,3,4532,13.089730143284743,recommended,0.5043807042987668,0.4643317447951528
13,4,5186,13.227785606461612,recommended,0.5032283453861176,0.4647842059375008
13,5,9865,13.729407758986422,recommended,0.49852612414639796,0.46778977047254156
13,6,9866,14.065002188677878,recommended,0.4974113794914262,0.4370240760986729
13,7,4748,14.004816140297324,recommended,0.4953176469339088,0.4276917880334611
14,0,7831,10.56059234850193,recommended,0.48989414213082494,0.3786906633330023
14,1,8939,14.058053307808951,recommended,0.49115317431045047,0.4192369414973601
14,2,8830,15.045088043289654,recommended,0.4908072494527028,0.44809111279591984
14,3,2523,9.544807133781902,recommended,0.48978586798824075,0.5286566039892756
14,4,7262,6.8248325181542215,recommended,0.49602989425354427,0.3477397822959257
14,5,1314,11.130124942726688,recommended,0.49381404045692867,0.38764880545564706
14,6,8048,11.429661195649311,recommended,0.4937694913726616,0.39064065480433907
14,7,9861,14.539162652341762,recommended,0.4935774386721822,0.43663132089416024
15,0,1823,15.064428084057488,recommended,0.4872653541000508,0.4299852141210597
15,1,4623,15.236295480085555,recommended,0.4891965179806156,0.4502651934966382
15,2,2539,15.445967470226195,recommended,0.4834980851068038,0.42914949195832186
15,3,8812,15.38192618380529,recommended,0.4841642473920018,0.46808162108509843
15,4,6940,15.306620054398099,recommended,0.485608317996847,0.46619023015553385
15,5,9974,15.778249493748264,recommended,0.48208115823227327,0.4635015661671852
15,6,170,14.30637280406288,recommended,0.49161587511683236,0.4734717707805657
15,7,9446,7.57189401820478,recommended,0.4979901277547686,0.5421956448860736
16,0,2942,14.652152388102213,recommended,0.48018351526188785,0.4858856061896132
16,1,4857,13.437509416547382,recommended,0.48071405648435594,0.49885102374427426
16,2,4820,12.981434226119942,recommended,0.483593048104329,0.5010473777944182
16,3,1821,16.896473857230063,recommended,0.4680690542342901,0.4662994129398188
16,4,5453,15.49289972712074,recommended,0.4738084349601387,0.4145208293901811
16,5,6387,16.32250796378601,recommended,0.46783801312471496,0.41938983796838936
16,6,356,15.462915573189038,recommended,0.47157618855015837,0.41184091414726853
16,7,1913,15.981981037112702,recommended,0.4666931208844084,0.4821320989198419
17,0,991,16.35252716927125,recommended,0.45818688673789265,0.4829688720853552
17,1,1025,16.197725580096687,recommended,0.45830064152865646,0.484696287130047
17,2,4292,16.98581065807028,recommended,0.46354783925892185,0.4703240479372064
17,3,7291,16.646668476823947,recommended,0.4625339853783005,0.4189408420801276
17,4,7820,17.373688873909813,recommended,0.46050915990817876,0.4292107795416997
17,5,9273,17.51132517172868,recommended,0.4633834858663197,0.43765236472442226
17,6,6035,16.281371896800756,recommended,0.4637805973609228,0.41507812900779906
17,7,1028,16.100160858151497,recommended,0.4622955610006072,0.4117655415845085
18,0,5253,13.236243028247577,recommended,0.45299810082996383,0.5128826025095737
18,1,4630,13.96174741540506,recommended,0.4537537602503535,0.5069301160771944
18,2,715,12.85432087742575,recommended,0.4547398556338591,0.5155960285792502
18,3,2930,12.528585884013744,recommended,0.4553949052479408,0.5180153489085197
18,4,7312,12.483389052604233,recommended,0.46437032018204105,0.5161245842024867
18,5,8743,11.493322440443402,recommended,0.4540761443123418,0.5261427596891464
18,6,6812,16.157693447294513,recommended,0.45393296174299036,0.40793537105429634
18,7,6494,0.03846737390355457,recommended,0.46413518719873204,0.024656055706892888
19,0,5772,17.5102451098659,recommended,0.450623425108169,0.42389975199699825
19,1,2804,18.06813213054944,recommended,0.4490377603699617,0.45930368821307377
19,2,2848,16.09530705015384,recommended,0.44797165638218994,0.4054716763304185
19,3,7395,10.745030751606759,recommended,0.45560253750166213,0.3633337819162643
19,4,2939,16.1747573438986,recommended,0.4480854872830765,0.48790019527930184
19,5,3070,10.11411407227437,recommended,0.46637459450454855,0.3616660831950428
19,6,1073,9.904231255628138,recommended,0.4592651971732139,0.3577982653254418
19,7,6394,10.226282383966126,recommended,0.45490660288239715,0.359231140621723
-1,0,118,0.029463860134875158,init,0.2807723624408558,0.02431596643145384
-1,1,3342,0.020753343272291835,init,0.6941316539762369,0.01612464637221489
-1,2,9418,0.05970108711877681,init,0.04016781395058122,0.39751575154123553
-1,3,8056,0.002503297889116516,init,0.3379014257750631,0.998174737892465
-1,4,7168,0.01890759671390427,init,0.5784732510018857,0.987595774513281
-1,5,5155,0.02863959417431388,init,0.9764132223840561,0.2812600203804746
-1,6,7534,0.03666791827372808,init,0.14070783082557425,0.9451614571778969
-1,7,6771,0.028107186392106052,init,0.052673331829697134,0.8891449619957854
0,0,7687,0.05599253490231415,recommended,0.04051952543966997,0.6561288043672019
0,1,3658,0.054415842860384284,recommended,0.03929194515069245,0.654907123147859
0,2,8071,0.025776542639573675,recommended,0.8941075983979475,0.9645801858016528
0,3,156,0.004657074201530854,recommended,0.02535074341545751,0.9626484146779251
0,4,228,0.01774476271365385,recommended,0.011353644767419069,0.46866064199412627
0,5,5884,0.0011180057805366599,recommended,0.010233856408757513,0.022159535544521547
0,6,7530,0.012138950208951662,recommended,0.01686287008210441,0.15161063793047602
0,7,536,0.003700044838935321,recommended,0.04209318963636188,0.01787393473341381
1,0,8552,0.08367458759887579,recommended,0.07681102763992054,0.7530576099149094
1,1,4316,0.05235597274882995,recommended,0.03479919986835012,0.4092495737853973
1,2,566,0.08033452365743776,recommended,0.08104621590764793,0.22018320194981134
1,3,6123,0.016772595948461134,recommended,0.033174157755773814,0.1045075626427241
1,4,4833,0.04727465315864034,recommended,0.04751775720711038,0.21929528250483066
1,5,128,4.7819530688375655,recommended,0.936154774160781,0.696029796674973
1,6,5966,0.058929357347437095,recommended,0.07748579745049144,0.16262829631571707
1,7,4070,0.1480257267247405,recommended,0.12027096312860686,0.7035283401815304
2,0,2938,11.98142212301372,recommended,0.8670116069106004,0.6692682917508349
2,1,7495,2.9252747560507157,recommended,0.9392184948776852,0.5799833204520839
2,2,5653,0.03095189694401978,recommended,0.9542584415153099,0.14228621861093582
2,3,4648,2.5964270860419902,recommended,0.8757170365589394,0.8014168109086272
2,4,3644,0.3652005985953208,recommended,0.9484251555414929,0.8424641068355752
2,5,1191,0.23185042834926628,recommended,0.9166352358412073,0.43098522051329624
2,6,9424,1.8330125499048395,recommended,0.9822594078707026,0.6856766363336941
2,7,4863,0.1596937445244106,recommended,0.821031947096431,0.2044834611958235
3,0,6508,4.234094635617138,recommended,0.8470469188705548,0.5400657152841718
3,1,3024,0.09317333520169069,recommended,0.8146250560259172,0.9361630415509965
3,2,96,8.28241406736115,recommended,0.9004180571633305,0.6331014572732679
3,3,3357,0.3129030270337048,recommended,0.8570290283305779,0.4151071768549326
3,4,6486,0.23487421960544558,recommended,0.8150077769837577,0.3231897848317934
3,5,5686,0.4895402927074954,recommended,0.7982211815880134,0.43307450514456514
3,6,1826,0.13173559174485497,recommended,0.827553052274047,0.17070836331248018
3,7,1280,10.620104039096475,recommended,0.7945155444907487,0.7070864772666982
4,0,2143,6.629563258145406,recommended,0.8719130612805055,0.5769816124176819
4,1,9880,0.03267906511123286,recommended,0.7147693584992595,0.9751145070457258
4,2,7555,5.911691966653697,recommended,0.7654322167447717,0.7442352584372388
4,3,9873,7.659921138948469,recommended,0.8986563837544456,0.7091369915594256
4,4,3891,0.007568504165625254,recommended,0.8792043375853826,0.013010213425872719
4,5,2353,0.18029151154272002,recommended,0.7850639210464312,0.19571264009964906
4,6,5680,0.4628150048545623,recommended,0.769186789995928,0.42885436130663845
4,7,6132,0.3114312943791588,recommended,0.7768313694482886,0.3714169119932321
5,0,9641,0.7490809241503541,recommended,0.5991970910211082,0.6356510711589388
5,1,3835,4.773601232842984,recommended,0.7697723073855856,0.5613558241893379
5,2,6538,13.357277230885067,recommended,0.8169684504748762,0.6535607255451928
5,3,755,10.519918135004852,recommended,0.8129857387160935,0.7181230762264944
5,4,5190,10.178931264728103,recommended,0.788581765108471,0.7080237839979118
5,5,2151,5.696315041550666,recommended,0.7551336174451959,0.5866239182836627
5,6,2460,2.4857920571241796,recommended,0.9520624466390027,0.7379277689988003
5,7,9328,6.587794752591385,recommended,0.8391728105102971,0.7591624811633813
6,0,8286,5.580085134378657,recommended,0.895866939157868,0.7444883899492662
6,1,9014,11.168297504924956,recommended,0.8430434366717035,0.7108756275835424
6,2,9693,13.981293431467716,recommended,0.4449666567350885,0.5076599964512309
6,3,2339,2.25511649200627,recommended,0.6791625683195628,0.6313759776433766
6,4,8382,0.1812352193234173,recommended,0.8035676014003101,0.2154532769556433
6,5,1589,12.852303889695259,recommended,0.8141256855911618,0.6851343098744841
6,6,9241,6.005923525683554,recommended,0.8818909649480867,0.7495862900768155
6,7,5022,8.399669644296804,recommended,0.7640930002129815,0.619351305936299
7,0,4523,4.958842975412934,recommended,0.39722752956623253,0.5713200154331027
7,1,502,13.046829727848184,recommended,0.8065611478614497,0.6587833667107174
7,2,2668,2.3423747741181997,recommended,0.334878290136985,0.5708539362787616
7,3,8149,0.9456711371362558,recommended,0.5026493346222822,0.6561370440820199
7,4,4731,0.9538454121563666,recommended,0.7356426600113652,0.4870160405162395
7,5,1427,0.15755061834708173,recommended,0.1018036829495369,0.5059579077349317
7,6,1663,2.741206200327755,recommended,0.8030020719578371,0.5180080664046248
7,7,8732,2.8121005609405216,recommended,0.46472375625003737,0.6094615860107644
8,0,6676,11.648820600803079,recommended,0.8678285021649326,0.6442414008259819
8,1,2090,0.7194547090971006,recommended,0.4027037209945602,0.6725072626736491
8,2,8813,1.0096098957925848,recommended,0.6449637707451962,0.5556347572049698
8,3,1468,7.041358489447244,recommended,0.7806317174255571,0.5837727805141116
8,4,9293,5.151066095126327,recommended,0.7191643817788894,0.6685131814678218
8,5,7598,0.17338711936295087,recommended,0.8181097847441675,0.9128586899643873
8,6,5988,0.12712587119484164,recommended,0.44754223546627425,0.9170217118805565
8,7,5929,6.079573674358987,recommended,0.7922170331553517,0.7581292064968449
9,0,5041,0.9046953317747022,recommended,0.6557962798997199,0.49702364777720665
9,1,9476,8.755155751632289,recommended,0.8959989516809134,0.6912404111366103
9,2,9284,0.94437220946244,recommended,0.6522565177735441,0.5070435369367097
9,3,2523,9.544807133781902,recommended,0.48978586798824075,0.5286566039892756
9,4,1600,5.601492718614487,recommended,0.5533711897497718,0.50313247255154
9,5,3733,13.370555576503074,recommended,0.8366202103676581,0.6507883208469019
9,6,9816,1.2973611459433465,recommended,0.9111695845150212,0.5077309640122382
9,7,1247,10.834280491833647,recommended,0.5112754622007512,0.4923254800011819
10,0,986,1.3373008305417824,recommended,0.2730708099728124,0.5180787662388154
10,1,501,7.9540657657875915,recommended,0.8729458358764083,0.7322248864095612
10,2,2142,1.7991345329259287,recommended,0.5523661378172343,0.5952297327194016
10,3,1573,9.380224959195036,recommended,0.8953460891531693,0.6664630475268357
10,4,769,0.2941543590999934,recommended,0.18143834769562694,0.5251633836670602
10,5,7593,13.126472818649024,recommended,0.4236901786604971,0.5108523649637979
10,6,2476,0.7029979184130067,recommended,0.4018762712367395,0.6737562297840898
10,7,4034,6.062661137495336,recommended,0.4491234139302508,0.570664578980789
11,0,7732,12.995117067139907,recommended,0.828125191856901,0.6385250461916646
11,1,4642,9.117494520260117,recommended,0.8463180127808737,0.732300770608181
11,2,3778,0.32270793399476383,recommended,0.18863224642407483,0.5078974160033809
11,3,2166,1.3734605437797927,recommended,0.4398556397138349,0.6439565794476135
11,4,9904,2.0572477192463983,recommended,0.6083685906962358,0.4914782344184464
11,5,4755,4.932463590643263,recommended,0.5445312929045081,0.5323102633799106
11,6,6520,1.4233540702783296,recommended,0.4276929091162046,0.6411194650519794
11,7,3973,0.6290902611129637,recommended,0.624943770407832,0.7288705094885958
12,0,2108,0.06513119829719209,recommended,0.041578959846593766,0.4981299435480424
12,1,2664,13.60832837423073,recommended,0.4395629417728987,0.5104601313464413
12,2,9791,1.8186668825251724,recommended,0.7510704788480105,0.5152954376314456
12,3,1027,13.041700317036456,recommended,0.8499753714806619,0.6690223373291083
12,4,5794,11.35543599528944,recommended,0.784441542070729,0.6787132362153538
12,5,3466,0.20013428407304606,recommended,0.4271124464193341,0.12875443736805547
12,6,3774,11.920818552096925,recommended,0.8296438053529284,0.7039366670345154
12,7,1302,0.0002116119653820007,recommended,0.00013469300448532007,0.5111291392372298
13,0,9911,0.8960180021758475,recommended,0.9384218520987698,0.5104046887190314
13,1,2348,10.276612291187778,recommended,0.5055207917234903,0.5077578381885688
13,2,1947,0.9748618667781426,recommended,0.7314964640431391,0.8244715176045491
13,3,726,6.212390306745721,recommended,0.8689049844787182,0.5706097466388297
13,4,6105,1.5978580723372862,recommended,0.6168857832608161,0.5090021835367382
13,5,1712,11.707532016053788,recommended,0.8371196278306522,0.6195262000363033
13,6,7055,10.319538465851588,recommended,0.8294466397616644,0.6027298005076018
13,7,3954,12.98213562368932,recommended,0.39477531677168287,0.49221618328746686
14,0,4812,5.571910714063846,recommended,0.3864433509308174,0.3302941754681341
14,1,7102,12.932356930906527,recommended,0.8132623013506542,0.642717154745558
14,2,2313,5.322788794304982,recommended,0.33161684910783396,0.5005793174308313
14,3,8062,8.309325906036117,recommended,0.5067117639327983,0.5281400572737537
14,4,3646,0.16416114304379523,recommended,0.10613001930901944,0.4927813458649557
14,5,5584,0.13398794008463713,recommended,0.4858205588603991,0.0859737352792116
14,6,1830,10.350014929832692,recommended,0.5098540095504577,0.5012756446257294
14,7,8482,13.059419673213442,recommended,0.8272769548719391,0.6854066230403211
15,0,9322,1.553781343635991,recommended,0.8313762837143706,0.49020145855626684
15,1,8629,7.248298115800039,recommended,0.8098815857057108,0.7511537036455784
15,2,3737,12.863025333315935,recommended,0.3982502348634128,0.4971672807176857
15,3,7789,6.780102600552794,recommended,0.7946267910267816,0.7513072956521765
15,4,6888,5.495774499156366,recommended,0.40552115520353593,0.5687691025228773
15,5,9171,5.6927012522387095,recommended,0.8101266350119591,0.7676060194582317
15,6,2760,7.773723128345939,recommended,0.8343247957493986,0.5773534012196677
15,7,3273,5.08733003669629,recommended,0.5591366564629684,0.5027834418466806
16,0,2230,10.795643042652786,recommended,0.40273948474683074,0.5196116758030075
16,1,9382,3.176237634950358,recommended,0.884170658510886,0.7877087308864188
16,2,805,10.788972932884942,recommended,0.8800790875614583,0.6508773690471942
16,3,9423,9.990989482079954,recommended,0.7758970823891844,0.6300938494554116
16,4,8060,13.293325575775121,recommended,0.8301169113081226,0.6795518622851849
16,5,1193,2.22872065878658,recommended,0.3711724234376276,0.601074166800233
16,6,9505,6.749720254168782,recommended,0.7553420154341339,0.7212682934854172
16,7,4153,0.25118733530770765,recommended,0.1786288767542995,0.33774799673484723
17,0,8532,6.155469651871748,recommended,0.812451131720594,0.5618138803383087
17,1,133,3.042139457694627,recommended,0.697015740995268,0.7024840839871093
17,2,1655,5.478027701499446,recommended,0.7227377522388047,0.656729484721608
17,3,9566,1.4476664679789928,recommended,0.3781539679503604,0.6263655419762578
17,4,6674,14.503911538458311,recommended,0.4307166216080104,0.5017029841763491
17,5,5297,11.250076988679702,recommended,0.8597287835022325,0.700188259294053
17,6,311,10.70064974471644,recommended,0.370472102791382,0.4845229851910213
17,7,2831,7.793757551129079,recommended,0.8128509715367578,0.5787564763599993
18,0,4114,2.427875355676604,recommended,0.589331644947728,0.5251408517696297
18,1,1524,1.6372596277565061,recommended,0.39761237855287057,0.2642762631586393
18,2,9166,11.033611262668021,recommended,0.3638327102683854,0.4320427135264764
18,3,3429,7.401316089617029,recommended,0.9095866950537773,0.6338894618324419
18,4,143,9.0871372916085,recommended,0.46559801813246016,0.5426446347075766
18,5,8455,3.7842554713062793,recommended,0.952765897153333,0.6645794280090398
18,6,5576,11.063101898755448,recommended,0.3678322243209564,0.41566100150044916
18,7,6389,1.0431556714950658,recommended,0.7623187616939758,0.48135583210785227
19,0,4165,6.643198726724372,recommended,0.7443682043039906,0.6194450738181533
19,1,4847,7.977598823716045,recommended,0.4269053206363036,0.5520181722956512
19,2,137,10.167845637858063,recommended,0.5113423988609378,0.5015162946871996
19,3,1327,0.40931689650318703,recommended,0.7675676285179183,0.416504431903879
19,4,8520,8.5060496583333,recommended,0.509769673499049,0.5231560631441117
19,5,40,10.924185178564159,recommended,0.8631034258755935,0.6232981268275579
19,6,9933,5.08424342395827,recommended,0.36109057899529273,0.5457774854056106
19,7,4886,0.28821428514285896,recommended,0.17562646556800232,0.42137694121385494
-1,0,118,0.029463860134875158,init,0.2807723624408558,0.02431596643145384
-1,1,3342,0.020753343272291835,init,0.6941316539762369,0.01612464637221489
-1,2,9418,0.05970108711877681,init,0.04016781395058122,0.39751575154123553
-1,3,8056,0.002503297889116516,init,0.3379014257750631,0.998174737892465
-1,4,7168,0.01890759671390427,init,0.5784732510018857,0.987595774513281
-1,5,5155,0.02863959417431388,init,0.9764132223840561,0.2812600203804746
-1,6,7534,0.03666791827372808,init,0.14070783082557425,0.9451614571778969
-1,7,6771,0.028107186392106052,init,0.052673331829697134,0.8891449619957854
0,0,111,0.1329169775681981,recommended,0.09367476782809248,0.3677158030594335
0,1,3308,0.3449347020194514,recommended,0.1996697380406467,0.3712709205053938
0,2,9330,0.050093904397142286,recommended,0.19159494968442303,0.943379718994751
0,3,8096,5.112896674524855,recommended,0.931922435685587,0.62793749329946
0,4,7185,9.809271117017188,recommended,0.8748819674421442,0.706529632303191
0,5,5161,0.006241505558160493,recommended,0.9556213797813561,0.028631193835652824
0,6,7557,0.1625757265459948,recommended,0.21668424398900266,0.8271867142453218
0,7,6777,0.3324083020130583,recommended,0.8029298413742763,0.39963848249393574
1,0,6571,0.1333802668297848,recommended,0.38203483041127095,0.09163820517572785
1,1,7685,0.2600116528156411,recommended,0.18680084104503558,0.624400487472163
1,2,2915,0.08724264847169812,recommended,0.9962244930446387,0.47453356262244073
1,3,9819,0.7518704475117541,recommended,0.40552522145794356,0.22722069409991053
1,4,6907,0.4890034614651061,recommended,0.5890389406083405,0.25425240261454385
1,5,8008,0.4612668874978881,recommended,0.9873155491986286,0.7920192079401351
1,6,7407,3.279404512690924,recommended,0.5900933994880078,0.4432859860792395
1,7,9977,0.002158884883567651,recommended,0.12802476286107678,0.9964888661768204
2,0,8962,0.2912496852482465,recommended,0.3676895225363531,0.7819942855110603
2,1,801,0.4804514156278884,recommended,0.22665640222698802,0.3549963058319373
2,2,1736,0.5998221334775461,recommended,0.6096974251526159,0.6996395696221217
2,3,4877,0.2699607407325925,recommended,0.22164731461755915,0.26949005013336336
2,4,7799,0.21126081153420914,recommended,0.7469036553555233,0.20152700291824244
2,5,2859,0.06290919521048381,recommended,0.09301740926267499,0.14386796634332977
2,6,7038,0.17790315218492977,recommended,0.5929542729274033,0.12073835270898647
2,7,9332,0.18743424790664434,recommended,0.12273931954430894,0.5401074389217909
3,0,5594,0.45030680828619646,recommended,0.2833976945705938,0.6400903965861701
3,1,6963,0.006882815794607134,recommended,0.03893370728937118,0.03598982886866786
3,2,8035,0.7072072825256859,recommended,0.26775166553954166,0.57189896766037
3,3,914,0.23544296218134422,recommended,0.7987141916545746,0.29282203670096474
3,4,204,0.041425420018356154,recommended,0.9053819764192637,0.09128667678613356
3,5,6168,0.3252510388263289,recommended,0.1883468732894501,0.5004948950766138
3,6,6872,0.12388875660092452,recommended,0.09493200956561809,0.3188518089365824
3,7,8895,0.6049645831812817,recommended,0.8982385982001474,0.46712309269313945
4,0,9830,0.009991947057834252,recommended,0.9729257104088996,0.07558509240544731
4,1,1079,0.36812284472616286,recommended,0.45035097890541265,0.7488263369633065
4,2,7516,0.016302079951018948,recommended,0.04126974737462186,0.9188528558831043
4,3,6074,0.14075355508330614,recommended,0.1294030005985679,0.25166443504547076
4,4,2814,0.14041544259113312,recommended,0.5464763610253764,0.09135324272355583
4,5,8769,0.07653624261541599,recommended,0.9483637310214803,0.3612496945736047
4,6,4868,0.024017475477923975,recommended,0.6863666065786795,0.01835572437914179
4,7,9126,0.7189696884215093,recommended,0.6713298173865903,0.4634035473860345
5,0,101,0.07617629520681485,recommended,0.16162871409461377,0.8985541885270792
5,1,6799,0.015486645332231588,recommended,0.05218499196636284,0.9392241361712067
5,2,2519,0.11976198734861469,recommended,0.7276311376996887,0.9226037570939578
5,3,6254,0.12257881236506148,recommended,0.20144648164579382,0.8639570281150231
5,4,6089,0.16499646710772212,recommended,0.484778060090447,0.10577890689406699
5,5,4735,0.6091679381801717,recommended,0.46503532473067277,0.6898960033133608
5,6,2718,0.14683933241592642,recommended,0.21096989061995042,0.841622007542774
5,7,6680,1.0688542987877976,recommended,0.2574112301967054,0.3814410821056089
6,0,8974,1.7709417639482827,recommended,0.4281348447110944,0.26357448820138385
6,1,6313,0.11961894035009457,recommended,0.35876156746613774,0.9146651074237494
6,2,5067,0.0028090790375423233,recommended,0.039451952922691436,0.014470641502865034
6,3,7821,0.12490924392138608,recommended,0.8973389655687687,0.2884583504181284
6,4,8070,0.41066037556915497,recommended,0.45185866513424044,0.1924110378871393
6,5,5247,0.2374671339409602,recommended,0.6121662207231456,0.1665455885938013
6,6,7186,2.3039665167353998,recommended,0.7605020044172398,0.5231780098395007
6,7,6115,0.0336156974256236,recommended,0.6149341779171474,0.9771877391324183
7,0,8119,0.3997332861667242,recommended,0.45231417476347757,0.734447277798688
7,1,9798,0.021811267951024692,recommended,0.9978978527542169,0.4309933420681695
7,2,3867,0.12401020950935887,recommended,0.08757456298623822,0.633849818735324
7,3,1869,5.066437265230144,recommended,0.753868082709913,0.5778911126940883
7,4,5114,0.21709824949615822,recommended,0.1937389330248106,0.26175286903702366
7,5,2572,0.1764007394980535,recommended,0.40641653657401866,0.8798377479414679
7,6,7409,0.026516624536104514,recommended,0.01692935242553506,0.522095236914789
7,7,372,0.10340502986403287,recommended,0.2322126951468173,0.8995745732745685
8,0,6441,6.171421812393445,recommended,0.5529755860174398,0.48856116058484156
8,1,6062,0.10243475345792148,recommended,0.3275472709384929,0.9231438877168577
8,2,1704,0.04349149320096955,recommended,0.24149648525686784,0.04035082685969971
8,3,6955,0.09687943525779637,recommended,0.8487363277539678,0.1391966134168856
8,4,4186,0.35918974091542566,recommended,0.3968893930890396,0.7435442696372946
8,5,8681,0.0719267443045079,recommended,0.9180765622686413,0.19118303909731627
8,6,157,12.421501848341823,recommended,0.8359801205122058,0.695974206093698
8,7,2266,0.46115936897706766,recommended,0.24685702759573291,0.3064154493510364
9,0,6609,0.22896389209168808,recommended,0.839629387568992,0.36037812155656956
9,1,3283,1.7786440641182382,recommended,0.697013013934263,0.5601159830093484
9,2,2132,0.7930091282404657,recommended,0.6596902729304743,0.4420334209311235
9,3,9586,0.7801685012545931,recommended,0.2364039589531146,0.4562958831277989
9,4,901,2.1737684635720163,recommended,0.35325140850206416,0.2965355812876552
9,5,3009,0.13758900290930173,recommended,0.5462476001308509,0.08947312281038722
9,6,1299,0.1606124568577399,recommended,0.2842740929275167,0.13382836299969314
9,7,2497,0.0337943995565613,recommended,0.06844070924262613,0.8973973183215863
10,0,1931,1.1495531387200628,recommended,0.37345794513270525,0.25533637376324414
10,1,1519,0.10508994532143896,recommended,0.06750254668382194,0.518700994380595
10,2,9238,0.6715456277953255,recommended,0.5661910873974069,0.2619098918753894
10,3,8928,0.4719715932779775,recommended,0.5515306529322829,0.7004774696901418
10,4,1640,0.36065090997075816,recommended,0.45129411302925493,0.1834421964034345
10,5,9250,0.4800059974670233,recommended,0.6811770960705276,0.3726760954958379
10,6,2825,7.254599274192888,recommended,0.7416841289918231,0.6752308375620375
10,7,9129,0.27589767548220595,recommended,0.7658659869388081,0.3057588231556988
11,0,229,0.03208379533658306,recommended,0.05630327568183735,0.11881791626807192
11,1,2917,8.852229327208935,recommended,0.7963907226197089,0.5954148016201084
11,2,2410,0.6774304327585476,recommended,0.28418429571172876,0.2889685249210585
11,3,3649,0.994689660250112,recommended,0.3641210568415054,0.639386421454098
11,4,131,0.21589401093296995,recommended,0.14008401523652403,0.5183296523637367
11,5,4666,0.4532737615952058,recommended,0.4412011022129324,0.7164762626421669
11,6,517,0.09765668195678952,recommended,0.07695320162920916,0.6962887758781398
11,7,9054,0.26642408819440055,recommended,0.4177606716245422,0.15946009778676717
12,0,5771,1.2673409493786307,recommended,0.8100693082292276,0.48127615051161676
12,1,8085,0.06981506741364919,recommended,0.0503629989933958,0.6533399244188108
12,2,1997,14.782733360240977,recommended,0.49253538071428926,0.44210703467972
12,3,439,0.027299968229039708,recommended,0.02709599250348349,0.22197216193294944
12,4,6856,0.11680458580181309,recommended,0.785331691138784,0.12205376708131599
12,5,4589,0.00888781782027873,recommended,0.5631265938920469,0.0057706612929679935
12,6,8354,2.247067113275133,recommended,0.605950173007711,0.48124345537683655
12,7,2931,0.011378424721517526,recommended,0.007463140417219405,0.4226866196574257
13,0,5288,0.03634294543899535,recommended,0.9764827762008709,0.9018383164416711
13,1,5604,0.03636620198673227,recommended,0.024809330042565803,0.3837739303556238
13,2,7266,0.09361717713945619,recommended,0.05997927219151644,0.4879576397907488
13,3,7009,0.02452145885298795,recommended,0.9653887036634297,0.1492618969888062
13,4,1662,6.207903470898462,recommended,0.7819599771579592,0.7517469923958404
13,5,5881,0.5598425208743879,recommended,0.5652889599539821,0.24869180947113512
13,6,9120,1.7741898138825727,recommended,0.5926780659137455,0.3584022386938166
13,7,5512,6.4161693123803145,recommended,0.46032698477783285,0.5664666059796343
14,0,8474,0.10907058583760915,recommended,0.07880669804540741,0.3490187125424431
14,1,3848,0.5827575186572549,recommended,0.4144298124670366,0.6895342089054152
14,2,5399,0.10138692864415566,recommended,0.7636470325232199,0.0969513926267147
14,3,4691,2.856372002111375,recommended,0.5780750491848317,0.37593837540329333
14,4,8720,0.5101380132482394,recommended,0.5347397154135111,0.6937260614624422
14,5,1858,0.10786172877825713,recommended,0.3399718637932482,0.07893940294655555
14,6,1672,0.4563095106251892,recommended,0.4739212201161027,0.716397111958099
14,7,5530,0.09600760259823066,recommended,0.7549787331491632,0.08897553586933837
15,0,9726,14.76642329189364,recommended,0.44003315300400536,0.39244484417692493
15,1,859,0.01749540364792433,recommended,0.9836789252634136,0.23918010421592562
15,2,984,0.03568479396731867,recommended,0.33451128874193214,0.026196708532064794
15,3,3472,0.3511489217992229,recommended,0.5663228801665321,0.7632949119972816
15,4,6417,0.45098569159090196,recommended,0.3005911227809184,0.6566219494731291
15,5,5529,0.194251436583561,recommended,0.16704178133815262,0.7176455863427427
15,6,7810,0.2313912289188742,recommended,0.4280928766249438,0.8425883794336675
15,7,1045,0.04469755428106559,recommended,0.7756118509253275,0.9644766539008116
16,0,5144,0.2038876405908401,recommended,0.6190930952711197,0.1436916072617339
16,1,9312,2.249043786482284,recommended,0.9595534142998999,0.7326856913968013
16,2,4631,2.6818790436549707,recommended,0.6873899126857146,0.6332834823329955
16,3,94,0.6853902972228365,recommended,0.5296505783560065,0.24185229090045168
16,4,1836,0.1307209966871797,recommended,0.724598286847629,0.11159299995724747
16,5,1839,0.31651913985018354,recommended,0.8014457762229537,0.3920935769045727
16,6,693,0.13050887450873166,recommended,0.7734731256866006,0.13087366071834983
16,7,9623,0.043080501751185954,recommended,0.8576112353255574,0.06383099202611353
17,0,6603,0.25843858907953654,recommended,0.6280834765714355,0.8403362382210832
17,1,1398,0.1054937703110386,recommended,0.07308156202701499,0.6223432646172461
17,2,1016,0.04363572994710648,recommended,0.4639324866883362,0.9720053296315371
17,3,9539,0.06843577701641854,recommended,0.09926014930919491,0.852806111090902
17,4,2838,0.24922317254117965,recommended,0.579792843832955,0.1665035470495151
17,5,6339,0.25047314254788544,recommended,0.7454670382070553,0.24582713263321632
17,6,8859,0.389002676619802,recommended,0.2429096718216498,0.608867094629233
17,7,4017,0.09208091780940132,recommended,0.7943842250928563,0.09896862340870682
18,0,4886,0.28821428514285896,recommended,0.17562646556800232,0.42137694121385494
18,1,1092,0.08796862811182267,recommended,0.653162790531283,0.9383048184484827
18,2,3241,0.014623960236543767,recommended,0.6225753978327817,0.010046981054831594
18,3,1179,0.22108619762331913,recommended,0.5339674725477638,0.14213712379345766
18,4,3115,0.13382312923664852,recommended,0.5785639322793544,0.9113418162164088
18,5,7545,0.3091591275814618,recommended,0.2259783846551835,0.6394684394921037
18,6,6420,6.837510824445308,recommended,0.854000823496369,0.5716397232701479
18,7,9908,0.10965080176646215,recommended,0.7754957516360781,0.9303314331964551
19,0,1029,0.9963209817395637,recommended,0.6509734671509542,0.5454318694069055
19,1,4634,0.17603798836091997,recommended,0.14601690559210823,0.28917825385644313
19,2,9372,0.012389269872441634,recommended,0.025513548864769642,0.8998480060071015
19,3,3265,0.1500925877946446,recommended,0.554620491211145,0.9016312294863601
19,4,2216,0.12027058189869443,recommended,0.47508987286676807,0.9224342836561245
19,5,6556,0.13885277838424226,recommended,0.09125056928224529,0.4364483988231128
19,6,7236,0.056395759931091485,recommended,0.08667856115083072,0.8622516283024872
19,7,421,0.032366107913193796,recommended,0.17803596686975143,0.9610703174694551
-1,0,3817,0.059385275999644965,init,0.667351163050396,0.043846852496629896
-1,1,8021,0.02316850473909412,init,0.035469585341666554,0.8631873483680562
-1,2,6335,0.032642471148120925,init,0.07180754544546919,0.09427597789893605
-1,3,8230,0.033010081012915526,init,0.04321993725495721,0.8378257199236009
-1,4,1198,0.01862486042080156,init,0.15445974722332378,0.025447759905750877
-1,5,7851,0.04295452560446104,init,0.40907603456609554,0.028518493911292575
-1,6,5920,0.01847203770963109,init,0.012290661155670901,0.5936525794468104
-1,7,7432,0.0500465897667931,init,0.7319678383527121,0.04283732118899841
0,0,4051,0.06981575034131307,global_best,0.38885149647411643,0.04741563614008493
0,1,7355,0.0790065407369202,global_best,0.4086576822098361,0.05259147124067853
0,2,6406,0.06984100751703323,global_best,0.29778707322929887,0.05549072107106068
0,3,2360,0.07569447449253104,global_best,0.3450168399245661,0.054732706924985886
0,4,7873,0.0855073010379146,local_best,0.6409713241221375,0.060610357117813485
0,5,2716,0.08495736174076754,local_best,0.6768722758275765,0.06409471103617548
0,6,5922,0.005547200135924975,unexplored,0.982040087590982,0.06303365249976156
0,7,2785,0.007796691328587076,unexplored,0.9756019191566524,0.0652767575664639
1,0,4067,0.08346347751249819,global_best,0.6814606125171713,0.06353572242391858
1,1,7881,0.09860982513249682,global_best,0.5517900635794957,0.06400008275238689
1,2,7280,0.07424504739547877,global_best,0.721477082734017,0.06197100697941027
1,3,8932,0.05882253068463906,global_best,0.7922159038047747,0.06204526042182956
1,4,6400,0.0891802766959661,local_best,0.5587234082125524,0.05804633701850381
1,5,6359,0.07178455009973339,local_best,0.7118820852292892,0.05843099085457515
1,6,4057,2.4529052383885426,unexplored,0.4082375193462987,0.2804632242046524
1,7,1890,5.767474107741002,unexplored,0.3995187845869348,0.32679470585777737
2,0,415,0.6086743416338627,global_best,0.22460482293998196,0.4524395161326934
2,1,3518,1.555710802410918,global_best,0.26496706155544303,0.44863259161773417
2,2,9637,15.497144938922059,global_best,0.3965459869736151,0.44977794156570317
2,3,631,4.421552817222681,global_best,0.31036195892357377,0.4552201490818012
2,4,8858,3.1968127761439638,local_best,0.342889329596056,0.32667810380951223
2,5,6865,2.6784372673087784,local_best,0.340225241522392,0.31813253133349084
2,6,5108,0.6549414131498333,unexplored,0.622515868412716,0.3150564966075994
2,7,8514,0.46035638468694595,unexplored,0.6614020331187831,0.3248748670992887
3,0,2418,12.198107299405255,global_best,0.37736317679665077,0.41351653028995916
3,1,8390,14.449128288575544,global_best,0.3884369385525741,0.4353976302115996
3,2,2411,10.788605716264493,global_best,0.3770539310016988,0.3933206703851887
3,3,4327,12.201566061941195,global_best,0.3714633393344715,0.4489117225927901
3,4,5363,12.238772834536922,local_best,0.3724689389121083,0.45573581400848473
3,5,7169,12.194804692316138,local_best,0.37246694782567324,0.45762663258944103
3,6,0,0.07119659523871147,unexplored,0.3745401188473625,0.9507143064099162
3,7,7747,0.26530980395343623,unexplored,0.3900382776543051,0.8097537174356638
4,0,6723,4.192225992980591,global_best,0.3875816674368331,0.5762294117779343
4,1,5441,2.654760228215833,global_best,0.38729117367532995,0.6002025470925807
4,2,5986,1.6856649058600048,global_best,0.38715539405398314,0.62259379656269
4,3,1646,7.387755723762435,global_best,0.3894049389788753,0.5417609642675633
4,4,6296,14.072766546754037,local_best,0.38765990055879906,0.4257616149303052
4,5,5687,0.32883170445137105,local_best,0.9175247272303481,0.4501242726352388
4,6,1,4.738468367210092,unexplored,0.7319939418114051,0.5986584841970366
4,7,8937,3.810353262946238,unexplored,0.7315256152685815,0.5785754113832238
5,0,829,15.569208643327451,global_best,0.3969815170742834,0.44720254050483565
5,1,7641,0.31008853577207207,global_best,0.9203002705727481,0.449139688459391
5,2,8501,0.4490810899710339,global_best,0.8890749167467196,0.4493360594354341
5,3,4045,0.48726483618423144,global_best,0.8626751629457258,0.4433203207726987
5,4,5135,13.837929711157503,local_best,0.38419418492597746,0.43233389987866533
5,5,6028,0.5169992148632296,local_best,0.8108205378381512,0.43707808275747506
5,6,9806,0.029947337535210516,unexplored,0.020764089724460977,0.3708340845939895
5,7,1706,0.03186874742932698,unexplored,0.022425889162055124,0.3604268271414861
6,0,3705,17.90266617518896,global_best,0.4241850557459762,0.4466887217446649
6,1,8515,11.62805298886019,global_best,0.51631656166117,0.444829257597959
6,2,6518,8.728129953913216,global_best,0.5373348248430777,0.44414420222011963
6,3,1997,14.782733360240977,global_best,0.49253538071428926,0.44210703467972
6,4,8953,15.020816606011378,local_best,0.3948409997650211,0.4281756874621504
6,5,2958,1.795225568796108,unexplored,0.9845758963761131,0.6664073046949189
6,6,7655,1.2788816322803696,unexplored,0.9933898787390681,0.6987269237038791
7,0,9694,17.35523936916646,global_best,0.4157543876756019,0.4494367753080455
7,1,1291,13.474352315264111,global_best,0.5030839507798364,0.44934974203964206
7,2,2804,18.06813213054944,global_best,0.4490377603699617,0.45930368821307377
7,3,2939,16.1747573438986,global_best,0.4480854872830765,0.48790019527930184
7,4,5772,17.5102451098659,local_best,0.450623425108169,0.42389975199699825
7,5,7101,1.8845943114173263,unexplored,0.7666978238334825,0.8119422513018052
7,6,6291,1.3592125267631918,unexplored,0.75659393401413,0.8224223100162773
8,0,4470,13.86249638295615,global_best,0.4623614472477392,0.39006606574762825
8,1,2131,13.471862955312218,global_best,0.414825655521352,0.3872744114248413
8,2,9726,14.76642329189364,global_best,0.44003315300400536,0.39244484417692493
8,3,605,17.962951472208704,global_best,0.42618130223597295,0.4513870243296755
8,4,9401,17.306567202952372,local_best,0.4272817081273277,0.42231387785603225
8,5,4046,0.036224390253279976,unexplored,0.5858630505279215,0.9760783324725189
8,6,1121,0.006939007160407384,unexplored,0.5828068350834896,0.9954375161913099
9,0,2652,10.200971186624095,global_best,0.4328399210571723,0.5355424730977982
9,1,8743,11.493322440443402,global_best,0.4540761443123418,0.5261427596891464
9,2,1950,13.03786172642505,global_best,0.4313017063410146,0.37904048538303503
9,3,4536,12.296041285096567,global_best,0.42286840905908707,0.5171503622838772
9,4,7066,17.686458003480876,local_best,0.43354310280380104,0.4671741333524465
9,5,4230,0.05362324266647335,unexplored,0.9621859094918002,0.9014858511007491
9,6,183,0.04926559726870801,unexplored,0.9611905638239142,0.9053506419560637
10,0,3682,10.718132420989878,global_best,0.48013493963837317,0.37320736910512686
10,1,3562,15.320485800798563,global_best,0.410023786741743,0.48199491773286707
10,2,7408,10.868612627047403,global_best,0.4467215559898736,0.3627366479724836
10,3,5233,10.467653911206147,global_best,0.4239561794632619,0.36053291785164776
10,4,2793,17.348459244452876,local_best,0.4268947278233026,0.4690249397178835
10,5,7316,0.23168518376821068,unexplored,0.19074826370580278,0.6940199458245654
10,6,1684,0.23155185255140662,unexplored,0.1909265850716435,0.6946409588937278
11,0,8817,17.908294566077526,global_best,0.4557062844202975,0.45777935126563984
11,1,8804,17.76314927535766,global_best,0.42168164685289433,0.444385026638056
11,2,9853,14.530420788497764,global_best,0.39173509628512104,0.46426690242611335
11,3,1159,16.24818216176892,global_best,0.42182817853883137,0.41102107526554577
11,4,7815,17.64010529593808,local_best,0.42835028381315066,0.46472195619874945
11,5,3608,0.4366722840599061,unexplored,0.5657473065511459,0.7147023163822577
11,6,9103,0.427487085600232,unexplored,0.5718757164709517,0.7214695378714872
12,0,2022,16.61038053268789,global_best,0.4111904758694911,0.427486454090268
12,1,1821,16.896473857230063,global_best,0.4680690542342901,0.4662994129398188
12,2,2207,14.701149214227476,global_best,0.41078880999961176,0.48964407603203264
12,3,9273,17.51132517172868,global_best,0.4633834858663197,0.43765236472442226
12,4,2355,17.40474175546537,local_best,0.4189697737795244,0.4580286165838686
12,5,9651,0.003261851214606615,unexplored,0.9971494397581668,0.2593813734083905
12,6,8873,0.015309119963734161,unexplored,0.9867755973855576,0.26369825545106695
13,0,6782,16.09251467344487,global_best,0.4046554179046665,0.4290479939721157
13,1,3769,13.499472637694362,global_best,0.40465374164855017,0.3936818859906128
13,2,3737,12.863025333315935,global_best,0.3982502348634128,0.4971672807176857
13,3,1921,14.779740761725876,global_best,0.4755961918220083,0.4077481050027323
13,4,1324,18.06505261547206,local_best,0.43272913601970464,0.457699605159294
13,5,8201,18.09012779190241,unexplored,0.4303926180160754,0.45383788125698044
13,6,5609,18.09932209205459,unexplored,0.4294187868522533,0.4412878027999434
14,0,3711,13.911138556925083,global_best,0.3903764460469539,0.41577480098965147
14,1,2624,17.013843595776,global_best,0.45688807173726687,0.4751083649318354
14,2,3741,15.303950911295582,global_best,0.43946537435844213,0.49632277128437885
14,3,2996,14.714145531512829,global_best,0.4595629775055219,0.49896794422079305
14,4,3493,17.35111164344301,local_best,0.42944789707870257,0.4707059473159374
14,5,9905,0.0038578025326547524,unexplored,0.19602920170350768,0.9957482270595296
14,6,4247,0.019038821061545516,unexplored,0.18583205556534255,0.9779934237382346
15,0,6140,0.01590192168958345,global_best,0.487813481807599,0.9898674840378934
15,1,5173,0.11294271928082464,global_best,0.4880922602649759,0.9274228364827622
15,2,9205,0.0514601521254576,global_best,0.4895913570556003,0.9671640551360522
15,3,677,0.1934920577678318,global_best,0.48666894142470285,0.8734232380816606
15,4,9236,18.075867950647677,local_best,0.4362671348044198,0.4333420303683231
15,5,4767,17.52818968654935,unexplored,0.4183833377132715,0.44085511270251587
15,6,4260,17.48613500599785,unexplored,0.45232347763429603,0.4243890180725104
16,0,1823,15.064428084057488,global_best,0.4872653541000508,0.4299852141210597
16,1,8812,15.38192618380529,global_best,0.4841642473920018,0.46808162108509843
16,2,1229,12.97522744137798,global_best,0.4888978317924514,0.40177880065432425
16,3,4820,12.981434226119942,global_best,0.483593048104329,0.5010473777944182
16,4,3423,17.39956537585413,local_best,0.4162849285443547,0.448851365652003
16,5,3673,17.36644328979894,unexplored,0.4549507768419997,0.47078499701270726
16,6,1620,17.02154395693303,unexplored,0.4157751035233219,0.42894433343014426
17,0,8830,15.045088043289654,global_best,0.4908072494527028,0.44809111279591984
17,1,7291,16.646668476823947,global_best,0.4625339853783005,0.4189408420801276
17,2,7602,12.994193554866133,global_best,0.48821935919923853,0.4012148277113289
17,3,4035,16.992267212638204,global_best,0.43558915801270903,0.41484685030159496
17,4,9029,17.192573932628804,local_best,0.41351685437859886,0.4428583095794191
17,5,6910,0.1857537716450026,unexplored,0.17551145246549615,0.2471747445945176
17,6,684,0.18360191002730314,unexplored,0.17968310887024197,0.23754332492387764
18,0,4081,16.168828852629566,global_best,0.4206302368788194,0.48094160808430353
18,1,7820,17.373688873909813,global_best,0.46050915990817876,0.4292107795416997
18,2,4590,16.263425596127043,global_best,0.42932276570419525,0.40788492685035893
18,3,4302,16.246959704147926,global_best,0.4515470228174244,0.4080200912850811
18,4,2352,16.641138058478184,local_best,0.4151456539927457,0.42219223388067806
18,5,265,0.0020934474763369356,unexplored,0.8129010091300776,0.9997176732861306
19,0,170,14.30637280406288,global_best,0.49161587511683236,0.4734717707805657
19,1,4748,14.004816140297324,global_best,0.4953176469339088,0.4276917880334611
19,2,2685,7.047885119542378,global_best,0.38451581370626653,0.34695895037758584
19,3,5612,16.599568828445385,global_best,0.41349713706337177,0.42358582687907886
19,4,4292,16.98581065807028,local_best,0.46354783925892185,0.4703240479372064
19,5,6387,16.32250796378601,unexplored,0.46783801312471496,0.41938983796838936
19,6,6035,16.281371896800756,unexplored,0.4637805973609228,0.41507812900779906
-1,0,3817,0.059385275999644965,init,0.667351163050396,0.043846852496629896
-1,1,8021,0.02316850473909412,init,0.035469585341666554,0.8631873483680562
-1,2,6335,0.032642471148120925,init,0.07180754544546919,0.09427597789893605
-1,3,8230,0.033010081012915526,init,0.04321993725495721,0.8378257199236009
-1,4,1198,0.01862486042080156,init,0.15445974722332378,0.025447759905750877
-1,5,7851,0.04295452560446104,init,0.40907603456609554,0.028518493911292575
-1,6,5920,0.01847203770963109,init,0.012290661155670901,0.5936525794468104
-1,7,7432,0.0500465897667931,init,0.7319678383527121,0.04283732118899841
0,0,2475,0.07597478174298221,recommended,0.39505333785679597,0.05126345917599817
0,1,2167,0.07952422652709676,recommended,0.380951845023475,0.05456540828269896
0,2,7355,0.0790065407369202,recommended,0.4086576822098361,0.05259147124067853
0,3,3104,0.07648927239735438,recommended,0.40226041368354204,0.05122429640431325
0,4,4051,0.06981575034131307,recommended,0.38885149647411643,0.04741563614008493
0,5,1326,0.07521764803106858,recommended,0.3698132559871766,0.0523550201874724
0,6,2612,0.08544534613505071,recommended,0.3999830182935685,0.05739184368827355
0,7,2360,0.07569447449253104,recommended,0.3450168399245661,0.054732706924985886
1,0,1165,0.06729780424159984,recommended,0.25760722033372185,0.059524700347771686
1,1,7914,0.08236770555590343,recommended,0.25804389403671546,0.07295986391295484
1,2,9406,0.07881208372276569,recommended,0.25223921907695224,0.07102765800128108
1,3,2883,0.07485782569133453,recommended,0.25283740069028926,0.06728461292151455
1,4,2350,0.08078686817998876,recommended,0.24997289086882968,0.07336406745960267
1,5,3552,0.07654479178265501,recommended,0.26167136663750645,0.0669910943958476
1,6,4507,0.08263541504751638,recommended,0.25345712967301626,0.07424685933054576
1,7,3603,1.088421029769162,recommended,0.2527658599511641,0.40663652688497043
2,0,349,0.2428046851693536,recommended,0.1543627152742023,0.4811401018548175
2,1,3648,0.25068038288007505,recommended,0.15852023402740945,0.487467835463974
2,2,8188,0.24339127238738384,recommended,0.15467530312791267,0.48168776866153795
2,3,4185,0.24434497313371886,recommended,0.15633143839283858,0.4370337254497708
2,4,7173,0.23040076056766529,recommended,0.15034587473176653,0.4235240923010226
2,5,8275,0.23717412132840743,recommended,0.15978556211357042,0.38303835041826184
2,6,9135,0.23809357674654658,recommended,0.15537035593683213,0.4143831693562766
2,7,3108,0.2194621401470263,recommended,0.153412882389088,0.3665511873792262
3,0,1443,11.505642576047958,recommended,0.5069204379618346,0.40941207181701833
3,1,1921,14.779740761725876,recommended,0.4755961918220083,0.4077481050027323
3,2,3728,1.9368579266074748,recommended,0.6077627687434245,0.40470587432917016
3,3,6643,0.2360922430488774,recommended,0.8790620045522501,0.4045164031151317
3,4,4688,0.48369775167186235,recommended,0.6953189496243846,0.40944793762730913
3,5,3701,4.050208378731665,recommended,0.5724077259677651,0.404519524458235
3,6,733,0.04712156896795419,recommended,0.9771741842213173,0.4069079607228706
3,7,2890,0.7964618120651752,recommended,0.6522811128184463,0.4051971425753297
4,0,6812,16.157693447294513,recommended,0.45393296174299036,0.40793537105429634
4,1,4302,16.246959704147926,recommended,0.4515470228174244,0.4080200912850811
4,2,1658,0.008340632419536944,recommended,0.48398936817974714,0.005313475668345946
4,3,9856,0.005290896703403581,recommended,0.46625674111737336,0.0033839865739774266
4,4,6737,0.04185412380284265,recommended,0.47125071662352813,0.026770585703127847
4,5,3251,0.015614402797618387,recommended,0.4744531798445233,0.009969234734518495
4,6,6494,0.03846737390355457,recommended,0.46413518719873204,0.024656055706892888
4,7,8511,0.03405363007622114,recommended,0.4688929855087839,0.02178894976225554
5,0,4590,16.263425596127043,recommended,0.42932276570419525,0.40788492685035893
5,1,2003,9.83664096949423,recommended,0.3610747263410372,0.4084555814084826
5,2,9440,0.007633043289670237,recommended,0.005067114497262271,0.4085228957638626
5,3,563,0.1296017627369003,recommended,0.08698675991141014,0.4084532130706987
5,4,9523,0.39225558635469693,recommended,0.20189605613288986,0.4081646649015549
5,5,5380,0.07180004928080028,recommended,0.04786559890610709,0.4078600255909134
5,6,9639,0.06769517127718108,recommended,0.04511099552039388,0.40786296342566186
5,7,3374,0.019671873748154226,recommended,0.9928321316819754,0.40789423678019043
6,0,5911,0.3027425699587139,recommended,0.4363511943036117,0.7899120017028454
6,1,8719,0.10092200756231136,recommended,0.43884780971136395,0.9340768492714844
6,2,8263,0.6983934953963918,recommended,0.4391157742826395,0.680199123483904
6,3,8989,0.2903963755430801,recommended,0.438737207510412,0.7995603162422289
6,4,5644,0.4944454622552423,recommended,0.4403517738932523,0.707120613944381
6,5,8673,0.5511079676296431,recommended,0.4397685038881436,0.6973257703179158
6,6,7377,0.3283419186530585,recommended,0.43982073783324427,0.7718921463252545
6,7,9472,0.02245546512688255,recommended,0.43593449089112823,0.9854047834806314
7,0,6929,9.262601891061196,recommended,0.5242859833747512,0.40826677392642585
7,1,7746,5.94415125277051,recommended,0.552709570166698,0.4074356527661438
7,2,6797,16.30547722025222,recommended,0.4568945549824279,0.4108999049918065
7,3,9843,16.27268378675447,recommended,0.4562430258462945,0.4102050052835323
7,4,2257,6.168552887751466,recommended,0.5505316805962256,0.40736552421283234
7,5,4260,17.48613500599785,recommended,0.45232347763429603,0.4243890180725104
7,6,7453,14.033452344642006,recommended,0.45253364402930063,0.5065538158814177
7,7,7415,12.453313780595247,recommended,0.45200828798708115,0.5190917303397282
8,0,1159,16.24818216176892,recommended,0.42182817853883137,0.41102107526554577
8,1,6145,16.423982099504407,recommended,0.4274505332424855,0.4103375943357709
8,2,9273,17.51132517172868,recommended,0.4633834858663197,0.43765236472442226
8,3,7291,16.646668476823947,recommended,0.4625339853783005,0.4189408420801276
8,4,4009,0.16177933200426717,recommended,0.45632592382239856,0.8940913692578455
8,5,7383,0.028735270708763513,recommended,0.45872882420024086,0.9815413930443128
8,6,7093,0.04732648796336465,recommended,0.4589165242987353,0.9695720518365583
8,7,9401,17.306567202952372,recommended,0.4272817081273277,0.42231387785603225
9,0,9694,17.35523936916646,recommended,0.4157543876756019,0.4494367753080455
9,1,3423,17.39956537585413,recommended,0.4162849285443547,0.448851365652003
9,2,1324,18.06505261547206,recommended,0.43272913601970464,0.457699605159294
9,3,1620,17.02154395693303,recommended,0.4157751035233219,0.42894433343014426
9,4,9236,18.075867950647677,recommended,0.4362671348044198,0.4333420303683231
9,5,2355,17.40474175546537,recommended,0.4189697737795244,0.4580286165838686
9,6,7815,17.64010529593808,recommended,0.42835028381315066,0.46472195619874945
9,7,8201,18.09012779190241,recommended,0.4303926180160754,0.45383788125698044
10,0,4081,16.168828852629566,recommended,0.4206302368788194,0.48094160808430353
10,1,872,15.845250627942361,recommended,0.4161539981797615,0.4813441516353236
10,2,3541,16.41581291722031,recommended,0.43276708170819367,0.4841844983225968
10,3,8197,15.522984425084788,recommended,0.413054347953398,0.4824754444178325
10,4,2022,16.61038053268789,recommended,0.4111904758694911,0.427486454090268
10,5,9853,14.530420788497764,recommended,0.39173509628512104,0.46426690242611335
10,6,6075,16.006716592837194,recommended,0.42954912352067554,0.4874404737597884
10,7,829,15.569208643327451,recommended,0.3969815170742834,0.44720254050483565
11,0,3954,12.98213562368932,recommended,0.39477531677168287,0.49221618328746686
11,1,2207,14.701149214227476,recommended,0.41078880999961176,0.48964407603203264
11,2,3741,15.303950911295582,recommended,0.43946537435844213,0.49632277128437885
11,3,8390,14.449128288575544,recommended,0.3884369385525741,0.4353976302115996
11,4,6296,14.072766546754037,recommended,0.38765990055879906,0.4257616149303052
11,5,3284,13.6852996121408,recommended,0.38646256432793524,0.4202496018075419
11,6,744,14.532075535788577,recommended,0.38855810127034573,0.44869362262253065
11,7,3028,14.927361790028632,recommended,0.47190251056452304,0.4903124894098283
12,0,8830,15.045088043289654,recommended,0.4908072494527028,0.44809111279591984
12,1,4623,15.236295480085555,recommended,0.4891965179806156,0.4502651934966382
12,2,6940,15.306620054398099,recommended,0.485608317996847,0.46619023015553385
12,3,1823,15.064428084057488,recommended,0.4872653541000508,0.4299852141210597
12,4,7441,4.086539176962163,recommended,0.5792211895711068,0.46663436995018714
12,5,3178,8.305447277189442,recommended,0.5405526753889242,0.45820480525221596
12,6,9871,8.860160625156164,recommended,0.5365357736257104,0.4533535379141953
12,7,4556,8.344211048719739,recommended,0.5400291922606877,0.46103356809781204
13,0,2585,6.412036806899819,recommended,0.4255056592718428,0.565415939752538
13,1,4433,6.213316861702337,recommended,0.4179992169203516,0.565557483226387
13,2,5209,6.895248046436859,recommended,0.4182640809025757,0.559301872076827
13,3,2225,5.0045583166772065,recommended,0.42001100429566285,0.57835976311654
13,4,4940,6.317667194489431,recommended,0.42287646846677884,0.5657515642245824
13,5,8808,6.526115292335632,recommended,0.42323944149018644,0.5638921128292661
13,6,1432,5.084633982774194,recommended,0.4366141897687661,0.5800888346694546
13,7,8973,5.070280732510177,recommended,0.4070107922373224,0.5739114060333979
14,0,7066,17.686458003480876,recommended,0.43354310280380104,0.4671741333524465
14,1,3673,17.36644328979894,recommended,0.4549507768419997,0.47078499701270726
14,2,4292,16.98581065807028,recommended,0.46354783925892185,0.4703240479372064
14,3,3493,17.35111164344301,recommended,0.42944789707870257,0.4707059473159374
14,4,2793,17.348459244452876,recommended,0.4268947278233026,0.4690249397178835
14,5,1821,16.896473857230063,recommended,0.4680690542342901,0.4662994129398188
14,6,5785,2.0479615725928055,recommended,0.27607513606941037,0.4436456466034787
14,7,6326,2.5102662926555395,recommended,0.28509949938299406,0.4550517048081386
15,0,4752,12.769888834421753,recommended,0.37796835564128417,0.463675805773178
15,1,7637,11.199333002529269,recommended,0.37517639831310245,0.4860034482382267
15,2,3152,13.736845183578845,recommended,0.3823633310616279,0.44312734532291453
15,3,2418,12.198107299405255,recommended,0.37736317679665077,0.41351653028995916
15,4,4107,10.038749213069957,recommended,0.3794613805934648,0.5065499999085472
15,5,6060,8.962676679377584,recommended,0.34899493530191095,0.4538532556850523
15,6,4206,9.160836251330009,recommended,0.3502723706693276,0.4521829393601079
15,7,7249,8.588087628231081,recommended,0.3460024129722764,0.4512054082123965
16,0,5609,18.09932209205459,recommended,0.4294187868522533,0.4412878027999434
16,1,6674,14.503911538458311,recommended,0.4307166216080104,0.5017029841763491
16,2,8817,17.908294566077526,recommended,0.4557062844202975,0.45777935126563984
16,3,9613,11.611896398060601,recommended,0.5030684634788309,0.4946682822273434
16,4,9029,17.192573932628804,recommended,0.41351685437859886,0.4428583095794191
16,5,5186,13.227785606461612,recommended,0.5032283453861176,0.4647842059375008
16,6,4532,13.089730143284743,recommended,0.5043807042987668,0.4643317447951528
16,7,5199,11.874068789638375,recommended,0.5026398049755353,0.49181132232245595
17,0,3705,17.90266617518896,recommended,0.4241850557459762,0.4466887217446649
17,1,2804,18.06813213054944,recommended,0.4490377603699617,0.45930368821307377
17,2,5772,17.5102451098659,recommended,0.450623425108169,0.42389975199699825
17,3,7820,17.373688873909813,recommended,0.46050915990817876,0.4292107795416997
17,4,605,17.962951472208704,recommended,0.42618130223597295,0.4513870243296755
17,5,2624,17.013843595776,recommended,0.45688807173726687,0.4751083649318354
17,6,8804,17.76314927535766,recommended,0.42168164685289433,0.444385026638056
17,7,4767,17.52818968654935,recommended,0.4183833377132715,0.44085511270251587
18,0,6387,16.32250796378601,recommended,0.46783801312471496,0.41938983796838936
18,1,4913,9.439717402237088,recommended,0.47570407818905625,0.5366232797354938
18,2,5612,16.599568828445385,recommended,0.41349713706337177,0.42358582687907886
18,3,6782,16.09251467344487,recommended,0.4046554179046665,0.4290479939721157
18,4,2352,16.641138058478184,recommended,0.4151456539927457,0.42219223388067806
18,5,8186,16.39323439916339,recommended,0.4133125614011103,0.42023263280146006
18,6,2939,16.1747573438986,recommended,0.4480854872830765,0.48790019527930184
18,7,2652,10.200971186624095,recommended,0.4328399210571723,0.5355424730977982
19,0,4573,9.017465796983117,recommended,0.35513176402571633,0.407164298467125
19,1,2942,14.652152388102213,recommended,0.48018351526188785,0.4858856061896132
19,2,4857,13.437509416547382,recommended,0.48071405648435594,0.49885102374427426
19,3,9712,14.613275281245045,recommended,0.4937887702564081,0.4570252804809394
19,4,4820,12.981434226119942,recommended,0.483593048104329,0.5010473777944182
19,5,6801,14.766865450119365,recommended,0.4724603288539476,0.4916133448403307
19,6,8953,15.020816606011378,recommended,0.3948409997650211,0.4281756874621504
19,7,5453,15.49289972712074,recommended,0.4738084349601387,0.4145208293901811
-1,0,3817,0.059385275999644965,init,0.667351163050396,0.043846852496629896
-1,1,8021,0.02316850473909412,init,0.035469585341666554,0.8631873483680562
-1,2,6335,0.032642471148120925,init,0.07180754544546919,0.09427597789893605
-1,3,8230,0.033010081012915526,init,0.04321993725495721,0.8378257199236009
-1,4,1198,0.01862486042080156,init,0.15445974722332378,0.025447759905750877
-1,5,7851,0.04295452560446104,init,0.40907603456609554,0.028518493911292575
-1,6,5920,0.01847203770963109,init,0.012290661155670901,0.5936525794468104
-1,7,7432,0.0500465897667931,init,0.7319678383527121,0.04283732118899841
0,0,4424,0.06906649309798014,recommended,0.43902924398044796,0.04488101647271803
0,1,4371,0.0825369312355573,recommended,0.4318436923120297,0.05393258284087121
0,2,8184,0.0867790615139196,recommended,0.4319875924251573,0.05671513828222552
0,3,7853,0.06718287367044155,recommended,0.41860518567191507,0.0442954309969924
0,4,5793,0.06732594545421636,recommended,0.4142005543046434,0.04455663161765322
0,5,2170,0.07455340536561345,recommended,0.4425773459328154,0.04836271104878087
0,6,8557,0.7895924251322031,recommended,0.6509685719074698,0.39835532196590906
0,7,2120,0.553008362646068,recommended,0.675662902207073,0.39593722619594984
1,0,4386,5.720516454275502,recommended,0.5562363940257727,0.4114109317604655
1,1,2257,6.168552887751466,recommended,0.5505316805962256,0.40736552421283234
1,2,1832,6.920921034025826,recommended,0.5511599619163721,0.4381786132483445
1,3,6441,6.171421812393445,recommended,0.5529755860174398,0.48856116058484156
1,4,5982,7.376987385896801,recommended,0.5481200649818184,0.45301475038018846
1,5,457,6.787559924439258,recommended,0.5520471808519802,0.4361265291353167
1,6,4842,6.681253676604564,recommended,0.5539417338546375,0.4505824928161174
1,7,6698,6.863797646830508,recommended,0.5487196055830494,0.4810671908474736
2,0,9065,14.203048082273867,recommended,0.49509244999315616,0.4319334233634766
2,1,7258,14.023435915640151,recommended,0.4949116047766605,0.4713681557014906
2,2,8204,0.15409888805321276,recommended,0.4962351738699511,0.9002770271276916
2,3,5718,0.10841711069781645,recommended,0.4958400311040241,0.9304234931787778
2,4,4619,0.5819708616535724,recommended,0.4962194794899244,0.6899643571263624
2,5,4784,0.26202646577000577,recommended,0.49617592610111527,0.8247231640769201
2,6,4393,0.4043397706994527,recommended,0.4958194726485391,0.7322379140922876
2,7,9712,14.613275281245045,recommended,0.4937887702564081,0.4570252804809394
3,0,9229,14.220747916651593,recommended,0.46875106043441406,0.4993955991710657
3,1,3311,8.478327126160298,recommended,0.4850729091426954,0.5408270639715397
3,2,5453,15.49289972712074,recommended,0.4738084349601387,0.4145208293901811
3,3,356,15.462915573189038,recommended,0.47157618855015837,0.41184091414726853
3,4,1921,14.779740761725876,recommended,0.4755961918220083,0.4077481050027323
3,5,4913,9.439717402237088,recommended,0.47570407818905625,0.5366232797354938
3,6,1344,12.769768069832896,recommended,0.49286458444744663,0.4042897472548691
3,7,2523,9.544807133781902,recommended,0.48978586798824075,0.5286566039892756
4,0,9843,16.27268378675447,recommended,0.4562430258462945,0.4102050052835323
4,1,6797,16.30547722025222,recommended,0.4568945549824279,0.4108999049918065
4,2,1451,1.790749463612781e-05,recommended,1.1634755366141114e-05,0.4165658284822922
4,3,7065,0.04357459812242819,recommended,0.028801370569333518,0.41483067188895395
4,4,6141,0.48669467522326393,recommended,0.2139228704997177,0.4178561865221314
4,5,9135,0.23809357674654658,recommended,0.15537035593683213,0.4143831693562766
4,6,3915,0.3876136944330194,recommended,0.200469047766359,0.4134657667101601
4,7,2361,0.41388829161148905,recommended,0.20424210636842888,0.4186951433276842
5,0,4302,16.246959704147926,recommended,0.4515470228174244,0.4080200912850811
5,1,6812,16.157693447294513,recommended,0.45393296174299036,0.40793537105429634
5,2,6421,0.24559044272549627,recommended,0.4550110323069573,0.1496367215089267
5,3,4202,0.5438190321121671,recommended,0.4544827329553567,0.20928776153011985
5,4,8070,0.41066037556915497,recommended,0.45185866513424044,0.1924110378871393
5,5,7916,0.2007419568480579,recommended,0.4523741770233006,0.12766663498230535
5,6,3890,0.04790584109035175,recommended,0.45550169521922024,0.030824618699370254
5,7,5772,17.5102451098659,recommended,0.450623425108169,0.42389975199699825
6,0,2804,18.06813213054944,recommended,0.4490377603699617,0.45930368821307377
6,1,2939,16.1747573438986,recommended,0.4480854872830765,0.48790019527930184
6,2,7581,15.618851298835946,recommended,0.4493658716251506,0.4931955197879292
6,3,4260,17.48613500599785,recommended,0.45232347763429603,0.4243890180725104
6,4,1866,14.716994946656596,recommended,0.44671452725852034,0.5015179603501664
6,5,2848,16.09530705015384,recommended,0.44797165638218994,0.4054716763304185
6,6,1256,13.613824804579888,recommended,0.4483190553694222,0.5104324890042322
6,7,3673,17.36644328979894,recommended,0.4549507768419997,0.47078499701270726
7,0,8201,18.09012779190241,recommended,0.4303926180160754,0.45383788125698044
7,1,1324,18.06505261547206,recommended,0.43272913601970464,0.457699605159294
7,2,5609,18.09932209205459,recommended,0.4294187868522533,0.4412878027999434
7,3,4327,12.201566061941195,recommended,0.3714633393344715,0.4489117225927901
7,4,6060,8.962676679377584,recommended,0.34899493530191095,0.4538532556850523
7,5,744,14.532075535788577,recommended,0.38855810127034573,0.44869362262253065
7,6,5363,12.238772834536922,recommended,0.3724689389121083,0.45573581400848473
7,7,7249,8.588087628231081,recommended,0.3460024129722764,0.4512054082123965
8,0,8186,16.39323439916339,recommended,0.4133125614011103,0.42023263280146006
8,1,5275,15.796513415500646,recommended,0.4353893961280134,0.4018987079559666
8,2,5612,16.599568828445385,recommended,0.41349713706337177,0.42358582687907886
8,3,2352,16.641138058478184,recommended,0.4151456539927457,0.42219223388067806
8,4,2022,16.61038053268789,recommended,0.4111904758694911,0.427486454090268
8,5,1620,17.02154395693303,recommended,0.4157751035233219,0.42894433343014426
8,6,1159,16.24818216176892,recommended,0.42182817853883137,0.41102107526554577
8,7,9401,17.306567202952372,recommended,0.4272817081273277,0.42231387785603225
9,0,7546,15.25231306203587,recommended,0.45700230937694064,0.40014546728455913
9,1,3705,17.90266617518896,recommended,0.4241850557459762,0.4466887217446649
9,2,605,17.962951472208704,recommended,0.42618130223597295,0.4513870243296755
9,3,7815,17.64010529593808,recommended,0.42835028381315066,0.46472195619874945
9,4,5819,13.579334095918716,recommended,0.48169983801234095,0.40065784843795327
9,5,8804,17.76314927535766,recommended,0.42168164685289433,0.444385026638056
9,6,7066,17.686458003480876,recommended,0.43354310280380104,0.4671741333524465
9,7,3493,17.35111164344301,recommended,0.42944789707870257,0.4707059473159374
10,0,8817,17.908294566077526,recommended,0.4557062844202975,0.45777935126563984
10,1,6145,16.423982099504407,recommended,0.4274505332424855,0.4103375943357709
10,2,4590,16.263425596127043,recommended,0.42932276570419525,0.40788492685035893
10,3,9734,14.264677072340694,recommended,0.40089331826662655,0.4053516136255215
10,4,5375,2.9689674654984635,recommended,0.4264438057143032,0.6061935374241404
10,5,6259,3.0904907332544713,recommended,0.4253081503011533,0.6040721005990636
10,6,2149,3.740024745043116,recommended,0.4327714843418189,0.5956798241615295
10,7,4748,14.004816140297324,recommended,0.4953176469339088,0.4276917880334611
11,0,1291,13.474352315264111,recommended,0.5030839507798364,0.44934974203964206
11,1,8515,11.62805298886019,recommended,0.51631656166117,0.444829257597959
11,2,4974,12.246822144617406,recommended,0.5114364063015873,0.4401484472241325
11,3,9866,14.065002188677878,recommended,0.4974113794914262,0.4370240760986729
11,4,5084,14.054051680184243,recommended,0.49815072025114837,0.45763187454517507
11,5,3578,11.259411050745918,recommended,0.5183239230398234,0.46180648156201864
11,6,2657,12.666192817469684,recommended,0.5089590404220475,0.4528248052843268
11,7,8575,13.076659023860099,recommended,0.5057654423348055,0.4557274006802463
12,0,4940,6.317667194489431,recommended,0.42287646846677884,0.5657515642245824
12,1,4433,6.213316861702337,recommended,0.4179992169203516,0.565557483226387
12,2,2585,6.412036806899819,recommended,0.4255056592718428,0.565415939752538
12,3,8808,6.526115292335632,recommended,0.42323944149018644,0.5638921128292661
12,4,9273,17.51132517172868,recommended,0.4633834858663197,0.43765236472442226
12,5,5512,6.4161693123803145,recommended,0.46032698477783285,0.5664666059796343
12,6,5329,6.699879438132714,recommended,0.44611430712518774,0.5648183139601971
12,7,6687,6.372590306566954,recommended,0.4579094069647154,0.5671645462958707
13,0,1821,16.896473857230063,recommended,0.4680690542342901,0.4662994129398188
13,1,4292,16.98581065807028,recommended,0.46354783925892185,0.4703240479372064
13,2,5704,10.818141509706736,recommended,0.5059833291570635,0.398641335196384
13,3,2652,10.200971186624095,recommended,0.4328399210571723,0.5355424730977982
13,4,752,11.572398353719251,recommended,0.38019561878585706,0.3988227808969005
13,5,5328,9.757214353584027,recommended,0.43211717561589447,0.5388193672496691
13,6,4574,8.27286978322731,recommended,0.4091966437856498,0.5441801159419536
13,7,9972,10.111970730055265,recommended,0.4358396389345528,0.5366209028549586
14,0,9347,14.625047389321121,recommended,0.4643348736103855,0.3978155951222587
14,1,5133,14.192285068900283,recommended,0.47108285070451317,0.3979530562013335
14,2,2355,17.40474175546537,recommended,0.4189697737795244,0.4580286165838686
14,3,7820,17.373688873909813,recommended,0.46050915990817876,0.4292107795416997
14,4,6782,16.09251467344487,recommended,0.4046554179046665,0.4290479939721157
14,5,9853,14.530420788497764,recommended,0.39173509628512104,0.46426690242611335
14,6,9694,17.35523936916646,recommended,0.4157543876756019,0.4494367753080455
14,7,3423,17.39956537585413,recommended,0.4162849285443547,0.448851365652003
15,0,3226,5.7379611899020615,recommended,0.4303431736890725,0.3202987424967425
15,1,1903,8.902378157396184,recommended,0.43123386979155787,0.3475187953137546
15,2,9381,7.011642449124347,recommended,0.43097084250528284,0.33197695216123313
15,3,7483,7.044859023689602,recommended,0.431651762593961,0.33222776406628385
15,4,1950,13.03786172642505,recommended,0.4313017063410146,0.37904048538303503
15,5,8981,10.416103965514331,recommended,0.4338080365183268,0.35897042968700865
15,6,8626,7.300176936045876,recommended,0.4266253734763945,0.33482785155535066
15,7,5728,4.449305773787086,recommended,0.4236931519996423,0.30714995018995217
16,0,9726,14.76642329189364,recommended,0.44003315300400536,0.39244484417692493
16,1,4470,13.86249638295615,recommended,0.4623614472477392,0.39006606574762825
16,2,5081,13.274821219904847,recommended,0.474325570550291,0.39166654287880887
16,3,3769,13.499472637694362,recommended,0.40465374164855017,0.3936818859906128
16,4,8736,12.865705799224989,recommended,0.47501675699341883,0.38846364261099653
16,5,2653,12.79800043805085,recommended,0.47698339261765377,0.3892086186234388
16,6,6301,13.165509101762975,recommended,0.47076022166770226,0.388427221227857
16,7,4285,11.930468769705838,recommended,0.39317043456426415,0.38776432852974974
17,0,4081,16.168828852629566,recommended,0.4206302368788194,0.48094160808430353
17,1,872,15.845250627942361,recommended,0.4161539981797615,0.4813441516353236
17,2,3541,16.41581291722031,recommended,0.43276708170819367,0.4841844983225968
17,3,9236,18.075867950647677,recommended,0.4362671348044198,0.4333420303683231
17,4,6075,16.006716592837194,recommended,0.42954912352067554,0.4874404737597884
17,5,1025,16.197725580096687,recommended,0.45830064152865646,0.484696287130047
17,6,991,16.35252716927125,recommended,0.45818688673789265,0.4829688720853552
17,7,2558,16.528966554676547,recommended,0.45564954943987745,0.4820173397769325
18,0,3927,13.632978452044865,recommended,0.4956539208832471,0.4211189044340816
18,1,7082,13.78686381615709,recommended,0.49636437246630705,0.4727068986362891
18,2,2207,14.701149214227476,recommended,0.41078880999961176,0.48964407603203264
18,3,3562,15.320485800798563,recommended,0.410023786741743,0.48199491773286707
18,4,8236,1.9685479110518933,recommended,0.2849682775773116,0.37798811620996164
18,5,3883,1.8637532647344945,recommended,0.2825408636624436,0.378024949434402
18,6,8317,10.774641760502181,recommended,0.3956174657932684,0.5147764220004536
18,7,5403,2.161709902551407,recommended,0.29127252225573697,0.37240066603535615
19,0,8601,12.964246004128448,recommended,0.41851638665268387,0.3814912932422273
19,1,2392,12.345080556752599,recommended,0.41739478232914795,0.3768668803471885
19,2,5140,11.69072992025276,recommended,0.40951848027871396,0.37473102253575985
19,3,477,13.17563872863055,recommended,0.4187705248920731,0.38313852824949746
19,4,369,12.824380601350796,recommended,0.4391349085702184,0.3769444294249076
19,5,9870,11.774588026261082,recommended,0.41354052274348874,0.373697169736223
19,6,5091,10.26814225856838,recommended,0.3878985289517298,0.3759599096406637
19,7,1168,11.477383257915696,recommended,0.456236508955542,0.3690530217609166
-1,0,3817,0.059385275999644965,init,0.667351163050396,0.043846852496629896
-1,1,8021,0.02316850473909412,init,0.035469585341666554,0.8631873483680562
-1,2,6335,0.032642471148120925,init,0.07180754544546919,0.09427597789893605
-1,3,8230,0.033010081012915526,init,0.04321993725495721,0.8378257199236009
-1,4,1198,0.01862486042080156,init,0.15445974722332378,0.025447759905750877
-1,5,7851,0.04295452560446104,init,0.40907603456609554,0.028518493911292575
-1,6,5920,0.01847203770963109,init,0.012290661155670901,0.5936525794468104
-1,7,7432,0.0500465897667931,init,0.7319678383527121,0.04283732118899841
0,0,8311,0.14520963297377676,recommended,0.4231181975477304,0.9033146675661857
0,1,761,0.14118303153156084,recommended,0.3516226872396344,0.10142082844921652
0,2,4081,16.168828852629566,recommended,0.4206302368788194,0.48094160808430353
0,3,4559,0.26430036022268694,recommended,0.9377645593182242,0.8621529582931218
0,4,9516,0.09987738257808505,recommended,0.9269406627820395,0.33383152370207203
0,5,6538,13.357277230885067,recommended,0.8169684504748762,0.6535607255451928
0,6,4030,0.3761271418751619,recommended,0.6317748436527554,0.2571185039986945
0,7,7666,0.5002694142895747,recommended,0.5862678431932681,0.6991931979813764
1,0,5692,2.1421567215307418,recommended,0.28232635073194245,0.4814353459576055
1,1,7441,4.086539176962163,recommended,0.5792211895711068,0.46663436995018714
1,2,8953,15.020816606011378,recommended,0.3948409997650211,0.4281756874621504
1,3,4525,4.921967224557749,recommended,0.8191073261776878,0.5471276425689006
1,4,1551,0.25097919994251705,recommended,0.9145486638485589,0.43402097270875883
1,5,1576,0.48944460876372675,recommended,0.7054608302834863,0.4276013337033373
1,6,6820,11.579411019761933,recommended,0.5127364702852252,0.47565098445163667
1,7,4514,0.020218286334084512,recommended,0.9969905028125511,0.42555587769671754
2,0,5818,0.8286683649935063,recommended,0.613712181854228,0.6236259472972642
2,1,2624,17.013843595776,recommended,0.45688807173726687,0.4751083649318354
2,2,3401,0.5419541970121019,recommended,0.2193893891962463,0.4643502498821417
2,3,2166,1.3734605437797927,recommended,0.4398556397138349,0.6439565794476135
2,4,432,6.194896482535392,recommended,0.400763060875326,0.5596403313082179
2,5,9536,7.505945006253684,recommended,0.34017095038848955,0.467658124188041
2,6,4889,2.137124549769994,recommended,0.399109299557426,0.6154007547092398
2,7,2090,0.7194547090971006,recommended,0.4027037209945602,0.6725072626736491
3,0,3841,1.8526655277216229,recommended,0.6149030145669361,0.48242360159472886
3,1,5348,0.23494846031171357,recommended,0.967859924081416,0.4778906609457496
3,2,9449,0.17548586705079827,recommended,0.11376172171087662,0.4769678910959445
3,3,7157,8.477550169353409,recommended,0.7759739087498881,0.7192685059486148
3,4,1276,0.06914551675591976,recommended,0.8082352100092222,0.9476880259644708
3,5,9173,3.0411556528643233,recommended,0.7510895304423859,0.7785818487206433
3,6,2348,10.276612291187778,recommended,0.5055207917234903,0.5077578381885688
3,7,6894,6.824793199727917,recommended,0.7416088339433383,0.6934258420162734
4,0,4860,0.7617510529488787,recommended,0.7700890312540819,0.4623284974592826
4,1,9476,8.755155751632289,recommended,0.8959989516809134,0.6912404111366103
4,2,9979,13.64877172532747,recommended,0.4143004118309941,0.5021280957856249
4,3,7353,7.69804335758646,recommended,0.5437014196449175,0.4716528013283886
4,4,3101,6.714391196665494,recommended,0.9200400525459036,0.6502550710936615
4,5,8455,3.7842554713062793,recommended,0.952765897153333,0.6645794280090398
4,6,5714,0.01215137109928449,recommended,0.007759648337424485,0.4752929765655083
4,7,5066,1.5842122989997192,recommended,0.6239455747613883,0.46032139005739836
5,0,6192,0.5081055755319125,recommended,0.45610539951721263,0.20562947553228128
5,1,7208,5.796101962096214,recommended,0.7341069808811267,0.6208741875568012
5,2,5547,4.730531743122259,recommended,0.4705446849512227,0.31451757220910526
5,3,143,9.0871372916085,recommended,0.46559801813246016,0.5426446347075766
5,4,6296,14.072766546754037,recommended,0.38765990055879906,0.4257616149303052
5,5,6075,16.006716592837194,recommended,0.42954912352067554,0.4874404737597884
5,6,9043,0.9078199611669799,recommended,0.3877831574463789,0.23977973884404746
5,7,2653,12.79800043805085,recommended,0.47698339261765377,0.3892086186234388
6,0,5382,11.484296208936168,recommended,0.7952870447972226,0.630779733104932
6,1,9693,13.981293431467716,recommended,0.4449666567350885,0.5076599964512309
6,2,9321,11.015445126760984,recommended,0.4880834771971446,0.3814382981490072
6,3,9147,13.53872898881287,recommended,0.8345719568709472,0.6594796782867858
6,4,8804,17.76314927535766,recommended,0.42168164685289433,0.444385026638056
6,5,6332,8.762248042296756,recommended,0.4458496341987177,0.3465779878757792
6,6,6462,10.27623187780769,recommended,0.4285638378056973,0.3583676323323983
6,7,4415,7.656095590990349,recommended,0.3430440057930102,0.4107004005865431
7,0,3969,9.736186780874414,recommended,0.3593389905157872,0.47535906768086855
7,1,5307,10.595481270439276,recommended,0.38954916448152244,0.5112957462460346
7,2,4138,11.897887257318756,recommended,0.5097355100039371,0.4224457900308791
7,3,1374,12.551395994750537,recommended,0.8111237699334709,0.6359547071637285
7,4,6112,1.2843959695576923,recommended,0.7847743211627893,0.48549589116587255
7,5,1739,13.026484452715867,recommended,0.48849563265990537,0.4018871998907301
7,6,5776,13.023140519379709,recommended,0.8122395386087472,0.6791288313348619
7,7,8555,7.222509842590215,recommended,0.7459546179039995,0.6306871883123164
8,0,8461,4.831171424808571,recommended,0.7343234082185247,0.727012454699724
8,1,7396,0.8693721433653321,recommended,0.6295673951687717,0.6738379611669769
8,2,6766,3.5939778532882665,recommended,0.39367618388902137,0.3027553706179532
8,3,1129,5.110837897600538,recommended,0.3169465877911193,0.43459596085871177
8,4,1048,0.798892429398356,recommended,0.5775933658811575,0.6345824175503038
8,5,7055,10.319538465851588,recommended,0.8294466397616644,0.6027298005076018
8,6,5000,5.1675668014455605,recommended,0.3736408184666985,0.3329120962314033
8,7,2257,6.168552887751466,recommended,0.5505316805962256,0.40736552421283234
9,0,6441,6.171421812393445,recommended,0.5529755860174398,0.48856116058484156
9,1,7453,14.033452344642006,recommended,0.45253364402930063,0.5065538158814177
9,2,9613,11.611896398060601,recommended,0.5030684634788309,0.4946682822273434
9,3,8817,17.908294566077526,recommended,0.4557062844202975,0.45777935126563984
9,4,3119,0.24915740293153998,recommended,0.8668214856884892,0.8939730574625047
9,5,9327,10.515156068545208,recommended,0.7870695027239316,0.6237219692791834
9,6,277,0.2379723121123535,recommended,0.876653602658345,0.40348286621239704
9,7,3024,0.09317333520169069,recommended,0.8146250560259172,0.9361630415509965
10,0,1603,7.164663591366133,recommended,0.8587642793494722,0.7483558536657398
10,1,2418,12.198107299405255,recommended,0.37736317679665077,0.41351653028995916
10,2,9171,5.6927012522387095,recommended,0.8101266350119591,0.7676060194582317
10,3,7140,9.119110126740754,recommended,0.8932065885508419,0.6365444885767242
10,4,9347,14.625047389321121,recommended,0.4643348736103855,0.3978155951222587
10,5,8898,2.7909668523259406,recommended,0.4482388465553965,0.6107813560779473
10,6,5451,11.981199915653631,recommended,0.7898681073797429,0.6562398932483586
10,7,2758,5.640333675974866,recommended,0.807957328109019,0.7677646177143377
11,0,324,1.7233395778046643,recommended,0.7891712386073383,0.4984421989290573
11,1,5329,6.699879438132714,recommended,0.44611430712518774,0.5648183139601971
11,2,2664,13.60832837423073,recommended,0.4395629417728987,0.5104601313464413
11,3,6674,14.503911538458311,recommended,0.4307166216080104,0.5017029841763491
11,4,6127,8.937355544537724,recommended,0.7974889777130172,0.5958075323899696
11,5,4782,6.100753632903281,recommended,0.3791608639799434,0.34027498223403085
11,6,9734,14.264677072340694,recommended,0.40089331826662655,0.4053516136255215
11,7,389,5.080023219835959,recommended,0.7200365365460744,0.6411476328852973
12,0,6782,16.09251467344487,recommended,0.4046554179046665,0.4290479939721157
12,1,7456,5.588830242670164,recommended,0.739551148734993,0.605003061338033
12,2,4342,1.8958589954443328,recommended,0.33692191307674557,0.5854859383150356
12,3,4302,16.246959704147926,recommended,0.4515470228174244,0.4080200912850811
12,4,5391,6.123427362246663,recommended,0.9169787490185026,0.7067652818616311
12,5,1459,4.088198232940505,recommended,0.4226291970136091,0.30293090564042924
12,6,8424,4.641462143808036,recommended,0.32772695668207097,0.3759611021613539
12,7,1845,3.2677818903482434,recommended,0.8268585609727531,0.5247356376614322
13,0,3732,9.59670068182254,recommended,0.3734445911454355,0.38353451243397696
13,1,3530,1.004294758013184,recommended,0.9433101118741497,0.52023048910309
13,2,3568,10.865231288344127,recommended,0.866855213027066,0.6262592746624267
13,3,8830,15.045088043289654,recommended,0.4908072494527028,0.44809111279591984
13,4,4574,8.27286978322731,recommended,0.4091966437856498,0.5441801159419536
13,5,8201,18.09012779190241,recommended,0.4303926180160754,0.45383788125698044
13,6,7291,16.646668476823947,recommended,0.4625339853783005,0.4189408420801276
13,7,9861,14.539162652341762,recommended,0.4935774386721822,0.43663132089416024
14,0,4459,6.043110927367911,recommended,0.4437835792823357,0.5708530255443127
14,1,7258,14.023435915640151,recommended,0.4949116047766605,0.4713681557014906
14,2,5591,7.7591502591375985,recommended,0.7955802497943266,0.5838332726254226
14,3,7732,12.995117067139907,recommended,0.828125191856901,0.6385250461916646
14,4,9726,14.76642329189364,recommended,0.44003315300400536,0.39244484417692493
14,5,2159,11.382134597700926,recommended,0.40542282513915495,0.516283299197674
14,6,6958,8.538632124837257,recommended,0.8046716178555584,0.7364942087167792
14,7,9853,14.530420788497764,recommended,0.39173509628512104,0.46426690242611335
15,0,6573,3.6418779286073666,recommended,0.9443322357482916,0.6107484949543095
15,1,6307,7.803300284225734,recommended,0.909360326724968,0.6492427328379706
15,2,3711,13.911138556925083,recommended,0.3903764460469539,0.41577480098965147
15,3,2760,7.773723128345939,recommended,0.8343247957493986,0.5773534012196677
15,4,37,2.9938656600363562,recommended,0.7068573438476171,0.7290071680409873
15,5,2938,11.98142212301372,recommended,0.8670116069106004,0.6692682917508349
15,6,4178,1.4408658029741535,recommended,0.28192955175156076,0.5308590342884758
15,7,9515,2.3390261989123973,recommended,0.931531801409579,0.5548943761752093
16,0,1130,8.053337877751089,recommended,0.7738796557301564,0.6019234310151316
16,1,7764,7.523763595172944,recommended,0.527436084929228,0.51455309133378
16,2,9401,17.306567202952372,recommended,0.4272817081273277,0.42231387785603225
16,3,1903,8.902378157396184,recommended,0.43123386979155787,0.3475187953137546
16,4,7946,8.383102634347164,recommended,0.8544229603276182,0.5879742483703485
16,5,8515,11.62805298886019,recommended,0.51631656166117,0.444829257597959
16,6,8169,5.786180964920749,recommended,0.5430125100143456,0.3835018811159071
16,7,3449,5.304682784841674,recommended,0.3200595641835825,0.4217742419361259
17,0,9637,15.497144938922059,recommended,0.3965459869736151,0.44977794156570317
17,1,247,9.176976196892928,recommended,0.46369840493998216,0.3533522280260528
17,2,5453,15.49289972712074,recommended,0.4738084349601387,0.4145208293901811
17,3,6035,16.281371896800756,recommended,0.4637805973609228,0.41507812900779906
17,4,9022,13.173960347409015,recommended,0.8445563757121602,0.6739812723165507
17,5,7193,13.05972614863345,recommended,0.8145079681305315,0.6450826919667862
17,6,1776,3.3442525519359707,recommended,0.580699084554285,0.5055087603898639
17,7,1314,11.130124942726688,recommended,0.49381404045692867,0.38764880545564706
18,0,4535,5.591287016317257,recommended,0.8865895961689464,0.7516797670314233
18,1,8095,0.07043437462255736,recommended,0.5594021158982408,0.04577633942872561
18,2,431,10.45160573786247,recommended,0.52439026932758,0.44076274693822814
18,3,4285,11.930468769705838,recommended,0.39317043456426415,0.38776432852974974
18,4,6279,6.876965633265054,recommended,0.8813248894649517,0.5860163774782966
18,5,3937,4.905621014685531,recommended,0.5355219160859636,0.5435955749112921
18,6,1816,9.092000691898606,recommended,0.45832359458757543,0.3512193873487809
18,7,5120,0.40821329607176376,recommended,0.5460988080032908,0.21400711317387422
19,0,8305,5.294213826927291,recommended,0.34618530771363887,0.5258929685789998
19,1,7386,12.343350398981299,recommended,0.4720778346800132,0.5142071744772863
19,2,3535,11.211977901595064,recommended,0.3650475666926015,0.432437166716503
19,3,1589,12.852303889695259,recommended,0.8141256855911618,0.6851343098744841
19,4,3769,13.499472637694362,recommended,0.40465374164855017,0.3936818859906128
19,5,1821,16.896473857230063,recommended,0.4680690542342901,0.4662994129398188
19,6,7222,7.895282850391327,recommended,0.34869789536163665,0.40014955390584517
19,7,2310,5.712036045758671,recommended,0.8572309373697911,0.7646509503848735
-1,0,3817,0.059385275999644965,init,0.667351163050396,0.043846852496629896
-1,1,8021,0.02316850473909412,init,0.035469585341666554,0.8631873483680562
-1,2,6335,0.032642471148120925,init,0.07180754544546919,0.09427597789893605
-1,3,8230,0.033010081012915526,init,0.04321993725495721,0.8378257199236009
-1,4,1198,0.01862486042080156,init,0.15445974722332378,0.025447759905750877
-1,5,7851,0.04295452560446104,init,0.40907603456609554,0.028518493911292575
-1,6,5920,0.01847203770963109,init,0.012290661155670901,0.5936525794468104
-1,7,7432,0.0500465897667931,init,0.7319678383527121,0.04283732118899841
0,0,3772,0.036567453606470915,recommended,0.16682970495026284,0.046684819899273755
0,1,8041,0.010086149813426344,recommended,0.24344563402874475,0.9907250552476051
0,2,6321,0.010547410747771123,recommended,0.763997049319543,0.9919266183081108
0,3,8258,0.11712068424084135,recommended,0.48078141794911333,0.9246009904217126
0,4,1168,11.477383257915696,recommended,0.456236508955542,0.3690530217609166
0,5,7883,0.9624048408594744,recommended,0.6319820929833062,0.6157897989801244
0,6,5871,0.019454436315818596,recommended,0.3074621730335261,0.9849378689708634
0,7,7455,0.7687381354094234,recommended,0.2575677256495169,0.5438984207131475
1,0,8310,0.2779525859301759,recommended,0.5811479149732605,0.8147686813470248
1,1,9343,0.16402790086483668,recommended,0.7243569348298357,0.14171520824757244
1,2,4466,0.22206904420157997,recommended,0.17132454445437495,0.6676017135832351
1,3,1034,0.22148391139217627,recommended,0.1647063534322959,0.33021506487149754
1,4,9213,1.8580144763955686,recommended,0.59850341405168,0.37410573731650554
1,5,9720,3.5832184136925163,recommended,0.5139047125496728,0.5811085216985054
1,6,4259,0.2303236238102565,recommended,0.4573166098928203,0.8461938661543734
1,7,6325,0.32591925419659207,recommended,0.39460495166124054,0.17984444683554124
2,0,3459,1.7097484048055984,recommended,0.6153478406285743,0.41194654861226365
2,1,1028,16.100160858151497,recommended,0.4622955610006072,0.4117655415845085
2,2,2047,6.563416482563083,recommended,0.33197150473584547,0.46533693393948605
2,3,1096,1.2256134631749762,recommended,0.670732311905834,0.56044063098044
2,4,1025,16.197725580096687,recommended,0.45830064152865646,0.484696287130047
2,5,8532,6.155469651871748,recommended,0.812451131720594,0.5618138803383087
2,6,215,0.1478863542583171,recommended,0.14299168205283586,0.7615106317174722
2,7,2427,0.26646376739515576,recommended,0.6276688771588087,0.19201608474003673
3,0,2367,0.18377928843427693,recommended,0.430535820913037,0.11914067199604816
3,1,6555,0.4742610895569335,recommended,0.22301264141187804,0.5256310280003696
3,2,7834,0.08060477337826806,recommended,0.6189223562347216,0.055390730020939194
3,3,3867,0.12401020950935887,recommended,0.08757456298623822,0.633849818735324
3,4,7158,0.029582856820109738,recommended,0.12652691404907568,0.04884162332074393
3,5,6430,0.054572202259558396,recommended,0.3342463741571313,0.9598434267385185
3,6,6416,11.872377232385482,recommended,0.3733049901228874,0.41752280610753034
3,7,8919,9.616017348397524,recommended,0.7882051110716313,0.715282131327177
4,0,9552,2.8586998576804032,recommended,0.45961167177360396,0.2870001790789699
4,1,9899,0.1885216330724638,recommended,0.8622925295542114,0.3425421656593509
4,2,7822,0.06691774312873593,recommended,0.2490199621067708,0.9391974328257621
4,3,2613,0.17336173171241487,recommended,0.5833072481842045,0.8843434279712875
4,4,5080,1.2644316338599964,recommended,0.5535308853571833,0.6161108004157211
4,5,203,0.0160084643388431,recommended,0.3892016787341631,0.01083765148029836
4,6,2948,0.11655651733063832,recommended,0.9148421498516547,0.33540681349634693
4,7,3065,0.3280574242338658,recommended,0.3759712219291391,0.756310096980294
5,0,1406,0.21222683598587835,recommended,0.6666004790466192,0.1626997438085659
5,1,5865,0.24132991370063678,recommended,0.7101450375965034,0.20883702045198382
5,2,4087,0.4436414692857269,recommended,0.6380927257964524,0.28815213577740306
5,3,9113,2.6188282732033894,recommended,0.7339267236324865,0.7739805962669104
5,4,9775,0.016090110979678607,recommended,0.5969513962618158,0.010738981797982494
5,5,9400,0.25376578373519476,recommended,0.512078453937679,0.8307608668132266
5,6,1884,0.08843442906251536,recommended,0.16440552907887873,0.11658307455569672
5,7,6307,7.803300284225734,recommended,0.909360326724968,0.6492427328379706
6,0,8024,0.34971297560912284,recommended,0.5669504756388102,0.764432862370192
6,1,6234,1.5427781350351035,recommended,0.5513305496923012,0.6054003719533442
6,2,7604,0.05609106900621194,recommended,0.1339986812056707,0.08851905256306758
6,3,3829,1.36967837768926,recommended,0.476991915378175,0.642278163507115
6,4,6193,0.6059133798272651,recommended,0.7557099224923928,0.4513360327392887
6,5,7209,0.028020912104561427,recommended,0.969242130458038,0.19728830871706848
6,6,4350,0.7520113503406192,recommended,0.927900629862027,0.8283781456016462
6,7,225,4.862146321160849,recommended,0.7771469159274368,0.558404249735805
7,0,6630,0.30789693648712657,recommended,0.7467704446194291,0.32546898867662266
7,1,9561,0.022282882838236567,recommended,0.24681174515403614,0.9797206434538108
7,2,5264,0.01605205556775638,recommended,0.8921120156910813,0.030783102237640136
7,3,5507,0.0994285772397522,recommended,0.8749770586241177,0.9240778052942694
7,4,4198,3.3247082121055413,recommended,0.5897290360764658,0.44991278108550536
7,5,6892,0.2666601208255564,recommended,0.2623158501655346,0.22252978249888578
7,6,3642,0.4096050047429381,recommended,0.2078238414588358,0.5040700797484243
7,7,762,1.2905993293522375,recommended,0.48587175918632564,0.25677656772050794
8,0,5255,0.18411115313177015,recommended,0.1215873495335269,0.5560573351914615
8,1,9404,0.04803254940206923,recommended,0.05613158802107232,0.8155424374190073
8,2,5075,0.11735989119648219,recommended,0.8886932147847983,0.2402271663955453
8,3,3764,0.36534029711159044,recommended,0.6404832931422122,0.2594491710680763
8,4,4560,0.6759753819792044,recommended,0.8891305357048583,0.46784918329204295
8,5,880,0.23256250269191658,recommended,0.4543773345599609,0.844357082739616
8,6,9455,6.633658023435889,recommended,0.4650886629145451,0.5637022194181917
8,7,7761,0.20903742835959918,recommended,0.3639388834040429,0.8480946638011214
9,0,7261,0.11488023822699488,recommended,0.8769888309739855,0.20866762451159182
9,1,6459,0.08745611065934164,recommended,0.055965557262007026,0.5064611187670799
9,2,6775,4.602721686607924,recommended,0.34702802532563604,0.5382527463447656
9,3,4002,3.0067172474668507,recommended,0.5684722021568196,0.36372552113568424
9,4,7638,1.0869407192143972,recommended,0.4070849728153849,0.6505747911093461
9,5,2194,0.020910300651867428,recommended,0.09800768478074107,0.04406586157038139
9,6,6242,0.22566788377119612,recommended,0.7388274373511795,0.2115286258634137
9,7,9122,0.41153030671876484,recommended,0.2905032471986191,0.6597044821470919
10,0,4272,11.107745939409522,recommended,0.3980548406789377,0.513633383928651
10,1,6996,0.29661941854893115,recommended,0.18934772362985863,0.36124279404101045
10,2,113,0.04802243678904818,recommended,0.9730105547524456,0.3930977246667604
10,3,8167,0.04222267822284134,recommended,0.6468602240172217,0.9702937327487523
10,4,8976,0.09664425154767517,recommended,0.06767516322559997,0.3683165056261255
10,5,6197,0.24382957546236145,recommended,0.8274809597570061,0.36011771548900384
10,6,6545,0.3021487557294706,recommended,0.19257609734684034,0.356089673754747
10,7,3513,0.003090631670222499,recommended,0.04006908634826667,0.9843219788140413
11,0,675,7.004099712882259,recommended,0.8670314961224486,0.5786754085723934
11,1,3501,5.917667463395002,recommended,0.8312458050899425,0.7667683563383357
11,2,1110,1.537449837017776,recommended,0.7036859774607958,0.5406984766449103
11,3,6188,0.07789886833567676,recommended,0.06392316419193877,0.7146874494349541
11,4,1101,0.06395453154531945,recommended,0.4225484283119446,0.04202467517140529
11,5,4964,0.29043346979291285,recommended,0.8352292908460148,0.8934590541671159
11,6,735,0.3917763902561252,recommended,0.5670162609866678,0.7384492092513265
11,7,5565,0.2551758365597427,recommended,0.7756546353260334,0.288149489033375
12,0,5268,0.12113026447932174,recommended,0.330632954859542,0.09031856029907304
12,1,4083,0.06823878746245435,recommended,0.05226866756159654,0.6855386205626233
12,2,3925,0.35396630528799206,recommended,0.3032195467185912,0.6979904714977925
12,3,9894,7.8435567549783105,recommended,0.8933429528041915,0.6114308072278889
12,4,5110,1.7934115569435913,recommended,0.67894542428067,0.7250960188976509
12,5,5193,0.015253940510483122,recommended,0.13045563655139392,0.975604968589112
12,6,1019,0.25123711143136257,recommended,0.2253169299512351,0.250966661340298
12,7,1715,0.014184341437432576,recommended,0.5809503798881793,0.9906791570657658
13,0,5168,1.0536827044525512,recommended,0.2500567585101532,0.4170487283209009
13,1,5061,7.763797197667886,recommended,0.8906666758919072,0.718531318122246
13,2,640,0.6582509316260781,recommended,0.6181557343181191,0.702464970544104
13,3,4639,0.009232132672979287,recommended,0.023716360305790607,0.07978912363400037
13,4,5911,0.3027425699587139,recommended,0.4363511943036117,0.7899120017028454
13,5,5373,0.490438467583619,recommended,0.8771549003711943,0.8677473900817306
13,6,114,9.013275336857811,recommended,0.8920465551771133,0.6311386259972629
13,7,5299,0.1408758851023386,recommended,0.09106618208218098,0.4739197609111919
14,0,3491,0.5690707404064218,recommended,0.9348220404438012,0.8349567750521169
14,1,3162,0.07224792232023035,recommended,0.08147389771294189,0.19333923361205219
14,2,2166,1.3734605437797927,recommended,0.4398556397138349,0.6439565794476135
14,3,1839,0.31651913985018354,recommended,0.8014457762229537,0.3920935769045727
14,4,102,0.01364533234364253,recommended,0.6064290596595899,0.009197051616629648
14,5,2152,0.06396677332506603,recommended,0.8284386709389908,0.08018675681211329
14,6,8290,1.476335973083772,recommended,0.6985982867270393,0.5429465845718413
14,7,9097,2.149723977275859,recommended,0.5747092028675753,0.5606429251459861
15,0,1869,5.066437265230144,recommended,0.753868082709913,0.5778911126940883
15,1,6075,16.006716592837194,recommended,0.42954912352067554,0.4874404737597884
15,2,1800,0.21076528965507635,recommended,0.14122354337314946,0.5708774168394762
15,3,7157,8.477550169353409,recommended,0.7759739087498881,0.7192685059486148
15,4,6770,0.19216197474939314,recommended,0.4690144305527879,0.8738197762800523
15,5,6386,0.2762166875033249,recommended,0.17853290453971482,0.3761473100104902
15,6,4374,0.059068622862352906,recommended,0.12357249059949049,0.10102824649125852
15,7,7409,0.026516624536104514,recommended,0.01692935242553506,0.522095236914789
16,0,2838,0.24922317254117965,recommended,0.579792843832955,0.1665035470495151
16,1,2539,15.445967470226195,recommended,0.4834980851068038,0.42914949195832186
16,2,4620,0.4065604338949543,recommended,0.33473532657927907,0.6954884591776503
16,3,8916,0.015571130121118852,recommended,0.009953625713364334,0.4716430971017236
16,4,1625,0.17817200549732815,recommended,0.5325040664159818,0.11539464217891737
16,5,5973,1.0768586741425563,recommended,0.33407721741784724,0.27244644110883165
16,6,2687,0.30292699939498846,recommended,0.48417303216340746,0.7940144502659627
16,7,296,0.26399228724161844,recommended,0.18188008439914483,0.3456672833238632
17,0,1485,0.2605224508861631,recommended,0.3805177098698945,0.163035336931591
17,1,6868,0.9985336196898434,recommended,0.9095255593623296,0.8278703795061738
17,2,1875,0.12600372177428662,recommended,0.8955628481318387,0.9091752640535857
17,3,7777,0.25641453521336555,recommended,0.3488667217951773,0.8047370647669405
17,4,6539,0.06893139523925378,recommended,0.8393708635378904,0.9444878798452436
17,5,9354,0.1637622289578689,recommended,0.9670554032283101,0.4608812766929614
17,6,2404,0.14944562003207185,recommended,0.24696116699189252,0.8596453453526065
17,7,1297,0.1407312306509726,recommended,0.14287596133941172,0.7753461504031356
18,0,1557,0.11000906417737263,recommended,0.1992703364668008,0.8774700466544819
18,1,623,0.020438707084812154,recommended,0.13124487768238757,0.032526179491251916
18,2,8652,0.047579214634621086,recommended,0.829425404186332,0.05967165568249666
18,3,6497,0.08714893768632542,recommended,0.38350902449273905,0.9402341928728895
18,4,1946,0.6049525914069294,recommended,0.6774380712282945,0.42845790384879545
18,5,8827,0.22523961545444782,recommended,0.192518871819798,0.7094027697193312
18,6,4903,6.365080240065404,recommended,0.7388050500786865,0.625211533857515
18,7,484,5.120301127459394,recommended,0.5664046402968972,0.47605040219909966
19,0,7536,0.04112743509740011,recommended,0.6144212982230295,0.028005319472458434
19,1,9962,0.09434397738121708,recommended,0.06314920190686346,0.5933436571884717
19,2,5576,11.063101898755448,recommended,0.3678322243209564,0.41566100150044916
19,3,4277,0.6526126729511429,recommended,0.40561939025544236,0.6795518365726839
19,4,7670,0.429764225614245,recommended,0.7059066693266582,0.39366341405564076
19,5,1200,0.09819406874713793,recommended,0.34060416658129167,0.071711888847651
19,6,1501,0.3809977963965317,recommended,0.250467898792499,0.6248740996069989
19,7,5359,0.012084918938401213,recommended,0.0111545873118305,0.24232573024632142
-1,0,7114,0.0008183158153398811,init,0.0017248221098407068,0.09766631812612292
-1,1,4213,0.007971803261723927,init,0.11687876059093905,0.9858584404109375
-1,2,7401,0.039822991196003625,init,0.9403483776701917,0.14060580407652679
-1,3,7516,0.016302079951018948,init,0.04126974737462186,0.9188528558831043
-1,4,6706,0.02494119951143465,init,0.03717528804964598,0.14081186209299945
-1,5,4738,0.06337677515507187,init,0.9788560151782346,0.8802517732816871
-1,6,7675,0.019049312452081104,init,0.012137458315200522,0.48864389709875844
-1,7,3783,0.021472626122295346,init,0.9198709341305428,0.05515659060178546
0,0,9334,0.005783547664424429,global_best,0.9751924110715265,0.9663972918742872
0,1,9659,0.0007067783504556981,global_best,0.9804616351098306,0.9961507905301366
0,2,223,0.9177172530723423,global_best,0.9860010638228709,0.7533781852589416
0,3,9361,0.39664103624536096,global_best,0.9817796032779894,0.8065452246242049
0,4,2874,1.6732312809117456,local_best,0.9856007339528003,0.6866786117241295
0,5,7655,1.2788816322803696,local_best,0.9933898787390681,0.6987269237038791
0,6,8174,0.18739801537924983,unexplored,0.5624489412714188,0.12376066608401104
0,7,9581,0.18652351395772274,unexplored,0.5537558363378986,0.12236482876602428
1,0,2643,0.004014666550162393,global_best,0.9837115832091518,0.050175350319974
1,1,5124,0.001553503570808425,global_best,0.9841649594832149,0.01990148374007783
1,2,1216,0.019788258452832084,global_best,0.9840131632104643,0.2884054378187457
1,3,614,0.03603606601720082,global_best,0.9839776479598282,0.409334006315043
1,4,2958,1.795225568796108,local_best,0.9845758963761131,0.6664073046949189
1,5,7506,0.11783567661806112,local_best,0.9843813126186033,0.46854694979147227
1,6,9821,8.924559969865841,unexplored,0.5307591771858249,0.4834690643233511
1,7,8344,6.959736262275308,unexplored,0.5446880934339766,0.4914137546228817
2,0,8688,9.49362468277499,global_best,0.35917265055930025,0.4799564934633127
2,1,633,13.726724570279403,global_best,0.3924935564066848,0.4799388347171235
2,2,750,10.597733702990618,global_best,0.519081785136218,0.47918187762973097
2,3,8197,15.522984425084788,global_best,0.413054347953398,0.4824754444178325
2,4,8833,8.257299160177762,local_best,0.5061700856552025,0.5291631009556624
2,5,7278,8.429625902504192,local_best,0.4985692169635553,0.5333268427529364
2,6,8884,0.26038079220842525,unexplored,0.4010098197729668,0.8161255736539539
2,7,258,0.2599375568576016,unexplored,0.3764633668780496,0.8105533307818329
3,0,4057,2.4529052383885426,global_best,0.4082375193462987,0.2804632242046524
3,1,3246,0.6288832819334489,global_best,0.4108163955674278,0.21769979885723245
3,2,8585,1.0016463687146886,global_best,0.4274356695512971,0.2383924421890098
3,3,1012,1.6147799885373204,global_best,0.4187933190741614,0.26015779096205116
3,4,872,15.845250627942361,local_best,0.4161539981797615,0.4813441516353236
3,5,5663,0.17752578602689198,local_best,0.4425890233244587,0.11463994358570684
3,6,8013,2.31938145916932,unexplored,0.7026990328172319,0.745751329984277
3,7,4665,1.5754928287028673,unexplored,0.695677663215339,0.7657842927157243
4,0,3562,15.320485800798563,global_best,0.410023786741743,0.48199491773286707
4,1,2131,13.471862955312218,global_best,0.414825655521352,0.3872744114248413
4,2,2352,16.641138058478184,global_best,0.4151456539927457,0.42219223388067806
4,3,9029,17.192573932628804,global_best,0.41351685437859886,0.4428583095794191
4,4,4081,16.168828852629566,local_best,0.4206302368788194,0.48094160808430353
4,5,6880,0.02141229887459374,local_best,0.013657836426079983,0.48168232245519205
4,6,2558,16.528966554676547,unexplored,0.45564954943987745,0.4820173397769325
4,7,3541,16.41581291722031,unexplored,0.43276708170819367,0.4841844983225968
5,0,9311,16.31039161052814,global_best,0.4390946215718754,0.4866100436893823
5,1,5608,0.8494712587576742,global_best,0.4322270754910422,0.6679337354557424
5,2,8068,1.4437520723271617,global_best,0.4315542899531073,0.640891664837207
5,3,6035,16.281371896800756,global_best,0.4637805973609228,0.41507812900779906
5,4,3423,17.39956537585413,local_best,0.4162849285443547,0.448851365652003
5,5,9694,17.35523936916646,local_best,0.4157543876756019,0.4494367753080455
5,6,9779,0.3182328478225421,unexplored,0.7451516535267858,0.3379960313119229
5,7,1715,0.014184341437432576,unexplored,0.5809503798881793,0.9906791570657658
6,0,2939,16.1747573438986,global_best,0.4480854872830765,0.48790019527930184
6,1,6145,16.423982099504407,global_best,0.4274505332424855,0.4103375943357709
6,2,605,17.962951472208704,global_best,0.42618130223597295,0.4513870243296755
6,3,7724,10.423451868463129,global_best,0.4381223470808632,0.35891299099803065
6,4,4767,17.52818968654935,local_best,0.4183833377132715,0.44085511270251587
6,5,5023,0.0009872069108363545,unexplored,0.23213391280015616,0.0009430425274903342
6,6,1455,0.0015334099372995038,unexplored,0.2304166621173499,0.001473822086311416
7,0,6782,16.09251467344487,global_best,0.4046554179046665,0.4290479939721157
7,1,2539,15.445967470226195,global_best,0.4834980851068038,0.42914949195832186
7,2,9974,15.778249493748264,global_best,0.48208115823227327,0.4635015661671852
7,3,6075,16.006716592837194,global_best,0.42954912352067554,0.4874404737597884
7,4,2355,17.40474175546537,local_best,0.4189697737795244,0.4580286165838686
7,5,8308,0.2478183232814368,unexplored,0.18194140174843365,0.32393556607803375
7,6,9598,0.24034797701155308,unexplored,0.177213908269094,0.32599791853560267
8,0,9734,14.264677072340694,global_best,0.40089331826662655,0.4053516136255215
8,1,9866,14.065002188677878,global_best,0.4974113794914262,0.4370240760986729
8,2,4590,16.263425596127043,global_best,0.42932276570419525,0.40788492685035893
8,3,6812,16.157693447294513,global_best,0.45393296174299036,0.40793537105429634
8,4,3705,17.90266617518896,local_best,0.4241850557459762,0.4466887217446649
8,5,7349,0.27328465935767565,unexplored,0.2036486411232774,0.6439979536304735
8,6,8142,0.24242672743303295,unexplored,0.18081063503763528,0.6467749610819326
9,0,2207,14.701149214227476,global_best,0.41078880999961176,0.48964407603203264
9,1,3152,13.736845183578845,global_best,0.3823633310616279,0.44312734532291453
9,2,2996,14.714145531512829,global_best,0.4595629775055219,0.49896794422079305
9,3,3741,15.303950911295582,global_best,0.43946537435844213,0.49632277128437885
9,4,8804,17.76314927535766,local_best,0.42168164685289433,0.444385026638056
9,5,8271,3.3781787330596247,unexplored,0.758555228466791,0.5461444704633772
9,6,6382,3.4611729053958964,unexplored,0.7616749053941836,0.5457030160329485
10,0,4536,12.296041285096567,global_best,0.42286840905908707,0.5171503622838772
10,1,9972,10.111970730055265,global_best,0.4358396389345528,0.5366209028549586
10,2,8743,11.493322440443402,global_best,0.4540761443123418,0.5261427596891464
10,3,2230,10.795643042652786,global_best,0.40273948474683074,0.5196116758030075
10,4,8201,18.09012779190241,local_best,0.4303926180160754,0.45383788125698044
10,5,4593,6.250965497589159e-05,unexplored,0.728470945558592,5.282693229680113e-05
10,6,3897,0.0008513331411965241,unexplored,0.7271311968819275,0.0007168587065797816
11,0,2418,12.198107299405255,global_best,0.37736317679665077,0.41351653028995916
11,1,2411,10.788605716264493,global_best,0.3770539310016988,0.3933206703851887
11,2,4752,12.769888834421753,global_best,0.37796835564128417,0.463675805773178
11,3,1997,14.782733360240977,global_best,0.49253538071428926,0.44210703467972
11,4,1324,18.06505261547206,local_best,0.43272913601970464,0.457699605159294
11,5,5994,0.07327522053012421,unexplored,0.7747216226093416,0.9467911722816206
11,6,8619,0.06157562943415528,unexplored,0.7761299726143986,0.9534269834008132
12,0,417,13.173481116716173,global_best,0.49836777273947974,0.4189254495045479
12,1,5084,14.054051680184243,global_best,0.49815072025114837,0.45763187454517507
12,2,5083,8.30823661273459,global_best,0.41844678971622795,0.34456190798787534
12,3,5704,10.818141509706736,global_best,0.5059833291570635,0.398641335196384
12,4,5609,18.09932209205459,local_best,0.4294187868522533,0.4412878027999434
12,5,7815,17.64010529593808,unexplored,0.42835028381315066,0.46472195619874945
12,6,8817,17.908294566077526,unexplored,0.4557062844202975,0.45777935126563984
13,0,5275,15.796513415500646,global_best,0.4353893961280134,0.4018987079559666
13,1,7546,15.25231306203587,global_best,0.45700230937694064,0.40014546728455913
13,2,4820,12.981434226119942,global_best,0.483593048104329,0.5010473777944182
13,3,9273,17.51132517172868,global_best,0.4633834858663197,0.43765236472442226
13,4,2804,18.06813213054944,local_best,0.4490377603699617,0.45930368821307377
13,5,8028,0.004610623947053789,unexplored,0.35400494318124265,0.9967264010577331
13,6,6255,0.013874556492433118,unexplored,0.32135230581522534,0.9895648082378068
14,0,9146,12.020497359725695,global_best,0.3718979905749412,0.4610533305271882
14,1,7066,17.686458003480876,global_best,0.43354310280380104,0.4671741333524465
14,2,6416,11.872377232385482,global_best,0.3733049901228874,0.41752280610753034
14,3,3673,17.36644328979894,global_best,0.4549507768419997,0.47078499701270726
14,4,2793,17.348459244452876,local_best,0.4268947278233026,0.4690249397178835
14,5,8587,0.004916536236354654,unexplored,0.004060586286875667,0.71983846135049
14,6,8170,0.0016716191971241437,unexplored,0.0014257282875326238,0.7317720250869874
15,0,4573,9.017465796983117,global_best,0.35513176402571633,0.407164298467125
15,1,9236,18.075867950647677,global_best,0.4362671348044198,0.4333420303683231
15,2,1623,12.51526907639021,global_best,0.500112752076627,0.41195809503410197
15,3,9936,9.912898467109658,global_best,0.3556484328316968,0.43400001659547716
15,4,3493,17.35111164344301,local_best,0.42944789707870257,0.4707059473159374
15,5,4292,16.98581065807028,unexplored,0.46354783925892185,0.4703240479372064
15,6,1821,16.896473857230063,unexplored,0.4680690542342901,0.4662994129398188
16,0,2022,16.61038053268789,global_best,0.4111904758694911,0.427486454090268
16,1,2624,17.013843595776,global_best,0.45688807173726687,0.4751083649318354
16,2,7263,9.472551679435838,global_best,0.3998586951372155,0.3608068262457512
16,3,9347,14.625047389321121,global_best,0.4643348736103855,0.3978155951222587
16,4,1620,17.02154395693303,local_best,0.4157751035233219,0.42894433343014426
16,5,9401,17.306567202952372,unexplored,0.4272817081273277,0.42231387785603225
16,6,4260,17.48613500599785,unexplored,0.45232347763429603,0.4243890180725104
17,0,7820,17.373688873909813,global_best,0.46050915990817876,0.4292107795416997
17,1,8186,16.39323439916339,global_best,0.4133125614011103,0.42023263280146006
17,2,1443,11.505642576047958,global_best,0.5069204379618346,0.40941207181701833
17,3,9726,14.76642329189364,global_best,0.44003315300400536,0.39244484417692493
17,4,5772,17.5102451098659,local_best,0.450623425108169,0.42389975199699825
17,5,2388,0.00077327251632369,unexplored,0.0005979388347953085,0.30781915002611915
17,6,6846,0.1711567117251409,unexplored,0.7630193978156674,0.1685691443921128
18,0,7291,16.646668476823947,global_best,0.4625339853783005,0.4189408420801276
18,1,3954,12.98213562368932,global_best,0.39477531677168287,0.49221618328746686
18,2,7637,11.199333002529269,global_best,0.37517639831310245,0.4860034482382267
18,3,3028,14.927361790028632,global_best,0.47190251056452304,0.4903124894098283
18,4,5612,16.599568828445385,local_best,0.41349713706337177,0.42358582687907886
18,5,2630,0.15502549440001212,unexplored,0.20399460360938737,0.8264646094921829
18,6,7836,0.1564574919440276,unexplored,0.19776762761751843,0.819346148721771
19,0,6387,16.32250796378601,global_best,0.46783801312471496,0.41938983796838936
19,1,1159,16.24818216176892,global_best,0.42182817853883137,0.41102107526554577
19,2,1025,16.197725580096687,global_best,0.45830064152865646,0.484696287130047
19,3,2942,14.652152388102213,global_best,0.48018351526188785,0.4858856061896132
19,4,1028,16.100160858151497,local_best,0.4622955610006072,0.4117655415845085
19,5,4035,16.992267212638204,unexplored,0.43558915801270903,0.41484685030159496
19,6,991,16.35252716927125,unexplored,0.45818688673789265,0.4829688720853552
-1,0,7114,0.0008183158153398811,init,0.0017248221098407068,0.09766631812612292
-1,1,4213,0.007971803261723927,init,0.11687876059093905,0.9858584404109375
-1,2,7401,0.039822991196003625,init,0.9403483776701917,0.14060580407652679
-1,3,7516,0.016302079951018948,init,0.04126974737462186,0.9188528558831043
-1,4,6706,0.02494119951143465,init,0.03717528804964598,0.14081186209299945
-1,5,4738,0.06337677515507187,init,0.9788560151782346,0.8802517732816871
-1,6,7675,0.019049312452081104,init,0.012137458315200522,0.48864389709875844
-1,7,3783,0.021472626122295346,init,0.9198709341305428,0.05515659060178546
0,0,249,0.0023896549343052657,recommended,0.9743948076661665,0.9862107444796029
0,1,8831,0.0018044055532113932,recommended,0.9733070795003765,0.9903841776982191
0,2,6619,0.0066655295900177585,recommended,0.9751019011002003,0.9622780601524632
0,3,9622,0.00033578270141766697,recommended,0.99465422295811,0.9960669551947968
0,4,7611,0.002960958952264554,recommended,0.9927246195936279,0.9591934864585215
0,5,6503,0.004820353132218965,recommended,0.9805403040313542,0.9656257228375925
0,6,598,0.0056175914248827955,recommended,0.9734889691773969,0.9688778552856915
0,7,3411,0.005899510482087201,recommended,0.9752445352839586,0.9657704438842871
1,0,3850,0.7048196528720456,recommended,0.9966832779346797,0.7507902311797877
1,1,6975,0.6598550053146298,recommended,0.9976962186612135,0.7533881149198358
1,2,8336,0.6727568669317784,recommended,0.9991495667786588,0.7488391884618512
1,3,1230,0.03804673122834317,recommended,0.9938483888996982,0.880314762148927
1,4,7215,0.0199858760883183,recommended,0.9958564291781623,0.8972965885332946
1,5,832,0.09586548710149678,recommended,0.9921580148233127,0.8514249577450957
1,6,7162,0.04023535027526372,recommended,0.9869036664352556,0.886932396317172
1,7,6863,0.3040669686123332,recommended,0.9904657320615764,0.8076596015747801
2,0,956,0.006746342686878487,recommended,0.9963343376272473,0.36830953050684834
2,1,2231,0.0022487626546367975,recommended,0.9965263087986191,0.13521731371285473
2,2,8284,0.0044488033046994405,recommended,0.9965220719246723,0.2988202348114175
2,3,266,0.5264979242383598,recommended,0.9966368370739054,0.5554317056026274
2,4,4514,0.020218286334084512,recommended,0.9969905028125511,0.42555587769671754
2,5,8576,1.0316705711803522,recommended,0.9971628142794569,0.6112086528155425
2,6,9651,0.003261851214606615,recommended,0.9971494397581668,0.2593813734083905
2,7,3799,0.0031419599495278398,recommended,0.9974229390535542,0.28107388544511314
3,0,5187,0.1372010220423317,recommended,0.9975137456618959,0.49350036407261666
3,1,2128,0.04176232150822424,recommended,0.9977493890102006,0.4517394759814438
3,2,7485,0.12359068952876798,recommended,0.9998051441338015,0.4929924291045318
3,3,9456,1.1412555331636491,recommended,0.9998714382741338,0.6441780901693773
3,4,9756,0.7860131953924073,recommended,0.9992994759634984,0.5897528545321056
3,5,6526,0.7006469231890995,recommended,0.9988448271846312,0.5792200352275578
3,6,9798,0.021811267951024692,recommended,0.9978978527542169,0.4309933420681695
3,7,7809,0.02059596100350835,recommended,0.9999248268331765,0.43529133149533195
4,0,977,0.004613829172741363,recommended,0.9983475113929496,0.9331133313435577
4,1,732,0.00013895174868845453,recommended,0.9994137257706666,0.04821203886055603
4,2,2894,0.0006292636281169736,recommended,0.9993503004722002,0.21143125799891116
4,3,808,1.3841333345861946,recommended,0.9941393612211675,0.6618391898493786
4,4,3379,0.0009953292881078124,recommended,0.9992072989434408,0.28684664564719997
4,5,1701,0.0016638475749569507,recommended,0.9988926120332906,0.32663924942591094
4,6,9772,0.0010632513286517318,recommended,0.9988260595142483,0.1956089962521924
4,7,6202,0.00045669026940003623,recommended,0.9986984818412868,0.07171052088493268
5,0,4248,0.5668732542685511,recommended,0.994287985761059,0.5556171546824029
5,1,7620,0.46357967435001424,recommended,0.9939977334136711,0.5435402377305709
5,2,8097,0.41211998596495436,recommended,0.9940619833831104,0.537356404772887
5,3,8540,1.409540887278422,recommended,0.4577140514982325,0.6428236882754317
5,4,7521,0.21624659711843602,recommended,0.1585980058380423,0.6416865079747998
5,5,5544,1.306254495970351,recommended,0.450390076405931,0.6466727531599051
5,6,1088,0.4267360043799422,recommended,0.27927608845441043,0.6428819100587077
5,7,180,1.1223942414928847,recommended,0.3881699262065219,0.6432882184423532
6,0,3829,1.36967837768926,recommended,0.476991915378175,0.642278163507115
6,1,3095,3.3725413902124948,recommended,0.6974316172371925,0.6428065910861737
6,2,6823,5.032154864384488,recommended,0.7191965605136547,0.6428035087828761
6,3,4443,5.168247048354804,recommended,0.7248708535798805,0.6981169240835235
6,4,9503,5.638459900648105,recommended,0.7261811220000153,0.6822871217636975
6,5,9799,5.410628245632084,recommended,0.7262425885073709,0.6933970262725346
6,6,4907,3.1594560048588374,recommended,0.9571070960000514,0.6967955139643413
6,7,8073,10.637957535289193,recommended,0.7852946667226732,0.697141350492399
7,0,1757,0.07778867743516002,recommended,0.8525474212459705,0.9379652314338942
7,1,8086,0.06898948085289869,recommended,0.8514263944150061,0.9424578385332962
7,2,8744,0.0938240207700532,recommended,0.8505066043781953,0.9316074951476611
7,3,574,0.5826603655489468,recommended,0.8505817290942419,0.8672942009598024
7,4,2926,0.6399661414488702,recommended,0.8515814000172374,0.8637896229650033
7,5,9320,2.8772001423586957,recommended,0.8506005483015567,0.8034235690981628
7,6,1254,0.283182326989488,recommended,0.8469688542070605,0.8930902051954149
7,7,5093,0.47542827669624,recommended,0.8491322479885106,0.8747019843267121
8,0,265,0.0020934474763369356,recommended,0.8129010091300776,0.9997176732861306
8,1,1463,0.01745818413199591,recommended,0.8066935196947392,0.9848584027624758
8,2,8682,0.04033500073285572,recommended,0.7949509328246771,0.9666726667052931
8,3,4732,0.05624767839957405,recommended,0.8131821472844613,0.9546376520064683
8,4,6396,0.05733619671744971,recommended,0.7915739089300279,0.9554141647460965
8,5,6408,0.0479782335496921,recommended,0.7922507001640182,0.9614313123833371
8,6,9017,0.06411596698401814,recommended,0.8095792609149848,0.9503245389672733
8,7,222,0.0693340747487225,recommended,0.8127995672575026,0.9472485773838587
9,0,6321,0.010547410747771123,recommended,0.763997049319543,0.9919266183081108
9,1,6742,0.010854056493592674,recommended,0.7809331797904943,0.991507688278502
9,2,1045,0.04469755428106559,recommended,0.7756118509253275,0.9644766539008116
9,3,7030,0.04289812465706528,recommended,0.7704893585012963,0.9659502051125735
9,4,2554,0.04263703004290907,recommended,0.7665959447120516,0.9662742977481859
9,5,9270,0.04633162665778564,recommended,0.7799157791054099,0.9631577002561021
9,6,8619,0.06157562943415528,recommended,0.7761299726143986,0.9534269834008132
9,7,5994,0.07327522053012421,recommended,0.7747216226093416,0.9467911722816206
10,0,1486,7.9086056675568575,recommended,0.786205652261058,0.7344439320755914
10,1,4538,5.34649586580172,recommended,0.7841871792320796,0.7632851902031591
10,2,9698,4.9425417842424775,recommended,0.7858716255931055,0.7690614733811709
10,3,8784,3.9929010708392676,recommended,0.7839607870610179,0.7809152521545261
10,4,540,0.08620509068446533,recommended,0.786345014415552,0.08941100231225951
10,5,887,0.26066953395902975,recommended,0.7869033862552951,0.31540689574801273
10,6,7476,0.27400408234632406,recommended,0.7839123805872337,0.3324477182476383
10,7,7322,0.27185396755325003,recommended,0.7869900833848252,0.3342633747792092
11,0,8850,0.10791642167256602,recommended,0.7848372497826352,0.11211364833819615
11,1,4900,0.18385243704515888,recommended,0.7848829833877943,0.2000089211127476
11,2,6112,1.2843959695576923,recommended,0.7847743211627893,0.48549589116587255
11,3,6856,0.11680458580181309,recommended,0.785331691138784,0.12205376708131599
11,4,2353,0.18029151154272002,recommended,0.7850639210464312,0.19571264009964906
11,5,9114,0.20566996572729743,recommended,0.7846759807288776,0.22816733438058445
11,6,4167,0.8060606989871336,recommended,0.78580848424435,0.46245681706514796
11,7,8664,0.23336992274599452,recommended,0.7861684214493713,0.26971700408253885
12,0,971,9.948916532733262,recommended,0.7848969771114676,0.7076809347409158
12,1,3196,7.650490541966261,recommended,0.750160832954601,0.693400853429044
12,2,7326,0.4624969436118265,recommended,0.3711116637765881,0.6974990360370945
12,3,8673,0.5511079676296431,recommended,0.4397685038881436,0.6973257703179158
12,4,8231,0.20687553126579833,recommended,0.16962409303157244,0.6973580668337706
12,5,4620,0.4065604338949543,recommended,0.33473532657927907,0.6954884591776503
12,6,6351,6.662972336410371,recommended,0.7545233074255646,0.7216296360047
12,7,3141,7.771383340971043,recommended,0.7621875111940821,0.7136073662634715
13,0,824,9.668639018488795,recommended,0.7820280876703859,0.7087446977429764
13,1,8797,9.756722255587539,recommended,0.7824394094988749,0.7078920306979332
13,2,5794,11.35543599528944,recommended,0.784441542070729,0.6787132362153538
13,3,7803,11.070812110246887,recommended,0.7839169288465484,0.6858724552314401
13,4,7157,8.477550169353409,recommended,0.7759739087498881,0.7192685059486148
13,5,8675,8.727342821037057,recommended,0.781043121076968,0.7206763590925183
13,6,2963,10.812737052908584,recommended,0.7768213672402811,0.6734197289114326
13,7,8702,10.645227610656972,recommended,0.7747234292206013,0.6717727263622298
14,0,1321,11.06906728512243,recommended,0.7818238633449356,0.6441492214759159
14,1,6725,8.292751224449528,recommended,0.7845101356775531,0.5961627979106775
14,2,2175,8.484509595771996,recommended,0.7844054732127973,0.59856299321776
14,3,4914,10.369051847942195,recommended,0.7711360481708222,0.6612653062650915
14,4,9280,10.921137737546248,recommended,0.7802034968567615,0.6438472028115468
14,5,8617,10.334275622633454,recommended,0.7707726882106072,0.663444393638966
14,6,1468,7.041358489447244,recommended,0.7806317174255571,0.5837727805141116
14,7,7303,10.292034480452553,recommended,0.7788926451025717,0.6310657781676963
15,0,9864,10.020463105239847,recommended,0.7676754330372791,0.6659300312206798
15,1,5698,9.158887631779146,recommended,0.763631915547134,0.6879840215236698
15,2,1710,8.653813539385826,recommended,0.7643533864364274,0.6237430848640091
15,3,622,8.470147378055987,recommended,0.7610239909429989,0.6262203216314154
15,4,5022,8.399669644296804,recommended,0.7640930002129815,0.619351305936299
15,5,5295,9.843368888568277,recommended,0.7767682713500729,0.62584666605061
15,6,9423,9.990989482079954,recommended,0.7758970823891844,0.6300938494554116
15,7,1355,2.321013785493491,recommended,0.7731418739186715,0.5179605277125789
16,0,930,10.841826726843143,recommended,0.7764474464997246,0.6561618376810715
16,1,1446,10.320067748507117,recommended,0.7711228158518866,0.6546506868659545
16,2,7497,8.982232017587364,recommended,0.7583057135132932,0.6508834851238695
16,3,8347,11.427290774819852,recommended,0.7826207890770093,0.6638101052502828
16,4,7772,7.760526644156365,recommended,0.7460934621942268,0.6707257400787232
16,5,997,8.332966238409966,recommended,0.7513750860290457,0.6569551562671395
16,6,9932,7.756901171645765,recommended,0.7734812033785419,0.7265707083277937
16,7,4490,8.593266889749364,recommended,0.7548725289085606,0.6486950425330354
17,0,7705,3.5426319349914186,recommended,0.7478922540260833,0.5568151179693931
17,1,4567,4.396138973436001,recommended,0.7766068397963906,0.5522222801738466
17,2,1707,5.727800174408739,recommended,0.7837382510752364,0.5661806912250709
17,3,46,4.369936307674575,recommended,0.7607850486168974,0.5612771975694962
17,4,8384,4.5152514866067985,recommended,0.7596949977999118,0.5643411678731507
17,5,7660,6.7185767884791385,recommended,0.7827357103601918,0.7461505038267879
17,6,4065,8.859324773209762,recommended,0.7783719045454912,0.6085715931739742
17,7,3835,4.773601232842984,recommended,0.7697723073855856,0.5613558241893379
18,0,7456,5.588830242670164,recommended,0.739551148734993,0.605003061338033
18,1,4903,6.365080240065404,recommended,0.7388050500786865,0.625211533857515
18,2,4867,6.097915710551468,recommended,0.7462548943502054,0.6046127135052216
18,3,6138,5.5158851760841205,recommended,0.7408093647327442,0.6014711008812074
18,4,5757,6.56347444905389,recommended,0.740035944984177,0.6277004136007399
18,5,8555,7.222509842590215,recommended,0.7459546179039995,0.6306871883123164
18,6,355,6.632306488465703,recommended,0.7602278598896866,0.5956387406078443
18,7,8441,5.188923383225809,recommended,0.7437809301448561,0.5909999590859538
19,0,9307,8.366665893646642,recommended,0.7742221911560132,0.6059089432132964
19,1,1130,8.053337877751089,recommended,0.7738796557301564,0.6019234310151316
19,2,2319,1.6212564874775657,recommended,0.7518251459566812,0.8119462346378834
19,3,9173,3.0411556528643233,recommended,0.7510895304423859,0.7785818487206433
19,4,194,1.778389776815495,recommended,0.7506147516408583,0.806834739267264
19,5,8534,0.6559293175477955,recommended,0.7476446125967731,0.8501188680561119
19,6,1702,1.735219424076936,recommended,0.7481839120488464,0.8066650530268165
19,7,3488,1.1062038359081943,recommended,0.7486721752509908,0.8279249545453125
-1,0,7114,0.0008183158153398811,init,0.0017248221098407068,0.09766631812612292
-1,1,4213,0.007971803261723927,init,0.11687876059093905,0.9858584404109375
-1,2,7401,0.039822991196003625,init,0.9403483776701917,0.14060580407652679
-1,3,7516,0.016302079951018948,init,0.04126974737462186,0.9188528558831043
-1,4,6706,0.02494119951143465,init,0.03717528804964598,0.14081186209299945
-1,5,4738,0.06337677515507187,init,0.9788560151782346,0.8802517732816871
-1,6,7675,0.019049312452081104,init,0.012137458315200522,0.48864389709875844
-1,7,3783,0.021472626122295346,init,0.9198709341305428,0.05515659060178546
0,0,6619,0.0066655295900177585,recommended,0.9751019011002003,0.9622780601524632
0,1,2729,0.008058151689105226,recommended,0.9764565294354102,0.9546663568790689
0,2,9622,0.00033578270141766697,recommended,0.99465422295811,0.9960669551947968
0,3,6204,0.003954350241851208,recommended,0.9710724586278197,0.9792381683199844
0,4,8831,0.0018044055532113932,recommended,0.9733070795003765,0.9903841776982191
0,5,8009,0.001996513234990417,recommended,0.9933675008820889,0.9682983146601692
0,6,712,0.003634197215209279,recommended,0.9866301229588469,0.9651186964360455
0,7,249,0.0023896549343052657,recommended,0.9743948076661665,0.9862107444796029
1,0,3850,0.7048196528720456,recommended,0.9966832779346797,0.7507902311797877
1,1,8336,0.6727568669317784,recommended,0.9991495667786588,0.7488391884618512
1,2,7215,0.0199858760883183,recommended,0.9958564291781623,0.8972965885332946
1,3,6975,0.6598550053146298,recommended,0.9976962186612135,0.7533881149198358
1,4,3588,0.6043958421666985,recommended,0.9916861403927356,0.770437802792337
1,5,1230,0.03804673122834317,recommended,0.9938483888996982,0.880314762148927
1,6,6231,0.556993953187143,recommended,0.9901097837349171,0.7777915804196904
1,7,6863,0.3040669686123332,recommended,0.9904657320615764,0.8076596015747801
2,0,956,0.006746342686878487,recommended,0.9963343376272473,0.36830953050684834
2,1,8284,0.0044488033046994405,recommended,0.9965220719246723,0.2988202348114175
2,2,2231,0.0022487626546367975,recommended,0.9965263087986191,0.13521731371285473
2,3,266,0.5264979242383598,recommended,0.9966368370739054,0.5554317056026274
2,4,4514,0.020218286334084512,recommended,0.9969905028125511,0.42555587769671754
2,5,9651,0.003261851214606615,recommended,0.9971494397581668,0.2593813734083905
2,6,8576,1.0316705711803522,recommended,0.9971628142794569,0.6112086528155425
2,7,1751,0.00040865518766265984,recommended,0.9972378999036027,0.030026005329392813
3,0,5187,0.1372010220423317,recommended,0.9975137456618959,0.49350036407261666
3,1,9756,0.7860131953924073,recommended,0.9992994759634984,0.5897528545321056
3,2,7485,0.12359068952876798,recommended,0.9998051441338015,0.4929924291045318
3,3,9456,1.1412555331636491,recommended,0.9998714382741338,0.6441780901693773
3,4,2128,0.04176232150822424,recommended,0.9977493890102006,0.4517394759814438
3,5,5736,0.021878386302640006,recommended,0.9985602484850686,0.43307610258679263
3,6,7809,0.02059596100350835,recommended,0.9999248268331765,0.43529133149533195
3,7,6526,0.7006469231890995,recommended,0.9988448271846312,0.5792200352275578
4,0,8143,1.2685940680634085,recommended,0.9927870182635864,0.6225908979425233
4,1,6873,1.4097903073120488,recommended,0.9928144622555386,0.6784266670087369
4,2,808,1.3841333345861946,recommended,0.9941393612211675,0.6618391898493786
4,3,5324,1.4152448019045034,recommended,0.9925898759338447,0.6793934881124261
4,4,977,0.004613829172741363,recommended,0.9983475113929496,0.9331133313435577
4,5,9697,0.9260943749891392,recommended,0.9959066403863422,0.5955507012324858
4,6,9920,0.7682716401837917,recommended,0.9907239105537778,0.5685821806899978
4,7,2958,1.795225568796108,recommended,0.9845758963761131,0.6664073046949189
5,0,3059,0.3367853370805144,recommended,0.2650472874092833,0.6720595026617354
5,1,8193,0.05474357006575903,recommended,0.04077327434137146,0.6722715076341925
5,2,4822,0.6356043897924555,recommended,0.3763875377344753,0.672262939932566
5,3,2805,0.1029097422119646,recommended,0.07696918300801736,0.6707650254430357
5,4,9110,0.6137899425702313,recommended,0.36806970521729876,0.6713340311030056
5,5,440,0.2905641991062471,recommended,0.2310747965880714,0.6718927435987284
5,6,1664,0.1833236674522092,recommended,0.140324518193515,0.6711574733796887
5,7,4705,0.20405411231094617,recommended,0.15737851486886756,0.670974709485785
6,0,1062,1.8154481530132647,recommended,0.9841103190364978,0.6679199988036271
6,1,9864,10.020463105239847,recommended,0.7676754330372791,0.6659300312206798
6,2,1317,4.632963164422209,recommended,0.7130460506343187,0.6663854135782065
6,3,1094,11.90327568985109,recommended,0.7884473432532987,0.6649849034759953
6,4,8455,3.7842554713062793,recommended,0.952765897153333,0.6645794280090398
6,5,1573,9.380224959195036,recommended,0.8953460891531693,0.6664630475268357
6,6,7871,7.017680285723803,recommended,0.9177956261106798,0.6667560613073773
6,7,1848,3.1346729983714017,recommended,0.9614923245741122,0.6678679067008134
7,0,2152,0.06396677332506603,recommended,0.8284386709389908,0.08018675681211329
7,1,3632,0.07055984624516323,recommended,0.8058911691968542,0.07924960612992882
7,2,5444,0.0667939354831692,recommended,0.8192305768401023,0.07989368779136086
7,3,3784,0.03155422603764625,recommended,0.8206415603544788,0.03769739042267062
7,4,3735,0.03254527622568223,recommended,0.8179041768324394,0.038363861355701134
7,5,1163,0.0013094807745713788,recommended,0.8211982825502265,0.0015651051914729042
7,6,5895,0.004799013933284432,recommended,0.8182120013704631,0.005652104841184724
7,7,5514,0.01230072198201456,recommended,0.8311272167177457,0.015482459137515336
8,0,5451,11.981199915653631,recommended,0.7898681073797429,0.6562398932483586
8,1,9280,10.921137737546248,recommended,0.7802034968567615,0.6438472028115468
8,2,1321,11.06906728512243,recommended,0.7818238633449356,0.6441492214759159
8,3,7303,10.292034480452553,recommended,0.7788926451025717,0.6310657781676963
8,4,9327,10.515156068545208,recommended,0.7870695027239316,0.6237219692791834
8,5,1814,11.112680476793928,recommended,0.7925948132091347,0.627328935090678
8,6,5382,11.484296208936168,recommended,0.7952870447972226,0.630779733104932
8,7,4065,8.859324773209762,recommended,0.7783719045454912,0.6085715931739742
9,0,7002,0.15768590033688845,recommended,0.7904152503192102,0.9162708373435314
9,1,8371,0.1895366184621976,recommended,0.7899327210558801,0.9090725263612945
9,2,1310,0.29661439515327254,recommended,0.7889324717760072,0.8918721448107347
9,3,6396,0.05733619671744971,recommended,0.7915739089300279,0.9554141647460965
9,4,6889,11.024757055810408,recommended,0.7906595260456108,0.6971398139457832
9,5,6408,0.0479782335496921,recommended,0.7922507001640182,0.9614313123833371
9,6,6059,5.799188433532617,recommended,0.7889508965412335,0.7599971583309685
9,7,5190,10.178931264728103,recommended,0.788581765108471,0.7080237839979118
10,0,7895,0.7677877887126856,recommended,0.798613015923451,0.4585487714794001
10,1,5252,0.4803507529129536,recommended,0.7963001859676636,0.43173282384284917
10,2,739,0.508769158686689,recommended,0.7978136488586345,0.435583314812933
10,3,5077,0.3982907000465419,recommended,0.7955818365422829,0.4170552362327056
10,4,1049,0.3283949874444355,recommended,0.7979141596158941,0.3959704726624549
10,5,5686,0.4895402927074954,recommended,0.7982211815880134,0.43307450514456514
10,6,625,1.2353608658821953,recommended,0.7965372909761763,0.4815223515125501
10,7,115,1.931263492869115,recommended,0.7948113035416484,0.5026370931051921
11,0,4604,7.529175361979986,recommended,0.7919065384222369,0.5830186474441363
11,1,4684,7.356498232280435,recommended,0.7913527236523344,0.5813665572045749
11,2,7911,6.804127114976584,recommended,0.7925871600335685,0.574642070621839
11,3,2976,10.21954945603074,recommended,0.7900832499714378,0.6162907483541447
11,4,2062,12.016550095212402,recommended,0.7921911948016761,0.6763610678727241
11,5,5794,11.35543599528944,recommended,0.784441542070729,0.6787132362153538
11,6,7803,11.070812110246887,recommended,0.7839169288465484,0.6858724552314401
11,7,8073,10.637957535289193,recommended,0.7852946667226732,0.697141350492399
12,0,1280,10.620104039096475,recommended,0.7945155444907487,0.7070864772666982
12,1,6049,7.4483138814351975,recommended,0.7427308637633193,0.6593990799053714
12,2,2825,7.254599274192888,recommended,0.7416841289918231,0.6752308375620375
12,3,7772,7.760526644156365,recommended,0.7460934621942268,0.6707257400787232
12,4,6894,6.824793199727917,recommended,0.7416088339433383,0.6934258420162734
12,5,8555,7.222509842590215,recommended,0.7459546179039995,0.6306871883123164
12,6,9316,6.028982323735188,recommended,0.7418668600865923,0.7140027085235114
12,7,3078,5.688352852957725,recommended,0.7433528955700124,0.7233303039939631
13,0,8675,8.727342821037057,recommended,0.781043121076968,0.7206763590925183
13,1,8919,9.616017348397524,recommended,0.7882051110716313,0.715282131327177
13,2,7157,8.477550169353409,recommended,0.7759739087498881,0.7192685059486148
13,3,9932,7.756901171645765,recommended,0.7734812033785419,0.7265707083277937
13,4,6982,7.7318354177794975,recommended,0.7692312035414377,0.7227272780446271
13,5,5929,6.079573674358987,recommended,0.7922170331553517,0.7581292064968449
13,6,5205,3.9273401587892147,recommended,0.7937174257852123,0.785202867912825
13,7,1254,0.283182326989488,recommended,0.8469688542070605,0.8930902051954149
14,0,3001,9.593642058545996,recommended,0.8723945633548149,0.6131162390692415
14,1,805,10.788972932884942,recommended,0.8800790875614583,0.6508773690471942
14,2,7078,8.544717336856769,recommended,0.8805824431209666,0.6068314289137332
14,3,5338,9.480342696962392,recommended,0.8750345312452585,0.6141627026161989
14,4,7323,9.058449583101622,recommended,0.8812495283226056,0.6149100858019407
14,5,6295,10.308359002596708,recommended,0.881466764879556,0.6386990948831726
14,6,9414,10.787626225924473,recommended,0.8776692678517609,0.6426396706650265
14,7,4293,5.318680836673544,recommended,0.8735753057597342,0.7627990528758054
15,0,1679,13.530689515218578,recommended,0.8218309465853593,0.6595107686407702
15,1,6538,13.357277230885067,recommended,0.8169684504748762,0.6535607255451928
15,2,4271,12.93584746742805,recommended,0.80426115437845,0.6591555446001344
15,3,502,13.046829727848184,recommended,0.8065611478614497,0.6587833667107174
15,4,8423,13.053872802485643,recommended,0.806395293334983,0.6624984583613046
15,5,573,12.53410180834408,recommended,0.7974260216069281,0.6584518346584255
15,6,917,13.241722087558932,recommended,0.8117697880901376,0.6564786073315027
15,7,7346,13.06398688919826,recommended,0.8071797702024911,0.657494059256251
16,0,9147,13.53872898881287,recommended,0.8345719568709472,0.6594796782867858
16,1,9022,13.173960347409015,recommended,0.8445563757121602,0.6739812723165507
16,2,7188,13.21835904100001,recommended,0.8438849656656322,0.6730091009630523
16,3,8060,13.293325575775121,recommended,0.8301169113081226,0.6795518622851849
16,4,3733,13.370555576503074,recommended,0.8366202103676581,0.6507883208469019
16,5,8482,13.059419673213442,recommended,0.8272769548719391,0.6854066230403211
16,6,6711,12.766805227046387,recommended,0.8363692930100863,0.6899911963543062
16,7,157,12.421501848341823,recommended,0.8359801205122058,0.695974206093698
17,0,1020,5.9570950651445305,recommended,0.8506160578411378,0.5612227882825249
17,1,3258,9.64060468506073,recommended,0.8453299756887267,0.7271628097401385
17,2,3394,5.021634743226917,recommended,0.8505801973065994,0.5505453006199955
17,3,929,9.593451438543484,recommended,0.8419985528900615,0.7284906771616132
17,4,4642,9.117494520260117,recommended,0.8463180127808737,0.732300770608181
17,5,2328,5.067376107188081,recommended,0.8364421924698697,0.5489096316400717
17,6,5326,6.826639443913371,recommended,0.8444263331200869,0.5691415704542683
17,7,4176,4.808157738951993,recommended,0.8524388856418731,0.5484009367419117
18,0,3922,11.324200133614724,recommended,0.8207358408157303,0.6145410182213155
18,1,8578,11.41403882369155,recommended,0.8315453313427965,0.6150849664876834
18,2,6220,11.348261760840492,recommended,0.8328490415914426,0.6144100093171658
18,3,1930,10.977692437670472,recommended,0.8146710047099892,0.6118310201032214
18,4,864,11.24220215476901,recommended,0.8139702695060188,0.6152194382310109
18,5,7055,10.319538465851588,recommended,0.8294466397616644,0.6027298005076018
18,6,1712,11.707532016053788,recommended,0.8371196278306522,0.6195262000363033
18,7,7732,12.995117067139907,recommended,0.828125191856901,0.6385250461916646
19,0,8572,13.06211143051325,recommended,0.8492687504381812,0.6698908678584068
19,1,1027,13.041700317036456,recommended,0.8499753714806619,0.6690223373291083
19,2,2354,13.315157152671686,recommended,0.8202533189448897,0.6487471138950182
19,3,4871,12.541893710582615,recommended,0.8518879824703832,0.6840248616920718
19,4,5889,12.421236387462882,recommended,0.8579574553975083,0.6780603767876752
19,5,3254,12.441933406970753,recommended,0.8545154359107495,0.6831755632398181
19,6,4679,12.298349388896163,recommended,0.8543459827827155,0.6867677955971696
19,7,2786,13.265684865925376,recommended,0.8218393227529025,0.6463099336573813
-1,0,7114,0.0008183158153398811,init,0.0017248221098407068,0.09766631812612292
-1,1,4213,0.007971803261723927,init,0.11687876059093905,0.9858584404109375
-1,2,7401,0.039822991196003625,init,0.9403483776701917,0.14060580407652679
-1,3,7516,0.016302079951018948,init,0.04126974737462186,0.9188528558831043
-1,4,6706,0.02494119951143465,init,0.03717528804964598,0.14081186209299945
-1,5,4738,0.06337677515507187,init,0.9788560151782346,0.8802517732816871
-1,6,7675,0.019049312452081104,init,0.012137458315200522,0.48864389709875844
-1,7,3783,0.021472626122295346,init,0.9198709341305428,0.05515659060178546
0,0,8244,0.01682210903709572,recommended,0.9868768469417205,0.30224939491319747
0,1,223,0.9177172530723423,recommended,0.9860010638228709,0.7533781852589416
0,2,4777,0.32643306010828516,recommended,0.6452777553235629,0.8267276483962821
0,3,4072,0.005349588675840358,recommended,0.9509413518658343,0.022202812987850318
0,4,7350,0.0003255497364322731,recommended,0.9945051042205587,0.01200916308426414
0,5,720,0.013720408239819045,recommended,0.9699120461072704,0.09390071578941839
0,6,8167,0.04222267822284134,recommended,0.6468602240172217,0.9702937327487523
0,7,8969,0.09574822034549633,recommended,0.9644592682795124,0.8790319718764711
1,0,7343,0.30509409466133586,recommended,0.34544638580551346,0.7612714296253603
1,1,3792,0.6164027730120674,recommended,0.5345545447560391,0.6751298858444197
1,2,2882,7.407261118737734,recommended,0.874743649656566,0.7374314414271221
1,3,1331,0.26842584189836544,recommended,0.21574067917645412,0.6778132003100442
1,4,5190,10.178931264728103,recommended,0.788581765108471,0.7080237839979118
1,5,1391,0.5321229396236522,recommended,0.9811925291641158,0.7931428739967394
1,6,4904,0.48047035403178806,recommended,0.9863821716288922,0.5335897301104087
1,7,8226,0.021247703434731133,recommended,0.021641794608235676,0.7848913946638502
2,0,871,0.011485183588193112,recommended,0.7693048936413398,0.011031264428647214
2,1,2329,0.21566922761736912,recommended,0.1891957923903549,0.7203839985864458
2,2,9790,0.8802723474433516,recommended,0.7189098153252109,0.49009069121436144
2,3,4517,0.444792649028,recommended,0.45427072436042526,0.7195584132654349
2,4,8421,8.070015421448876,recommended,0.8246314679891132,0.7449651984608933
2,5,9505,6.749720254168782,recommended,0.7553420154341339,0.7212682934854172
2,6,9732,0.1732777883396686,recommended,0.8525002438794788,0.2820676245442767
2,7,2094,2.8623819162919,recommended,0.693422128056309,0.7006114963944516
3,0,3755,0.005821482508327121,recommended,0.8369278328446237,0.9954836107332199
3,1,4581,0.31648111574018356,recommended,0.7691698695235875,0.36856246902771383
3,2,8331,11.524566061834568,recommended,0.8690471024768169,0.6433243136757882
3,3,1698,1.125777501034881,recommended,0.8254156641239481,0.844871347755229
3,4,5451,11.981199915653631,recommended,0.7898681073797429,0.6562398932483586
3,5,989,1.022866989223703,recommended,0.8727302504846018,0.8419335667918086
3,6,6574,2.3706933560877994,recommended,0.715850015526811,0.7619697445971535
3,7,3613,0.0724498372060224,recommended,0.859324951070476,0.1100177211275436
4,0,2791,12.09820721331131,recommended,0.8263903116005552,0.701499101465166
4,1,8665,5.304356319620955,recommended,0.7330317809458987,0.6102584551902313
4,2,7078,8.544717336856769,recommended,0.8805824431209666,0.6068314289137332
4,3,2952,0.14197326413172792,recommended,0.09914611227762393,0.6229540441833817
4,4,2976,10.21954945603074,recommended,0.7900832499714378,0.6162907483541447
4,5,7655,1.2788816322803696,recommended,0.9933898787390681,0.6987269237038791
4,6,8760,1.5839859983851863,recommended,0.5612056530988694,0.5960985276700957
4,7,9697,0.9260943749891392,recommended,0.9959066403863422,0.5955507012324858
5,0,3543,1.3222783746874658,recommended,0.6539942214202483,0.6185851490721154
5,1,6420,6.837510824445308,recommended,0.854000823496369,0.5716397232701479
5,2,7819,7.290483222971745,recommended,0.8344499573477631,0.7525186605703621
5,3,1579,0.20819903378734209,recommended,0.8247432373470076,0.2923831104121931
5,4,7959,4.841246532352782,recommended,0.8221829058167339,0.7786521510749094
5,5,1574,0.6942144243168302,recommended,0.7873870267523329,0.45434542306765513
5,6,8500,13.066430179059454,recommended,0.8129477019446214,0.678542029790759
5,7,1482,11.362089488952918,recommended,0.8565372237479268,0.7011698615902597
6,0,8073,10.637957535289193,recommended,0.7852946667226732,0.697141350492399
6,1,7750,3.0443862553669865,recommended,0.9606008100125213,0.6884093364557076
6,2,1172,4.6919833165119655,recommended,0.941725711618925,0.668572646722914
6,3,7763,10.588526647192756,recommended,0.7975655525345219,0.7098270749198761
6,4,8375,10.793853998272027,recommended,0.8081187549853212,0.6120009375568681
6,5,4538,5.34649586580172,recommended,0.7841871792320796,0.7632851902031591
6,6,4989,3.7179758432909544,recommended,0.9506117747428903,0.6342526534515374
6,7,7646,3.2554748333681807,recommended,0.6976348228326642,0.6913864452150186
7,0,576,3.3728560717718024,recommended,0.6974714616692836,0.6801407717603004
7,1,5932,0.12222440066918994,recommended,0.7893004491081501,0.1301944598703667
7,2,5686,0.4895402927074954,recommended,0.7982211815880134,0.43307450514456514
7,3,4930,2.94665457214771,recommended,0.849034513283473,0.5215995129911216
7,4,7127,0.15937245989136245,recommended,0.8171272821701449,0.9159920013620774
7,5,2760,7.773723128345939,recommended,0.8343247957493986,0.5773534012196677
7,6,5494,11.55977914003158,recommended,0.8700551931092828,0.6783931464059073
7,7,764,4.109216521369944,recommended,0.8030258978326634,0.5391612766752545
8,0,2312,4.286059901626494,recommended,0.9450240645805688,0.6825404787671571
8,1,2192,4.8040141959178415,recommended,0.878033512844457,0.5578736756600732
8,2,3531,0.9400176521178678,recommended,0.6770937847836443,0.7785158800616635
8,3,8782,4.703870425895203,recommended,0.7295038264293836,0.6020495435493508
8,4,755,10.519918135004852,recommended,0.8129857387160935,0.7181230762264944
8,5,1062,1.8154481530132647,recommended,0.9841103190364978,0.6679199988036271
8,6,6841,2.4688121541529213,recommended,0.843668375419441,0.5122847430502131
8,7,3217,5.038718612757425,recommended,0.7746526197930176,0.562144753827585
9,0,8171,4.900471305258582,recommended,0.7517170414784834,0.7469746046867705
9,1,7644,0.0032964147229099638,recommended,0.7163310272566953,0.9978847082284605
9,2,3936,0.10961029566550387,recommended,0.9401798347292414,0.8920743510936207
9,3,6756,5.61154931064893,recommended,0.7475746360541103,0.730542631496579
9,4,7986,0.9983038667587472,recommended,0.9336165192303673,0.511515136083225
9,5,2911,3.0042954398186517,recommended,0.7085835457678252,0.7318727372865008
9,6,621,0.9126411734082596,recommended,0.770921844644052,0.8447832281168877
9,7,7338,0.18524458882875564,recommended,0.18557460274504778,0.7650431899704897
10,0,5312,3.066504775045911,recommended,0.9622915416725868,0.6536029525352265
10,1,7208,5.796101962096214,recommended,0.7341069808811267,0.6208741875568012
10,2,168,11.24537435126811,recommended,0.8554605840110072,0.7036578593800237
10,3,5053,1.077229844352709,recommended,0.26120017127391293,0.511902121269624
10,4,3922,11.324200133614724,recommended,0.8207358408157303,0.6145410182213155
10,5,5891,3.4857572600107174,recommended,0.7148559742004091,0.7281044923677423
10,6,1661,6.221578254919516,recommended,0.7665150495325846,0.583713587731364
10,7,7459,1.4941543117423484,recommended,0.7360540144827896,0.5129788419143418
11,0,924,10.024460415069543,recommended,0.8869249002092695,0.645810812655206
11,1,9650,7.3347787018769175,recommended,0.7624196216457234,0.720883074508124
11,2,9929,2.9154268209596754,recommended,0.954753678945957,0.7161350631535696
11,3,4946,10.418578807679953,recommended,0.811861699832584,0.7189069446047903
11,4,8017,3.1841434814279244,recommended,0.7503124383797197,0.5480330722215929
11,5,620,4.396100681630177,recommended,0.8686231679556108,0.7765968527917417
11,6,8100,4.6031579484795815,recommended,0.7785142948525573,0.7701116522302854
11,7,7376,5.958388158713894,recommended,0.5268029188559366,0.5372081793948886
12,0,4939,2.3858998944404908,recommended,0.7206644545078623,0.554806758273948
12,1,3179,4.378331149239042,recommended,0.945017094248494,0.6736098319966951
12,2,81,1.0974677754928976,recommended,0.6335297107608947,0.5357746840747585
12,3,7056,0.299989677788204,recommended,0.18690953482707728,0.5420353855061182
12,4,1321,11.06906728512243,recommended,0.7818238633449356,0.6441492214759159
12,5,6452,8.732996043770008,recommended,0.8638667559882083,0.59623107984235
12,6,7991,9.427576603211245,recommended,0.8924261775360394,0.6437404583772466
12,7,4679,12.298349388896163,recommended,0.8543459827827155,0.6867677955971696
13,0,7842,2.836607846631773,recommended,0.7614475821271212,0.7889771878522938
13,1,1943,6.7714035533898045,recommended,0.9164205445320662,0.6354143568619098
13,2,4237,10.037526018527052,recommended,0.8732543566916726,0.7049111327313361
13,3,5165,2.856283357412415,recommended,0.7120634214091708,0.579961980535111
13,4,6187,4.210315542483444,recommended,0.911754332001477,0.7509283935167222
13,5,8080,1.8330082170208453,recommended,0.5420419845539489,0.6016700217635939
13,6,9320,2.8772001423586957,recommended,0.8506005483015567,0.8034235690981628
13,7,3222,1.9149755729055358,recommended,0.5952768411040545,0.5391937941273144
14,0,9304,1.5417557947999725,recommended,0.9308730929145203,0.5306881410624438
14,1,1670,5.853279865722756,recommended,0.88912792394001,0.5788067545119405
14,2,2332,11.489241128726084,recommended,0.8295627156830498,0.7093888218243862
14,3,7135,13.140275514490366,recommended,0.5001480831643993,0.4223518727007345
14,4,7304,0.4676115384870281,recommended,0.5139665125226456,0.7087042892136465
14,5,9392,10.201436058488117,recommended,0.8862613845298132,0.6508383588369067
14,6,6645,0.17639449333578555,recommended,0.5325148697565201,0.11424845325805633
14,7,9562,9.658108237341253,recommended,0.8287580737433393,0.5958660535285966
15,0,2616,0.46774420754262275,recommended,0.70109758736427,0.41073154349101204
15,1,2848,16.09530705015384,recommended,0.44797165638218994,0.4054716763304185
15,2,2831,7.793757551129079,recommended,0.8128509715367578,0.5787564763599993
15,3,9135,0.23809357674654658,recommended,0.15537035593683213,0.4143831693562766
15,4,3330,4.717323950977924,recommended,0.5722838145420012,0.44185370809106395
15,5,8122,8.005185797779404,recommended,0.5425702034080678,0.440218972971002
15,6,8953,15.020816606011378,recommended,0.3948409997650211,0.4281756874621504
15,7,3397,2.6862402253221065,recommended,0.46738733544792543,0.28557961623863637
16,0,1744,0.048347164692895656,recommended,0.03174376537298862,0.4233351441531975
16,1,7539,0.11294050827491317,recommended,0.0768494618612342,0.3929444393733599
16,2,8804,17.76314927535766,recommended,0.42168164685289433,0.444385026638056
16,3,417,13.173481116716173,recommended,0.49836777273947974,0.4189254495045479
16,4,2902,0.1280375042255765,recommended,0.37831560716525947,0.08839696714675838
16,5,3603,1.088421029769162,recommended,0.2527658599511641,0.40663652688497043
16,6,6812,16.157693447294513,recommended,0.45393296174299036,0.40793537105429634
16,7,5429,10.460713194599004,recommended,0.8140669059512669,0.6061095998529731
17,0,3742,0.6566624867652888,recommended,0.4036466944934778,0.6786600938268971
17,1,6667,0.367875264618335,recommended,0.41667008320637045,0.743865280888171
17,2,6940,15.306620054398099,recommended,0.485608317996847,0.46619023015553385
17,3,2207,14.701149214227476,recommended,0.41078880999961176,0.48964407603203264
17,4,9169,6.815573393036617,recommended,0.3841891520539801,0.5440122913631098
17,5,3068,0.10008096151090255,recommended,0.41049871369737934,0.9331929170490183
17,6,5478,0.48820771788586703,recommended,0.40357039244960136,0.7023961425404268
17,7,1291,13.474352315264111,recommended,0.5030839507798364,0.44934974203964206
18,0,2804,18.06813213054944,recommended,0.4490377603699617,0.45930368821307377
18,1,9865,13.729407758986422,recommended,0.49852612414639796,0.46778977047254156
18,2,7082,13.78686381615709,recommended,0.49636437246630705,0.4727068986362891
18,3,603,0.6069549860776088,recommended,0.6832953766065052,0.44590270637674834
18,4,1229,12.97522744137798,recommended,0.4888978317924514,0.40177880065432425
18,5,5425,9.182685327483995,recommended,0.5009693018588683,0.37496454907452925
18,6,9893,0.11002863749796546,recommended,0.426569004711536,0.07228623255031685
18,7,2879,4.790696005696661,recommended,0.43776505498812845,0.31037088910812005
19,0,48,10.35413372427606,recommended,0.5227328293819941,0.42754101835854963
19,1,3410,10.998734201862257,recommended,0.48222523033732656,0.5203236261913857
19,2,8503,13.369435498116031,recommended,0.4384093323592696,0.3811433152929786
19,3,7637,11.199333002529269,recommended,0.37517639831310245,0.4860034482382267
19,4,7602,12.994193554866133,recommended,0.48821935919923853,0.4012148277113289
19,5,2225,5.0045583166772065,recommended,0.42001100429566285,0.57835976311654
19,6,5139,10.529263687548411,recommended,0.36046302914925554,0.4304219080879669
19,7,9026,11.520344406211182,recommended,0.8232099421806358,0.708705200549003
-1,0,7114,0.0008183158153398811,init,0.0017248221098407068,0.09766631812612292
-1,1,4213,0.007971803261723927,init,0.11687876059093905,0.9858584404109375
-1,2,7401,0.039822991196003625,init,0.9403483776701917,0.14060580407652679
-1,3,7516,0.016302079951018948,init,0.04126974737462186,0.9188528558831043
-1,4,6706,0.02494119951143465,init,0.03717528804964598,0.14081186209299945
-1,5,4738,0.06337677515507187,init,0.9788560151782346,0.8802517732816871
-1,6,7675,0.019049312452081104,init,0.012137458315200522,0.48864389709875844
-1,7,3783,0.021472626122295346,init,0.9198709341305428,0.05515659060178546
0,0,7089,0.08709568985354878,recommended,0.07729349315046585,0.2578700035480086
0,1,4224,0.11248016796567133,recommended,0.1174758988764929,0.7856666019444561
0,2,7422,3.9141109114838155,recommended,0.7981708026178452,0.7866130612179019
0,3,7530,0.012138950208951662,recommended,0.01686287008210441,0.15161063793047602
0,4,6708,0.01524188196594143,recommended,0.07766586177835355,0.9597268380389613
0,5,4705,0.20405411231094617,recommended,0.15737851486886756,0.670974709485785
0,6,7718,0.03258288246782552,recommended,0.7975993494897885,0.03499884126398567
0,7,3738,0.017337243425502472,recommended,0.6674155305338311,0.01276542651789736
1,0,8519,1.4075285472100183,recommended,0.9773203051129767,0.5877684626060896
1,1,6675,0.111638415750448,recommended,0.9011891219546017,0.26083516280397634
1,2,7688,10.365567501857056,recommended,0.8420387836055212,0.7203242773264015
1,3,1918,0.03829197706517656,recommended,0.9325548784193121,0.11864376574158031
1,4,9471,0.08683570469182711,recommended,0.4106040671489124,0.9421466030661954
1,5,1752,8.114534817002074,recommended,0.8973658657909319,0.622630533598658
1,6,5775,0.20456743931011093,recommended,0.1802901306156406,0.7241359788326331
1,7,6849,0.12905141644272417,recommended,0.2264646916773949,0.1291364040663343
2,0,4642,9.117494520260117,recommended,0.8463180127808737,0.732300770608181
2,1,9340,0.20196296179656367,recommended,0.1764266966024014,0.7216585494841574
2,2,3053,0.12778736300423704,recommended,0.4930301251588023,0.08193843903814613
2,3,775,2.9263901462610984,recommended,0.951403342206657,0.6016118201463312
2,4,197,0.09469360297442055,recommended,0.34080354025301784,0.9307573256035647
2,5,803,0.06186214741059838,recommended,0.0676125635922149,0.8003565078223616
2,6,7186,2.3039665167353998,recommended,0.7605020044172398,0.5231780098395007
2,7,8391,0.1145836783189158,recommended,0.07356102897771621,0.4984418404349944
3,0,9531,0.3973809909479068,recommended,0.8982696496338443,0.4479420112823861
3,1,7155,0.5832690581589859,recommended,0.22655384852629123,0.39514910849763674
3,2,6896,0.5201227240169494,recommended,0.6288605853445022,0.7621711054836778
3,3,9075,0.20328701856098808,recommended,0.7337360117263562,0.8971304663109364
3,4,894,0.10378959143037282,recommended,0.06665204056068996,0.5184080219452041
3,5,2941,0.006177759813713866,recommended,0.35874251054288864,0.9956451766743493
3,6,8583,0.038947624164645464,recommended,0.6674280060069894,0.9719141301256846
3,7,1571,2.34759696585058,recommended,0.584448909757426,0.5383319432557134
4,0,9485,0.9565237519493384,recommended,0.5014970955360637,0.2476868784466013
4,1,4061,0.16005708694075207,recommended,0.11793867487423348,0.6549411045673216
4,2,2435,0.19639177411788664,recommended,0.3821234944599732,0.1322687150984817
4,3,9988,0.021917616822878877,recommended,0.02016138211789409,0.24350626073859472
4,4,4156,0.0432856726241253,recommended,0.029170668574074465,0.6051016222371507
4,5,3504,0.21852312432895935,recommended,0.24124433603802786,0.20823180860821444
4,6,1931,1.1495531387200628,recommended,0.37345794513270525,0.25533637376324414
4,7,6940,15.306620054398099,recommended,0.485608317996847,0.46619023015553385
5,0,5316,0.45981623523734083,recommended,0.2198829897073491,0.3683103820867317
5,1,2480,0.36596054441172343,recommended,0.5456959688130258,0.20406438854660058
5,2,5072,0.4292238308633288,recommended,0.6249224697884563,0.7798186756231436
5,3,644,0.012721676247583639,recommended,0.033203108791366565,0.07857849715502074
5,4,6252,0.02543385071343496,recommended,0.3757593478039629,0.982482651061107
5,5,1231,1.0450592350894343,recommended,0.6234059581594401,0.5693773611822828
5,6,834,0.09698167526681375,recommended,0.11636639788547609,0.8174497084911916
5,7,8597,0.2232229997785392,recommended,0.14862413046990497,0.4049970388769477
6,0,7663,0.22829021990030512,recommended,0.6442881565277788,0.1686282108850954
6,1,5255,0.18411115313177015,recommended,0.1215873495335269,0.5560573351914615
6,2,6581,0.15229168302121163,recommended,0.5434894577086338,0.09905643421598798
6,3,9753,0.3291931173164324,recommended,0.8042934637771141,0.8893376120214482
6,4,4513,0.17336957244479403,recommended,0.5643010646698302,0.11453286832634824
6,5,8419,0.02561292895921921,recommended,0.037231201752291776,0.8553476686836227
6,6,1132,0.780637939083143,recommended,0.607089578718754,0.6313075530919887
6,7,6093,3.2786692988153945,recommended,0.7028508233960326,0.6140436069725635
7,0,6075,16.006716592837194,recommended,0.42954912352067554,0.4874404737597884
7,1,7551,0.2893339557368074,recommended,0.18640541406811106,0.5605087340779731
7,2,8907,0.17847484547041823,recommended,0.6069454128382038,0.12308785340327055
7,3,6936,0.17955060063905753,recommended,0.6431786168698957,0.8822124118173135
7,4,1296,4.9317961862718,recommended,0.5525009674078891,0.5201698923107512
7,5,8613,0.2998028012904593,recommended,0.5683051045948369,0.7981250480064295
7,6,3658,0.054415842860384284,recommended,0.03929194515069245,0.654907123147859
7,7,1071,0.33938224395892574,recommended,0.7102427986233115,0.3143501131837484
8,0,4701,1.3801582163274237,recommended,0.5598931015359494,0.30091907316541877
8,1,6752,0.0404839961687369,recommended,0.12101571674864886,0.9299847831341347
8,2,9655,4.796644283146688,recommended,0.8249338376407946,0.5453449840015449
8,3,2288,0.5394360545071976,recommended,0.41068263301028285,0.20969027743020086
8,4,3043,0.20672054498166173,recommended,0.7595201487169441,0.2059881841884732
8,5,7916,0.2007419568480579,recommended,0.4523741770233006,0.12766663498230535
8,6,443,0.3138841023058647,recommended,0.6527461078518747,0.23818278104672652
8,7,8739,0.18233833590324733,recommended,0.6903933385936837,0.14542285909543984
9,0,1984,2.7968019771408352,recommended,0.5883522209831533,0.3976844144330547
9,1,7640,0.3975388424606011,recommended,0.9361469865985301,0.8480279026572813
9,2,133,3.042139457694627,recommended,0.697015740995268,0.7024840839871093
9,3,2486,0.4650753929610104,recommended,0.5250493402453846,0.7072789119056672
9,4,3445,0.15220214100577426,recommended,0.4605825506946666,0.9007601624507324
9,5,309,7.441302961309221,recommended,0.8062012797930613,0.7482596903836584
9,6,7019,0.2103544421521164,recommended,0.5239742026857139,0.1348748464080477
9,7,3807,0.9654099419589741,recommended,0.24527930497436734,0.4484078410159329
10,0,8765,0.8861587182872959,recommended,0.6431614511633417,0.394237736129301
10,1,7727,0.35840087171645785,recommended,0.19416207741450964,0.47706674956727246
10,2,4639,0.009232132672979287,recommended,0.023716360305790607,0.07978912363400037
10,3,7119,0.30216391683140087,recommended,0.5097768447035125,0.175454970196941
10,4,7411,0.8355143503748927,recommended,0.307943707661932,0.278628333089757
10,5,577,0.49419296441429467,recommended,0.6186113782151843,0.7527166395576412
10,6,8269,0.3024154882312328,recommended,0.6132863938331298,0.8137482955675476
10,7,808,1.3841333345861946,recommended,0.9941393612211675,0.6618391898493786
11,0,211,0.14150479876778743,recommended,0.09120610304869037,0.49442030470258147
11,1,2880,0.09446968558290389,recommended,0.7621296204503246,0.9361765641665052
11,2,7275,0.1612180355272391,recommended,0.30774951660782024,0.12642622715502805
11,3,3685,2.0511058177097916,recommended,0.6741869488296138,0.6332689173374889
11,4,8464,0.05912612667589082,recommended,0.06322433925063364,0.7954509581775875
11,5,2813,8.283712474884995,recommended,0.43804407590538375,0.34239512329585964
11,6,3709,0.10427410040213561,recommended,0.08591038820282049,0.7141191409249159
11,7,8022,0.9579256431223522,recommended,0.35996152488315547,0.6393387635014058
12,0,713,0.0011701951053220679,recommended,0.004939980934409616,0.951811785423239
12,1,8501,0.4490810899710339,recommended,0.8890749167467196,0.4493360594354341
12,2,8375,10.793853998272027,recommended,0.8081187549853212,0.6120009375568681
12,3,7207,0.8106933831117848,recommended,0.6130520258694786,0.6282794590652135
12,4,3926,0.24565764075065086,recommended,0.7902599039416938,0.2957528346203294
12,5,590,0.051943913263823714,recommended,0.9629920038589946,0.3418721660386861
12,6,18,0.12390129619079958,recommended,0.3046137691733707,0.09767211400638387
12,7,6996,0.29661941854893115,recommended,0.18934772362985863,0.36124279404101045
13,0,6397,0.07173612580883429,recommended,0.4136447548453982,0.9524206947534563
13,1,5736,0.021878386302640006,recommended,0.9985602484850686,0.43307610258679263
13,2,8939,14.058053307808951,recommended,0.49115317431045047,0.4192369414973601
13,3,731,0.1445476092893989,recommended,0.10659303030799072,0.657845304603036
13,4,1519,0.10508994532143896,recommended,0.06750254668382194,0.518700994380595
13,5,7512,0.056306882593914274,recommended,0.09993690656861953,0.881189236894309
13,6,7013,0.021626216666237656,recommended,0.6573930394946632,0.015647317942065975
13,7,7476,0.27400408234632406,recommended,0.7839123805872337,0.3324477182476383
14,0,2014,0.34324997201798374,recommended,0.7379509473975921,0.3604745051415539
14,1,9519,0.009275839482663391,recommended,0.9253549070991179,0.025440901132439353
14,2,8213,0.5568002752124639,recommended,0.2694384907480917,0.5987233410567304
14,3,7617,0.15898836439639447,recommended,0.10354357195278396,0.45781365008462493
14,4,4787,5.883239369409165,recommended,0.38015014195766994,0.33723775083584207
14,5,8142,0.24242672743303295,recommended,0.18081063503763528,0.6467749610819326
14,6,1760,0.6547570156755782,recommended,0.22936577703767236,0.4691072110475787
14,7,1471,0.3235228251040213,recommended,0.2965599122059307,0.7144241640712422
15,0,6302,0.6647872085268818,recommended,0.8206753834010705,0.4511640036875959
15,1,2565,4.626806198793368,recommended,0.5592181317684581,0.5147421937567799
15,2,9667,0.03922365490744605,recommended,0.6883531995402283,0.9710291312450997
15,3,8102,0.0017803974354158713,recommended,0.9951821206249387,0.07559587516160127
15,4,6050,1.6220986139653486,recommended,0.4068641075392998,0.26197556427851754
15,5,3411,0.005899510482087201,recommended,0.9752445352839586,0.9657704438842871
15,6,7423,0.016076178365416152,recommended,0.36450096454879244,0.9887604058942617
15,7,6336,0.07808922378612179,recommended,0.5828693611920428,0.05166217582898969
16,0,9759,0.2816048586710945,recommended,0.22024694043137183,0.665534000170014
16,1,495,11.714220747362326,recommended,0.7994158789689793,0.6946964708544268
16,2,8975,2.6910497472919372,recommended,0.7609633177608087,0.5314674959574129
16,3,2334,1.8292510175530146,recommended,0.6710129805329098,0.6970241660042995
16,4,6552,4.366531261317737,recommended,0.7125779432472608,0.6349515157609817
16,5,1832,6.920921034025826,recommended,0.5511599619163721,0.4381786132483445
16,6,7732,12.995117067139907,recommended,0.828125191856901,0.6385250461916646
16,7,1688,0.1898275577880756,recommended,0.7608513309307817,0.18772240569225207
17,0,3835,4.773601232842984,recommended,0.7697723073855856,0.5613558241893379
17,1,8229,0.30761929646322456,recommended,0.24580385627786594,0.6738653939196881
17,2,4778,0.16531971479986354,recommended,0.10691986437982137,0.5047543235655417
17,3,3226,5.7379611899020615,recommended,0.4303431736890725,0.3202987424967425
17,4,6988,1.1367990933831613,recommended,0.5996863142280594,0.332173459531357
17,5,9424,1.8330125499048395,recommended,0.9822594078707026,0.6856766363336941
17,6,6772,0.27191428944479445,recommended,0.2191843456523317,0.6785392442143758
17,7,2499,9.676054277835078,recommended,0.8157453806261209,0.5973123783307118
18,0,3651,0.13120924116547128,recommended,0.27470503280714365,0.887751524671688
18,1,1159,16.24818216176892,recommended,0.42182817853883137,0.41102107526554577
18,2,5061,7.763797197667886,recommended,0.8906666758919072,0.718531318122246
18,3,9986,0.19820107790389974,recommended,0.5499889821142169,0.8689994079518027
18,4,405,0.16823166202853074,recommended,0.9848411989623346,0.8388980864459341
18,5,3633,0.3249290321925602,recommended,0.19148961490811944,0.3862363952990896
18,6,6039,0.025375269457815205,recommended,0.02396138512426982,0.7642204838423086
18,7,5464,0.1905747807087668,recommended,0.5770774426317654,0.8729487304090019
19,0,8970,0.757804130810813,recommended,0.6444304935146186,0.3718009977172879
19,1,7472,0.0011387703875102937,recommended,0.13755211147513968,0.9982689762040686
19,2,7503,0.6385397079845541,recommended,0.2578642536448449,0.5654033919505043
19,3,9560,0.023708063882672426,recommended,0.1528281777258923,0.03273434060421865
19,4,9037,0.046260078212772275,recommended,0.06372332668871827,0.8459619526959559
19,5,4528,0.14077671326672989,recommended,0.8591303597512333,0.22835561417884764
19,6,4727,0.15407441629580154,recommended,0.8594345828335509,0.25625492388907256
19,7,9969,0.25830126509330625,recommended,0.35857887210691175,0.16770277598972694
-1,0,4143,0.02773034952576441,init,0.44127433675006866,0.01795786375015096
-1,1,2987,0.05890916151039271,init,0.28915033445415095,0.9522600783623237
-1,2,7776,0.030813072943589443,init,0.10193190678057007,0.0627215909013884
-1,3,1277,0.0158279103777323,init,0.0723164752579386,0.9551152072917014
-1,4,5647,0.0023323253112731493,init,0.042334945902492094,0.011199305255704117
-1,5,6166,0.037026947998680226,init,0.8823965347663638,0.956563928561169
-1,6,4426,0.03763415206256701,init,0.02899674433594801,0.6898210713287619
-1,7,5136,0.008947481932565036,init,0.9792618656086425,0.08863297474958076
0,0,3408,0.07095924945131334,global_best,0.23556593459450126,0.9325039530973825
0,1,2404,0.14944562003207185,global_best,0.24696116699189252,0.8596453453526065
0,2,8646,0.12424671111191578,global_best,0.243495259185182,0.8831759706143232
0,3,1820,0.09650287331111,global_best,0.23814665366569632,0.9084345518793753
0,4,1780,0.21736102239303867,local_best,0.3064634680428203,0.8223812111853543
0,5,384,0.2342888091087299,local_best,0.34208174871590746,0.8212573046720129
0,6,8727,3.194107848513518,unexplored,0.3184963132638786,0.5275259236745986
0,7,8943,3.202211063569659,unexplored,0.3179760494466215,0.5264136103948782
1,0,1766,1.5748437438949288,global_best,0.3262539180411468,0.2993833737053483
1,1,7331,3.6008692269842264,global_best,0.33021522516002744,0.5356316528472319
1,2,2023,2.410561754743453,global_best,0.3302846675020844,0.564231816684536
1,3,4782,6.100753632903281,global_best,0.3791608639799434,0.34027498223403085
1,4,710,3.749433993584921,local_best,0.3161561049767505,0.5072348086883924
1,5,5480,3.117455553747647,local_best,0.3150559693186544,0.5236723999989852
1,6,7547,2.844529644697251,unexplored,0.5928520048922216,0.4912676284900007
1,7,4114,2.427875355676604,unexplored,0.589331644947728,0.5251408517696297
2,0,2138,6.992510390470915,global_best,0.40146177908904324,0.3380844093662614
2,1,6669,8.55768628718557,global_best,0.39275018353870994,0.35655622368835627
2,2,3769,13.499472637694362,global_best,0.40465374164855017,0.3936818859906128
2,3,5091,10.26814225856838,global_best,0.3878985289517298,0.3759599096406637
2,4,2418,12.198107299405255,local_best,0.37736317679665077,0.41351653028995916
2,5,8154,11.140619289538861,local_best,0.3685766938381376,0.4151976391419092
2,6,2068,0.3255440527914039,unexplored,0.7287780544506475,0.3235304124854915
2,7,5723,0.22915691380127223,unexplored,0.8960283653249931,0.41462006239647786
3,0,5819,13.579334095918716,global_best,0.48169983801234095,0.40065784843795327
3,1,7546,15.25231306203587,global_best,0.45700230937694064,0.40014546728455913
3,2,4397,15.982636013069456,global_best,0.43728164824461757,0.40354862081368836
3,3,2129,8.644850548864222,global_best,0.35472855673021264,0.40070416683446664
3,4,2131,13.471862955312218,local_best,0.414825655521352,0.3872744114248413
3,5,2385,0.010466958744416513,unexplored,0.006982261880348117,0.4034809690269996
3,6,8755,0.2076319982091924,unexplored,0.14002568946988558,0.4008124443157497
4,0,9472,0.02245546512688255,global_best,0.43593449089112823,0.9854047834806314
4,1,8403,0.0762777872124163,global_best,0.43907061474193954,0.9503354666683905
4,2,994,0.4089588496642188,global_best,0.43685070261517955,0.7295082286523967
4,3,3992,0.31389470489526394,global_best,0.43867169680304885,0.7820018255939414
4,4,4590,16.263425596127043,local_best,0.42932276570419525,0.40788492685035893
4,5,4659,0.9651857179175615,unexplored,0.6485341590333424,0.7253896016618326
4,6,8386,0.968887270290431,unexplored,0.6487334824453981,0.7253912461589445
5,0,3292,0.630208219665363,global_best,0.6691541555348508,0.41030372187266206
5,1,456,1.398252661797094,global_best,0.624148907849134,0.4094116521912404
5,2,733,0.04712156896795419,global_best,0.9771741842213173,0.4069079607228706
5,3,3775,0.10929699268808328,global_best,0.9456735370508046,0.408927235756672
5,4,6145,16.423982099504407,local_best,0.4274505332424855,0.4103375943357709
5,5,6643,0.2360922430488774,local_best,0.8790620045522501,0.4045164031151317
5,6,8143,1.2685940680634085,unexplored,0.9927870182635864,0.6225908979425233
5,7,9554,1.740486907975407,unexplored,0.9815517379172206,0.6247999220727483
6,0,4302,16.246959704147926,global_best,0.4515470228174244,0.4080200912850811
6,1,8934,10.394754187117291,global_best,0.5141881809210113,0.40627480055958654
6,2,1921,14.779740761725876,global_best,0.4755961918220083,0.4077481050027323
6,3,9236,18.075867950647677,global_best,0.4362671348044198,0.4333420303683231
6,4,1159,16.24818216176892,local_best,0.42182817853883137,0.41102107526554577
6,5,9231,0.1931239511736688,unexplored,0.61705424610421,0.13538204330945602
6,6,8674,0.16096563308607775,unexplored,0.6339734084404421,0.11464780302217648
7,0,1324,18.06505261547206,global_best,0.43272913601970464,0.457699605159294
7,1,8817,17.908294566077526,global_best,0.4557062844202975,0.45777935126563984
7,2,9712,14.613275281245045,global_best,0.4937887702564081,0.4570252804809394
7,3,2539,15.445967470226195,global_best,0.4834980851068038,0.42914949195832186
7,4,605,17.962951472208704,local_best,0.42618130223597295,0.4513870243296755
7,5,9401,17.306567202952372,local_best,0.4272817081273277,0.42231387785603225
7,6,8044,0.07696772404286152,unexplored,0.6454905391663529,0.9461737047963453
7,7,7515,0.07501103509185356,unexplored,0.6454418331834965,0.947522980551238
8,0,4081,16.168828852629566,global_best,0.4206302368788194,0.48094160808430353
8,1,2558,16.528966554676547,global_best,0.45564954943987745,0.4820173397769325
8,2,4842,6.681253676604564,global_best,0.5539417338546375,0.4505824928161174
8,3,5275,15.796513415500646,global_best,0.4353893961280134,0.4018987079559666
8,4,7066,17.686458003480876,local_best,0.43354310280380104,0.4671741333524465
8,5,8201,18.09012779190241,unexplored,0.4303926180160754,0.45383788125698044
8,6,7815,17.64010529593808,unexplored,0.42835028381315066,0.46472195619874945
9,0,9311,16.31039161052814,global_best,0.4390946215718754,0.4866100436893823
9,1,1913,15.981981037112702,global_best,0.4666931208844084,0.4821320989198419
9,2,8197,15.522984425084788,global_best,0.413054347953398,0.4824754444178325
9,3,7724,10.423451868463129,global_best,0.4381223470808632,0.35891299099803065
9,4,5609,18.09932209205459,local_best,0.4294187868522533,0.4412878027999434
9,5,4208,5.720999474612863,unexplored,0.7754095145924946,0.5706831750719786
9,6,2244,5.402150411478073,unexplored,0.7802126485356335,0.5638929210554023
10,0,6075,16.006716592837194,global_best,0.42954912352067554,0.4874404737597884
10,1,7581,15.618851298835946,global_best,0.4493658716251506,0.4931955197879292
10,2,3073,11.030156026904649,global_best,0.5122605638762605,0.4873748079212449
10,3,3028,14.927361790028632,global_best,0.47190251056452304,0.4903124894098283
10,4,3705,17.90266617518896,local_best,0.4241850557459762,0.4466887217446649
10,5,9092,0.1365424543093936,unexplored,0.286087778204969,0.11292659128887506
10,6,6904,0.15098036583040667,unexplored,0.291658770500937,0.12325561995088175
11,0,2996,14.714145531512829,global_best,0.4595629775055219,0.49896794422079305
11,1,3741,15.303950911295582,global_best,0.43946537435844213,0.49632277128437885
11,2,4857,13.437509416547382,global_best,0.48071405648435594,0.49885102374427426
11,3,9637,15.497144938922059,global_best,0.3965459869736151,0.44977794156570317
11,4,2793,17.348459244452876,local_best,0.4268947278233026,0.4690249397178835
11,5,7387,8.691088187474849,unexplored,0.835806369617836,0.7385594981157951
11,6,9006,7.984585170874771,unexplored,0.8234535644704001,0.7457411365514027
12,0,7593,13.126472818649024,global_best,0.4236901786604971,0.5108523649637979
12,1,4630,13.96174741540506,global_best,0.4537537602503535,0.5069301160771944
12,2,5877,11.84512742947516,global_best,0.39929925602578586,0.5078942095312776
12,3,9734,14.264677072340694,global_best,0.40089331826662655,0.4053516136255215
12,4,3493,17.35111164344301,local_best,0.42944789707870257,0.4707059473159374
12,5,7819,7.290483222971745,local_best,0.8344499573477631,0.7525186605703621
12,6,6482,0.06432741340142287,unexplored,0.06076926839624086,0.23714807323650222
12,7,439,0.027299968229039708,unexplored,0.02709599250348349,0.22197216193294944
13,0,2268,2.447746541607682,global_best,0.4264997472418611,0.6154207798208354
13,1,2149,3.740024745043116,global_best,0.4327714843418189,0.5956798241615295
13,2,8898,2.7909668523259406,global_best,0.4482388465553965,0.6107813560779473
13,3,5328,9.757214353584027,global_best,0.43211717561589447,0.5388193672496691
13,4,2804,18.06813213054944,local_best,0.4490377603699617,0.45930368821307377
13,5,8421,8.070015421448876,local_best,0.8246314679891132,0.7449651984608933
13,6,6098,0.13935494835462112,unexplored,0.8056847888768923,0.16161606073029744
13,7,6024,0.1363091370207995,unexplored,0.8084602894771483,0.15994080236692865
14,0,9694,17.35523936916646,global_best,0.4157543876756019,0.4494367753080455
14,1,1620,17.02154395693303,global_best,0.4157751035233219,0.42894433343014426
14,2,7820,17.373688873909813,global_best,0.46050915990817876,0.4292107795416997
14,3,2930,12.528585884013744,global_best,0.4553949052479408,0.5180153489085197
14,4,8804,17.76314927535766,local_best,0.42168164685289433,0.444385026638056
14,5,309,7.441302961309221,local_best,0.8062012797930613,0.7482596903836584
14,6,2355,17.40474175546537,unexplored,0.4189697737795244,0.4580286165838686
14,7,4767,17.52818968654935,unexplored,0.4183833377132715,0.44085511270251587
15,0,866,9.723393040217099,global_best,0.5270414639116516,0.4260833838903715
15,1,2500,14.286119353639783,global_best,0.3936355202774421,0.4734356593750214
15,2,283,14.956977571562296,global_best,0.3922440450997323,0.43747492202372906
15,3,9029,17.192573932628804,global_best,0.41351685437859886,0.4428583095794191
15,4,3423,17.39956537585413,local_best,0.4162849285443547,0.448851365652003
15,5,2415,7.9480244990184,local_best,0.7964405615234773,0.7394692332387273
15,6,9101,0.2342412058500752,unexplored,0.9901984904623572,0.8193698179343586
15,7,1740,0.22887381034445886,unexplored,0.15369104284420454,0.5726072328820224
16,0,1344,12.769768069832896,global_best,0.49286458444744663,0.4042897472548691
16,1,6812,16.157693447294513,global_best,0.45393296174299036,0.40793537105429634
16,2,2352,16.641138058478184,global_best,0.4151456539927457,0.42219223388067806
16,3,9273,17.51132517172868,global_best,0.4633834858663197,0.43765236472442226
16,4,3673,17.36644328979894,local_best,0.4549507768419997,0.47078499701270726
16,5,6958,8.538632124837257,local_best,0.8046716178555584,0.7364942087167792
16,6,4292,16.98581065807028,unexplored,0.46354783925892185,0.4703240479372064
16,7,5772,17.5102451098659,unexplored,0.450623425108169,0.42389975199699825
17,0,4206,9.160836251330009,global_best,0.3502723706693276,0.4521829393601079
17,1,3390,8.858410686453094,global_best,0.3550152661362467,0.4819001671099774
17,2,1950,13.03786172642505,global_best,0.4313017063410146,0.37904048538303503
17,3,9843,16.27268378675447,global_best,0.4562430258462945,0.4102050052835323
17,4,4260,17.48613500599785,local_best,0.45232347763429603,0.4243890180725104
17,5,870,9.230608265238951,local_best,0.8275378955668743,0.733614380561402
17,6,1821,16.896473857230063,unexplored,0.4680690542342901,0.4662994129398188
17,7,2624,17.013843595776,unexplored,0.45688807173726687,0.4751083649318354
18,0,2848,16.09530705015384,global_best,0.44797165638218994,0.4054716763304185
18,1,5612,16.599568828445385,global_best,0.41349713706337177,0.42358582687907886
18,2,7111,12.623543912299862,global_best,0.44150674328917106,0.5181849423431099
18,3,3410,10.998734201862257,global_best,0.48222523033732656,0.5203236261913857
18,4,7291,16.646668476823947,local_best,0.4625339853783005,0.4189408420801276
18,5,4642,9.117494520260117,local_best,0.8463180127808737,0.732300770608181
18,6,2114,0.38958877194025304,unexplored,0.46618159112755697,0.1899361364575609
18,7,1640,0.36065090997075816,unexplored,0.45129411302925493,0.1834421964034345
19,0,9853,14.530420788497764,global_best,0.39173509628512104,0.46426690242611335
19,1,2022,16.61038053268789,global_best,0.4111904758694911,0.427486454090268
19,2,959,13.846449438469431,global_best,0.39152569817782934,0.41262184084862374
19,3,8390,14.449128288575544,global_best,0.3884369385525741,0.4353976302115996
19,4,8186,16.39323439916339,local_best,0.4133125614011103,0.42023263280146006
19,5,1486,7.9086056675568575,local_best,0.786205652261058,0.7344439320755914
19,6,9419,0.057657739945513674,unexplored,0.9478050183624682,0.24965009275830274
19,7,2701,0.04602139596439539,unexplored,0.9581381198044961,0.2476316430714387
-1,0,4143,0.02773034952576441,init,0.44127433675006866,0.01795786375015096
-1,1,2987,0.05890916151039271,init,0.28915033445415095,0.9522600783623237
-1,2,7776,0.030813072943589443,init,0.10193190678057007,0.0627215909013884
-1,3,1277,0.0158279103777323,init,0.0723164752579386,0.9551152072917014
-1,4,5647,0.0023323253112731493,init,0.042334945902492094,0.011199305255704117
-1,5,6166,0.037026947998680226,init,0.8823965347663638,0.956563928561169
-1,6,4426,0.03763415206256701,init,0.02899674433594801,0.6898210713287619
-1,7,5136,0.008947481932565036,init,0.9792618656086425,0.08863297474958076
0,0,7969,0.1335496237401278,recommended,0.25221839326837203,0.877598373161419
0,1,426,0.09644224410655691,recommended,0.20990559309558576,0.8980542894407137
0,2,9208,0.1596973848121209,recommended,0.21727877876713642,0.8310067889897745
0,3,5191,0.15039285711769437,recommended,0.2542178290666882,0.8620840858402314
0,4,2718,0.14683933241592642,recommended,0.21096989061995042,0.841622007542774
0,5,3679,0.11074984833619224,recommended,0.19710603882365219,0.8753632399007607
0,6,3369,0.06536080330369236,recommended,0.23812484325399874,0.9384476404104076
0,7,833,0.06589077391751705,recommended,0.2085105143573358,0.9305952146439163
1,0,9940,1.9186627228134774,recommended,0.9464580945905495,0.7652433228607584
1,1,5356,2.2702372067914536,recommended,0.9401760633010566,0.7620716534397257
1,2,1318,1.349556882301256,recommended,0.9660475051286772,0.761037790250783
1,3,7183,0.6560964436094802,recommended,0.9892562386150588,0.7696001512947322
1,4,25,0.9908170507088021,recommended,0.9695846277645586,0.7751328233611146
1,5,3588,0.6043958421666985,recommended,0.9916861403927356,0.770437802792337
1,6,8161,1.3067069574715693,recommended,0.9587846047250311,0.7732611520799886
1,7,1039,0.708208326643741,recommended,0.9849896561408751,0.7720124763099904
2,0,4693,0.10071247285218664,recommended,0.9124850542303685,0.2659740646541121
2,1,6221,0.08963403241305044,recommended,0.9132456194883161,0.23196845215778583
2,2,680,0.08353461782235519,recommended,0.912363345616691,0.21066218900566658
2,3,6164,0.07828879271969844,recommended,0.9120644528763892,0.19462964720322462
2,4,3731,0.13078010083414976,recommended,0.9138145226249442,0.36829546765570953
2,5,2789,0.2851341368856919,recommended,0.911818569539447,0.4391306608048505
2,6,4500,1.8117554180872701,recommended,0.9135780114026949,0.525360481819498
2,7,6721,3.9212499774487597,recommended,0.9128959803062341,0.7549317330722383
3,0,2562,6.118831424534804,recommended,0.9128008004078617,0.610363007818157
3,1,4124,1.8614301094403956,recommended,0.9132059618141724,0.7978023722086077
3,2,2909,0.7848121297354079,recommended,0.9287634212054924,0.4967434280059845
3,3,4616,0.30699205855640616,recommended,0.9279342012370215,0.4540965933775366
3,4,3988,3.3220029375215807,recommended,0.9217266694516614,0.757469050723103
3,5,3789,6.205955489623243,recommended,0.9166431026939161,0.7054966519346239
3,6,6369,3.696514976456654,recommended,0.9231760284563298,0.7480893657031265
3,7,2072,6.8757310290727105,recommended,0.918397542081558,0.6497880467642996
4,0,3299,4.066586292747663,recommended,0.9207564510547337,0.5815888378497553
4,1,8611,4.6203145979101805,recommended,0.9232258784862326,0.5963798327023657
4,2,8131,4.737089843874059,recommended,0.9234760378183837,0.5993003890163725
4,3,9542,6.052233694936263,recommended,0.9238466241926959,0.6354830155464882
4,4,624,5.70428883906449,recommended,0.9208478478156868,0.616650314520738
4,5,6534,7.272306927660129,recommended,0.9146957435212146,0.6744410713668685
4,6,3101,6.714391196665494,recommended,0.9200400525459036,0.6502550710936615
4,7,5910,6.562416333657934,recommended,0.9221313255294104,0.6567227064567306
5,0,4898,6.07272828569334,recommended,0.9257516930553055,0.6453456232506078
5,1,5391,6.123427362246663,recommended,0.9169787490185026,0.7067652818616311
5,2,1477,6.1915419632798825,recommended,0.9209945210965759,0.6945954272532854
5,3,1943,6.7714035533898045,recommended,0.9164205445320662,0.6354143568619098
5,4,5521,5.257434790472159,recommended,0.9243163550074291,0.7123940284729217
5,5,7888,6.913103370611465,recommended,0.9168232920234202,0.6427419004014251
5,6,1191,0.23185042834926628,recommended,0.9166352358412073,0.43098522051329624
5,7,4952,0.14305648362265477,recommended,0.9173489015067489,0.39147973033401573
6,0,8340,5.193167592084431,recommended,0.930480819579867,0.6263010947738659
6,1,5498,5.539005547396263,recommended,0.9267075043390905,0.6986569800812401
6,2,8096,5.112896674524855,recommended,0.931922435685587,0.62793749329946
6,3,9914,5.490162148632783,recommended,0.9320458362386227,0.6785298454369424
6,4,8136,5.511838842828947,recommended,0.9277710984068192,0.6289883872243522
6,5,2794,5.727589221673875,recommended,0.928555532894136,0.6410861035821595
6,6,4423,5.482721916784822,recommended,0.933113221168653,0.6571976616400622
6,7,7254,5.136595702637911,recommended,0.9324504210806432,0.6306084716506094
7,0,7887,2.0038033032711393,recommended,0.9796917464358285,0.6476595856402947
7,1,2289,2.156751651431974,recommended,0.9765610233229043,0.6456025770584116
7,2,1722,1.9399041768560394,recommended,0.9811179078679357,0.6495089297074473
7,3,9456,1.1412555331636491,recommended,0.9998714382741338,0.6441780901693773
7,4,667,2.2771366750546203,recommended,0.9747931621467831,0.6503256863469369
7,5,1062,1.8154481530132647,recommended,0.9841103190364978,0.6679199988036271
7,6,7816,2.1102299536921296,recommended,0.9776153675237532,0.6779980152425845
7,7,8590,2.20196008476583,recommended,0.97529953864988,0.6420135846752412
8,0,7871,7.017680285723803,recommended,0.9177956261106798,0.6667560613073773
8,1,1050,2.058688828718576,recommended,0.9150900684070432,0.53302886724614
8,2,128,4.7819530688375655,recommended,0.936154774160781,0.696029796674973
8,3,1421,0.029937792529318406,recommended,0.9184264321454086,0.9509285945025484
8,4,7778,0.13525483136132443,recommended,0.9187237493338305,0.8967513646130647
8,5,4283,0.12309711279942306,recommended,0.9190382770286711,0.8999095433546718
8,6,4737,1.1919247731572664,recommended,0.918193158461703,0.8151802319698891
8,7,9638,2.986827915426258,recommended,0.9213674026995187,0.5600043640772588
9,0,896,0.6289303576124875,recommended,0.5122219208126745,0.6802277792083533
9,1,4975,0.6954627470040848,recommended,0.5124285513766563,0.6727136115004362
9,2,9264,0.6790014969591412,recommended,0.5189954564321649,0.672511369297406
9,3,3792,0.6164027730120674,recommended,0.5345545447560391,0.6751298858444197
9,4,3478,0.5879996734880797,recommended,0.5407656313005429,0.6773006863356594
9,5,5260,0.5913787143667162,recommended,0.5341898918086192,0.6789030208597069
9,6,4968,0.7282282699373419,recommended,0.472793345301583,0.6771274885739019
9,7,1384,0.6579674979815577,recommended,0.5006035711547075,0.6796203327351078
10,0,1513,4.31959426432342,recommended,0.9444485826943034,0.6417343972985582
10,1,1682,4.686496639820349,recommended,0.9390684794502916,0.6363742815333744
10,2,545,4.556437441225348,recommended,0.9427317741351257,0.6496466489923685
10,3,3481,3.593941037146015,recommended,0.9537036264917079,0.6421102350255211
10,4,3179,4.378331149239042,recommended,0.945017094248494,0.6736098319966951
10,5,7692,4.677919097046988,recommended,0.9418212689647267,0.6555581974173488
10,6,4761,4.907314297833458,recommended,0.9391086983102406,0.6717448404774834
10,7,6511,3.6982852812313456,recommended,0.9532923963662899,0.6753546270086592
11,0,5284,3.979071608321777,recommended,0.9285220750424297,0.5902990717555996
11,1,3497,3.5140513445843027,recommended,0.9285077519437785,0.579737114939772
11,2,7955,2.832957069060575,recommended,0.9330148731304205,0.7557141336010847
11,3,3572,4.234254389256589,recommended,0.9335931437012516,0.7199595393694795
11,4,8504,4.469118824810172,recommended,0.9328120149702568,0.7151647345384377
11,5,2025,5.089702370111476,recommended,0.9344330387534414,0.6890876537482297
11,6,7255,2.7201672642996306,recommended,0.9341553437930064,0.7571666254125197
11,7,9770,3.2868907518716277,recommended,0.9261328387732337,0.5717096519584648
12,0,6136,4.9769135603360715,recommended,0.9300067198331662,0.7071375179356865
12,1,5955,4.682419487143607,recommended,0.926557115141838,0.6033078783889431
12,2,1919,5.250363035319187,recommended,0.93374942300147,0.6838664518353432
12,3,4578,4.291823282788394,recommended,0.9326457173411677,0.6049500131477042
12,4,6294,3.3319972091831462,recommended,0.9479170789344971,0.7168372067339026
12,5,6850,3.597988018894984,recommended,0.9460021933390478,0.7119037424413052
12,6,5488,3.3377314914719034,recommended,0.937525986759583,0.7366567352187905
12,7,3847,5.1292054566588465,recommended,0.9359941790017777,0.6781225015366464
13,0,724,4.310565010896859,recommended,0.9446142194740232,0.6832480282896458
13,1,2312,4.286059901626494,recommended,0.9450240645805688,0.6825404787671571
13,2,5586,4.2184994642152835,recommended,0.9436336706484948,0.6934669059640272
13,3,1172,4.6919833165119655,recommended,0.941725711618925,0.668572646722914
13,4,8946,4.2700860570979655,recommended,0.941289950394277,0.6256693299249064
13,5,6507,3.1742568737125585,recommended,0.9590070867644345,0.6387392562892379
13,6,3551,2.7528259048146517,recommended,0.959024175972966,0.6134018465221711
13,7,1848,3.1346729983714017,recommended,0.9614923245741122,0.6678679067008134
14,0,7461,1.9620863253844751,recommended,0.921029516053802,0.5351067800006034
14,1,7190,3.3590123131197744,recommended,0.9356551294095445,0.5861203488054969
14,2,6096,3.1275959297137392,recommended,0.9412590641776477,0.5887945291802296
14,3,7495,2.9252747560507157,recommended,0.9392184948776852,0.5799833204520839
14,4,2776,3.7257867654024714,recommended,0.9429827840711357,0.6103760597816921
14,5,6150,2.9806253284907545,recommended,0.9442236744737867,0.5895053841754254
14,6,9215,2.6507823148407104,recommended,0.940746723077666,0.7504943844950965
14,7,179,2.709752257404016,recommended,0.9402302414249576,0.575474177875879
15,0,6573,3.6418779286073666,recommended,0.9443322357482916,0.6107484949543095
15,1,900,2.276599300652255,recommended,0.9565013982994801,0.737508359459007
15,2,9312,2.249043786482284,recommended,0.9595534142998999,0.7326856913968013
15,3,162,2.3461826269350348,recommended,0.9548652806631941,0.7378969166957685
15,4,4989,3.7179758432909544,recommended,0.9506117747428903,0.6342526534515374
15,5,7587,3.164576847838017,recommended,0.9514994392273525,0.714317970610373
15,6,6537,3.5602744607413754,recommended,0.9505503719437564,0.6253976298804127
15,7,9624,3.0923798694938163,recommended,0.9532763907787299,0.6126612471519991
16,0,9764,2.4730671175220764,recommended,0.9251548183905436,0.5518799421186391
16,1,4710,2.3903268170754672,recommended,0.9243543461938004,0.5490832225687229
16,2,1319,3.4891155413646264,recommended,0.950772707731338,0.702540501534807
16,3,8455,3.7842554713062793,recommended,0.952765897153333,0.6645794280090398
16,4,254,2.9625318486369934,recommended,0.949799913291924,0.72571950838836
16,5,4043,2.80177583397094,recommended,0.9506063715798728,0.7296784136472413
16,6,9929,2.9154268209596754,recommended,0.954753678945957,0.7161350631535696
16,7,775,2.9263901462610984,recommended,0.951403342206657,0.6016118201463312
17,0,9592,2.4855744943818934,recommended,0.9192984383776744,0.7778924758331541
17,1,342,2.498720674748977,recommended,0.9293759891275858,0.5567628930139298
17,2,398,2.7106786401205434,recommended,0.9321182824836124,0.5651331835892089
17,3,5519,2.412229792217594,recommended,0.924147949136699,0.7753157538803761
17,4,953,0.06382041623512365,recommended,0.9580734801193802,0.3679407513020845
17,5,232,0.05942588053314459,recommended,0.9621725484745419,0.37487057952370406
17,6,1217,0.06632821133924294,recommended,0.961135485407593,0.38948189490242036
17,7,7712,2.5789945909078025,recommended,0.9350441963907306,0.5651975211777511
18,0,6307,7.803300284225734,recommended,0.909360326724968,0.6492427328379706
18,1,96,8.28241406736115,recommended,0.9004180571633305,0.6331014572732679
18,2,7733,8.36455301576994,recommended,0.8982590836748244,0.6298837036711994
18,3,4580,7.586587683620569,recommended,0.9089808919148642,0.6379304895796655
18,4,3429,7.401316089617029,recommended,0.9095866950537773,0.6338894618324419
18,5,9873,7.659921138948469,recommended,0.8986563837544456,0.7091369915594256
18,6,374,7.335950939169101,recommended,0.9064721109645469,0.6242379959139921
18,7,4742,7.994161903342348,recommended,0.8992503069815647,0.6237533843692328
19,0,2054,5.637776953463739,recommended,0.8903843208552661,0.5768812013112085
19,1,8265,7.643011300302438,recommended,0.7501548237949217,0.6311742040090069
19,2,2174,12.604357466050399,recommended,0.8259323085500162,0.6314587925830206
19,3,1624,10.891593124817767,recommended,0.8705269662693842,0.6314189212183764
19,4,8555,7.222509842590215,recommended,0.7459546179039995,0.6306871883123164
19,5,7303,10.292034480452553,recommended,0.7788926451025717,0.6310657781676963
19,6,5382,11.484296208936168,recommended,0.7952870447972226,0.630779733104932
19,7,9423,9.990989482079954,recommended,0.7758970823891844,0.6300938494554116
-1,0,4143,0.02773034952576441,init,0.44127433675006866,0.01795786375015096
-1,1,2987,0.05890916151039271,init,0.28915033445415095,0.9522600783623237
-1,2,7776,0.030813072943589443,init,0.10193190678057007,0.0627215909013884
-1,3,1277,0.0158279103777323,init,0.0723164752579386,0.9551152072917014
-1,4,5647,0.0023323253112731493,init,0.042334945902492094,0.011199305255704117
-1,5,6166,0.037026947998680226,init,0.8823965347663638,0.956563928561169
-1,6,4426,0.03763415206256701,init,0.02899674433594801,0.6898210713287619
-1,7,5136,0.008947481932565036,init,0.9792618656086425,0.08863297474958076
0,0,5456,0.10050841255538948,recommended,0.2024621836388314,0.8901151363098093
0,1,8646,0.12424671111191578,recommended,0.243495259185182,0.8831759706143232
0,2,7027,0.14912351128120457,recommended,0.22349875435464428,0.8472094875733885
0,3,1811,0.1219860534706145,recommended,0.21820753455217223,0.8740717733051852
0,4,6147,0.12084107857274846,recommended,0.25641836957542063,0.8912294410314674
0,5,7116,0.09746410468898996,recommended,0.20491603251599977,0.8947141047556129
0,6,1820,0.09650287331111,recommended,0.23814665366569632,0.9084345518793753
0,7,3908,0.06637973247587566,recommended,0.25349375325719037,0.9405373011029476
1,0,3249,0.2041931901283278,recommended,0.2217794919335464,0.7804711383801549
1,1,5571,0.20664499871433603,recommended,0.2161885738704754,0.7714848748169257
1,2,6001,0.2252132709199665,recommended,0.242329811453739,0.7736793464792507
1,3,9902,0.23108546432678786,recommended,0.24765009847460473,0.7713801887202277
1,4,4906,0.22911709533803964,recommended,0.251853362345709,0.7773021481439183
1,5,7006,0.23501706161220506,recommended,0.2543400875776042,0.7725264231625943
1,6,3086,0.041880414770848216,recommended,0.05450927741371958,0.8364397373761233
1,7,3048,0.036531208960285624,recommended,0.05227910326875962,0.8525426448755004
2,0,1699,0.5096705061136368,recommended,0.2490087361090899,0.5767023988577563
2,1,504,0.9519736292361962,recommended,0.24966800885918594,0.4894249636431405
2,2,1501,0.3809977963965317,recommended,0.250467898792499,0.6248740996069989
2,3,7109,0.9610248746021616,recommended,0.24989319486736472,0.4885183539308262
2,4,7578,0.4256894405919005,recommended,0.24746772950133744,0.600472863250274
2,5,3170,0.34122590585547186,recommended,0.24746298123314636,0.6452376445533317
2,6,1405,0.3472457809368611,recommended,0.24734031581908333,0.6406151835488874
2,7,2962,0.2719022224999003,recommended,0.24545446253893044,0.7175613826485358
3,0,8195,0.5077023127512388,recommended,0.2513740072904138,0.3093267742168119
3,1,3328,0.563700749022687,recommended,0.2511920046044672,0.32056758601649904
3,2,4626,0.4631173274568003,recommended,0.24853574392709288,0.3041552544854651
3,3,2307,0.5211438240706988,recommended,0.248539820927426,0.3169426217672814
3,4,2266,0.46115936897706766,recommended,0.24685702759573291,0.3064154493510364
3,5,5501,1.0440530700880035,recommended,0.5912429057506141,0.31478562371695795
3,6,5645,1.1567453169650461,recommended,0.5876690514732603,0.3179393297068228
3,7,8335,1.0500637056332132,recommended,0.5873835952686471,0.3107616953724214
4,0,8512,0.25914125693060347,recommended,0.7893230103611636,0.3170887872741256
4,1,1052,0.2548272955248064,recommended,0.7932613504382544,0.31676167706752667
4,2,5999,0.08087357336043585,recommended,0.9385888581772965,0.31694528863558546
4,3,126,0.1902569868333882,recommended,0.8511366715168569,0.31692200515627766
4,4,9949,0.10813812814458286,recommended,0.9174069260927484,0.3164745316378583
4,5,5121,4.919176817312142,recommended,0.47552652162619335,0.31817520950870315
4,6,9116,0.30935098352842316,recommended,0.7410857977382197,0.3191395155341933
4,7,5251,0.3105564731442559,recommended,0.7391246671365462,0.31800970481429813
5,0,4204,8.815513875551732,recommended,0.5097231716035652,0.37995995225975254
5,1,2357,3.7197691303310196,recommended,0.5128747423052678,0.3208545427498436
5,2,5425,9.182685327483995,recommended,0.5009693018588683,0.37496454907452925
5,3,3198,5.032372299906209,recommended,0.49818929917397914,0.3295304137739967
5,4,6015,5.5998669202216105,recommended,0.5023985278435357,0.33867960445703094
5,5,8790,8.562949319918852,recommended,0.5011666285631721,0.3688979435205936
5,6,9555,10.062526902011346,recommended,0.5007055904938853,0.3837153495003267
5,7,5115,4.405589609157945,recommended,0.5125909252672963,0.33060080997000185
6,0,4470,13.86249638295615,recommended,0.4623614472477392,0.39006606574762825
6,1,9347,14.625047389321121,recommended,0.4643348736103855,0.3978155951222587
6,2,1242,0.029642301628747637,recommended,0.4626756050653935,0.9809873781626851
6,3,1016,0.04363572994710648,recommended,0.4639324866883362,0.9720053296315371
6,4,9261,0.06917343756693911,recommended,0.4607422172611716,0.95548089478083
6,5,7383,0.028735270708763513,recommended,0.45872882420024086,0.9815413930443128
6,6,6258,0.021318150500915456,recommended,0.4680840601876467,0.986355795505741
6,7,2379,0.017392500290191862,recommended,0.46073360024167387,0.9888405413036631
7,0,8732,2.8121005609405216,recommended,0.46472375625003737,0.6094615860107644
7,1,9455,6.633658023435889,recommended,0.4650886629145451,0.5637022194181917
7,2,7312,12.483389052604233,recommended,0.46437032018204105,0.5161245842024867
7,3,143,9.0871372916085,recommended,0.46559801813246016,0.5426446347075766
7,4,6387,16.32250796378601,recommended,0.46783801312471496,0.41938983796838936
7,5,6035,16.281371896800756,recommended,0.4637805973609228,0.41507812900779906
7,6,9912,0.791876364431342,recommended,0.4674105002574649,0.672434401962343
7,7,9229,14.220747916651593,recommended,0.46875106043441406,0.4993955991710657
8,0,9273,17.51132517172868,recommended,0.4633834858663197,0.43765236472442226
8,1,7291,16.646668476823947,recommended,0.4625339853783005,0.4189408420801276
8,2,1028,16.100160858151497,recommended,0.4622955610006072,0.4117655415845085
8,3,4292,16.98581065807028,recommended,0.46354783925892185,0.4703240479372064
8,4,356,15.462915573189038,recommended,0.47157618855015837,0.41184091414726853
8,5,1821,16.896473857230063,recommended,0.4680690542342901,0.4662994129398188
8,6,5453,15.49289972712074,recommended,0.4738084349601387,0.4145208293901811
8,7,1921,14.779740761725876,recommended,0.4755961918220083,0.4077481050027323
9,0,1913,15.981981037112702,recommended,0.4666931208844084,0.4821320989198419
9,1,1823,15.064428084057488,recommended,0.4872653541000508,0.4299852141210597
9,2,1291,13.474352315264111,recommended,0.5030839507798364,0.44934974203964206
9,3,4623,15.236295480085555,recommended,0.4891965179806156,0.4502651934966382
9,4,8830,15.045088043289654,recommended,0.4908072494527028,0.44809111279591984
9,5,8575,13.076659023860099,recommended,0.5057654423348055,0.4557274006802463
9,6,1997,14.782733360240977,recommended,0.49253538071428926,0.44210703467972
9,7,6094,12.261424284446607,recommended,0.5102626462206492,0.4337844022073727
10,0,9563,0.25150150184317577,recommended,0.9292489152431359,0.44527911683724464
10,1,5331,0.43203630187831066,recommended,0.8820481860076986,0.4443938189157698
10,2,1131,0.38431111953199004,recommended,0.8925232899548461,0.4433800143791877
10,3,9776,0.4427481489983656,recommended,0.8797952074934596,0.44466747083871627
10,4,2466,0.1346100212560618,recommended,0.9615507321375663,0.44485243282754083
10,5,2703,0.11549222134030149,recommended,0.9666222208961075,0.44343910283604404
10,6,4600,0.18172209768722764,recommended,0.945629677748997,0.442937121734436
10,7,4045,0.48726483618423144,recommended,0.8626751629457258,0.4433203207726987
11,0,1247,10.834280491833647,recommended,0.5112754622007512,0.4923254800011819
11,1,3028,14.927361790028632,recommended,0.47190251056452304,0.4903124894098283
11,2,6801,14.766865450119365,recommended,0.4724603288539476,0.4916133448403307
11,3,6301,13.165509101762975,recommended,0.47076022166770226,0.388427221227857
11,4,137,10.167845637858063,recommended,0.5113423988609378,0.5015162946871996
11,5,8736,12.865705799224989,recommended,0.47501675699341883,0.38846364261099653
11,6,2653,12.79800043805085,recommended,0.47698339261765377,0.3892086186234388
11,7,5081,13.274821219904847,recommended,0.474325570550291,0.39166654287880887
12,0,7820,17.373688873909813,recommended,0.46050915990817876,0.4292107795416997
12,1,3673,17.36644328979894,recommended,0.4549507768419997,0.47078499701270726
12,2,8817,17.908294566077526,recommended,0.4557062844202975,0.45777935126563984
12,3,2187,11.333957347099629,recommended,0.5117074471147008,0.4832942849663252
12,4,2624,17.013843595776,recommended,0.45688807173726687,0.4751083649318354
12,5,991,16.35252716927125,recommended,0.45818688673789265,0.4829688720853552
12,6,2558,16.528966554676547,recommended,0.45564954943987745,0.4820173397769325
12,7,1025,16.197725580096687,recommended,0.45830064152865646,0.484696287130047
13,0,744,14.532075535788577,recommended,0.38855810127034573,0.44869362262253065
13,1,9694,17.35523936916646,recommended,0.4157543876756019,0.4494367753080455
13,2,9637,15.497144938922059,recommended,0.3965459869736151,0.44977794156570317
13,3,3423,17.39956537585413,recommended,0.4162849285443547,0.448851365652003
13,4,605,17.962951472208704,recommended,0.42618130223597295,0.4513870243296755
13,5,8201,18.09012779190241,recommended,0.4303926180160754,0.45383788125698044
13,6,1324,18.06505261547206,recommended,0.43272913601970464,0.457699605159294
13,7,2355,17.40474175546537,recommended,0.4189697737795244,0.4580286165838686
14,0,9536,7.505945006253684,recommended,0.34017095038848955,0.467658124188041
14,1,4496,7.253035013941481,recommended,0.3403848376775491,0.4765679435800185
14,2,7869,7.676339702496364,recommended,0.33965184501695544,0.42814944199235205
14,3,2470,8.032536810019518,recommended,0.3418490419172582,0.43369433132038004
14,4,4540,7.172521868391547,recommended,0.3379699792404788,0.4698454349836749
14,5,6075,16.006716592837194,recommended,0.42954912352067554,0.4874404737597884
14,6,3617,7.136176336308367,recommended,0.3385540274370513,0.47343493359404876
14,7,2375,7.995965698211414,recommended,0.3412444497577206,0.44418340687836655
15,0,4847,7.977598823716045,recommended,0.4269053206363036,0.5520181722956512
15,1,8650,8.682616742667252,recommended,0.43331949023289684,0.5473777534997463
15,2,2229,8.04102681383012,recommended,0.415818568018411,0.5485884150546885
15,3,2086,10.811776865758596,recommended,0.4441035569066186,0.5318717665050166
15,4,8929,7.746877508818928,recommended,0.4067423871913114,0.5477157081792359
15,5,2652,10.200971186624095,recommended,0.4328399210571723,0.5355424730977982
15,6,9972,10.111970730055265,recommended,0.4358396389345528,0.5366209028549586
15,7,5328,9.757214353584027,recommended,0.43211717561589447,0.5388193672496691
16,0,2793,17.348459244452876,recommended,0.4268947278233026,0.4690249397178835
16,1,2207,14.701149214227476,recommended,0.41078880999961176,0.48964407603203264
16,2,2022,16.61038053268789,recommended,0.4111904758694911,0.427486454090268
16,3,1620,17.02154395693303,recommended,0.4157751035233219,0.42894433343014426
16,4,9029,17.192573932628804,recommended,0.41351685437859886,0.4428583095794191
16,5,3493,17.35111164344301,recommended,0.42944789707870257,0.4707059473159374
16,6,3562,15.320485800798563,recommended,0.410023786741743,0.48199491773286707
16,7,2352,16.641138058478184,recommended,0.4151456539927457,0.42219223388067806
17,0,8503,13.369435498116031,recommended,0.4384093323592696,0.3811433152929786
17,1,477,13.17563872863055,recommended,0.4187705248920731,0.38313852824949746
17,2,8601,12.964246004128448,recommended,0.41851638665268387,0.3814912932422273
17,3,1950,13.03786172642505,recommended,0.4313017063410146,0.37904048538303503
17,4,369,12.824380601350796,recommended,0.4391349085702184,0.3769444294249076
17,5,2392,12.345080556752599,recommended,0.41739478232914795,0.3768668803471885
17,6,1168,11.477383257915696,recommended,0.456236508955542,0.3690530217609166
17,7,7581,15.618851298835946,recommended,0.4493658716251506,0.4931955197879292
18,0,6701,10.775385190412415,recommended,0.3654061309015568,0.4704322476632413
18,1,9146,12.020497359725695,recommended,0.3718979905749412,0.4610533305271882
18,2,311,10.70064974471644,recommended,0.370472102791382,0.4845229851910213
18,3,1654,11.592040396926553,recommended,0.36957419942677316,0.4642385197392249
18,4,7169,12.194804692316138,recommended,0.37246694782567324,0.45762663258944103
18,5,5363,12.238772834536922,recommended,0.3724689389121083,0.45573581400848473
18,6,4039,10.508585397109744,recommended,0.36973781087268875,0.4860575419026809
18,7,7637,11.199333002529269,recommended,0.37517639831310245,0.4860034482382267
19,0,2804,18.06813213054944,recommended,0.4490377603699617,0.45930368821307377
19,1,2996,14.714145531512829,recommended,0.4595629775055219,0.49896794422079305
19,2,9311,16.31039161052814,recommended,0.4390946215718754,0.4866100436893823
19,3,3541,16.41581291722031,recommended,0.43276708170819367,0.4841844983225968
19,4,3741,15.303950911295582,recommended,0.43946537435844213,0.49632277128437885
19,5,2500,14.286119353639783,recommended,0.3936355202774421,0.4734356593750214
19,6,6674,14.503911538458311,recommended,0.4307166216080104,0.5017029841763491
19,7,9979,13.64877172532747,recommended,0.4143004118309941,0.5021280957856249
-1,0,4143,0.02773034952576441,init,0.44127433675006866,0.01795786375015096
-1,1,2987,0.05890916151039271,init,0.28915033445415095,0.9522600783623237
-1,2,7776,0.030813072943589443,init,0.10193190678057007,0.0627215909013884
-1,3,1277,0.0158279103777323,init,0.0723164752579386,0.9551152072917014
-1,4,5647,0.0023323253112731493,init,0.042334945902492094,0.011199305255704117
-1,5,6166,0.037026947998680226,init,0.8823965347663638,0.956563928561169
-1,6,4426,0.03763415206256701,init,0.02899674433594801,0.6898210713287619
-1,7,5136,0.008947481932565036,init,0.9792618656086425,0.08863297474958076
0,0,7283,0.0399868847679161,recommended,0.9850338450059597,0.8892854620742633
0,1,5537,2.1226668726449565,recommended,0.30022711154138637,0.5311094225441555
0,2,3684,0.08571668377297302,recommended,0.18907765377834884,0.9009077302669907
0,3,1540,0.279812337269033,recommended,0.7365352283347926,0.8829938248297731
0,4,1412,0.1946304351589991,recommended,0.3216699896595486,0.848042089601484
0,5,4692,0.18813035000436654,recommended,0.5348727557587553,0.8765981188350187
0,6,9411,0.15415879051033712,recommended,0.44389758599256546,0.8986118076342223
0,7,5509,0.06978234949468884,recommended,0.3978785874773685,0.9530161760404428
1,0,9907,2.3867626408901303,recommended,0.5410709207986163,0.31650213991029075
1,1,7893,0.6341898112057109,recommended,0.25054605893112825,0.3344461868783247
1,2,7662,0.43911209884491464,recommended,0.2270318342822687,0.5533924402297637
1,3,4803,1.6709490557956335,recommended,0.8138291315928432,0.49350918266059995
1,4,428,0.05707040343158564,recommended,0.03654966784809488,0.47206694510999925
1,5,7111,12.623543912299862,recommended,0.44150674328917106,0.5181849423431099
1,6,1231,1.0450592350894343,recommended,0.6234059581594401,0.5693773611822828
1,7,8734,0.022652407044218816,recommended,0.9855193569028654,0.3671157673405353
2,0,4398,0.2116352450242568,recommended,0.13696663454423585,0.5067700407177881
2,1,5481,8.139714586667406,recommended,0.48537237120455046,0.35390582625685874
2,2,2632,0.4617378868643184,recommended,0.9718453013254846,0.5126152441031999
2,3,3778,0.32270793399476383,recommended,0.18863224642407483,0.5078974160033809
2,4,8540,1.409540887278422,recommended,0.4577140514982325,0.6428236882754317
2,5,4722,0.06965188662651534,recommended,0.4759063274732007,0.04457004071263082
2,6,7461,1.9620863253844751,recommended,0.921029516053802,0.5351067800006034
2,7,8391,0.1145836783189158,recommended,0.07356102897771621,0.4984418404349944
3,0,4284,2.240359937579706,recommended,0.448160873369002,0.27441263163568175
3,1,4504,4.232498897147542,recommended,0.49812967418398035,0.5795363691499811
3,2,1046,0.36898291777411796,recommended,0.2037664591276891,0.5233296311947413
3,3,5877,11.84512742947516,recommended,0.39929925602578586,0.5078942095312776
3,4,346,0.8228777793314577,recommended,0.507610378684455,0.24240973241508024
3,5,8575,13.076659023860099,recommended,0.5057654423348055,0.4557274006802463
3,6,5028,0.3250743956066608,recommended,0.44762387266552495,0.7751907692939057
3,7,1222,4.0905195595690165,recommended,0.44044135031242404,0.30233324935149375
4,0,1523,8.649050232231469,recommended,0.42272863689393225,0.34652416795271823
4,1,4430,0.272394174358961,recommended,0.5057422983554444,0.8171021330026149
4,2,3327,0.8224347733362196,recommended,0.23936983634204634,0.4179685080138871
4,3,7001,0.9399884776694092,recommended,0.6519737139229607,0.48694071323924826
4,4,1823,15.064428084057488,recommended,0.4872653541000508,0.4299852141210597
4,5,2207,14.701149214227476,recommended,0.41078880999961176,0.48964407603203264
4,6,1234,8.683175396752253,recommended,0.47554603748682667,0.5430245839576632
4,7,4709,7.30447950454887,recommended,0.5276244568387078,0.5174610093842912
5,0,4798,6.272516058849228,recommended,0.49775656360689635,0.34311551641700944
5,1,1832,6.920921034025826,recommended,0.5511599619163721,0.4381786132483445
5,2,959,13.846449438469431,recommended,0.39152569817782934,0.41262184084862374
5,3,9321,11.015445126760984,recommended,0.4880834771971446,0.3814382981490072
5,4,4033,6.167504974904384,recommended,0.4811256918168456,0.3333678381165628
5,5,2357,3.7197691303310196,recommended,0.5128747423052678,0.3208545427498436
5,6,5612,16.599568828445385,recommended,0.41349713706337177,0.42358582687907886
5,7,6319,0.36103940902887033,recommended,0.4118974783621112,0.7464192328441049
6,0,8390,14.449128288575544,recommended,0.3884369385525741,0.4353976302115996
6,1,3396,4.828126266891193,recommended,0.3984787621092144,0.3169130138185443
6,2,5743,7.314592253427541,recommended,0.3434305880194931,0.40090272257912607
6,3,8983,0.288860425135592,recommended,0.8424308021504471,0.4012299996116918
6,4,8154,11.140619289538861,recommended,0.3685766938381376,0.4151976391419092
6,5,1967,2.032705091994853,recommended,0.3072164170212709,0.5464585417281244
6,6,8660,0.005220756373323422,recommended,0.3851250709192222,0.0035489918647713115
6,7,6797,16.30547722025222,recommended,0.4568945549824279,0.4108999049918065
7,0,3284,13.6852996121408,recommended,0.38646256432793524,0.4202496018075419
7,1,7263,9.472551679435838,recommended,0.3998586951372155,0.3608068262457512
7,2,1997,14.782733360240977,recommended,0.49253538071428926,0.44210703467972
7,3,4221,0.8075327508720527,recommended,0.6540230776587604,0.41621703103231444
7,4,5375,2.9689674654984635,recommended,0.4264438057143032,0.6061935374241404
7,5,689,2.2622810849646617,recommended,0.3592333693997657,0.5929508514349274
7,6,9936,9.912898467109658,recommended,0.3556484328316968,0.43400001659547716
7,7,1593,5.716625340108861,recommended,0.3568859751711102,0.353789158736436
8,0,6672,5.32819405827478,recommended,0.5654434995653427,0.4362893592936943
8,1,2653,12.79800043805085,recommended,0.47698339261765377,0.3892086186234388
8,2,8503,13.369435498116031,recommended,0.4384093323592696,0.3811433152929786
8,3,4820,12.981434226119942,recommended,0.483593048104329,0.5010473777944182
8,4,7602,12.994193554866133,recommended,0.48821935919923853,0.4012148277113289
8,5,9712,14.613275281245045,recommended,0.4937887702564081,0.4570252804809394
8,6,7996,1.5512059347465064,recommended,0.9648231254722478,0.571682326099271
8,7,3207,0.3859842870670654,recommended,0.199156897597067,0.4247941813314118
9,0,3617,7.136176336308367,recommended,0.3385540274370513,0.47343493359404876
9,1,5256,6.226402212578609,recommended,0.32697762324273927,0.4424913136680374
9,2,7943,0.41997269519679437,recommended,0.6876051009937932,0.3492649058476389
9,3,7514,9.384240313815416,recommended,0.48750227862027984,0.366303145262339
9,4,413,4.5191140047201515,recommended,0.34634599436596125,0.3469532018962277
9,5,7867,7.5792082335844375,recommended,0.5062517344973269,0.36312844284607204
9,6,369,12.824380601350796,recommended,0.4391349085702184,0.3769444294249076
9,7,2848,16.09530705015384,recommended,0.44797165638218994,0.4054716763304185
10,0,3711,13.911138556925083,recommended,0.3903764460469539,0.41577480098965147
10,1,6075,16.006716592837194,recommended,0.42954912352067554,0.4874404737597884
10,2,2159,11.382134597700926,recommended,0.40542282513915495,0.516283299197674
10,3,4415,7.656095590990349,recommended,0.3430440057930102,0.4107004005865431
10,4,9229,14.220747916651593,recommended,0.46875106043441406,0.4993955991710657
10,5,1387,7.384630142320559,recommended,0.5465771420322949,0.43281600220946925
10,6,2914,5.934701173804811,recommended,0.3615401877629566,0.5347994662811925
10,7,8360,3.5429655941469473,recommended,0.3141674127919636,0.37421279573905797
11,0,7291,16.646668476823947,recommended,0.4625339853783005,0.4189408420801276
11,1,3469,3.5615769181100894,recommended,0.49794859258226387,0.31003402401245006
11,2,3702,0.5037702243043485,recommended,0.36361144919006383,0.2168142759291083
11,3,2019,1.19841866695915,recommended,0.6594229620819976,0.5778070502510847
11,4,3954,12.98213562368932,recommended,0.39477531677168287,0.49221618328746686
11,5,4233,12.309896519366843,recommended,0.43677716932331967,0.5201807365667597
11,6,3366,0.09361056302003982,recommended,0.9334551052498522,0.34459659572697177
11,7,6091,6.449242430162153,recommended,0.5499884158659529,0.41341657517390873
12,0,8515,11.62805298886019,recommended,0.51631656166117,0.444829257597959
12,1,9866,14.065002188677878,recommended,0.4974113794914262,0.4370240760986729
12,2,789,1.4663795857721278,recommended,0.6070940360887808,0.54669741271407
12,3,7580,11.160252765858809,recommended,0.44151869651086506,0.529190098746567
12,4,4234,0.01916710159259177,recommended,0.2949311358038643,0.01526483964602976
12,5,5139,10.529263687548411,recommended,0.36046302914925554,0.4304219080879669
12,6,4682,1.944325276339325,recommended,0.28485267661061364,0.5051640182933148
12,7,1771,0.20009569970901486,recommended,0.14692192358377076,0.34264514652252154
13,0,9867,12.087800651938554,recommended,0.39289229583117913,0.4996906028861203
13,1,8705,0.6314434826205009,recommended,0.24382385260040484,0.34909698649408205
13,2,5623,8.436144980891882,recommended,0.474372639974619,0.35114369055681205
13,3,8596,9.38600976233832,recommended,0.3524847275980618,0.4572608045918206
13,4,6445,0.9151351499211083,recommended,0.6599242952590599,0.5176480890176051
13,5,2942,14.652152388102213,recommended,0.48018351526188785,0.4858856061896132
13,6,8062,8.309325906036117,recommended,0.5067117639327983,0.5281400572737537
13,7,8239,9.064781037594758,recommended,0.42437676701387816,0.5426592821365677
14,0,4094,6.568932097728766,recommended,0.5201602230243957,0.3648180963078569
14,1,8368,7.097361251098057,recommended,0.5004194958350817,0.5454742327381976
14,2,8743,11.493322440443402,recommended,0.4540761443123418,0.5261427596891464
14,3,8212,0.5879421811870613,recommended,0.5213947362629351,0.6832766104223897
14,4,5029,2.918135685354893,recommended,0.526768907269492,0.31671712202521607
14,5,7458,0.29992017676417754,recommended,0.7807732348871894,0.3637860515990571
14,6,477,13.17563872863055,recommended,0.4187705248920731,0.38313852824949746
14,7,5069,2.666389911553052,recommended,0.5671630879133922,0.5534295611637274
15,0,5253,13.236243028247577,recommended,0.45299810082996383,0.5128826025095737
15,1,4556,8.344211048719739,recommended,0.5400291922606877,0.46103356809781204
15,2,2752,0.24785184196549842,recommended,0.31023528374470477,0.18176359776119422
15,3,3728,1.9368579266074748,recommended,0.6077627687434245,0.40470587432917016
15,4,9401,17.306567202952372,recommended,0.4272817081273277,0.42231387785603225
15,5,9347,14.625047389321121,recommended,0.4643348736103855,0.3978155951222587
15,6,1613,0.6280480632264386,recommended,0.24153684170168177,0.35427132721721566
15,7,5083,8.30823661273459,recommended,0.41844678971622795,0.34456190798787534
16,0,8107,0.6273331906435844,recommended,0.3260234522779849,0.6455339908801486
16,1,3031,4.982369514611637,recommended,0.4919280240391293,0.572772509737109
16,2,3106,8.370771999983054,recommended,0.40097032668835175,0.3507097879920843
16,3,9871,8.860160625156164,recommended,0.5365357736257104,0.4533535379141953
16,4,7920,0.10032481769231201,recommended,0.5764598564592339,0.9338934381498634
16,5,9693,13.981293431467716,recommended,0.4449666567350885,0.5076599964512309
16,6,7163,11.37916848594316,recommended,0.4108431774809097,0.371585840912535
16,7,688,13.070362622989995,recommended,0.4453052550026655,0.5148173539296902
17,0,8580,0.9982941490437603,recommended,0.5486383916955772,0.6340369734136087
17,1,7754,0.3623238089451166,recommended,0.4787022008507855,0.1861321543680995
17,2,4029,7.465087335761121,recommended,0.48064802831240894,0.5518287335341685
17,3,9637,15.497144938922059,recommended,0.3965459869736151,0.44977794156570317
17,4,9040,6.075464629760318,recommended,0.32820175053761746,0.46777626498603475
17,5,9065,14.203048082273867,recommended,0.49509244999315616,0.4319334233634766
17,6,9699,6.41926632308662,recommended,0.35031752587232856,0.3718493027039589
17,7,8471,10.322748033005393,recommended,0.3651633556780287,0.4791693473954418
18,0,1928,4.335886527832932,recommended,0.35466620498508283,0.5506633794408515
18,1,3562,15.320485800798563,recommended,0.410023786741743,0.48199491773286707
18,2,9870,11.774588026261082,recommended,0.41354052274348874,0.373697169736223
18,3,2624,17.013843595776,recommended,0.45688807173726687,0.4751083649318354
18,4,5275,15.796513415500646,recommended,0.4353893961280134,0.4018987079559666
18,5,7376,5.958388158713894,recommended,0.5268029188559366,0.5372081793948886
18,6,7395,10.745030751606759,recommended,0.45560253750166213,0.3633337819162643
18,7,4318,0.7466861711056058,recommended,0.8003641884553453,0.4570239521926255
19,0,2021,2.2689263082231226,recommended,0.46768121248487704,0.6193899693665019
19,1,3153,8.411976279515752,recommended,0.37619046876962214,0.36734051527727996
19,2,2523,9.544807133781902,recommended,0.48978586798824075,0.5286566039892756
19,3,5310,2.0480355391262197,recommended,0.35764054958891134,0.2907438658906739
19,4,350,0.08067230316734662,recommended,0.5325894325515859,0.05182353682242691
19,5,3190,1.8866576472418117,recommended,0.6005347682064148,0.5300523392123808
19,6,8939,14.058053307808951,recommended,0.49115317431045047,0.4192369414973601
19,7,178,0.0400950255351619,recommended,0.026511310541621813,0.5857755812734633
-1,0,4143,0.02773034952576441,init,0.44127433675006866,0.01795786375015096
-1,1,2987,0.05890916151039271,init,0.28915033445415095,0.9522600783623237
-1,2,7776,0.030813072943589443,init,0.10193190678057007,0.0627215909013884
-1,3,1277,0.0158279103777323,init,0.0723164752579386,0.9551152072917014
-1,4,5647,0.0023323253112731493,init,0.042334945902492094,0.011199305255704117
-1,5,6166,0.037026947998680226,init,0.8823965347663638,0.956563928561169
-1,6,4426,0.03763415206256701,init,0.02899674433594801,0.6898210713287619
-1,7,5136,0.008947481932565036,init,0.9792618656086425,0.08863297474958076
0,0,4139,0.03941170823972555,recommended,0.39808717823623085,0.026446902597667465
0,1,2971,0.011410897405652317,recommended,0.019651482746847804,0.8793930568071955
0,2,7824,0.12532093185477297,recommended,0.19519381427592553,0.1432959914309344
0,3,1267,0.853247472045214,recommended,0.73786951856153,0.8341445970006758
0,4,5588,0.03443606351617743,recommended,0.6002186110619694,0.9769710546262609
0,5,6163,0.10885234346477989,recommended,0.7837029887609752,0.1126071490393118
0,6,4445,0.19040459721036804,recommended,0.272467184033096,0.8317853001851593
0,7,5139,10.529263687548411,recommended,0.36046302914925554,0.4304219080879669
1,0,3521,0.20476309758896435,recommended,0.646046944096596,0.15061095306851913
1,1,4344,0.18180076373120235,recommended,0.2229500085577536,0.1880585664790756
1,2,883,0.8089254078497747,recommended,0.7373570773877997,0.47601812936876653
1,3,2232,0.5544167953978637,recommended,0.6754560453364256,0.3960009663856152
1,4,1656,0.01041073177900122,recommended,0.7087656552291542,0.008363681876857099
1,5,9120,1.7741898138825727,recommended,0.5926780659137455,0.3584022386938166
1,6,5383,1.8526518800094365,recommended,0.5875617721497983,0.3535488542043371
1,7,3548,0.03376659157168271,recommended,0.8355717050906487,0.04366092871300853
2,0,8265,7.643011300302438,recommended,0.7501548237949217,0.6311742040090069
2,1,7186,2.3039665167353998,recommended,0.7605020044172398,0.5231780098395007
2,2,4371,0.0825369312355573,recommended,0.4318436923120297,0.05393258284087121
2,3,3771,0.016275379868366226,recommended,0.5909160928272268,0.9892166834205861
2,4,2278,1.6471668033037479,recommended,0.6630272037231474,0.6790666044956374
2,5,7977,0.12834003275672373,recommended,0.15118291933725425,0.8103031373334708
2,6,4511,3.640172717187567,recommended,0.48499228457749954,0.30557645932782573
2,7,3381,0.19580956659334997,recommended,0.16406358826533518,0.2851865960100478
3,0,1717,0.4205541626621013,recommended,0.7073970000329277,0.3892304716917885
3,1,1164,0.0727500125537192,recommended,0.636401370183407,0.051135381442100725
3,2,6361,0.1220690230667753,recommended,0.9037457706089417,0.9071174191801324
3,3,7452,1.0708449378073306,recommended,0.7154841797743894,0.8089273072177914
3,4,4097,4.105562847142302,recommended,0.3777968239094115,0.316684356016926
3,5,3044,0.026276223166144915,recommended,0.7092961271407681,0.021149823349416286
3,6,7141,2.9276364104970076,recommended,0.6893401156326044,0.6676072297270031
3,7,5544,1.306254495970351,recommended,0.450390076405931,0.6466727531599051
4,0,8600,0.4180377800865393,recommended,0.5666017175404895,0.7239678737735169
4,1,2566,0.0077452153575265775,recommended,0.09957971354002892,0.01602815645512312
4,2,8230,0.033010081012915526,recommended,0.04321993725495721,0.8378257199236009
4,3,1923,1.166331997922748,recommended,0.9711509073682858,0.5621888110645251
4,4,3274,0.2224820981681732,recommended,0.1444364841550776,0.44206621311807504
4,5,1670,5.853279865722756,recommended,0.88912792394001,0.5788067545119405
4,6,6843,0.02471208020636288,recommended,0.5732229575562436,0.9838459228475457
4,7,9165,1.7182939764877045,recommended,0.7790979397931701,0.5009294044165055
5,0,1275,0.1539221554518951,recommended,0.3488205339694793,0.11099809879131484
5,1,6710,0.06616105592995786,recommended,0.9334727919475578,0.22012942083576414
5,2,3285,0.009038445856289648,recommended,0.5621108826232295,0.005864727887161303
5,3,163,1.3444782065483012,recommended,0.5543540525114007,0.6117207462343522
5,4,5025,0.8031110409014901,recommended,0.8099131203060904,0.46020661815661534
5,5,6044,1.3321135572972826,recommended,0.6121498216133903,0.5492512713778943
5,6,516,0.1224306109983024,recommended,0.23000883728770305,0.12056688577727881
5,7,7283,0.0399868847679161,recommended,0.9850338450059597,0.8892854620742633
6,0,640,0.6582509316260781,recommended,0.6181557343181191,0.702464970544104
6,1,3687,0.04538788736793015,recommended,0.12096066223849233,0.07869767519539905
6,2,2977,0.0650933962951645,recommended,0.04486055762771701,0.6225469904622817
6,3,3158,3.3252544431224926,recommended,0.7235345733310886,0.5771866762233089
6,4,7799,0.21126081153420914,recommended,0.7469036553555233,0.20152700291824244
6,5,8069,0.029885341122929406,recommended,0.9447090508254122,0.11240471127794882
6,6,5711,1.2531844402021108,recommended,0.9419049728383291,0.530088496914424
6,7,1507,0.8064427758382033,recommended,0.6212924490496101,0.3340499656687692
7,0,941,0.5807791303447282,recommended,0.6362913539792481,0.761121537043158
7,1,2631,0.08400045079399007,recommended,0.5576886911854527,0.05461030321346905
7,2,2000,0.28984066464205344,recommended,0.5719958782835928,0.8054323292999863
7,3,2031,0.24003629871071325,recommended,0.7653633638580407,0.2530263409202532
7,4,8770,0.32327753951457583,recommended,0.5186462894216692,0.7790952558129959
7,5,6521,0.3537215163297155,recommended,0.9535722238351587,0.8396244958615607
7,6,5253,13.236243028247577,recommended,0.45299810082996383,0.5128826025095737
7,7,1499,0.15531102876041286,recommended,0.2900455319624369,0.8714140341908543
8,0,7426,0.2048314245933042,recommended,0.7492753368241044,0.1961393497338716
8,1,1542,3.624338164924819,recommended,0.7011395944174736,0.6801118854469727
8,2,9629,0.08741992524450856,recommended,0.15087804682460448,0.12511615964948553
8,3,1742,1.2548195734628822,recommended,0.5831908042770976,0.5928401805081102
8,4,1802,0.17390271480092467,recommended,0.21870980032358323,0.1828377798688171
8,5,2128,0.04176232150822424,recommended,0.9977493890102006,0.4517394759814438
8,6,4488,0.3471840072794396,recommended,0.32874598834960655,0.720433702225778
8,7,6119,0.010836815916865333,recommended,0.3337148484757929,0.9920384737785946
9,0,8029,0.0376054653475689,recommended,0.4345026937193044,0.02446470275893342
9,1,3273,5.08733003669629,recommended,0.5591366564629684,0.5027834418466806
9,2,6612,0.9133344195967912,recommended,0.43876222065162973,0.23407620398411522
9,3,6923,0.5881477602651041,recommended,0.6989851081744856,0.4562400440533355
9,4,8839,0.4604126346269556,recommended,0.6265033072660964,0.2807519507463412
9,5,80,1.1729516507891011,recommended,0.3677831327192532,0.6323058305935795
9,6,2010,1.0188523169876404,recommended,0.41130397206623126,0.24053158518014872
9,7,1660,0.102537661244581,recommended,0.5484191629935626,0.06646332577627212
10,0,9101,0.2342412058500752,recommended,0.9901984904623572,0.8193698179343586
10,1,4389,0.28977300061407074,recommended,0.7728739363818531,0.3389699261728214
10,2,870,9.230608265238951,recommended,0.8275378955668743,0.733614380561402
10,3,250,1.345935323931844,recommended,0.6981617140197451,0.5360963663441204
10,4,1032,0.05054672792916922,recommended,0.05195657755426841,0.7862781993840331
10,5,6911,0.04842162678619065,recommended,0.9737482141179605,0.39715249994292035
10,6,9867,12.087800651938554,recommended,0.39289229583117913,0.4996906028861203
10,7,9804,2.2754084909615404,recommended,0.6894117084305128,0.598252930517052
11,0,1779,0.12691659202322456,recommended,0.08227232427706188,0.45958405721362305
11,1,6514,0.2023830261718576,recommended,0.18600843185599525,0.25475879519984534
11,2,2952,0.14197326413172792,recommended,0.09914611227762393,0.6229540441833817
11,3,2274,0.616600568847625,recommended,0.6688765310406853,0.7986557803566365
11,4,7914,0.08236770555590343,recommended,0.25804389403671546,0.07295986391295484
11,5,159,0.16789974462542342,recommended,0.15643704267108605,0.25024289816459533
11,6,1222,4.0905195595690165,recommended,0.44044135031242404,0.30233324935149375
11,7,9293,5.151066095126327,recommended,0.7191643817788894,0.6685131814678218
12,0,9694,17.35523936916646,recommended,0.4157543876756019,0.4494367753080455
12,1,4892,0.3381037425272293,recommended,0.5423589504923214,0.7683999289487798
12,2,1465,0.6268329796652825,recommended,0.5906378339946378,0.6610142542473203
12,3,1598,0.1679213001031984,recommended,0.9411208125336735,0.8763194331423115
12,4,9209,0.0497158603237935,recommended,0.7088571132042747,0.9627865088280702
12,5,3506,0.2346272116783714,recommended,0.27967385654644317,0.19152132205014816
12,6,3310,0.16772252213391034,recommended,0.11323122325912538,0.4063664052774615
12,7,6429,0.6160566701340054,recommended,0.4680654604262312,0.21748435386297804
13,0,7739,0.03954010120178689,recommended,0.9535735374122973,0.18313537157176984
13,1,7848,11.104948355755356,recommended,0.8523501166838341,0.7075384896146737
13,2,2932,0.5189158601894941,recommended,0.7180681612008608,0.44269370196743585
13,3,6874,0.23272039876243034,recommended,0.7300751666033292,0.21291728560430567
13,4,9432,0.19809395621827666,recommended,0.7457977034187242,0.1865005834048039
13,5,4707,0.11019594854699034,recommended,0.4678024120373392,0.07087170065487358
13,6,9490,1.7458721812512434,recommended,0.8653756121021096,0.8224243845798085
13,7,1776,3.3442525519359707,recommended,0.580699084554285,0.5055087603898639
14,0,9068,0.3256737155730329,recommended,0.8742720265915166,0.8828853066451842
14,1,5473,0.020055435170736824,recommended,0.058133791026828585,0.9291163526913256
14,2,9350,0.20915271421826143,recommended,0.35976346169672646,0.8469985997572684
14,3,5559,0.5155809444752202,recommended,0.7538034837685449,0.43930327232799693
14,4,750,10.597733702990618,recommended,0.519081785136218,0.47918187762973097
14,5,9842,0.14879855315197174,recommended,0.09601101211365137,0.5030294807967006
14,6,5382,11.484296208936168,recommended,0.7952870447972226,0.630779733104932
14,7,2988,0.03539158564672069,recommended,0.04986014639916425,0.14990925324713966
15,0,4085,3.0279382020098136,recommended,0.8160335023020684,0.8025607481516279
15,1,6120,0.02629469246862461,recommended,0.1028328160641574,0.05297290604610083
15,2,2115,1.8314266008033508,recommended,0.7017382738772572,0.556464637348822
15,3,1110,1.537449837017776,recommended,0.7036859774607958,0.5406984766449103
15,4,7771,0.054654570196550525,recommended,0.04853345072966897,0.7442809392941642
15,5,9513,0.2900556898542593,recommended,0.2046916746217904,0.6183403172799412
15,6,1625,0.17817200549732815,recommended,0.5325040664159818,0.11539464217891737
15,7,406,0.04697390043519918,recommended,0.12466268120326685,0.9208418826173723
16,0,745,0.6570586950455906,recommended,0.23754413087432746,0.3732517916293401
16,1,8113,0.06547648038948731,recommended,0.1437851730161922,0.9030130391680924
16,2,1676,1.3358865656431165,recommended,0.9078385138835341,0.5070596467387183
16,3,3147,0.35669565007209914,recommended,0.8680981598670628,0.8812506816818898
16,4,1208,0.0571544135886343,recommended,0.3842067129858002,0.03899601257491159
16,5,6077,0.7391208595292951,recommended,0.5961380616965348,0.2944640988411602
16,6,2212,4.218732724756847,recommended,0.3153637432661175,0.3931471294940152
16,7,2201,0.7044112827239615,recommended,0.2458474424934003,0.35813971652914445
17,0,9160,0.28238978772071555,recommended,0.23716768129859644,0.6924454812415469
17,1,7615,0.26217517177528454,recommended,0.18683440629458303,0.6196641516197087
17,2,5457,0.051144073788994715,recommended,0.8590463297066561,0.07672737192820589
17,3,9150,0.2561527535426526,recommended,0.636136530428131,0.18752804794656086
17,4,218,0.060150757336635594,recommended,0.07276300636419353,0.8218600592903562
17,5,1077,0.10640258149660128,recommended,0.10063747852353333,0.23987411275594472
17,6,6881,0.006101881988086424,recommended,0.05583822087647439,0.9777235118726436
17,7,5744,1.058772770380703,recommended,0.7611105884852579,0.48253840746667265
18,0,9661,0.039081902366450996,recommended,0.39559918184982734,0.02629444066838671
18,1,1975,0.018439212690955525,recommended,0.02370775364451838,0.8349472056944037
18,2,2173,5.2766338083120825,recommended,0.7997833644457834,0.5546870247883672
18,3,3323,0.17658073948701627,recommended,0.8985969105689701,0.8962567164715789
18,4,5886,0.23258968498026356,recommended,0.23948871457012988,0.22122151418229918
18,5,661,0.12456402875028819,recommended,0.8717835665922017,0.21921398735804432
18,6,3473,0.13700328676057238,recommended,0.13650301208358218,0.22867075138460335
18,7,5337,0.01442569556949455,recommended,0.013981712971364746,0.7718054684782346
19,0,6661,4.827680572633881,recommended,0.5714113930442343,0.4473798226380674
19,1,8224,0.19030160456455048,recommended,0.9066688146151902,0.4086049707232401
19,2,5516,0.4028836919800477,recommended,0.41571130914984833,0.7283155104937347
19,3,9525,0.003090884216817221,recommended,0.14854515150998093,0.004373679100979522
19,4,5182,0.003127956437352859,recommended,0.002140919345475223,0.38024116641339023
19,5,9643,0.33066681819723925,recommended,0.6350510702024892,0.2371943511339355
19,6,3625,0.15001292518480558,recommended,0.8533957335369416,0.9143404426664835
19,7,8534,0.6559293175477955,recommended,0.7476446125967731,0.8501188680561119
