dataset,algorithm,seed,round,best_so_far,pct_opt,time_s,diversity
RC1-2D-3C,GLOSS(2:3:3),47,-1,0.5038596938419238,0.038628127615745245,0.0,0.0
RC1-2D-3C,GLOSS(2:3:3),47,0,7.305117363086705,68.106168544691,0.10819220542907715,0.2853298254353856
RC1-2D-3C,GLOSS(2:3:3),47,1,10.132326247923086,96.40110521593809,0.11112213134765625,0.32866304243828554
RC1-2D-3C,GLOSS(2:3:3),47,2,10.132326247923086,96.40110521593809,0.11478185653686523,0.37697678598366313
RC1-2D-3C,GLOSS(2:3:3),47,3,10.132326247923086,96.40110521593809,0.11566686630249023,0.3719401907657246
RC1-2D-3C,GLOSS(2:3:3),47,4,10.132326247923086,96.40110521593809,0.11525774002075195,0.4124568012179074
RC1-2D-3C,GLOSS(2:3:3),47,5,10.132326247923086,96.40110521593809,0.11872196197509766,0.41143218976654033
RC1-2D-3C,GLOSS(2:3:3),47,6,10.132326247923086,96.40110521593809,0.12332892417907715,0.43250363107007095
RC1-2D-3C,GLOSS(2:3:3),47,7,10.132326247923086,96.40110521593809,0.1261591911315918,0.4480254208756456
RC1-2D-3C,GLOSS(2:3:3),47,8,10.39335964841226,99.01354873772225,0.14291810989379883,0.42472747241379366
RC1-2D-3C,GLOSS(2:3:3),47,9,10.39335964841226,99.01354873772225,0.14192938804626465,0.40726813516232574
RC1-2D-3C,GLOSS(2:3:3),47,10,10.39335964841226,99.01354873772225,0.14363408088684082,0.3872351275594568
RC1-2D-3C,GLOSS(2:3:3),47,11,10.39335964841226,99.01354873772225,0.14175915718078613,0.3732631916715334
RC1-2D-3C,GLOSS(2:3:3),47,12,10.47312950382662,99.8118919444551,0.1420290470123291,0.3602868442193989
RC1-2D-3C,GLOSS(2:3:3),47,13,10.47312950382662,99.8118919444551,0.12563514709472656,0.3638559764377068
RC1-2D-3C,GLOSS(2:3:3),47,14,10.47312950382662,99.8118919444551,0.14577388763427734,0.35287834570462245
RC1-2D-3C,GLOSS(2:3:3),47,15,10.47312950382662,99.8118919444551,0.12869596481323242,0.35566295329761216
RC1-2D-3C,GLOSS(2:3:3),47,16,10.47312950382662,99.8118919444551,0.14826178550720215,0.34731424899424385
RC1-2D-3C,GLOSS(2:3:3),47,17,10.47312950382662,99.8118919444551,0.1300501823425293,0.34503030311417837
RC1-2D-3C,GLOSS(2:3:3),47,18,10.47312950382662,99.8118919444551,0.1512010097503662,0.33722860363839496
RC1-2D-3C,GLOSS(2:3:3),47,19,10.47312950382662,99.8118919444551,0.12839102745056152,0.344828894684336
RC1-2D-3C,GLOSS(4:2:2),47,-1,0.5038596938419238,0.038628127615745245,0.0,0.0
RC1-2D-3C,GLOSS(4:2:2),47,0,6.42230228317122,59.27088335844053,0.10354804992675781,0.2536834524102665
RC1-2D-3C,GLOSS(4:2:2),47,1,9.033540926767012,85.40437227407544,0.11382079124450684,0.2961378868908045
RC1-2D-3C,GLOSS(4:2:2),47,2,9.679144323926042,91.86562362884186,0.11728429794311523,0.2804214889112359
RC1-2D-3C,GLOSS(4:2:2),47,3,10.159258107231063,96.67064145630762,0.1153719425201416,0.28274329416058974
RC1-2D-3C,GLOSS(4:2:2),47,4,10.21684117011167,97.24693743722432,0.11776995658874512,0.3060838851548375
RC1-2D-3C,GLOSS(4:2:2),47,5,10.355884930070737,98.63849870589286,0.1182410717010498,0.3247884988315063
RC1-2D-3C,GLOSS(4:2:2),47,6,10.392549846001215,99.00544416926974,0.12087202072143555,0.32820915998803685
RC1-2D-3C,GLOSS(4:2:2),47,7,10.445507541241163,99.53544909430599,0.1214437484741211,0.35221056596398137
RC1-2D-3C,GLOSS(4:2:2),47,8,10.445507541241163,99.53544909430599,0.12337613105773926,0.363221459596795
RC1-2D-3C,GLOSS(4:2:2),47,9,10.445507541241163,99.53544909430599,0.1289060115814209,0.3658911615542556
RC1-2D-3C,GLOSS(4:2:2),47,10,10.445507541241163,99.53544909430599,0.12454485893249512,0.37840333334461496
RC1-2D-3C,GLOSS(4:2:2),47,11,10.445507541241163,99.53544909430599,0.143326997756958,0.37118374831502055
RC1-2D-3C,GLOSS(4:2:2),47,12,10.445507541241163,99.53544909430599,0.1433260440826416,0.3759266854090101
RC1-2D-3C,GLOSS(4:2:2),47,13,10.445507541241163,99.53544909430599,0.1451570987701416,0.36820386660471544
RC1-2D-3C,GLOSS(4:2:2),47,14,10.445507541241163,99.53544909430599,0.14348697662353516,0.36883594046724916
RC1-2D-3C,GLOSS(4:2:2),47,15,10.445507541241163,99.53544909430599,0.14914989471435547,0.3746804924805054
RC1-2D-3C,GLOSS(4:2:2),47,16,10.445507541241163,99.53544909430599,0.1463789939880371,0.3871487186251499
RC1-2D-3C,GLOSS(4:2:2),47,17,10.48285942445439,99.90926978217186,0.15076303482055664,0.3994472304007579
RC1-2D-3C,GLOSS(4:2:2),47,18,10.49192511988065,100.0,0.14711236953735352,0.4017383064320404
RC1-2D-3C,GLOSS(4:2:2),47,19,10.49192511988065,100.0,0.14970874786376953,0.40582576412879506
RC1-2D-3C,GLOSS(6:1:1),47,-1,0.5038596938419238,0.038628127615745245,0.0,0.0
RC1-2D-3C,GLOSS(6:1:1),47,0,6.42230228317122,59.27088335844053,0.10890793800354004,0.19248122474623983
RC1-2D-3C,GLOSS(6:1:1),47,1,9.29598492643924,88.03093318731487,0.1104128360748291,0.268790560264664
RC1-2D-3C,GLOSS(6:1:1),47,2,9.298931337865026,88.06042111271975,0.11193299293518066,0.25064000920510915
RC1-2D-3C,GLOSS(6:1:1),47,3,9.40134157239529,89.08535107670757,0.11491012573242188,0.38273108218261126
RC1-2D-3C,GLOSS(6:1:1),47,4,10.318328671260048,98.26263261041018,0.11599302291870117,0.36888253898754797
RC1-2D-3C,GLOSS(6:1:1),47,5,10.318328671260048,98.26263261041018,0.11618471145629883,0.35440964752792337
RC1-2D-3C,GLOSS(6:1:1),47,6,10.318328671260048,98.26263261041018,0.12029910087585449,0.35525950459893757
RC1-2D-3C,GLOSS(6:1:1),47,7,10.318328671260048,98.26263261041018,0.12291407585144043,0.3464236387371694
RC1-2D-3C,GLOSS(6:1:1),47,8,10.47312950382662,99.8118919444551,0.12423110008239746,0.3363677927011953
RC1-2D-3C,GLOSS(6:1:1),47,9,10.47312950382662,99.8118919444551,0.12291312217712402,0.32377571454796206
RC1-2D-3C,GLOSS(6:1:1),47,10,10.47312950382662,99.8118919444551,0.12539172172546387,0.31249167450418514
RC1-2D-3C,GLOSS(6:1:1),47,11,10.47312950382662,99.8118919444551,0.12771821022033691,0.3170883445540771
RC1-2D-3C,GLOSS(6:1:1),47,12,10.47312950382662,99.8118919444551,0.12537789344787598,0.3307118797006241
RC1-2D-3C,GLOSS(6:1:1),47,13,10.47312950382662,99.8118919444551,0.13168597221374512,0.3334165188928407
RC1-2D-3C,GLOSS(6:1:1),47,14,10.47312950382662,99.8118919444551,0.14505910873413086,0.33279951309467126
RC1-2D-3C,GLOSS(6:1:1),47,15,10.47312950382662,99.8118919444551,0.14824295043945312,0.3518136575933199
RC1-2D-3C,GLOSS(6:1:1),47,16,10.47312950382662,99.8118919444551,0.14995503425598145,0.35506561811215404
RC1-2D-3C,GLOSS(6:1:1),47,17,10.47312950382662,99.8118919444551,0.15117692947387695,0.35065318295628367
RC1-2D-3C,GLOSS(6:1:1),47,18,10.47312950382662,99.8118919444551,0.1512439250946045,0.3486090202866519
RC1-2D-3C,GLOSS(6:1:1),47,19,10.47312950382662,99.8118919444551,0.15069913864135742,0.34459360263919186
RC1-2D-3C,GLOSS(2:3:3),53,-1,0.5063489319560621,0.06354062530099353,0.0,0.0
RC1-2D-3C,GLOSS(2:3:3),53,0,0.6622700905470296,1.6240122733993334,0.1137990951538086,0.28997929145077656
RC1-2D-3C,GLOSS(2:3:3),53,1,6.524808152864955,60.296770446929635,0.10856103897094727,0.42498675831852156
RC1-2D-3C,GLOSS(2:3:3),53,2,10.39335964841226,99.01354873772225,0.11485600471496582,0.4709038859658244
RC1-2D-3C,GLOSS(2:3:3),53,3,10.39335964841226,99.01354873772225,0.12994599342346191,0.5304465208157707
RC1-2D-3C,GLOSS(2:3:3),53,4,10.39335964841226,99.01354873772225,0.11549115180969238,0.5666653171407781
RC1-2D-3C,GLOSS(2:3:3),53,5,10.39335964841226,99.01354873772225,0.14419889450073242,0.5768221881017396
RC1-2D-3C,GLOSS(2:3:3),53,6,10.47312950382662,99.8118919444551,0.13528704643249512,0.5395694977326263
RC1-2D-3C,GLOSS(2:3:3),53,7,10.47312950382662,99.8118919444551,0.13679981231689453,0.5016903302166711
RC1-2D-3C,GLOSS(2:3:3),53,8,10.47312950382662,99.8118919444551,0.13833332061767578,0.47028628295847463
RC1-2D-3C,GLOSS(2:3:3),53,9,10.47312950382662,99.8118919444551,0.13388514518737793,0.4442373598996497
RC1-2D-3C,GLOSS(2:3:3),53,10,10.47312950382662,99.8118919444551,0.12015318870544434,0.4389909121896266
RC1-2D-3C,GLOSS(2:3:3),53,11,10.47312950382662,99.8118919444551,0.14316105842590332,0.4198479472777674
RC1-2D-3C,GLOSS(2:3:3),53,12,10.47312950382662,99.8118919444551,0.1378769874572754,0.40178008933324105
RC1-2D-3C,GLOSS(2:3:3),53,13,10.47312950382662,99.8118919444551,0.14147400856018066,0.3856307441012753
RC1-2D-3C,GLOSS(2:3:3),53,14,10.47312950382662,99.8118919444551,0.14256000518798828,0.37147838437741654
RC1-2D-3C,GLOSS(2:3:3),53,15,10.47312950382662,99.8118919444551,0.1315300464630127,0.37086935390162595
RC1-2D-3C,GLOSS(2:3:3),53,16,10.47312950382662,99.8118919444551,0.14195895195007324,0.3611457262961316
RC1-2D-3C,GLOSS(2:3:3),53,17,10.47312950382662,99.8118919444551,0.13061022758483887,0.35895678346524734
RC1-2D-3C,GLOSS(2:3:3),53,18,10.47312950382662,99.8118919444551,0.13557910919189453,0.3633628513993155
RC1-2D-3C,GLOSS(2:3:3),53,19,10.47312950382662,99.8118919444551,0.14929795265197754,0.35296188053690614
RC1-2D-3C,GLOSS(4:2:2),53,-1,0.5063489319560621,0.06354062530099353,0.0,0.0
RC1-2D-3C,GLOSS(4:2:2),53,0,4.5022396093003145,40.0547398136926,0.11499714851379395,0.5971262278566466
RC1-2D-3C,GLOSS(4:2:2),53,1,10.127621974698013,96.35402446654541,0.1157219409942627,0.5346691319147392
RC1-2D-3C,GLOSS(4:2:2),53,2,10.127621974698013,96.35402446654541,0.11434316635131836,0.5665426979155288
RC1-2D-3C,GLOSS(4:2:2),53,3,10.127621974698013,96.35402446654541,0.12176799774169922,0.5229058751488596
RC1-2D-3C,GLOSS(4:2:2),53,4,10.127621974698013,96.35402446654541,0.12048816680908203,0.5222257167993654
RC1-2D-3C,GLOSS(4:2:2),53,5,10.127621974698013,96.35402446654541,0.12202310562133789,0.4922964942746661
RC1-2D-3C,GLOSS(4:2:2),53,6,10.127621974698013,96.35402446654541,0.13748383522033691,0.47059846541837264
RC1-2D-3C,GLOSS(4:2:2),53,7,10.25041716939827,97.58296877137288,0.1399369239807129,0.4378854545923267
RC1-2D-3C,GLOSS(4:2:2),53,8,10.39335964841226,99.01354873772225,0.13867807388305664,0.4150174680015911
RC1-2D-3C,GLOSS(4:2:2),53,9,10.39335964841226,99.01354873772225,0.1255779266357422,0.39966210916081063
RC1-2D-3C,GLOSS(4:2:2),53,10,10.47312950382662,99.8118919444551,0.14156699180603027,0.38251907741913627
RC1-2D-3C,GLOSS(4:2:2),53,11,10.47312950382662,99.8118919444551,0.14361000061035156,0.3842344938902694
RC1-2D-3C,GLOSS(4:2:2),53,12,10.48285942445439,99.90926978217186,0.14535784721374512,0.37930863916645285
RC1-2D-3C,GLOSS(4:2:2),53,13,10.49192511988065,100.0,0.15004301071166992,0.3745253433831122
RC1-2D-3C,GLOSS(4:2:2),53,14,10.49192511988065,100.0,0.1504051685333252,0.3691147125558684
RC1-2D-3C,GLOSS(4:2:2),53,15,10.49192511988065,100.0,0.14698290824890137,0.361111187641058
RC1-2D-3C,GLOSS(4:2:2),53,16,10.49192511988065,100.0,0.14918208122253418,0.3562973406448651
RC1-2D-3C,GLOSS(4:2:2),53,17,10.49192511988065,100.0,0.13759684562683105,0.35312608978704646
RC1-2D-3C,GLOSS(4:2:2),53,18,10.49192511988065,100.0,0.13720488548278809,0.35335371016288836
RC1-2D-3C,GLOSS(4:2:2),53,19,10.49192511988065,100.0,0.15178894996643066,0.348664640673177
RC1-2D-3C,GLOSS(6:1:1),53,-1,0.5063489319560621,0.06354062530099353,0.0,0.0
RC1-2D-3C,GLOSS(6:1:1),53,0,2.0076132993426654,15.088316626053444,0.11453080177307129,0.570482345663083
RC1-2D-3C,GLOSS(6:1:1),53,1,7.332060471047294,68.37581736249159,0.11421799659729004,0.6344292944157687
RC1-2D-3C,GLOSS(6:1:1),53,2,8.32236852704352,78.28690100393277,0.11398911476135254,0.5863282045655339
RC1-2D-3C,GLOSS(6:1:1),53,3,8.943949613479035,84.50773511741771,0.11563801765441895,0.5358230658747691
RC1-2D-3C,GLOSS(6:1:1),53,4,8.943949613479035,84.50773511741771,0.1157231330871582,0.485864619785722
RC1-2D-3C,GLOSS(6:1:1),53,5,8.943949613479035,84.50773511741771,0.11935281753540039,0.45934411013350684
RC1-2D-3C,GLOSS(6:1:1),53,6,10.318328671260048,98.26263261041018,0.12193107604980469,0.43476984521450696
RC1-2D-3C,GLOSS(6:1:1),53,7,10.318328671260048,98.26263261041018,0.11945700645446777,0.4241256361847852
RC1-2D-3C,GLOSS(6:1:1),53,8,10.318328671260048,98.26263261041018,0.12156987190246582,0.4068124429367848
RC1-2D-3C,GLOSS(6:1:1),53,9,10.318328671260048,98.26263261041018,0.138624906539917,0.3819145330476936
RC1-2D-3C,GLOSS(6:1:1),53,10,10.318328671260048,98.26263261041018,0.12636899948120117,0.36644965085285913
RC1-2D-3C,GLOSS(6:1:1),53,11,10.318328671260048,98.26263261041018,0.1410980224609375,0.3476770907936819
RC1-2D-3C,GLOSS(6:1:1),53,12,10.39335964841226,99.01354873772225,0.1278071403503418,0.3319336430728594
RC1-2D-3C,GLOSS(6:1:1),53,13,10.47312950382662,99.8118919444551,0.12728595733642578,0.3229256378308994
RC1-2D-3C,GLOSS(6:1:1),53,14,10.47312950382662,99.8118919444551,0.1273658275604248,0.31326836952369275
RC1-2D-3C,GLOSS(6:1:1),53,15,10.47312950382662,99.8118919444551,0.14923596382141113,0.30008449399566983
RC1-2D-3C,GLOSS(6:1:1),53,16,10.47312950382662,99.8118919444551,0.13102483749389648,0.29381910935995664
RC1-2D-3C,GLOSS(6:1:1),53,17,10.47312950382662,99.8118919444551,0.13139605522155762,0.2870892003404605
RC1-2D-3C,GLOSS(6:1:1),53,18,10.47312950382662,99.8118919444551,0.13215899467468262,0.2908202579551151
RC1-2D-3C,GLOSS(6:1:1),53,19,10.47312950382662,99.8118919444551,0.14969587326049805,0.2815314943209655
RC1-2D-3C,GLOSS(2:3:3),59,-1,0.5046527508815583,0.04656510702801942,0.0,0.0
RC1-2D-3C,GLOSS(2:3:3),59,0,4.6996281464414755,42.03022036201526,0.1064908504486084,0.19479516213914522
RC1-2D-3C,GLOSS(2:3:3),59,1,9.28894570682957,87.9604841044265,0.11889100074768066,0.2546012257653329
RC1-2D-3C,GLOSS(2:3:3),59,2,9.28894570682957,87.9604841044265,0.11565685272216797,0.3032493921012786
RC1-2D-3C,GLOSS(2:3:3),59,3,9.716013801507764,92.23461636187692,0.11884069442749023,0.3810039903267724
RC1-2D-3C,GLOSS(2:3:3),59,4,9.716013801507764,92.23461636187692,0.11829781532287598,0.38092549762922967
RC1-2D-3C,GLOSS(2:3:3),59,5,9.716013801507764,92.23461636187692,0.11914491653442383,0.38882893974185195
RC1-2D-3C,GLOSS(2:3:3),59,6,9.716013801507764,92.23461636187692,0.12270498275756836,0.37723173752808226
RC1-2D-3C,GLOSS(2:3:3),59,7,9.922611859686517,94.30226654645419,0.12230706214904785,0.3757717984716833
RC1-2D-3C,GLOSS(2:3:3),59,8,10.35756163924174,98.65527934777046,0.12312078475952148,0.3980713851869953
RC1-2D-3C,GLOSS(2:3:3),59,9,10.440146109634581,99.48179145033453,0.12532806396484375,0.42001859199257796
RC1-2D-3C,GLOSS(2:3:3),59,10,10.49192511988065,100.0,0.142625093460083,0.4004305981210032
RC1-2D-3C,GLOSS(2:3:3),59,11,10.49192511988065,100.0,0.14362311363220215,0.38743846438328494
RC1-2D-3C,GLOSS(2:3:3),59,12,10.49192511988065,100.0,0.1447908878326416,0.37714656669854774
RC1-2D-3C,GLOSS(2:3:3),59,13,10.49192511988065,100.0,0.13287901878356934,0.378562664153086
RC1-2D-3C,GLOSS(2:3:3),59,14,10.49192511988065,100.0,0.15055274963378906,0.37152416918752695
RC1-2D-3C,GLOSS(2:3:3),59,15,10.49192511988065,100.0,0.1452019214630127,0.3649469093417732
RC1-2D-3C,GLOSS(2:3:3),59,16,10.49192511988065,100.0,0.14643502235412598,0.36066878576094524
RC1-2D-3C,GLOSS(2:3:3),59,17,10.49192511988065,100.0,0.14910483360290527,0.3556155439040648
RC1-2D-3C,GLOSS(2:3:3),59,18,10.49192511988065,100.0,0.15283489227294922,0.3581755316757852
RC1-2D-3C,GLOSS(2:3:3),59,19,10.49192511988065,100.0,0.15118408203125,0.3593740136200214
RC1-2D-3C,GLOSS(4:2:2),59,-1,0.5046527508815583,0.04656510702801942,0.0,0.0
RC1-2D-3C,GLOSS(4:2:2),59,0,5.362854237427957,48.667841071200066,0.11134529113769531,0.172422201348225
RC1-2D-3C,GLOSS(4:2:2),59,1,5.362854237427957,48.667841071200066,0.11500811576843262,0.331176059474554
RC1-2D-3C,GLOSS(4:2:2),59,2,9.631647719232667,91.39027374256132,0.11728811264038086,0.3565276999194928
RC1-2D-3C,GLOSS(4:2:2),59,3,9.631647719232667,91.39027374256132,0.11731791496276855,0.3604178883819527
RC1-2D-3C,GLOSS(4:2:2),59,4,9.631647719232667,91.39027374256132,0.11735796928405762,0.3482475588909713
RC1-2D-3C,GLOSS(4:2:2),59,5,9.716013801507764,92.23461636187692,0.12141585350036621,0.38028374779962004
RC1-2D-3C,GLOSS(4:2:2),59,6,10.061134251318808,95.68860991846584,0.12528014183044434,0.38728158723736683
RC1-2D-3C,GLOSS(4:2:2),59,7,10.480828333125162,99.88894245480591,0.12378787994384766,0.3856831486811265
RC1-2D-3C,GLOSS(4:2:2),59,8,10.480828333125162,99.88894245480591,0.12566399574279785,0.3942093852306102
RC1-2D-3C,GLOSS(4:2:2),59,9,10.480828333125162,99.88894245480591,0.12637090682983398,0.39944581024807063
RC1-2D-3C,GLOSS(4:2:2),59,10,10.49192511988065,100.0,0.14497113227844238,0.3847975253202242
RC1-2D-3C,GLOSS(4:2:2),59,11,10.49192511988065,100.0,0.14944791793823242,0.37192993412234077
RC1-2D-3C,GLOSS(4:2:2),59,12,10.49192511988065,100.0,0.13490986824035645,0.37479836135853417
RC1-2D-3C,GLOSS(4:2:2),59,13,10.49192511988065,100.0,0.12777972221374512,0.3666220028361805
RC1-2D-3C,GLOSS(4:2:2),59,14,10.49192511988065,100.0,0.12946009635925293,0.3669575220720074
RC1-2D-3C,GLOSS(4:2:2),59,15,10.49192511988065,100.0,0.14684724807739258,0.35781188242700185
RC1-2D-3C,GLOSS(4:2:2),59,16,10.49192511988065,100.0,0.14958596229553223,0.3490732789275393
RC1-2D-3C,GLOSS(4:2:2),59,17,10.49192511988065,100.0,0.13269901275634766,0.34682655397525725
RC1-2D-3C,GLOSS(4:2:2),59,18,10.49192511988065,100.0,0.14992785453796387,0.34033141439614245
RC1-2D-3C,GLOSS(4:2:2),59,19,10.49192511988065,100.0,0.15033698081970215,0.33427370271335005
RC1-2D-3C,GLOSS(6:1:1),59,-1,0.5046527508815583,0.04656510702801942,0.0,0.0
RC1-2D-3C,GLOSS(6:1:1),59,0,4.6996281464414755,42.03022036201526,0.11236214637756348,0.12726790833027807
RC1-2D-3C,GLOSS(6:1:1),59,1,8.880711790491082,83.8748458370152,0.1138308048248291,0.2981259968813692
RC1-2D-3C,GLOSS(6:1:1),59,2,10.403906478664103,99.11910227345811,0.11621499061584473,0.28291157111238624
RC1-2D-3C,GLOSS(6:1:1),59,3,10.403906478664103,99.11910227345811,0.11185002326965332,0.25924651142207217
RC1-2D-3C,GLOSS(6:1:1),59,4,10.480828333125162,99.88894245480591,0.1188650131225586,0.242160433913433
RC1-2D-3C,GLOSS(6:1:1),59,5,10.49192511988065,100.0,0.12042975425720215,0.2223973164365529
RC1-2D-3C,GLOSS(6:1:1),59,6,10.49192511988065,100.0,0.1193239688873291,0.22431056358689794
RC1-2D-3C,GLOSS(6:1:1),59,7,10.49192511988065,100.0,0.11843490600585938,0.21054143134015335
RC1-2D-3C,GLOSS(6:1:1),59,8,10.49192511988065,100.0,0.12298297882080078,0.20051237046976425
RC1-2D-3C,GLOSS(6:1:1),59,9,10.49192511988065,100.0,0.1282520294189453,0.1956396628032112
RC1-2D-3C,GLOSS(6:1:1),59,10,10.49192511988065,100.0,0.1289069652557373,0.2312812253112947
RC1-2D-3C,GLOSS(6:1:1),59,11,10.49192511988065,100.0,0.12929987907409668,0.2466657680661734
RC1-2D-3C,GLOSS(6:1:1),59,12,10.49192511988065,100.0,0.133986234664917,0.2718903960175756
RC1-2D-3C,GLOSS(6:1:1),59,13,10.49192511988065,100.0,0.13140606880187988,0.28937647119826126
RC1-2D-3C,GLOSS(6:1:1),59,14,10.49192511988065,100.0,0.12998008728027344,0.2947915527790477
RC1-2D-3C,GLOSS(6:1:1),59,15,10.49192511988065,100.0,0.1303091049194336,0.2957872687588495
RC1-2D-3C,GLOSS(6:1:1),59,16,10.49192511988065,100.0,0.13122105598449707,0.29651487701668144
RC1-2D-3C,GLOSS(6:1:1),59,17,10.49192511988065,100.0,0.13412189483642578,0.29804439570223207
RC1-2D-3C,GLOSS(6:1:1),59,18,10.49192511988065,100.0,0.13456988334655762,0.30118006193947117
RC1-2D-3C,GLOSS(6:1:1),59,19,10.49192511988065,100.0,0.1352529525756836,0.30562054210225575
RC1-2D-3C,GLOSS(2:3:3),61,-1,0.5057792662261333,0.057839364301650195,0.0,0.0
RC1-2D-3C,GLOSS(2:3:3),61,0,7.171821006579841,66.77212775764532,0.11241292953491211,0.6597771441175279
RC1-2D-3C,GLOSS(2:3:3),61,1,7.171821006579841,66.77212775764532,0.1130223274230957,0.6059513109714467
RC1-2D-3C,GLOSS(2:3:3),61,2,7.171821006579841,66.77212775764532,0.11081099510192871,0.5710999539489198
RC1-2D-3C,GLOSS(2:3:3),61,3,7.171821006579841,66.77212775764532,0.12604212760925293,0.5422214754951005
RC1-2D-3C,GLOSS(2:3:3),61,4,7.171821006579841,66.77212775764532,0.11300206184387207,0.5073309482226835
RC1-2D-3C,GLOSS(2:3:3),61,5,8.00260926612718,75.08672429035535,0.12697124481201172,0.4652564738183007
RC1-2D-3C,GLOSS(2:3:3),61,6,8.135523348580087,76.4169392475496,0.1144101619720459,0.4572122054094402
RC1-2D-3C,GLOSS(2:3:3),61,7,9.76202077492475,92.69505789707841,0.12974786758422852,0.41657067192536174
RC1-2D-3C,GLOSS(2:3:3),61,8,9.863742979399822,93.71310200026409,0.1348879337310791,0.3861597787583941
RC1-2D-3C,GLOSS(2:3:3),61,9,9.934969857721192,94.42594639680057,0.13532185554504395,0.36243118835014976
RC1-2D-3C,GLOSS(2:3:3),61,10,10.206532964695233,97.14377207826672,0.11926126480102539,0.35497498020923696
RC1-2D-3C,GLOSS(2:3:3),61,11,10.318328671260048,98.26263261041018,0.13506603240966797,0.33512574909321197
RC1-2D-3C,GLOSS(2:3:3),61,12,10.318328671260048,98.26263261041018,0.12103986740112305,0.3395835378605501
RC1-2D-3C,GLOSS(2:3:3),61,13,10.318328671260048,98.26263261041018,0.12138485908508301,0.33988426008182576
RC1-2D-3C,GLOSS(2:3:3),61,14,10.318328671260048,98.26263261041018,0.14004993438720703,0.33216825474134903
RC1-2D-3C,GLOSS(2:3:3),61,15,10.47312950382662,99.8118919444551,0.1269381046295166,0.33513843244400293
RC1-2D-3C,GLOSS(2:3:3),61,16,10.47312950382662,99.8118919444551,0.1434168815612793,0.3255594859804352
RC1-2D-3C,GLOSS(2:3:3),61,17,10.47312950382662,99.8118919444551,0.12874293327331543,0.32742124720941124
RC1-2D-3C,GLOSS(2:3:3),61,18,10.47312950382662,99.8118919444551,0.14787006378173828,0.32248182268910003
RC1-2D-3C,GLOSS(2:3:3),61,19,10.47312950382662,99.8118919444551,0.1470808982849121,0.3216810716940303
RC1-2D-3C,GLOSS(4:2:2),61,-1,0.5057792662261333,0.057839364301650195,0.0,0.0
RC1-2D-3C,GLOSS(4:2:2),61,0,6.503287602793394,60.081391029911266,0.11141204833984375,0.6369361263554572
RC1-2D-3C,GLOSS(4:2:2),61,1,8.937548729359929,84.44367454808322,0.11221504211425781,0.5973837864096273
RC1-2D-3C,GLOSS(4:2:2),61,2,8.937548729359929,84.44367454808322,0.11297798156738281,0.5469841810695439
RC1-2D-3C,GLOSS(4:2:2),61,3,9.188385874499678,86.95407311629386,0.12395691871643066,0.535511790142959
RC1-2D-3C,GLOSS(4:2:2),61,4,9.448115209295159,89.55346544245675,0.11260223388671875,0.49687659108159454
RC1-2D-3C,GLOSS(4:2:2),61,5,9.448115209295159,89.55346544245675,0.1158299446105957,0.4715107987143877
RC1-2D-3C,GLOSS(4:2:2),61,6,9.487494475730523,89.94757634665098,0.11882901191711426,0.4432637678850305
RC1-2D-3C,GLOSS(4:2:2),61,7,9.76202077492475,92.69505789707841,0.13454413414001465,0.4110954744183449
RC1-2D-3C,GLOSS(4:2:2),61,8,10.39335964841226,99.01354873772225,0.1338660717010498,0.3785321249868716
RC1-2D-3C,GLOSS(4:2:2),61,9,10.39335964841226,99.01354873772225,0.12051987648010254,0.3726558628083011
RC1-2D-3C,GLOSS(4:2:2),61,10,10.47312950382662,99.8118919444551,0.13448691368103027,0.3597881178305173
RC1-2D-3C,GLOSS(4:2:2),61,11,10.47312950382662,99.8118919444551,0.13617491722106934,0.35331409691051163
RC1-2D-3C,GLOSS(4:2:2),61,12,10.47312950382662,99.8118919444551,0.14136290550231934,0.3522206913486953
RC1-2D-3C,GLOSS(4:2:2),61,13,10.47312950382662,99.8118919444551,0.14078211784362793,0.34579069127858936
RC1-2D-3C,GLOSS(4:2:2),61,14,10.47312950382662,99.8118919444551,0.1260669231414795,0.3442273225751128
RC1-2D-3C,GLOSS(4:2:2),61,15,10.47312950382662,99.8118919444551,0.1411120891571045,0.33391799199991384
RC1-2D-3C,GLOSS(4:2:2),61,16,10.47312950382662,99.8118919444551,0.12685585021972656,0.3330374647495529
RC1-2D-3C,GLOSS(4:2:2),61,17,10.47312950382662,99.8118919444551,0.1437358856201172,0.3257511684415236
RC1-2D-3C,GLOSS(4:2:2),61,18,10.47312950382662,99.8118919444551,0.14501619338989258,0.31886952006642294
RC1-2D-3C,GLOSS(4:2:2),61,19,10.47312950382662,99.8118919444551,0.1284651756286621,0.31602602120152146
RC1-2D-3C,GLOSS(6:1:1),61,-1,0.5057792662261333,0.057839364301650195,0.0,0.0
RC1-2D-3C,GLOSS(6:1:1),61,0,0.6491114866147162,1.492319894055252,0.1126871109008789,0.34856747130842264
RC1-2D-3C,GLOSS(6:1:1),61,1,10.480828333125162,99.88894245480591,0.10846900939941406,0.3955167381649931
RC1-2D-3C,GLOSS(6:1:1),61,2,10.480828333125162,99.88894245480591,0.11010503768920898,0.38439595282398287
RC1-2D-3C,GLOSS(6:1:1),61,3,10.48285942445439,99.90926978217186,0.1118919849395752,0.4210518808891854
RC1-2D-3C,GLOSS(6:1:1),61,4,10.48285942445439,99.90926978217186,0.11548471450805664,0.44333042163859654
RC1-2D-3C,GLOSS(6:1:1),61,5,10.49192511988065,100.0,0.12184810638427734,0.4150290035900355
RC1-2D-3C,GLOSS(6:1:1),61,6,10.49192511988065,100.0,0.12035083770751953,0.39732191145114076
RC1-2D-3C,GLOSS(6:1:1),61,7,10.49192511988065,100.0,0.12200498580932617,0.38025627071021917
RC1-2D-3C,GLOSS(6:1:1),61,8,10.49192511988065,100.0,0.12485980987548828,0.36738915091141156
RC1-2D-3C,GLOSS(6:1:1),61,9,10.49192511988065,100.0,0.12664294242858887,0.35236281004445563
RC1-2D-3C,GLOSS(6:1:1),61,10,10.49192511988065,100.0,0.12799572944641113,0.3379316149308973
RC1-2D-3C,GLOSS(6:1:1),61,11,10.49192511988065,100.0,0.1288459300994873,0.3280915496023634
RC1-2D-3C,GLOSS(6:1:1),61,12,10.49192511988065,100.0,0.1313798427581787,0.31943054524315595
RC1-2D-3C,GLOSS(6:1:1),61,13,10.49192511988065,100.0,0.12901091575622559,0.31452735479395394
RC1-2D-3C,GLOSS(6:1:1),61,14,10.49192511988065,100.0,0.13009977340698242,0.3036093433159627
RC1-2D-3C,GLOSS(6:1:1),61,15,10.49192511988065,100.0,0.13331079483032227,0.30033051602774574
RC1-2D-3C,GLOSS(6:1:1),61,16,10.49192511988065,100.0,0.13109397888183594,0.2961420015239442
RC1-2D-3C,GLOSS(6:1:1),61,17,10.49192511988065,100.0,0.13090300559997559,0.2902127250966741
RC1-2D-3C,GLOSS(6:1:1),61,18,10.49192511988065,100.0,0.14870786666870117,0.2913759489762483
RC1-2D-3C,GLOSS(6:1:1),61,19,10.49192511988065,100.0,0.14800691604614258,0.30375795449770937
RC1-2D-3C,GLOSS(2:3:3),67,-1,0.5046332866265678,0.04637030717956767,0.0,0.0
RC1-2D-3C,GLOSS(2:3:3),67,0,3.5721037084339997,30.745863999166843,0.10758399963378906,0.3552967000416351
RC1-2D-3C,GLOSS(2:3:3),67,1,6.622769738801374,61.277177973643504,0.10480690002441406,0.3534038357501595
RC1-2D-3C,GLOSS(2:3:3),67,2,7.80487606815988,73.10779434842722,0.11183691024780273,0.4377512719492041
RC1-2D-3C,GLOSS(2:3:3),67,3,9.153805431461409,86.60798922731085,0.11290383338928223,0.4486577488786778
RC1-2D-3C,GLOSS(2:3:3),67,4,9.153805431461409,86.60798922731085,0.11570501327514648,0.48320052744423553
RC1-2D-3C,GLOSS(2:3:3),67,5,10.47312950382662,99.8118919444551,0.11689090728759766,0.46992397167640226
RC1-2D-3C,GLOSS(2:3:3),67,6,10.47312950382662,99.8118919444551,0.13215279579162598,0.4329396220625264
RC1-2D-3C,GLOSS(2:3:3),67,7,10.47312950382662,99.8118919444551,0.13683009147644043,0.4068920716560557
RC1-2D-3C,GLOSS(2:3:3),67,8,10.47312950382662,99.8118919444551,0.12345409393310547,0.4062524854022777
RC1-2D-3C,GLOSS(2:3:3),67,9,10.47312950382662,99.8118919444551,0.13645291328430176,0.3965546448384483
RC1-2D-3C,GLOSS(2:3:3),67,10,10.47312950382662,99.8118919444551,0.14031291007995605,0.3784281277190386
RC1-2D-3C,GLOSS(2:3:3),67,11,10.47312950382662,99.8118919444551,0.13849115371704102,0.3612881797595163
RC1-2D-3C,GLOSS(2:3:3),67,12,10.47312950382662,99.8118919444551,0.12384676933288574,0.36647844280592573
RC1-2D-3C,GLOSS(2:3:3),67,13,10.47312950382662,99.8118919444551,0.1410810947418213,0.356949669343185
RC1-2D-3C,GLOSS(2:3:3),67,14,10.47312950382662,99.8118919444551,0.1429591178894043,0.352279200192606
RC1-2D-3C,GLOSS(2:3:3),67,15,10.47312950382662,99.8118919444551,0.1430962085723877,0.3416693180030691
RC1-2D-3C,GLOSS(2:3:3),67,16,10.47312950382662,99.8118919444551,0.12915301322937012,0.34598787689961247
RC1-2D-3C,GLOSS(2:3:3),67,17,10.47312950382662,99.8118919444551,0.14820098876953125,0.33881691471950676
RC1-2D-3C,GLOSS(2:3:3),67,18,10.47312950382662,99.8118919444551,0.14942622184753418,0.33469712278140085
RC1-2D-3C,GLOSS(2:3:3),67,19,10.47312950382662,99.8118919444551,0.1499180793762207,0.33382516026681075
RC1-2D-3C,GLOSS(4:2:2),67,-1,0.5046332866265678,0.04637030717956767,0.0,0.0
RC1-2D-3C,GLOSS(4:2:2),67,0,1.8299405219635496,13.310153006410744,0.1107778549194336,0.38439187928170676
RC1-2D-3C,GLOSS(4:2:2),67,1,1.9093516737471112,14.104906278005922,0.1083071231842041,0.5134995897916852
RC1-2D-3C,GLOSS(4:2:2),67,2,5.534412056463113,50.384805689942034,0.11643505096435547,0.5045137000315943
RC1-2D-3C,GLOSS(4:2:2),67,3,7.985026369763971,74.91075323219884,0.11694121360778809,0.5171595816372608
RC1-2D-3C,GLOSS(4:2:2),67,4,9.54448327633588,90.51792490234047,0.11890316009521484,0.4829591170832656
RC1-2D-3C,GLOSS(4:2:2),67,5,10.21362711656294,97.21477092766536,0.13425993919372559,0.46268141040262784
RC1-2D-3C,GLOSS(4:2:2),67,6,10.28312403983649,97.91030179325452,0.13669610023498535,0.43092202404653607
RC1-2D-3C,GLOSS(4:2:2),67,7,10.39335964841226,99.01354873772225,0.12065315246582031,0.40970045535678545
RC1-2D-3C,GLOSS(4:2:2),67,8,10.39335964841226,99.01354873772225,0.12177729606628418,0.39992659266873787
RC1-2D-3C,GLOSS(4:2:2),67,9,10.47312950382662,99.8118919444551,0.14362192153930664,0.3809491104358966
RC1-2D-3C,GLOSS(4:2:2),67,10,10.47312950382662,99.8118919444551,0.12488007545471191,0.3786932627200242
RC1-2D-3C,GLOSS(4:2:2),67,11,10.47312950382662,99.8118919444551,0.14055895805358887,0.36043980806041653
RC1-2D-3C,GLOSS(4:2:2),67,12,10.47312950382662,99.8118919444551,0.149766206741333,0.3500318703739875
RC1-2D-3C,GLOSS(4:2:2),67,13,10.47312950382662,99.8118919444551,0.15315723419189453,0.34317769326930625
RC1-2D-3C,GLOSS(4:2:2),67,14,10.47312950382662,99.8118919444551,0.13048815727233887,0.35501904794975003
RC1-2D-3C,GLOSS(4:2:2),67,15,10.47312950382662,99.8118919444551,0.14654803276062012,0.35102996837347644
RC1-2D-3C,GLOSS(4:2:2),67,16,10.47312950382662,99.8118919444551,0.14935803413391113,0.34269437494480004
RC1-2D-3C,GLOSS(4:2:2),67,17,10.47312950382662,99.8118919444551,0.15095281600952148,0.3358875966395434
RC1-2D-3C,GLOSS(4:2:2),67,18,10.47312950382662,99.8118919444551,0.1504499912261963,0.3307889071660497
RC1-2D-3C,GLOSS(4:2:2),67,19,10.47312950382662,99.8118919444551,0.13672804832458496,0.33010832126894546
RC1-2D-3C,GLOSS(6:1:1),67,-1,0.5046332866265678,0.04637030717956767,0.0,0.0
RC1-2D-3C,GLOSS(6:1:1),67,0,2.4367594916563338,19.38324665380935,0.11327719688415527,0.2680960318132977
RC1-2D-3C,GLOSS(6:1:1),67,1,2.5618796324675692,20.635459208580066,0.10814714431762695,0.30786789552568705
RC1-2D-3C,GLOSS(6:1:1),67,2,6.632543924317682,61.3749988179682,0.11327981948852539,0.37621692414505575
RC1-2D-3C,GLOSS(6:1:1),67,3,8.239019296613517,77.45273512066072,0.11344003677368164,0.41630284895536396
RC1-2D-3C,GLOSS(6:1:1),67,4,9.47121831876485,89.78468324276146,0.11926102638244629,0.4292609059985266
RC1-2D-3C,GLOSS(6:1:1),67,5,10.206532964695233,97.14377207826672,0.11910080909729004,0.40141819125576667
RC1-2D-3C,GLOSS(6:1:1),67,6,10.28312403983649,97.91030179325452,0.12133097648620605,0.3697643684619859
RC1-2D-3C,GLOSS(6:1:1),67,7,10.39335964841226,99.01354873772225,0.11952519416809082,0.35893612613256637
RC1-2D-3C,GLOSS(6:1:1),67,8,10.39335964841226,99.01354873772225,0.12173199653625488,0.3616639514820805
RC1-2D-3C,GLOSS(6:1:1),67,9,10.39335964841226,99.01354873772225,0.13130903244018555,0.3434309002382541
RC1-2D-3C,GLOSS(6:1:1),67,10,10.47312950382662,99.8118919444551,0.12493205070495605,0.329601373550291
RC1-2D-3C,GLOSS(6:1:1),67,11,10.47312950382662,99.8118919444551,0.1247248649597168,0.3212006707116561
RC1-2D-3C,GLOSS(6:1:1),67,12,10.47312950382662,99.8118919444551,0.12955594062805176,0.31375304939623766
RC1-2D-3C,GLOSS(6:1:1),67,13,10.47312950382662,99.8118919444551,0.1329352855682373,0.30402097241391235
RC1-2D-3C,GLOSS(6:1:1),67,14,10.47312950382662,99.8118919444551,0.13019633293151855,0.29692073210582115
RC1-2D-3C,GLOSS(6:1:1),67,15,10.47312950382662,99.8118919444551,0.12979722023010254,0.29342130198992566
RC1-2D-3C,GLOSS(6:1:1),67,16,10.47312950382662,99.8118919444551,0.13836193084716797,0.2916583999220963
RC1-2D-3C,GLOSS(6:1:1),67,17,10.47312950382662,99.8118919444551,0.132493257522583,0.2885261188159829
RC1-2D-3C,GLOSS(6:1:1),67,18,10.47312950382662,99.8118919444551,0.15102124214172363,0.28416836515200466
RC1-2D-3C,GLOSS(6:1:1),67,19,10.47312950382662,99.8118919444551,0.1520829200744629,0.28972643890586386
RC2-4D-5C,GLOSS(2:3:3),47,-1,0.5000059605470172,5.960966570912183e-05,0.0,0.0
RC2-4D-5C,GLOSS(2:3:3),47,0,7.199071516702704,66.99543054161764,0.15754985809326172,0.3863936177215403
RC2-4D-5C,GLOSS(2:3:3),47,1,10.087122366299518,95.87797189267005,0.17545294761657715,0.6002068313046603
RC2-4D-5C,GLOSS(2:3:3),47,2,10.087122366299518,95.87797189267005,0.18308615684509277,0.7288204798520882
RC2-4D-5C,GLOSS(2:3:3),47,3,10.26568155033599,97.66368941812968,0.18369221687316895,0.7359463153932133
RC2-4D-5C,GLOSS(2:3:3),47,4,10.26568155033599,97.66368941812968,0.18375611305236816,0.7568500125277227
RC2-4D-5C,GLOSS(2:3:3),47,5,10.26568155033599,97.66368941812968,0.18532705307006836,0.7231848299477315
RC2-4D-5C,GLOSS(2:3:3),47,6,10.363475701677299,98.64169976735906,0.18860888481140137,0.7269214452425026
RC2-4D-5C,GLOSS(2:3:3),47,7,10.46208535721671,99.62786573259048,0.19095778465270996,0.7370037575355372
RC2-4D-5C,GLOSS(2:3:3),47,8,10.478752565095029,99.7945495431679,0.1953129768371582,0.7349079515268397
RC2-4D-5C,GLOSS(2:3:3),47,9,10.478752565095029,99.7945495431679,0.19751787185668945,0.7339117356081848
RC2-4D-5C,GLOSS(2:3:3),47,10,10.478752565095029,99.7945495431679,0.2066049575805664,0.7236688248085431
RC2-4D-5C,GLOSS(2:3:3),47,11,10.478752565095029,99.7945495431679,0.20734000205993652,0.732328086895175
RC2-4D-5C,GLOSS(2:3:3),47,12,10.478752565095029,99.7945495431679,0.20766806602478027,0.7444382098392057
RC2-4D-5C,GLOSS(2:3:3),47,13,10.478752565095029,99.7945495431679,0.20548510551452637,0.7469551949387687
RC2-4D-5C,GLOSS(2:3:3),47,14,10.478752565095029,99.7945495431679,0.209244966506958,0.7511382133471253
RC2-4D-5C,GLOSS(2:3:3),47,15,10.478752565095029,99.7945495431679,0.221113920211792,0.7471381125891658
RC2-4D-5C,GLOSS(2:3:3),47,16,10.478752565095029,99.7945495431679,0.2173137664794922,0.7511562312082071
RC2-4D-5C,GLOSS(2:3:3),47,17,10.478752565095029,99.7945495431679,0.21658992767333984,0.7576052762973698
RC2-4D-5C,GLOSS(2:3:3),47,18,10.486367846928271,99.87070772178143,0.22012901306152344,0.7589831428684725
RC2-4D-5C,GLOSS(2:3:3),47,19,10.486367846928271,99.87070772178143,0.22014689445495605,0.7648533157888386
RC2-4D-5C,GLOSS(4:2:2),47,-1,0.5000059605470172,5.960966570912183e-05,0.0,0.0
RC2-4D-5C,GLOSS(4:2:2),47,0,8.268101366070253,77.68648150915101,0.15670204162597656,0.43456542366868217
RC2-4D-5C,GLOSS(4:2:2),47,1,8.268101366070253,77.68648150915101,0.1745319366455078,0.5359798343211352
RC2-4D-5C,GLOSS(4:2:2),47,2,10.082156955121379,95.82831428581122,0.18683815002441406,0.5503286902896282
RC2-4D-5C,GLOSS(4:2:2),47,3,10.15535932017078,96.56038946233704,0.1898057460784912,0.5876400329736601
RC2-4D-5C,GLOSS(4:2:2),47,4,10.352024402988304,98.52717872007408,0.19261407852172852,0.6192184772119556
RC2-4D-5C,GLOSS(4:2:2),47,5,10.485060002384117,99.85762835576799,0.19428515434265137,0.6232536263763299
RC2-4D-5C,GLOSS(4:2:2),47,6,10.485060002384117,99.85762835576799,0.19521880149841309,0.6261006621086183
RC2-4D-5C,GLOSS(4:2:2),47,7,10.485060002384117,99.85762835576799,0.20132899284362793,0.6387814990055833
RC2-4D-5C,GLOSS(4:2:2),47,8,10.485060002384117,99.85762835576799,0.19856977462768555,0.647304824532947
RC2-4D-5C,GLOSS(4:2:2),47,9,10.485060002384117,99.85762835576799,0.19843482971191406,0.6582588852527327
RC2-4D-5C,GLOSS(4:2:2),47,10,10.485060002384117,99.85762835576799,0.20753693580627441,0.6728504428645723
RC2-4D-5C,GLOSS(4:2:2),47,11,10.485060002384117,99.85762835576799,0.20284080505371094,0.6716633996498079
RC2-4D-5C,GLOSS(4:2:2),47,12,10.485060002384117,99.85762835576799,0.21813678741455078,0.6682874591725982
RC2-4D-5C,GLOSS(4:2:2),47,13,10.485060002384117,99.85762835576799,0.20768213272094727,0.6683616233694314
RC2-4D-5C,GLOSS(4:2:2),47,14,10.485060002384117,99.85762835576799,0.20940899848937988,0.6700106241334547
RC2-4D-5C,GLOSS(4:2:2),47,15,10.485060002384117,99.85762835576799,0.21216201782226562,0.6747825791358049
RC2-4D-5C,GLOSS(4:2:2),47,16,10.485060002384117,99.85762835576799,0.21462106704711914,0.6797075375773715
RC2-4D-5C,GLOSS(4:2:2),47,17,10.485060002384117,99.85762835576799,0.21590185165405273,0.680637952313273
RC2-4D-5C,GLOSS(4:2:2),47,18,10.485060002384117,99.85762835576799,0.2142491340637207,0.686171263096042
RC2-4D-5C,GLOSS(4:2:2),47,19,10.485060002384117,99.85762835576799,0.21546316146850586,0.6925232373561453
RC2-4D-5C,GLOSS(6:1:1),47,-1,0.5000059605470172,5.960966570912183e-05,0.0,0.0
RC2-4D-5C,GLOSS(6:1:1),47,0,8.268101366070253,77.68648150915101,0.15455198287963867,0.43901739176667764
RC2-4D-5C,GLOSS(6:1:1),47,1,8.340762260015484,78.41314159350186,0.17675018310546875,0.49275665548971564
RC2-4D-5C,GLOSS(6:1:1),47,2,10.473052226053237,99.737542140368,0.1855621337890625,0.4336406595067827
RC2-4D-5C,GLOSS(6:1:1),47,3,10.473052226053237,99.737542140368,0.19037580490112305,0.5305829553533218
RC2-4D-5C,GLOSS(6:1:1),47,4,10.485060002384117,99.85762835576799,0.19043183326721191,0.537274619336985
RC2-4D-5C,GLOSS(6:1:1),47,5,10.485060002384117,99.85762835576799,0.19365215301513672,0.5555947664814458
RC2-4D-5C,GLOSS(6:1:1),47,6,10.485060002384117,99.85762835576799,0.20331096649169922,0.5693840175465215
RC2-4D-5C,GLOSS(6:1:1),47,7,10.485060002384117,99.85762835576799,0.20440292358398438,0.5812632766668431
RC2-4D-5C,GLOSS(6:1:1),47,8,10.485060002384117,99.85762835576799,0.20129704475402832,0.5807209424470812
RC2-4D-5C,GLOSS(6:1:1),47,9,10.485060002384117,99.85762835576799,0.20150399208068848,0.609928361221743
RC2-4D-5C,GLOSS(6:1:1),47,10,10.485060002384117,99.85762835576799,0.20145297050476074,0.6087058489653244
RC2-4D-5C,GLOSS(6:1:1),47,11,10.485060002384117,99.85762835576799,0.21112895011901855,0.6020572112232312
RC2-4D-5C,GLOSS(6:1:1),47,12,10.485060002384117,99.85762835576799,0.20292901992797852,0.605935032855768
RC2-4D-5C,GLOSS(6:1:1),47,13,10.485060002384117,99.85762835576799,0.21307897567749023,0.6194391008846163
RC2-4D-5C,GLOSS(6:1:1),47,14,10.485060002384117,99.85762835576799,0.2103879451751709,0.6302711185896874
RC2-4D-5C,GLOSS(6:1:1),47,15,10.485060002384117,99.85762835576799,0.21234583854675293,0.6464967313784687
RC2-4D-5C,GLOSS(6:1:1),47,16,10.485060002384117,99.85762835576799,0.21304869651794434,0.6579410047768832
RC2-4D-5C,GLOSS(6:1:1),47,17,10.485060002384117,99.85762835576799,0.21892881393432617,0.662140982653364
RC2-4D-5C,GLOSS(6:1:1),47,18,10.485060002384117,99.85762835576799,0.22388410568237305,0.6699331838796352
RC2-4D-5C,GLOSS(6:1:1),47,19,10.485060002384117,99.85762835576799,0.22170209884643555,0.6732988972190755
RC2-4D-5C,GLOSS(2:3:3),53,-1,0.5000023571450322,2.3573109479054087e-05,0.0,0.0
RC2-4D-5C,GLOSS(2:3:3),53,0,10.110663887348448,96.11340367367809,0.14637994766235352,0.6272336561298654
RC2-4D-5C,GLOSS(2:3:3),53,1,10.110663887348448,96.11340367367809,0.17707324028015137,0.6825143216296294
RC2-4D-5C,GLOSS(2:3:3),53,2,10.236534416134532,97.37219755989047,0.19306302070617676,0.7351561696678953
RC2-4D-5C,GLOSS(2:3:3),53,3,10.363475701677299,98.64169976735906,0.19620203971862793,0.758288957705062
RC2-4D-5C,GLOSS(2:3:3),53,4,10.363475701677299,98.64169976735906,0.18996405601501465,0.7456218316422059
RC2-4D-5C,GLOSS(2:3:3),53,5,10.46208535721671,99.62786573259048,0.19484400749206543,0.7114475690121649
RC2-4D-5C,GLOSS(2:3:3),53,6,10.478752565095029,99.7945495431679,0.19781923294067383,0.6863120313958596
RC2-4D-5C,GLOSS(2:3:3),53,7,10.478752565095029,99.7945495431679,0.19275784492492676,0.6829813866262632
RC2-4D-5C,GLOSS(2:3:3),53,8,10.478752565095029,99.7945495431679,0.19283509254455566,0.709629213163011
RC2-4D-5C,GLOSS(2:3:3),53,9,10.478752565095029,99.7945495431679,0.19425201416015625,0.7164801872006147
RC2-4D-5C,GLOSS(2:3:3),53,10,10.478752565095029,99.7945495431679,0.19562292098999023,0.7166250135753602
RC2-4D-5C,GLOSS(2:3:3),53,11,10.478752565095029,99.7945495431679,0.19999408721923828,0.7194071352288485
RC2-4D-5C,GLOSS(2:3:3),53,12,10.478752565095029,99.7945495431679,0.21562600135803223,0.729537129575604
RC2-4D-5C,GLOSS(2:3:3),53,13,10.478752565095029,99.7945495431679,0.20549297332763672,0.7336147112027861
RC2-4D-5C,GLOSS(2:3:3),53,14,10.478752565095029,99.7945495431679,0.21602106094360352,0.7296622780856713
RC2-4D-5C,GLOSS(2:3:3),53,15,10.478752565095029,99.7945495431679,0.21340012550354004,0.724985473759281
RC2-4D-5C,GLOSS(2:3:3),53,16,10.486367846928271,99.87070772178143,0.21238398551940918,0.729581033965437
RC2-4D-5C,GLOSS(2:3:3),53,17,10.486367846928271,99.87070772178143,0.21528410911560059,0.7337249328189198
RC2-4D-5C,GLOSS(2:3:3),53,18,10.486367846928271,99.87070772178143,0.2262742519378662,0.7381061953699565
RC2-4D-5C,GLOSS(2:3:3),53,19,10.486367846928271,99.87070772178143,0.22800803184509277,0.7420296818409863
RC2-4D-5C,GLOSS(4:2:2),53,-1,0.5000023571450322,2.3573109479054087e-05,0.0,0.0
RC2-4D-5C,GLOSS(4:2:2),53,0,9.387744774568176,88.88370369410286,0.15826010704040527,0.6606607167456061
RC2-4D-5C,GLOSS(4:2:2),53,1,10.00091985152479,95.01588606828321,0.173478364944458,0.6209857274737025
RC2-4D-5C,GLOSS(4:2:2),53,2,10.468581543520585,99.69283216819602,0.17589974403381348,0.5860035303774017
RC2-4D-5C,GLOSS(4:2:2),53,3,10.468581543520585,99.69283216819602,0.1786344051361084,0.6368736731007888
RC2-4D-5C,GLOSS(4:2:2),53,4,10.487875467563631,99.88578498932628,0.19570612907409668,0.5970358059274076
RC2-4D-5C,GLOSS(4:2:2),53,5,10.487875467563631,99.88578498932628,0.1929919719696045,0.6019647557577336
RC2-4D-5C,GLOSS(4:2:2),53,6,10.487875467563631,99.88578498932628,0.18788623809814453,0.6097347824508201
RC2-4D-5C,GLOSS(4:2:2),53,7,10.487875467563631,99.88578498932628,0.19919991493225098,0.6326009216723026
RC2-4D-5C,GLOSS(4:2:2),53,8,10.487875467563631,99.88578498932628,0.20224213600158691,0.6446359417654635
RC2-4D-5C,GLOSS(4:2:2),53,9,10.487875467563631,99.88578498932628,0.20402812957763672,0.653812239852758
RC2-4D-5C,GLOSS(4:2:2),53,10,10.487875467563631,99.88578498932628,0.20699715614318848,0.6641761650321454
RC2-4D-5C,GLOSS(4:2:2),53,11,10.487875467563631,99.88578498932628,0.20532512664794922,0.6685152032574274
RC2-4D-5C,GLOSS(4:2:2),53,12,10.487875467563631,99.88578498932628,0.21042513847351074,0.676257866285082
RC2-4D-5C,GLOSS(4:2:2),53,13,10.487875467563631,99.88578498932628,0.21292471885681152,0.6719192104149383
RC2-4D-5C,GLOSS(4:2:2),53,14,10.487875467563631,99.88578498932628,0.21566367149353027,0.6953478865760018
RC2-4D-5C,GLOSS(4:2:2),53,15,10.487875467563631,99.88578498932628,0.2201368808746338,0.7027265505741745
RC2-4D-5C,GLOSS(4:2:2),53,16,10.487875467563631,99.88578498932628,0.2200779914855957,0.7005805574392425
RC2-4D-5C,GLOSS(4:2:2),53,17,10.487875467563631,99.88578498932628,0.21728205680847168,0.7000102081195292
RC2-4D-5C,GLOSS(4:2:2),53,18,10.487875467563631,99.88578498932628,0.22669410705566406,0.7032904166548325
RC2-4D-5C,GLOSS(4:2:2),53,19,10.487875467563631,99.88578498932628,0.218796968460083,0.6959869816348824
RC2-4D-5C,GLOSS(6:1:1),53,-1,0.5000023571450322,2.3573109479054087e-05,0.0,0.0
RC2-4D-5C,GLOSS(6:1:1),53,0,7.890488151050883,73.91008356275634,0.16022515296936035,0.5893275252627074
RC2-4D-5C,GLOSS(6:1:1),53,1,9.18059179054118,86.81202804199692,0.18160510063171387,0.4869890619522999
RC2-4D-5C,GLOSS(6:1:1),53,2,9.789310200105644,92.89964060527535,0.18763422966003418,0.5371992956284889
RC2-4D-5C,GLOSS(6:1:1),53,3,10.24369673380765,97.44382577806816,0.19293594360351562,0.5717270960695209
RC2-4D-5C,GLOSS(6:1:1),53,4,10.481081534381616,99.81784087535985,0.196242094039917,0.5787703188275355
RC2-4D-5C,GLOSS(6:1:1),53,5,10.481081534381616,99.81784087535985,0.18497896194458008,0.6064220955046346
RC2-4D-5C,GLOSS(6:1:1),53,6,10.499296164745493,100.0,0.1882328987121582,0.615957670248198
RC2-4D-5C,GLOSS(6:1:1),53,7,10.499296164745493,100.0,0.19381093978881836,0.6536564716758708
RC2-4D-5C,GLOSS(6:1:1),53,8,10.499296164745493,100.0,0.20146417617797852,0.6587559213982822
RC2-4D-5C,GLOSS(6:1:1),53,9,10.499296164745493,100.0,0.20728015899658203,0.6591082607781702
RC2-4D-5C,GLOSS(6:1:1),53,10,10.499296164745493,100.0,0.20875811576843262,0.6713477151025954
RC2-4D-5C,GLOSS(6:1:1),53,11,10.499296164745493,100.0,0.2138509750366211,0.6754699382635738
RC2-4D-5C,GLOSS(6:1:1),53,12,10.499296164745493,100.0,0.20669078826904297,0.6863032421803799
RC2-4D-5C,GLOSS(6:1:1),53,13,10.499296164745493,100.0,0.2114391326904297,0.6939760738442552
RC2-4D-5C,GLOSS(6:1:1),53,14,10.499296164745493,100.0,0.21836209297180176,0.6981294452699611
RC2-4D-5C,GLOSS(6:1:1),53,15,10.499296164745493,100.0,0.21901178359985352,0.7067384705926866
RC2-4D-5C,GLOSS(6:1:1),53,16,10.499296164745493,100.0,0.21597075462341309,0.7096143451972698
RC2-4D-5C,GLOSS(6:1:1),53,17,10.499296164745493,100.0,0.22161579132080078,0.709087030720639
RC2-4D-5C,GLOSS(6:1:1),53,18,10.499296164745493,100.0,0.2214641571044922,0.7103435038087319
RC2-4D-5C,GLOSS(6:1:1),53,19,10.499296164745493,100.0,0.2287909984588623,0.7099230277090055
RC2-4D-5C,GLOSS(2:3:3),59,-1,0.500002921822791,2.922028453599589e-05,0.0,0.0
RC2-4D-5C,GLOSS(2:3:3),59,0,4.931360114375458,44.31672031076646,0.16660380363464355,0.5254048233498919
RC2-4D-5C,GLOSS(2:3:3),59,1,9.705017712768495,92.05665639970356,0.1933741569519043,0.6161094759921859
RC2-4D-5C,GLOSS(2:3:3),59,2,10.374482513750328,98.75177563561704,0.19713592529296875,0.5899098202620447
RC2-4D-5C,GLOSS(2:3:3),59,3,10.374482513750328,98.75177563561704,0.19638490676879883,0.6159252300718696
RC2-4D-5C,GLOSS(2:3:3),59,4,10.374482513750328,98.75177563561704,0.1899561882019043,0.6493390882111562
RC2-4D-5C,GLOSS(2:3:3),59,5,10.471832013388456,99.72533915483103,0.19555306434631348,0.6887092001793272
RC2-4D-5C,GLOSS(2:3:3),59,6,10.471832013388456,99.72533915483103,0.19123196601867676,0.7168536814567938
RC2-4D-5C,GLOSS(2:3:3),59,7,10.471832013388456,99.72533915483103,0.20229005813598633,0.7172460340536969
RC2-4D-5C,GLOSS(2:3:3),59,8,10.473052226053237,99.737542140368,0.20432400703430176,0.7217428536744285
RC2-4D-5C,GLOSS(2:3:3),59,9,10.485060002384117,99.85762835576799,0.20736265182495117,0.717206302471677
RC2-4D-5C,GLOSS(2:3:3),59,10,10.485060002384117,99.85762835576799,0.20393705368041992,0.7098239462894228
RC2-4D-5C,GLOSS(2:3:3),59,11,10.485060002384117,99.85762835576799,0.20827698707580566,0.7129818511777066
RC2-4D-5C,GLOSS(2:3:3),59,12,10.499296164745493,100.0,0.20792865753173828,0.7145966976779761
RC2-4D-5C,GLOSS(2:3:3),59,13,10.499296164745493,100.0,0.2094409465789795,0.7139349995515427
RC2-4D-5C,GLOSS(2:3:3),59,14,10.499296164745493,100.0,0.20194315910339355,0.7162568258384243
RC2-4D-5C,GLOSS(2:3:3),59,15,10.499296164745493,100.0,0.2078239917755127,0.7185775408059348
RC2-4D-5C,GLOSS(2:3:3),59,16,10.499296164745493,100.0,0.2113969326019287,0.7158800423152585
RC2-4D-5C,GLOSS(2:3:3),59,17,10.499296164745493,100.0,0.21164965629577637,0.7250599010862381
RC2-4D-5C,GLOSS(2:3:3),59,18,10.499296164745493,100.0,0.22089099884033203,0.7326593780580013
RC2-4D-5C,GLOSS(2:3:3),59,19,10.499296164745493,100.0,0.2257709503173828,0.7383922879700163
RC2-4D-5C,GLOSS(4:2:2),59,-1,0.500002921822791,2.922028453599589e-05,0.0,0.0
RC2-4D-5C,GLOSS(4:2:2),59,0,6.531730778716185,60.32155343075297,0.16474699974060059,0.5968784339945755
RC2-4D-5C,GLOSS(4:2:2),59,1,9.728153206993849,92.28802762667975,0.17957615852355957,0.6400946536651877
RC2-4D-5C,GLOSS(4:2:2),59,2,9.779118965808236,92.79772108884637,0.18392705917358398,0.6963822586891367
RC2-4D-5C,GLOSS(4:2:2),59,3,10.46950511106067,99.702068493682,0.18451714515686035,0.7221366869793501
RC2-4D-5C,GLOSS(4:2:2),59,4,10.46950511106067,99.702068493682,0.18519806861877441,0.737365687093942
RC2-4D-5C,GLOSS(4:2:2),59,5,10.481081534381616,99.81784087535985,0.19546818733215332,0.724105295333079
RC2-4D-5C,GLOSS(4:2:2),59,6,10.481081534381616,99.81784087535985,0.1943199634552002,0.7280434198643919
RC2-4D-5C,GLOSS(4:2:2),59,7,10.481081534381616,99.81784087535985,0.1896350383758545,0.7124731100400593
RC2-4D-5C,GLOSS(4:2:2),59,8,10.487527132212143,99.88230139062344,0.1989459991455078,0.7107897736967929
RC2-4D-5C,GLOSS(4:2:2),59,9,10.487527132212143,99.88230139062344,0.20294404029846191,0.7161548745477979
RC2-4D-5C,GLOSS(4:2:2),59,10,10.487527132212143,99.88230139062344,0.2040848731994629,0.7239749588674625
RC2-4D-5C,GLOSS(4:2:2),59,11,10.487527132212143,99.88230139062344,0.20074105262756348,0.7184709327970064
RC2-4D-5C,GLOSS(4:2:2),59,12,10.487527132212143,99.88230139062344,0.20187807083129883,0.7091200965657464
RC2-4D-5C,GLOSS(4:2:2),59,13,10.487527132212143,99.88230139062344,0.2025001049041748,0.7177907928175077
RC2-4D-5C,GLOSS(4:2:2),59,14,10.487527132212143,99.88230139062344,0.20910310745239258,0.7204771258720809
RC2-4D-5C,GLOSS(4:2:2),59,15,10.487527132212143,99.88230139062344,0.21745991706848145,0.725986135368928
RC2-4D-5C,GLOSS(4:2:2),59,16,10.487527132212143,99.88230139062344,0.22270512580871582,0.7292861711799324
RC2-4D-5C,GLOSS(4:2:2),59,17,10.487527132212143,99.88230139062344,0.21594905853271484,0.7301253242138039
RC2-4D-5C,GLOSS(4:2:2),59,18,10.487527132212143,99.88230139062344,0.21866393089294434,0.7321690824408141
RC2-4D-5C,GLOSS(4:2:2),59,19,10.487527132212143,99.88230139062344,0.2209758758544922,0.7362496141813503
RC2-4D-5C,GLOSS(6:1:1),59,-1,0.500002921822791,2.922028453599589e-05,0.0,0.0
RC2-4D-5C,GLOSS(6:1:1),59,0,6.531730778716185,60.32155343075297,0.16191697120666504,0.518246419651746
RC2-4D-5C,GLOSS(6:1:1),59,1,6.531730778716185,60.32155343075297,0.17890691757202148,0.49902725035218937
RC2-4D-5C,GLOSS(6:1:1),59,2,10.019719229369194,95.20389307932349,0.19524192810058594,0.5129330188761123
RC2-4D-5C,GLOSS(6:1:1),59,3,10.019719229369194,95.20389307932349,0.20145082473754883,0.5069010072635747
RC2-4D-5C,GLOSS(6:1:1),59,4,10.019719229369194,95.20389307932349,0.20350432395935059,0.5614738122370483
RC2-4D-5C,GLOSS(6:1:1),59,5,10.362946456045185,98.63640693850996,0.19660305976867676,0.5886097248712053
RC2-4D-5C,GLOSS(6:1:1),59,6,10.362946456045185,98.63640693850996,0.20515894889831543,0.6263624436220202
RC2-4D-5C,GLOSS(6:1:1),59,7,10.362946456045185,98.63640693850996,0.21149492263793945,0.6265821040687212
RC2-4D-5C,GLOSS(6:1:1),59,8,10.362946456045185,98.63640693850996,0.1936628818511963,0.6418923183150322
RC2-4D-5C,GLOSS(6:1:1),59,9,10.486367846928271,99.87070772178143,0.2002408504486084,0.6622534315137881
RC2-4D-5C,GLOSS(6:1:1),59,10,10.486367846928271,99.87070772178143,0.21360325813293457,0.6794452795763135
RC2-4D-5C,GLOSS(6:1:1),59,11,10.486367846928271,99.87070772178143,0.21377825736999512,0.6773110580895192
RC2-4D-5C,GLOSS(6:1:1),59,12,10.486367846928271,99.87070772178143,0.21810674667358398,0.6687895155568344
RC2-4D-5C,GLOSS(6:1:1),59,13,10.486367846928271,99.87070772178143,0.21359586715698242,0.6669466864616228
RC2-4D-5C,GLOSS(6:1:1),59,14,10.486367846928271,99.87070772178143,0.2116069793701172,0.6683291346693485
RC2-4D-5C,GLOSS(6:1:1),59,15,10.487527132212143,99.88230139062344,0.2184000015258789,0.6747418480792695
RC2-4D-5C,GLOSS(6:1:1),59,16,10.487527132212143,99.88230139062344,0.2208089828491211,0.6805945742963401
RC2-4D-5C,GLOSS(6:1:1),59,17,10.487527132212143,99.88230139062344,0.22498393058776855,0.6814990254043853
RC2-4D-5C,GLOSS(6:1:1),59,18,10.487527132212143,99.88230139062344,0.22308707237243652,0.6795703152084271
RC2-4D-5C,GLOSS(6:1:1),59,19,10.499296164745493,100.0,0.23279190063476562,0.6820181892045459
RC2-4D-5C,GLOSS(2:3:3),61,-1,0.5000052420937037,5.242462686567248e-05,0.0,0.0
RC2-4D-5C,GLOSS(2:3:3),61,0,7.64157237942887,71.42075063850896,0.16868305206298828,0.46337828940873454
RC2-4D-5C,GLOSS(2:3:3),61,1,10.37089162322018,98.7158642027423,0.18422317504882812,0.561391710499537
RC2-4D-5C,GLOSS(2:3:3),61,2,10.481081534381616,99.81784087535985,0.18456411361694336,0.6593886485494974
RC2-4D-5C,GLOSS(2:3:3),61,3,10.481081534381616,99.81784087535985,0.19418907165527344,0.6646751309699619
RC2-4D-5C,GLOSS(2:3:3),61,4,10.481081534381616,99.81784087535985,0.20334506034851074,0.6503447491865226
RC2-4D-5C,GLOSS(2:3:3),61,5,10.481081534381616,99.81784087535985,0.19186687469482422,0.6595251092501294
RC2-4D-5C,GLOSS(2:3:3),61,6,10.481081534381616,99.81784087535985,0.19426608085632324,0.6525738986197621
RC2-4D-5C,GLOSS(2:3:3),61,7,10.481081534381616,99.81784087535985,0.20067787170410156,0.6543268289814149
RC2-4D-5C,GLOSS(2:3:3),61,8,10.481081534381616,99.81784087535985,0.20096111297607422,0.6801907286972846
RC2-4D-5C,GLOSS(2:3:3),61,9,10.481081534381616,99.81784087535985,0.2006230354309082,0.6929864799681312
RC2-4D-5C,GLOSS(2:3:3),61,10,10.487527132212143,99.88230139062344,0.20139598846435547,0.7061427843222071
RC2-4D-5C,GLOSS(2:3:3),61,11,10.487527132212143,99.88230139062344,0.20653486251831055,0.7131586119131975
RC2-4D-5C,GLOSS(2:3:3),61,12,10.487527132212143,99.88230139062344,0.2044360637664795,0.7190929896392089
RC2-4D-5C,GLOSS(2:3:3),61,13,10.487527132212143,99.88230139062344,0.21566104888916016,0.714405086601905
RC2-4D-5C,GLOSS(2:3:3),61,14,10.487527132212143,99.88230139062344,0.2211620807647705,0.7087011568917494
RC2-4D-5C,GLOSS(2:3:3),61,15,10.487527132212143,99.88230139062344,0.2288682460784912,0.7010870170498668
RC2-4D-5C,GLOSS(2:3:3),61,16,10.487527132212143,99.88230139062344,0.21409296989440918,0.6953777125120881
RC2-4D-5C,GLOSS(2:3:3),61,17,10.487527132212143,99.88230139062344,0.22612714767456055,0.7039101896317291
RC2-4D-5C,GLOSS(2:3:3),61,18,10.487527132212143,99.88230139062344,0.21803998947143555,0.7152096247768303
RC2-4D-5C,GLOSS(2:3:3),61,19,10.487527132212143,99.88230139062344,0.2284080982208252,0.7181076456816168
RC2-4D-5C,GLOSS(4:2:2),61,-1,0.5000052420937037,5.242462686567248e-05,0.0,0.0
RC2-4D-5C,GLOSS(4:2:2),61,0,5.062236357517737,45.62557486398701,0.16741490364074707,0.35361084007645777
RC2-4D-5C,GLOSS(4:2:2),61,1,6.737237392148044,62.376764218052315,0.17476820945739746,0.7234248412375291
RC2-4D-5C,GLOSS(4:2:2),61,2,6.737237392148044,62.376764218052315,0.18051409721374512,0.7126048541480607
RC2-4D-5C,GLOSS(4:2:2),61,3,7.156747345156903,66.57215903481877,0.18799066543579102,0.7129975184554834
RC2-4D-5C,GLOSS(4:2:2),61,4,10.236534416134532,97.37219755989047,0.18627500534057617,0.7499473279185253
RC2-4D-5C,GLOSS(4:2:2),61,5,10.236534416134532,97.37219755989047,0.19089722633361816,0.770259289164621
RC2-4D-5C,GLOSS(4:2:2),61,6,10.46208535721671,99.62786573259048,0.1944570541381836,0.7856242173402717
RC2-4D-5C,GLOSS(4:2:2),61,7,10.46208535721671,99.62786573259048,0.1958301067352295,0.7863567258149876
RC2-4D-5C,GLOSS(4:2:2),61,8,10.46208535721671,99.62786573259048,0.21303510665893555,0.7797740204119661
RC2-4D-5C,GLOSS(4:2:2),61,9,10.46208535721671,99.62786573259048,0.21520781517028809,0.7789173756428788
RC2-4D-5C,GLOSS(4:2:2),61,10,10.499296164745493,100.0,0.21426892280578613,0.7660880930966105
RC2-4D-5C,GLOSS(4:2:2),61,11,10.499296164745493,100.0,0.21428894996643066,0.7786431937808328
RC2-4D-5C,GLOSS(4:2:2),61,12,10.499296164745493,100.0,0.214263916015625,0.7841099804809972
RC2-4D-5C,GLOSS(4:2:2),61,13,10.499296164745493,100.0,0.22275495529174805,0.7859553537146265
RC2-4D-5C,GLOSS(4:2:2),61,14,10.499296164745493,100.0,0.2132558822631836,0.7805280470722502
RC2-4D-5C,GLOSS(4:2:2),61,15,10.499296164745493,100.0,0.22475528717041016,0.7810395037356723
RC2-4D-5C,GLOSS(4:2:2),61,16,10.499296164745493,100.0,0.22824716567993164,0.7879894101841497
RC2-4D-5C,GLOSS(4:2:2),61,17,10.499296164745493,100.0,0.23035812377929688,0.7918833256944974
RC2-4D-5C,GLOSS(4:2:2),61,18,10.499296164745493,100.0,0.2302689552307129,0.7949016200367025
RC2-4D-5C,GLOSS(4:2:2),61,19,10.499296164745493,100.0,0.23725509643554688,0.7919765318036065
RC2-4D-5C,GLOSS(6:1:1),61,-1,0.5000052420937037,5.242462686567248e-05,0.0,0.0
RC2-4D-5C,GLOSS(6:1:1),61,0,8.355796431257067,78.56349388824225,0.17492103576660156,0.476950524529759
RC2-4D-5C,GLOSS(6:1:1),61,1,8.355796431257067,78.56349388824225,0.1859281063079834,0.6395597188720418
RC2-4D-5C,GLOSS(6:1:1),61,2,10.46950511106067,99.702068493682,0.19481587409973145,0.6498062413373795
RC2-4D-5C,GLOSS(6:1:1),61,3,10.46950511106067,99.702068493682,0.1901538372039795,0.6055695091883443
RC2-4D-5C,GLOSS(6:1:1),61,4,10.46950511106067,99.702068493682,0.2009427547454834,0.5938905942822418
RC2-4D-5C,GLOSS(6:1:1),61,5,10.46950511106067,99.702068493682,0.1979069709777832,0.6162600366296648
RC2-4D-5C,GLOSS(6:1:1),61,6,10.486367846928271,99.87070772178143,0.20295119285583496,0.6379195434218673
RC2-4D-5C,GLOSS(6:1:1),61,7,10.486367846928271,99.87070772178143,0.20943212509155273,0.6506193220934418
RC2-4D-5C,GLOSS(6:1:1),61,8,10.486367846928271,99.87070772178143,0.19944977760314941,0.6436125691373045
RC2-4D-5C,GLOSS(6:1:1),61,9,10.486367846928271,99.87070772178143,0.2032160758972168,0.6445609700475156
RC2-4D-5C,GLOSS(6:1:1),61,10,10.486367846928271,99.87070772178143,0.21304082870483398,0.6384471491353808
RC2-4D-5C,GLOSS(6:1:1),61,11,10.486367846928271,99.87070772178143,0.21316123008728027,0.6339821466526815
RC2-4D-5C,GLOSS(6:1:1),61,12,10.486367846928271,99.87070772178143,0.20707416534423828,0.6393443199334342
RC2-4D-5C,GLOSS(6:1:1),61,13,10.486367846928271,99.87070772178143,0.20850682258605957,0.6507670389476939
RC2-4D-5C,GLOSS(6:1:1),61,14,10.486367846928271,99.87070772178143,0.21312499046325684,0.6718494134089399
RC2-4D-5C,GLOSS(6:1:1),61,15,10.486367846928271,99.87070772178143,0.2171647548675537,0.6780019701717531
RC2-4D-5C,GLOSS(6:1:1),61,16,10.486367846928271,99.87070772178143,0.2221541404724121,0.6748522495973044
RC2-4D-5C,GLOSS(6:1:1),61,17,10.486367846928271,99.87070772178143,0.23630595207214355,0.6798259174902506
RC2-4D-5C,GLOSS(6:1:1),61,18,10.486367846928271,99.87070772178143,0.22892999649047852,0.6841141033894019
RC2-4D-5C,GLOSS(6:1:1),61,19,10.486367846928271,99.87070772178143,0.22995877265930176,0.684090010952145
RC2-4D-5C,GLOSS(2:3:3),67,-1,0.5000011596636866,1.1597453134867708e-05,0.0,0.0
RC2-4D-5C,GLOSS(2:3:3),67,0,0.5043832345367534,0.043835430659682144,0.15576171875,0.5321687045837803
RC2-4D-5C,GLOSS(2:3:3),67,1,9.83878695963083,93.394443026466,0.17362189292907715,0.8057870132379541
RC2-4D-5C,GLOSS(2:3:3),67,2,9.83878695963083,93.394443026466,0.1893901824951172,0.8745313572310801
RC2-4D-5C,GLOSS(2:3:3),67,3,10.215799875041736,97.16483755423427,0.18933796882629395,0.916755200123962
RC2-4D-5C,GLOSS(2:3:3),67,4,10.478752565095029,99.7945495431679,0.19545292854309082,0.8861617099610078
RC2-4D-5C,GLOSS(2:3:3),67,5,10.478752565095029,99.7945495431679,0.19598388671875,0.8729562459782011
RC2-4D-5C,GLOSS(2:3:3),67,6,10.478752565095029,99.7945495431679,0.20116782188415527,0.8468161544361185
RC2-4D-5C,GLOSS(2:3:3),67,7,10.478752565095029,99.7945495431679,0.19907593727111816,0.8474677905518726
RC2-4D-5C,GLOSS(2:3:3),67,8,10.478752565095029,99.7945495431679,0.21312785148620605,0.836637503653664
RC2-4D-5C,GLOSS(2:3:3),67,9,10.478752565095029,99.7945495431679,0.20804619789123535,0.8326841452568217
RC2-4D-5C,GLOSS(2:3:3),67,10,10.478752565095029,99.7945495431679,0.20943999290466309,0.8256170955914514
RC2-4D-5C,GLOSS(2:3:3),67,11,10.478752565095029,99.7945495431679,0.2091200351715088,0.8224123913544686
RC2-4D-5C,GLOSS(2:3:3),67,12,10.478752565095029,99.7945495431679,0.21145391464233398,0.8346983566493399
RC2-4D-5C,GLOSS(2:3:3),67,13,10.478752565095029,99.7945495431679,0.21565008163452148,0.8294621994256816
RC2-4D-5C,GLOSS(2:3:3),67,14,10.478752565095029,99.7945495431679,0.22085809707641602,0.8287779097670824
RC2-4D-5C,GLOSS(2:3:3),67,15,10.478752565095029,99.7945495431679,0.2212228775024414,0.8294249237370611
RC2-4D-5C,GLOSS(2:3:3),67,16,10.478752565095029,99.7945495431679,0.263472318649292,0.8167127628288744
RC2-4D-5C,GLOSS(2:3:3),67,17,10.478752565095029,99.7945495431679,0.25838208198547363,0.8121591463406893
RC2-4D-5C,GLOSS(2:3:3),67,18,10.478752565095029,99.7945495431679,0.26799798011779785,0.7991017083064463
RC2-4D-5C,GLOSS(2:3:3),67,19,10.486367846928271,99.87070772178143,0.2642178535461426,0.7930199815602825
RC2-4D-5C,GLOSS(4:2:2),67,-1,0.5000011596636866,1.1597453134867708e-05,0.0,0.0
RC2-4D-5C,GLOSS(4:2:2),67,0,0.5016643409285646,0.016644580789920538,0.15454816818237305,0.5441843468828914
RC2-4D-5C,GLOSS(4:2:2),67,1,9.801207123533775,93.01861821362017,0.17896008491516113,0.6385398221872028
RC2-4D-5C,GLOSS(4:2:2),67,2,9.801207123533775,93.01861821362017,0.18006682395935059,0.729573015128837
RC2-4D-5C,GLOSS(4:2:2),67,3,9.957519593635324,94.58185294060686,0.18635296821594238,0.6971538504652383
RC2-4D-5C,GLOSS(4:2:2),67,4,10.362946456045185,98.63640693850996,0.19381284713745117,0.6905184442206833
RC2-4D-5C,GLOSS(4:2:2),67,5,10.46950511106067,99.702068493682,0.1957995891571045,0.7285866069604355
RC2-4D-5C,GLOSS(4:2:2),67,6,10.46950511106067,99.702068493682,0.19792580604553223,0.7362132039751359
RC2-4D-5C,GLOSS(4:2:2),67,7,10.46950511106067,99.702068493682,0.19610905647277832,0.7409162733651147
RC2-4D-5C,GLOSS(4:2:2),67,8,10.46950511106067,99.702068493682,0.20256519317626953,0.7291753943709912
RC2-4D-5C,GLOSS(4:2:2),67,9,10.46950511106067,99.702068493682,0.20311403274536133,0.7211146679657879
RC2-4D-5C,GLOSS(4:2:2),67,10,10.486367846928271,99.87070772178143,0.20436406135559082,0.7107266099149578
RC2-4D-5C,GLOSS(4:2:2),67,11,10.486367846928271,99.87070772178143,0.20443177223205566,0.7005147363861267
RC2-4D-5C,GLOSS(4:2:2),67,12,10.486367846928271,99.87070772178143,0.20415711402893066,0.698287950489395
RC2-4D-5C,GLOSS(4:2:2),67,13,10.486367846928271,99.87070772178143,0.2153780460357666,0.6948908916514317
RC2-4D-5C,GLOSS(4:2:2),67,14,10.486367846928271,99.87070772178143,0.21445393562316895,0.7015465951580485
RC2-4D-5C,GLOSS(4:2:2),67,15,10.486367846928271,99.87070772178143,0.2140059471130371,0.6999980939520952
RC2-4D-5C,GLOSS(4:2:2),67,16,10.486367846928271,99.87070772178143,0.22957062721252441,0.7025789934207247
RC2-4D-5C,GLOSS(4:2:2),67,17,10.486367846928271,99.87070772178143,0.22812795639038086,0.7081943673948997
RC2-4D-5C,GLOSS(4:2:2),67,18,10.486367846928271,99.87070772178143,0.22611594200134277,0.7068810287556725
RC2-4D-5C,GLOSS(4:2:2),67,19,10.486367846928271,99.87070772178143,0.2227010726928711,0.7140490326053728
RC2-4D-5C,GLOSS(6:1:1),67,-1,0.5000011596636866,1.1597453134867708e-05,0.0,0.0
RC2-4D-5C,GLOSS(6:1:1),67,0,0.5024671091523689,0.024672828084311486,0.1553630828857422,0.4413562380383146
RC2-4D-5C,GLOSS(6:1:1),67,1,3.0971155210927184,25.972983281056976,0.16840910911560059,0.7244912361584035
RC2-4D-5C,GLOSS(6:1:1),67,2,7.695951230373848,71.96457742440518,0.18063116073608398,0.8322457994111341
RC2-4D-5C,GLOSS(6:1:1),67,3,7.695951230373848,71.96457742440518,0.18788504600524902,0.8862692193604648
RC2-4D-5C,GLOSS(6:1:1),67,4,7.695951230373848,71.96457742440518,0.185899019241333,0.8440327523016404
RC2-4D-5C,GLOSS(6:1:1),67,5,9.130129161735066,86.30736623405858,0.19292616844177246,0.8151423875148587
RC2-4D-5C,GLOSS(6:1:1),67,6,9.412677049868508,89.1330439965557,0.1979689598083496,0.8178929988048868
RC2-4D-5C,GLOSS(6:1:1),67,7,9.412677049868508,89.1330439965557,0.19543194770812988,0.8222562894945847
RC2-4D-5C,GLOSS(6:1:1),67,8,9.412677049868508,89.1330439965557,0.19483494758605957,0.8039131899919397
RC2-4D-5C,GLOSS(6:1:1),67,9,9.412677049868508,89.1330439965557,0.2018890380859375,0.7930010248131046
RC2-4D-5C,GLOSS(6:1:1),67,10,9.412677049868508,89.1330439965557,0.19923090934753418,0.7799873428355081
RC2-4D-5C,GLOSS(6:1:1),67,11,10.189016919150248,96.89698914320394,0.20771527290344238,0.7776182701274429
RC2-4D-5C,GLOSS(6:1:1),67,12,10.44266327573494,99.43363124686492,0.20666289329528809,0.7658411579320953
RC2-4D-5C,GLOSS(6:1:1),67,13,10.478752565095029,99.7945495431679,0.2124311923980713,0.7648655504199838
RC2-4D-5C,GLOSS(6:1:1),67,14,10.478752565095029,99.7945495431679,0.22333478927612305,0.752455780969745
RC2-4D-5C,GLOSS(6:1:1),67,15,10.478752565095029,99.7945495431679,0.23065185546875,0.7383855916306412
RC2-4D-5C,GLOSS(6:1:1),67,16,10.478752565095029,99.7945495431679,0.22417712211608887,0.729487292961706
RC2-4D-5C,GLOSS(6:1:1),67,17,10.478752565095029,99.7945495431679,0.22895121574401855,0.7205967476685536
RC2-4D-5C,GLOSS(6:1:1),67,18,10.478752565095029,99.7945495431679,0.2296762466430664,0.7107928934156347
RC2-4D-5C,GLOSS(6:1:1),67,19,10.478752565095029,99.7945495431679,0.2323288917541504,0.7104393225942415
RC3-6D-5C,GLOSS(2:3:3),47,-1,0.5370394904266947,0.37169237151832557,0.0,0.0
RC3-6D-5C,GLOSS(2:3:3),47,0,2.7763776019976705,22.843550945200377,0.3172156810760498,0.7549948928160253
RC3-6D-5C,GLOSS(2:3:3),47,1,5.456005524111239,49.733737551983836,0.3373289108276367,0.8490221549508672
RC3-6D-5C,GLOSS(2:3:3),47,2,5.456005524111239,49.733737551983836,0.35448503494262695,0.9128183045090502
RC3-6D-5C,GLOSS(2:3:3),47,3,5.456005524111239,49.733737551983836,0.354295015335083,0.9244953967530842
RC3-6D-5C,GLOSS(2:3:3),47,4,7.77457533424719,73.0006897810209,0.35445713996887207,0.939606845461926
RC3-6D-5C,GLOSS(2:3:3),47,5,7.77457533424719,73.0006897810209,0.3575727939605713,0.9636341046134516
RC3-6D-5C,GLOSS(2:3:3),47,6,7.77457533424719,73.0006897810209,0.3643209934234619,0.9760559094534847
RC3-6D-5C,GLOSS(2:3:3),47,7,7.77457533424719,73.0006897810209,0.36917996406555176,0.9660129851537907
RC3-6D-5C,GLOSS(2:3:3),47,8,8.963623706427825,84.93284362542849,0.3689148426055908,0.9630760058787284
RC3-6D-5C,GLOSS(2:3:3),47,9,8.963623706427825,84.93284362542849,0.3701801300048828,0.9764867000791648
RC3-6D-5C,GLOSS(2:3:3),47,10,9.72601909699369,92.5835156277927,0.3766310214996338,0.9700636844629145
RC3-6D-5C,GLOSS(2:3:3),47,11,10.09308944872719,96.2670831016478,0.3836557865142822,0.984176364848964
RC3-6D-5C,GLOSS(2:3:3),47,12,10.09308944872719,96.2670831016478,0.38503479957580566,1.0004204579398763
RC3-6D-5C,GLOSS(2:3:3),47,13,10.09308944872719,96.2670831016478,0.402756929397583,0.9944775510940461
RC3-6D-5C,GLOSS(2:3:3),47,14,10.09308944872719,96.2670831016478,0.40885090827941895,0.9963185471000754
RC3-6D-5C,GLOSS(2:3:3),47,15,10.09308944872719,96.2670831016478,0.40621209144592285,0.9938571919229751
RC3-6D-5C,GLOSS(2:3:3),47,16,10.097377346140483,96.31011234486574,0.4147768020629883,0.994409382569134
RC3-6D-5C,GLOSS(2:3:3),47,17,10.097377346140483,96.31011234486574,0.4238278865814209,0.987711810816877
RC3-6D-5C,GLOSS(2:3:3),47,18,10.097377346140483,96.31011234486574,0.4070167541503906,0.9850216546576692
RC3-6D-5C,GLOSS(2:3:3),47,19,10.097377346140483,96.31011234486574,0.4167780876159668,0.9883015340955462
RC3-6D-5C,GLOSS(4:2:2),47,-1,0.5370394904266947,0.37169237151832557,0.0,0.0
RC3-6D-5C,GLOSS(4:2:2),47,0,2.1959239847909915,17.01867281400119,0.3115379810333252,0.8216418655748061
RC3-6D-5C,GLOSS(4:2:2),47,1,8.66237452585495,81.90979456182724,0.35047006607055664,0.7989883074340518
RC3-6D-5C,GLOSS(4:2:2),47,2,9.206551430047469,87.3706342478448,0.34738993644714355,0.8475172995359641
RC3-6D-5C,GLOSS(4:2:2),47,3,9.206551430047469,87.3706342478448,0.3511941432952881,0.8311489085317126
RC3-6D-5C,GLOSS(4:2:2),47,4,9.206551430047469,87.3706342478448,0.3557891845703125,0.8464329444199087
RC3-6D-5C,GLOSS(4:2:2),47,5,9.785825564363027,93.18367621523184,0.3599069118499756,0.8300468776783588
RC3-6D-5C,GLOSS(4:2:2),47,6,10.09308944872719,96.2670831016478,0.3582420349121094,0.8230319557803059
RC3-6D-5C,GLOSS(4:2:2),47,7,10.09308944872719,96.2670831016478,0.4044191837310791,0.8082265679560866
RC3-6D-5C,GLOSS(4:2:2),47,8,10.09308944872719,96.2670831016478,0.378309965133667,0.7954469614576406
RC3-6D-5C,GLOSS(4:2:2),47,9,10.09308944872719,96.2670831016478,0.37694478034973145,0.8063257210473262
RC3-6D-5C,GLOSS(4:2:2),47,10,10.09308944872719,96.2670831016478,0.3688950538635254,0.8191820006234541
RC3-6D-5C,GLOSS(4:2:2),47,11,10.09308944872719,96.2670831016478,0.38527774810791016,0.8363427088451562
RC3-6D-5C,GLOSS(4:2:2),47,12,10.09308944872719,96.2670831016478,0.3905479907989502,0.8407922016099711
RC3-6D-5C,GLOSS(4:2:2),47,13,10.09308944872719,96.2670831016478,0.3965461254119873,0.8464908775973762
RC3-6D-5C,GLOSS(4:2:2),47,14,10.09308944872719,96.2670831016478,0.4012880325317383,0.8548474376564058
RC3-6D-5C,GLOSS(4:2:2),47,15,10.09308944872719,96.2670831016478,0.41276001930236816,0.8696093103580611
RC3-6D-5C,GLOSS(4:2:2),47,16,10.097377346140483,96.31011234486574,0.4245569705963135,0.8801595853996602
RC3-6D-5C,GLOSS(4:2:2),47,17,10.097377346140483,96.31011234486574,0.4307541847229004,0.8895583795630323
RC3-6D-5C,GLOSS(4:2:2),47,18,10.097377346140483,96.31011234486574,0.4232020378112793,0.9022077626343676
RC3-6D-5C,GLOSS(4:2:2),47,19,10.097377346140483,96.31011234486574,0.42482614517211914,0.9114046228379785
RC3-6D-5C,GLOSS(6:1:1),47,-1,0.5370394904266947,0.37169237151832557,0.0,0.0
RC3-6D-5C,GLOSS(6:1:1),47,0,2.1959239847909915,17.01867281400119,0.3121020793914795,0.6913890728990705
RC3-6D-5C,GLOSS(6:1:1),47,1,8.66237452585495,81.90979456182724,0.32434630393981934,0.7177760233784377
RC3-6D-5C,GLOSS(6:1:1),47,2,9.785825564363027,93.18367621523184,0.3419668674468994,0.8556816494811736
RC3-6D-5C,GLOSS(6:1:1),47,3,10.09308944872719,96.2670831016478,0.3502509593963623,0.8565978058584246
RC3-6D-5C,GLOSS(6:1:1),47,4,10.09308944872719,96.2670831016478,0.3755059242248535,0.8267709067409997
RC3-6D-5C,GLOSS(6:1:1),47,5,10.09308944872719,96.2670831016478,0.3881359100341797,0.8000332718886104
RC3-6D-5C,GLOSS(6:1:1),47,6,10.09308944872719,96.2670831016478,0.38396406173706055,0.79497810585063
RC3-6D-5C,GLOSS(6:1:1),47,7,10.097377346140483,96.31011234486574,0.39058780670166016,0.8202639554136675
RC3-6D-5C,GLOSS(6:1:1),47,8,10.097377346140483,96.31011234486574,0.38538217544555664,0.8222419002812353
RC3-6D-5C,GLOSS(6:1:1),47,9,10.097377346140483,96.31011234486574,0.38044095039367676,0.8309590944568737
RC3-6D-5C,GLOSS(6:1:1),47,10,10.097377346140483,96.31011234486574,0.3907749652862549,0.8321582181480655
RC3-6D-5C,GLOSS(6:1:1),47,11,10.097377346140483,96.31011234486574,0.3925321102142334,0.8286628156867848
RC3-6D-5C,GLOSS(6:1:1),47,12,10.344465077382672,98.78964883070313,0.39401912689208984,0.832612104551446
RC3-6D-5C,GLOSS(6:1:1),47,13,10.465077508833502,100.0,0.40062904357910156,0.8337510660259818
RC3-6D-5C,GLOSS(6:1:1),47,14,10.465077508833502,100.0,0.40145206451416016,0.8205369985600159
RC3-6D-5C,GLOSS(6:1:1),47,15,10.465077508833502,100.0,0.40560102462768555,0.8155358855297155
RC3-6D-5C,GLOSS(6:1:1),47,16,10.465077508833502,100.0,0.41244983673095703,0.8231803731712902
RC3-6D-5C,GLOSS(6:1:1),47,17,10.465077508833502,100.0,0.4174792766571045,0.8302122042558918
RC3-6D-5C,GLOSS(6:1:1),47,18,10.465077508833502,100.0,0.4282371997833252,0.8313428458347273
RC3-6D-5C,GLOSS(6:1:1),47,19,10.465077508833502,100.0,0.4374401569366455,0.8280147358607088
RC3-6D-5C,GLOSS(2:3:3),53,-1,0.5363223263952123,0.3644955982368224,0.0,0.0
RC3-6D-5C,GLOSS(2:3:3),53,0,4.257002277377298,37.70168609411414,0.307877779006958,0.7235989281643358
RC3-6D-5C,GLOSS(2:3:3),53,1,5.50550113932129,50.23042827468911,0.3367280960083008,0.8723821783033188
RC3-6D-5C,GLOSS(2:3:3),53,2,7.80607339523463,73.31677423838691,0.35314416885375977,0.9495419230408445
RC3-6D-5C,GLOSS(2:3:3),53,3,8.15124197729379,76.78055646940976,0.3524940013885498,0.9402282635478234
RC3-6D-5C,GLOSS(2:3:3),53,4,9.250973556269075,87.81641228057514,0.3573880195617676,0.9349673134782197
RC3-6D-5C,GLOSS(2:3:3),53,5,9.250973556269075,87.81641228057514,0.3629019260406494,0.9349306151367627
RC3-6D-5C,GLOSS(2:3:3),53,6,9.250973556269075,87.81641228057514,0.3636040687561035,0.9306767151737894
RC3-6D-5C,GLOSS(2:3:3),53,7,10.157233146742607,96.91076799351266,0.3662841320037842,0.9088546329130821
RC3-6D-5C,GLOSS(2:3:3),53,8,10.157233146742607,96.91076799351266,0.3774399757385254,0.897793538922029
RC3-6D-5C,GLOSS(2:3:3),53,9,10.157233146742607,96.91076799351266,0.4049501419067383,0.8892930575735234
RC3-6D-5C,GLOSS(2:3:3),53,10,10.157233146742607,96.91076799351266,0.38967180252075195,0.8855078460483771
RC3-6D-5C,GLOSS(2:3:3),53,11,10.43462088617385,99.69436642305008,0.39596128463745117,0.8792636037497944
RC3-6D-5C,GLOSS(2:3:3),53,12,10.43462088617385,99.69436642305008,0.40993809700012207,0.877320187042537
RC3-6D-5C,GLOSS(2:3:3),53,13,10.43462088617385,99.69436642305008,0.4151747226715088,0.8633606635445331
RC3-6D-5C,GLOSS(2:3:3),53,14,10.43462088617385,99.69436642305008,0.40592503547668457,0.8587826191415718
RC3-6D-5C,GLOSS(2:3:3),53,15,10.43462088617385,99.69436642305008,0.3962678909301758,0.8609541961021332
RC3-6D-5C,GLOSS(2:3:3),53,16,10.43462088617385,99.69436642305008,0.4064059257507324,0.8649307222382847
RC3-6D-5C,GLOSS(2:3:3),53,17,10.43462088617385,99.69436642305008,0.42375707626342773,0.8564051151336863
RC3-6D-5C,GLOSS(2:3:3),53,18,10.43462088617385,99.69436642305008,0.4191458225250244,0.8575745976957841
RC3-6D-5C,GLOSS(2:3:3),53,19,10.43462088617385,99.69436642305008,0.41483330726623535,0.8550166648010716
RC3-6D-5C,GLOSS(4:2:2),53,-1,0.5363223263952123,0.3644955982368224,0.0,0.0
RC3-6D-5C,GLOSS(4:2:2),53,0,9.948336313934687,94.81447888956112,0.3108370304107666,0.7087665024198512
RC3-6D-5C,GLOSS(4:2:2),53,1,10.157233146742607,96.91076799351266,0.33630800247192383,0.7310187591746827
RC3-6D-5C,GLOSS(4:2:2),53,2,10.157233146742607,96.91076799351266,0.3512859344482422,0.7776820287326764
RC3-6D-5C,GLOSS(4:2:2),53,3,10.157233146742607,96.91076799351266,0.3525257110595703,0.7957375960988987
RC3-6D-5C,GLOSS(4:2:2),53,4,10.305335763812742,98.3969844107635,0.35663366317749023,0.8033470364892698
RC3-6D-5C,GLOSS(4:2:2),53,5,10.305335763812742,98.3969844107635,0.36407017707824707,0.7824824351689944
RC3-6D-5C,GLOSS(4:2:2),53,6,10.305335763812742,98.3969844107635,0.3657090663909912,0.7867591242627553
RC3-6D-5C,GLOSS(4:2:2),53,7,10.305335763812742,98.3969844107635,0.36927223205566406,0.7838532220247443
RC3-6D-5C,GLOSS(4:2:2),53,8,10.43462088617385,99.69436642305008,0.384066104888916,0.7710231177767074
RC3-6D-5C,GLOSS(4:2:2),53,9,10.43462088617385,99.69436642305008,0.3809499740600586,0.7541865121427026
RC3-6D-5C,GLOSS(4:2:2),53,10,10.43462088617385,99.69436642305008,0.38910484313964844,0.7609272863496207
RC3-6D-5C,GLOSS(4:2:2),53,11,10.43462088617385,99.69436642305008,0.3928992748260498,0.7655810026787243
RC3-6D-5C,GLOSS(4:2:2),53,12,10.43462088617385,99.69436642305008,0.4456062316894531,0.7647072877002545
RC3-6D-5C,GLOSS(4:2:2),53,13,10.43462088617385,99.69436642305008,0.4053068161010742,0.7684175932366943
RC3-6D-5C,GLOSS(4:2:2),53,14,10.43462088617385,99.69436642305008,0.4066507816314697,0.7768398250533374
RC3-6D-5C,GLOSS(4:2:2),53,15,10.465077508833502,100.0,0.4330778121948242,0.7768049492901318
RC3-6D-5C,GLOSS(4:2:2),53,16,10.465077508833502,100.0,0.4335002899169922,0.7904599204594084
RC3-6D-5C,GLOSS(4:2:2),53,17,10.465077508833502,100.0,0.41290783882141113,0.7890907839162707
RC3-6D-5C,GLOSS(4:2:2),53,18,10.465077508833502,100.0,0.4189460277557373,0.790914524740293
RC3-6D-5C,GLOSS(4:2:2),53,19,10.465077508833502,100.0,0.4165670871734619,0.7964894703561036
RC3-6D-5C,GLOSS(6:1:1),53,-1,0.5363223263952123,0.3644955982368224,0.0,0.0
RC3-6D-5C,GLOSS(6:1:1),53,0,9.948336313934687,94.81447888956112,0.306502103805542,0.5164609835896851
RC3-6D-5C,GLOSS(6:1:1),53,1,9.948336313934687,94.81447888956112,0.3317089080810547,0.7959709029395564
RC3-6D-5C,GLOSS(6:1:1),53,2,9.948336313934687,94.81447888956112,0.35010600090026855,0.7975673830165138
RC3-6D-5C,GLOSS(6:1:1),53,3,9.948336313934687,94.81447888956112,0.3582122325897217,0.7745306599739447
RC3-6D-5C,GLOSS(6:1:1),53,4,10.157233146742607,96.91076799351266,0.3669860363006592,0.7578992681074704
RC3-6D-5C,GLOSS(6:1:1),53,5,10.157233146742607,96.91076799351266,0.3704099655151367,0.7631526606688661
RC3-6D-5C,GLOSS(6:1:1),53,6,10.157233146742607,96.91076799351266,0.3731999397277832,0.7533110607340552
RC3-6D-5C,GLOSS(6:1:1),53,7,10.28004444727969,98.14318491289569,0.37834978103637695,0.7349199850791642
RC3-6D-5C,GLOSS(6:1:1),53,8,10.43462088617385,99.69436642305008,0.38430190086364746,0.7346478804185832
RC3-6D-5C,GLOSS(6:1:1),53,9,10.43462088617385,99.69436642305008,0.38555121421813965,0.7335194463227395
RC3-6D-5C,GLOSS(6:1:1),53,10,10.43462088617385,99.69436642305008,0.38120198249816895,0.7447684028922817
RC3-6D-5C,GLOSS(6:1:1),53,11,10.43462088617385,99.69436642305008,0.3854398727416992,0.737999223224001
RC3-6D-5C,GLOSS(6:1:1),53,12,10.43462088617385,99.69436642305008,0.42760586738586426,0.736208149148973
RC3-6D-5C,GLOSS(6:1:1),53,13,10.43462088617385,99.69436642305008,0.395251989364624,0.7515134392758622
RC3-6D-5C,GLOSS(6:1:1),53,14,10.43462088617385,99.69436642305008,0.4058048725128174,0.7448109219821228
RC3-6D-5C,GLOSS(6:1:1),53,15,10.43462088617385,99.69436642305008,0.410153865814209,0.7484431747098367
RC3-6D-5C,GLOSS(6:1:1),53,16,10.43462088617385,99.69436642305008,0.415787935256958,0.746338252231563
RC3-6D-5C,GLOSS(6:1:1),53,17,10.43462088617385,99.69436642305008,0.4216129779815674,0.7511661808083587
RC3-6D-5C,GLOSS(6:1:1),53,18,10.43462088617385,99.69436642305008,0.4293339252471924,0.7561725058978949
RC3-6D-5C,GLOSS(6:1:1),53,19,10.43462088617385,99.69436642305008,0.4294466972351074,0.7666113789125998
RC3-6D-5C,GLOSS(2:3:3),59,-1,0.543521625697855,0.4367408902374572,0.0,0.0
RC3-6D-5C,GLOSS(2:3:3),59,0,5.099394200169385,46.155126891991564,0.30965209007263184,0.7881709511186045
RC3-6D-5C,GLOSS(2:3:3),59,1,7.067751816855749,65.90768402306948,0.3235030174255371,0.8680414885865662
RC3-6D-5C,GLOSS(2:3:3),59,2,9.261822120136628,87.9252781064634,0.35015130043029785,0.9405950975289036
RC3-6D-5C,GLOSS(2:3:3),59,3,9.261822120136628,87.9252781064634,0.3468179702758789,0.9947729442924579
RC3-6D-5C,GLOSS(2:3:3),59,4,9.701211743429274,92.33457272006191,0.36063718795776367,0.9962050845723545
RC3-6D-5C,GLOSS(2:3:3),59,5,9.701211743429274,92.33457272006191,0.36509180068969727,0.9726354544132761
RC3-6D-5C,GLOSS(2:3:3),59,6,10.175840372131006,97.097492336396,0.3645470142364502,0.9598901888884102
RC3-6D-5C,GLOSS(2:3:3),59,7,10.175840372131006,97.097492336396,0.3708620071411133,0.9633948725178003
RC3-6D-5C,GLOSS(2:3:3),59,8,10.175840372131006,97.097492336396,0.3690488338470459,0.973572696916275
RC3-6D-5C,GLOSS(2:3:3),59,9,10.175840372131006,97.097492336396,0.3782939910888672,0.9688419954434161
RC3-6D-5C,GLOSS(2:3:3),59,10,10.175840372131006,97.097492336396,0.37926316261291504,0.9383053301954574
RC3-6D-5C,GLOSS(2:3:3),59,11,10.175840372131006,97.097492336396,0.4069247245788574,0.9323245063735813
RC3-6D-5C,GLOSS(2:3:3),59,12,10.175840372131006,97.097492336396,0.39017295837402344,0.9345487004535781
RC3-6D-5C,GLOSS(2:3:3),59,13,10.175840372131006,97.097492336396,0.3907339572906494,0.9318088122238204
RC3-6D-5C,GLOSS(2:3:3),59,14,10.361461835456437,98.9602120617182,0.39014506340026855,0.930250171838166
RC3-6D-5C,GLOSS(2:3:3),59,15,10.364523073452055,98.99093172256015,0.411409854888916,0.9374496889523841
RC3-6D-5C,GLOSS(2:3:3),59,16,10.364523073452055,98.99093172256015,0.44252490997314453,0.9383153435837241
RC3-6D-5C,GLOSS(2:3:3),59,17,10.364523073452055,98.99093172256015,0.43071985244750977,0.9408252190561545
RC3-6D-5C,GLOSS(2:3:3),59,18,10.364523073452055,98.99093172256015,0.4133880138397217,0.9484859691052819
RC3-6D-5C,GLOSS(2:3:3),59,19,10.364523073452055,98.99093172256015,0.41904115676879883,0.9466622031012132
RC3-6D-5C,GLOSS(4:2:2),59,-1,0.543521625697855,0.4367408902374572,0.0,0.0
RC3-6D-5C,GLOSS(4:2:2),59,0,5.099394200169385,46.155126891991564,0.3134160041809082,0.7859849201444928
RC3-6D-5C,GLOSS(4:2:2),59,1,5.099394200169385,46.155126891991564,0.3238048553466797,0.9787710342211366
RC3-6D-5C,GLOSS(4:2:2),59,2,5.450775154906787,49.6812505619919,0.3410041332244873,0.9292390123142613
RC3-6D-5C,GLOSS(4:2:2),59,3,7.9532756552789525,74.79395553242641,0.3505442142486572,0.9763379802069726
RC3-6D-5C,GLOSS(4:2:2),59,4,7.9532756552789525,74.79395553242641,0.3505878448486328,0.9477774290929294
RC3-6D-5C,GLOSS(4:2:2),59,5,8.724263648900743,82.5308546925632,0.3601558208465576,0.9749663407956467
RC3-6D-5C,GLOSS(4:2:2),59,6,8.724263648900743,82.5308546925632,0.42204880714416504,1.0528989672275033
RC3-6D-5C,GLOSS(4:2:2),59,7,10.09308944872719,96.2670831016478,0.371981143951416,1.0754086482943719
RC3-6D-5C,GLOSS(4:2:2),59,8,10.258673427592822,97.92872577003683,0.3852269649505615,1.0745904780768727
RC3-6D-5C,GLOSS(4:2:2),59,9,10.258673427592822,97.92872577003683,0.3812072277069092,1.0475778557677717
RC3-6D-5C,GLOSS(4:2:2),59,10,10.258673427592822,97.92872577003683,0.38373899459838867,1.0426828312614047
RC3-6D-5C,GLOSS(4:2:2),59,11,10.258673427592822,97.92872577003683,0.39046716690063477,1.0470220197029736
RC3-6D-5C,GLOSS(4:2:2),59,12,10.258673427592822,97.92872577003683,0.39460086822509766,1.0461807973429786
RC3-6D-5C,GLOSS(4:2:2),59,13,10.258673427592822,97.92872577003683,0.39048290252685547,1.0356954493765735
RC3-6D-5C,GLOSS(4:2:2),59,14,10.258673427592822,97.92872577003683,0.39545679092407227,1.0219360632244223
RC3-6D-5C,GLOSS(4:2:2),59,15,10.258673427592822,97.92872577003683,0.4013502597808838,1.0158782085357865
RC3-6D-5C,GLOSS(4:2:2),59,16,10.258673427592822,97.92872577003683,0.40000319480895996,1.0086231480322323
RC3-6D-5C,GLOSS(4:2:2),59,17,10.258673427592822,97.92872577003683,0.40946006774902344,1.0036653726422509
RC3-6D-5C,GLOSS(4:2:2),59,18,10.258673427592822,97.92872577003683,0.4250912666320801,0.9979930352833705
RC3-6D-5C,GLOSS(4:2:2),59,19,10.258673427592822,97.92872577003683,0.41472411155700684,0.9926309860537735
RC3-6D-5C,GLOSS(6:1:1),59,-1,0.543521625697855,0.4367408902374572,0.0,0.0
RC3-6D-5C,GLOSS(6:1:1),59,0,0.5803369317521789,0.8061841407786636,0.31586313247680664,0.5548516478718136
RC3-6D-5C,GLOSS(6:1:1),59,1,1.3429462141929511,8.459002557718744,0.32823705673217773,0.9421664578858786
RC3-6D-5C,GLOSS(6:1:1),59,2,1.851781300177036,13.565185509939395,0.34029221534729004,1.1315611046587013
RC3-6D-5C,GLOSS(6:1:1),59,3,3.839487664535902,33.511908193341746,0.35109496116638184,1.2079970279282304
RC3-6D-5C,GLOSS(6:1:1),59,4,3.839487664535902,33.511908193341746,0.3571619987487793,1.190809227226124
RC3-6D-5C,GLOSS(6:1:1),59,5,8.931331057803542,84.60878544542216,0.36348891258239746,1.1532076053363145
RC3-6D-5C,GLOSS(6:1:1),59,6,8.931331057803542,84.60878544542216,0.3657212257385254,1.1617042342094244
RC3-6D-5C,GLOSS(6:1:1),59,7,8.931331057803542,84.60878544542216,0.36219215393066406,1.1595406877878343
RC3-6D-5C,GLOSS(6:1:1),59,8,9.124834047630586,86.55059664334236,0.3652491569519043,1.1449717526855243
RC3-6D-5C,GLOSS(6:1:1),59,9,9.29172792802877,88.22538423247063,0.3691530227661133,1.1246398320587128
RC3-6D-5C,GLOSS(6:1:1),59,10,9.29172792802877,88.22538423247063,0.3888051509857178,1.097005648736744
RC3-6D-5C,GLOSS(6:1:1),59,11,9.29172792802877,88.22538423247063,0.37462711334228516,1.085703413950166
RC3-6D-5C,GLOSS(6:1:1),59,12,9.424885754133864,89.56162900084703,0.38129377365112305,1.0752180542229308
RC3-6D-5C,GLOSS(6:1:1),59,13,9.424885754133864,89.56162900084703,0.38210105895996094,1.0625702228069427
RC3-6D-5C,GLOSS(6:1:1),59,14,10.130140733568288,96.63889440991792,0.3960592746734619,1.047582834445941
RC3-6D-5C,GLOSS(6:1:1),59,15,10.238961222735442,97.7309129085303,0.39901304244995117,1.0309340974458918
RC3-6D-5C,GLOSS(6:1:1),59,16,10.238961222735442,97.7309129085303,0.4065589904785156,1.0142007545573912
RC3-6D-5C,GLOSS(6:1:1),59,17,10.238961222735442,97.7309129085303,0.4016749858856201,1.001973016507707
RC3-6D-5C,GLOSS(6:1:1),59,18,10.238961222735442,97.7309129085303,0.4032158851623535,0.9908373341379343
RC3-6D-5C,GLOSS(6:1:1),59,19,10.238961222735442,97.7309129085303,0.4199812412261963,0.9785451257694302
RC3-6D-5C,GLOSS(2:3:3),61,-1,0.5439439827179299,0.4409792619124098,0.0,0.0
RC3-6D-5C,GLOSS(2:3:3),61,0,1.9159734960684054,14.209357080168678,0.30234503746032715,0.7843209138457434
RC3-6D-5C,GLOSS(2:3:3),61,1,4.093757886157473,36.06352129287954,0.32853126525878906,0.7410383936863122
RC3-6D-5C,GLOSS(2:3:3),61,2,7.769419106557584,72.94894680446197,0.34937286376953125,0.8028159049736177
RC3-6D-5C,GLOSS(2:3:3),61,3,9.340864325563768,88.71847018966538,0.356903076171875,0.8358676594165635
RC3-6D-5C,GLOSS(2:3:3),61,4,9.340864325563768,88.71847018966538,0.3677670955657959,0.863206454663688
RC3-6D-5C,GLOSS(2:3:3),61,5,9.990327684527395,95.2358641803301,0.37535595893859863,0.8933181062550428
RC3-6D-5C,GLOSS(2:3:3),61,6,9.990327684527395,95.2358641803301,0.40128207206726074,0.9152081222010193
RC3-6D-5C,GLOSS(2:3:3),61,7,9.990327684527395,95.2358641803301,0.3837599754333496,0.9214793808931953
RC3-6D-5C,GLOSS(2:3:3),61,8,9.990327684527395,95.2358641803301,0.395219087600708,0.9068928574014636
RC3-6D-5C,GLOSS(2:3:3),61,9,10.43462088617385,99.69436642305008,0.4255661964416504,0.9039914418589018
RC3-6D-5C,GLOSS(2:3:3),61,10,10.43462088617385,99.69436642305008,0.3960137367248535,0.892500188260233
RC3-6D-5C,GLOSS(2:3:3),61,11,10.43462088617385,99.69436642305008,0.3957550525665283,0.8920059305428936
RC3-6D-5C,GLOSS(2:3:3),61,12,10.43462088617385,99.69436642305008,0.3919031620025635,0.886988160208175
RC3-6D-5C,GLOSS(2:3:3),61,13,10.43462088617385,99.69436642305008,0.4034397602081299,0.8882093899906826
RC3-6D-5C,GLOSS(2:3:3),61,14,10.43462088617385,99.69436642305008,0.40639281272888184,0.8827888926297768
RC3-6D-5C,GLOSS(2:3:3),61,15,10.43462088617385,99.69436642305008,0.4485800266265869,0.8808174822302162
RC3-6D-5C,GLOSS(2:3:3),61,16,10.43462088617385,99.69436642305008,0.4361839294433594,0.8781588851638525
RC3-6D-5C,GLOSS(2:3:3),61,17,10.43462088617385,99.69436642305008,0.4256620407104492,0.8787242399822932
RC3-6D-5C,GLOSS(2:3:3),61,18,10.43462088617385,99.69436642305008,0.4212191104888916,0.8772462703452002
RC3-6D-5C,GLOSS(2:3:3),61,19,10.43462088617385,99.69436642305008,0.4395568370819092,0.871130691475973
RC3-6D-5C,GLOSS(4:2:2),61,-1,0.5439439827179299,0.4409792619124098,0.0,0.0
RC3-6D-5C,GLOSS(4:2:2),61,0,1.9159734960684054,14.209357080168678,0.3099682331085205,0.7304330088266038
RC3-6D-5C,GLOSS(4:2:2),61,1,7.293845932693029,68.17654863497604,0.3337421417236328,0.7390162805959842
RC3-6D-5C,GLOSS(4:2:2),61,2,9.094025500105616,86.24143148455533,0.3480818271636963,0.8636286988769375
RC3-6D-5C,GLOSS(4:2:2),61,3,9.649090183300254,91.81153052209864,0.35494327545166016,0.90464409495374
RC3-6D-5C,GLOSS(4:2:2),61,4,9.649090183300254,91.81153052209864,0.35865187644958496,0.9124829280228529
RC3-6D-5C,GLOSS(4:2:2),61,5,9.76895144895693,93.01434370889773,0.3691439628601074,0.9093249031316969
RC3-6D-5C,GLOSS(4:2:2),61,6,10.150841971232463,96.84663226008259,0.3696291446685791,0.8869572960941362
RC3-6D-5C,GLOSS(4:2:2),61,7,10.36080875715106,98.95365839157785,0.38840794563293457,0.8870044947571752
RC3-6D-5C,GLOSS(4:2:2),61,8,10.409090317545218,99.4381660196524,0.3829381465911865,0.8766452291764181
RC3-6D-5C,GLOSS(4:2:2),61,9,10.409090317545218,99.4381660196524,0.39256787300109863,0.8719818342002721
RC3-6D-5C,GLOSS(4:2:2),61,10,10.409090317545218,99.4381660196524,0.3852200508117676,0.8579004757464879
RC3-6D-5C,GLOSS(4:2:2),61,11,10.465077508833502,100.0,0.384876012802124,0.8644160471562319
RC3-6D-5C,GLOSS(4:2:2),61,12,10.465077508833502,100.0,0.38486599922180176,0.8536721298481724
RC3-6D-5C,GLOSS(4:2:2),61,13,10.465077508833502,100.0,0.4020390510559082,0.845583026158573
RC3-6D-5C,GLOSS(4:2:2),61,14,10.465077508833502,100.0,0.41354799270629883,0.8447262536098825
RC3-6D-5C,GLOSS(4:2:2),61,15,10.465077508833502,100.0,0.4165050983428955,0.8409158285801321
RC3-6D-5C,GLOSS(4:2:2),61,16,10.465077508833502,100.0,0.4189770221710205,0.8371391560540467
RC3-6D-5C,GLOSS(4:2:2),61,17,10.465077508833502,100.0,0.4152638912200928,0.8391853215789243
RC3-6D-5C,GLOSS(4:2:2),61,18,10.465077508833502,100.0,0.4178342819213867,0.8414658391623033
RC3-6D-5C,GLOSS(4:2:2),61,19,10.465077508833502,100.0,0.4236938953399658,0.8366606128969805
RC3-6D-5C,GLOSS(6:1:1),61,-1,0.5439439827179299,0.4409792619124098,0.0,0.0
RC3-6D-5C,GLOSS(6:1:1),61,0,1.4829604677479185,9.86405188364639,0.3110227584838867,0.6289694162804943
RC3-6D-5C,GLOSS(6:1:1),61,1,2.86706596988372,23.753612791994776,0.3343319892883301,0.860326108633985
RC3-6D-5C,GLOSS(6:1:1),61,2,7.2950162868253905,68.18829319128385,0.3449709415435791,0.9991425941920212
RC3-6D-5C,GLOSS(6:1:1),61,3,7.2950162868253905,68.18829319128385,0.35741114616394043,1.0312071251374195
RC3-6D-5C,GLOSS(6:1:1),61,4,7.2950162868253905,68.18829319128385,0.36467981338500977,0.9990465092721366
RC3-6D-5C,GLOSS(6:1:1),61,5,7.2950162868253905,68.18829319128385,0.36631178855895996,0.978709910800644
RC3-6D-5C,GLOSS(6:1:1),61,6,8.788516536113036,83.17563530292509,0.36869287490844727,0.9830564862568096
RC3-6D-5C,GLOSS(6:1:1),61,7,9.785825564363027,93.18367621523184,0.3834571838378906,0.9740238284185744
RC3-6D-5C,GLOSS(6:1:1),61,8,9.8368777366982,93.6959870586312,0.39029502868652344,0.9664248061154177
RC3-6D-5C,GLOSS(6:1:1),61,9,9.8368777366982,93.6959870586312,0.39306092262268066,0.9646616877371349
RC3-6D-5C,GLOSS(6:1:1),61,10,9.8368777366982,93.6959870586312,0.38666486740112305,0.9536393538041682
RC3-6D-5C,GLOSS(6:1:1),61,11,9.8368777366982,93.6959870586312,0.38550877571105957,0.9363572138512521
RC3-6D-5C,GLOSS(6:1:1),61,12,9.8368777366982,93.6959870586312,0.4129319190979004,0.9256443551987876
RC3-6D-5C,GLOSS(6:1:1),61,13,9.8368777366982,93.6959870586312,0.38873291015625,0.9175642590375538
RC3-6D-5C,GLOSS(6:1:1),61,14,9.8368777366982,93.6959870586312,0.4019918441772461,0.9211984507019891
RC3-6D-5C,GLOSS(6:1:1),61,15,9.8368777366982,93.6959870586312,0.40937304496765137,0.9194072394639653
RC3-6D-5C,GLOSS(6:1:1),61,16,9.8368777366982,93.6959870586312,0.4033539295196533,0.914763356386874
RC3-6D-5C,GLOSS(6:1:1),61,17,9.8368777366982,93.6959870586312,0.42504000663757324,0.9090168885999365
RC3-6D-5C,GLOSS(6:1:1),61,18,9.8368777366982,93.6959870586312,0.4291861057281494,0.9035088018517169
RC3-6D-5C,GLOSS(6:1:1),61,19,9.8368777366982,93.6959870586312,0.41927599906921387,0.9036437743110038
RC3-6D-5C,GLOSS(2:3:3),67,-1,0.5435821994860514,0.4373487509238748,0.0,0.0
RC3-6D-5C,GLOSS(2:3:3),67,0,3.8829329794357847,33.94788388056583,0.30899882316589355,0.6413131203920645
RC3-6D-5C,GLOSS(2:3:3),67,1,8.870994361477708,84.00330398657889,0.33035993576049805,0.8283381350054048
RC3-6D-5C,GLOSS(2:3:3),67,2,9.766999359753259,92.99475440602227,0.32842016220092773,0.9796157010344205
RC3-6D-5C,GLOSS(2:3:3),67,3,9.766999359753259,92.99475440602227,0.3597218990325928,1.0291778028542313
RC3-6D-5C,GLOSS(2:3:3),67,4,9.766999359753259,92.99475440602227,0.35419702529907227,1.0465401551049762
RC3-6D-5C,GLOSS(2:3:3),67,5,9.766999359753259,92.99475440602227,0.35590291023254395,1.0357579239505155
RC3-6D-5C,GLOSS(2:3:3),67,6,9.766999359753259,92.99475440602227,0.3650200366973877,1.0158720921612863
RC3-6D-5C,GLOSS(2:3:3),67,7,10.28004444727969,98.14318491289569,0.3805820941925049,1.028294475468824
RC3-6D-5C,GLOSS(2:3:3),67,8,10.305335763812742,98.3969844107635,0.3689439296722412,1.0193943207621152
RC3-6D-5C,GLOSS(2:3:3),67,9,10.305335763812742,98.3969844107635,0.3805208206176758,0.9979274794837886
RC3-6D-5C,GLOSS(2:3:3),67,10,10.305335763812742,98.3969844107635,0.3826751708984375,0.9834534815221554
RC3-6D-5C,GLOSS(2:3:3),67,11,10.305335763812742,98.3969844107635,0.38083410263061523,0.9754158441743997
RC3-6D-5C,GLOSS(2:3:3),67,12,10.361214827566304,98.95773332644147,0.38735318183898926,0.9650120805441652
RC3-6D-5C,GLOSS(2:3:3),67,13,10.361214827566304,98.95773332644147,0.3928191661834717,0.95097397068795
RC3-6D-5C,GLOSS(2:3:3),67,14,10.43462088617385,99.69436642305008,0.41025280952453613,0.9448189381952393
RC3-6D-5C,GLOSS(2:3:3),67,15,10.43462088617385,99.69436642305008,0.4078938961029053,0.9375853737467789
RC3-6D-5C,GLOSS(2:3:3),67,16,10.43462088617385,99.69436642305008,0.4118509292602539,0.9461056187997547
RC3-6D-5C,GLOSS(2:3:3),67,17,10.43462088617385,99.69436642305008,0.41631007194519043,0.9381021243374528
RC3-6D-5C,GLOSS(2:3:3),67,18,10.465077508833502,100.0,0.4171898365020752,0.9350284846067635
RC3-6D-5C,GLOSS(2:3:3),67,19,10.465077508833502,100.0,0.42095303535461426,0.9281539548703053
RC3-6D-5C,GLOSS(4:2:2),67,-1,0.5435821994860514,0.4373487509238748,0.0,0.0
RC3-6D-5C,GLOSS(4:2:2),67,0,9.20103820207164,87.31530875737191,0.30222105979919434,0.596502603047646
RC3-6D-5C,GLOSS(4:2:2),67,1,9.20103820207164,87.31530875737191,0.32388973236083984,0.8904316516124646
RC3-6D-5C,GLOSS(4:2:2),67,2,9.20103820207164,87.31530875737191,0.3376502990722656,0.8927129570842921
RC3-6D-5C,GLOSS(4:2:2),67,3,9.991845075635423,95.25109126828272,0.35170698165893555,0.8988363394338398
RC3-6D-5C,GLOSS(4:2:2),67,4,9.991845075635423,95.25109126828272,0.3462400436401367,0.9456940852736124
RC3-6D-5C,GLOSS(4:2:2),67,5,9.991845075635423,95.25109126828272,0.37401795387268066,0.9352012008713151
RC3-6D-5C,GLOSS(4:2:2),67,6,9.991845075635423,95.25109126828272,0.3854830265045166,0.9503541822434145
RC3-6D-5C,GLOSS(4:2:2),67,7,10.305335763812742,98.3969844107635,0.38515305519104004,0.9463379305754046
RC3-6D-5C,GLOSS(4:2:2),67,8,10.305335763812742,98.3969844107635,0.375560998916626,0.9581516000503225
RC3-6D-5C,GLOSS(4:2:2),67,9,10.305335763812742,98.3969844107635,0.38428378105163574,0.9427681719611289
RC3-6D-5C,GLOSS(4:2:2),67,10,10.361214827566304,98.95773332644147,0.3933558464050293,0.933868203871423
RC3-6D-5C,GLOSS(4:2:2),67,11,10.43462088617385,99.69436642305008,0.3926248550415039,0.923802645781099
RC3-6D-5C,GLOSS(4:2:2),67,12,10.43462088617385,99.69436642305008,0.39193081855773926,0.9182250035020008
RC3-6D-5C,GLOSS(4:2:2),67,13,10.43462088617385,99.69436642305008,0.3974769115447998,0.9221983535718843
RC3-6D-5C,GLOSS(4:2:2),67,14,10.43462088617385,99.69436642305008,0.3980998992919922,0.9184113870750065
RC3-6D-5C,GLOSS(4:2:2),67,15,10.43462088617385,99.69436642305008,0.4016561508178711,0.9196975171161236
RC3-6D-5C,GLOSS(4:2:2),67,16,10.43462088617385,99.69436642305008,0.4230210781097412,0.9186176356866296
RC3-6D-5C,GLOSS(4:2:2),67,17,10.43462088617385,99.69436642305008,0.4148290157318115,0.9210053539501212
RC3-6D-5C,GLOSS(4:2:2),67,18,10.43462088617385,99.69436642305008,0.4236268997192383,0.9227432279618821
RC3-6D-5C,GLOSS(4:2:2),67,19,10.43462088617385,99.69436642305008,0.42707085609436035,0.9232101866844689
RC3-6D-5C,GLOSS(6:1:1),67,-1,0.5435821994860514,0.4373487509238748,0.0,0.0
RC3-6D-5C,GLOSS(6:1:1),67,0,3.8829329794357847,33.94788388056583,0.3085460662841797,0.437823593159795
RC3-6D-5C,GLOSS(6:1:1),67,1,5.693336612340768,52.115365686777004,0.3279588222503662,0.7817630851058914
RC3-6D-5C,GLOSS(6:1:1),67,2,9.223642349745875,87.54214239499427,0.33907103538513184,0.874240360363895
RC3-6D-5C,GLOSS(6:1:1),67,3,9.223642349745875,87.54214239499427,0.35190677642822266,0.9262613344505507
RC3-6D-5C,GLOSS(6:1:1),67,4,9.223642349745875,87.54214239499427,0.3502769470214844,0.9345964582397971
RC3-6D-5C,GLOSS(6:1:1),67,5,9.223642349745875,87.54214239499427,0.35813403129577637,0.9166882072364456
RC3-6D-5C,GLOSS(6:1:1),67,6,10.295507299354787,98.29835532828845,0.37514305114746094,0.8956453827339371
RC3-6D-5C,GLOSS(6:1:1),67,7,10.295507299354787,98.29835532828845,0.3826479911804199,0.8555879083053833
RC3-6D-5C,GLOSS(6:1:1),67,8,10.36080875715106,98.95365839157785,0.38968586921691895,0.8582106132870831
RC3-6D-5C,GLOSS(6:1:1),67,9,10.409090317545218,99.4381660196524,0.39463186264038086,0.8460035937646019
RC3-6D-5C,GLOSS(6:1:1),67,10,10.409090317545218,99.4381660196524,0.389585018157959,0.8520610677310724
RC3-6D-5C,GLOSS(6:1:1),67,11,10.409090317545218,99.4381660196524,0.3909780979156494,0.8510459434123129
RC3-6D-5C,GLOSS(6:1:1),67,12,10.465077508833502,100.0,0.3931088447570801,0.8529505467612457
RC3-6D-5C,GLOSS(6:1:1),67,13,10.465077508833502,100.0,0.39859676361083984,0.8546079551265066
RC3-6D-5C,GLOSS(6:1:1),67,14,10.465077508833502,100.0,0.40389299392700195,0.846475541985374
RC3-6D-5C,GLOSS(6:1:1),67,15,10.465077508833502,100.0,0.4114220142364502,0.8357026329790559
RC3-6D-5C,GLOSS(6:1:1),67,16,10.465077508833502,100.0,0.41689395904541016,0.8343590040431383
RC3-6D-5C,GLOSS(6:1:1),67,17,10.465077508833502,100.0,0.41429591178894043,0.8318209833694602
RC3-6D-5C,GLOSS(6:1:1),67,18,10.465077508833502,100.0,0.4166436195373535,0.8290614541284147
RC3-6D-5C,GLOSS(6:1:1),67,19,10.465077508833502,100.0,0.43236494064331055,0.8341836402150007
RC4-8D-7C,GLOSS(2:3:3),47,-1,0.5018389672428479,0.018473381588934197,0.0,0.0
RC4-8D-7C,GLOSS(2:3:3),47,0,1.048054371012049,5.505491244937792,0.43830275535583496,0.9034925004380691
RC4-8D-7C,GLOSS(2:3:3),47,1,6.467156070234905,59.94318674336817,0.49004697799682617,0.9341773431574029
RC4-8D-7C,GLOSS(2:3:3),47,2,6.467156070234905,59.94318674336817,0.5033540725708008,1.0173924822835159
RC4-8D-7C,GLOSS(2:3:3),47,3,6.467156070234905,59.94318674336817,0.5221731662750244,1.0204882772086317
RC4-8D-7C,GLOSS(2:3:3),47,4,6.470159894570574,59.97336172136117,0.5420730113983154,1.009384640807634
RC4-8D-7C,GLOSS(2:3:3),47,5,6.470159894570574,59.97336172136117,0.554724931716919,0.9897461617879364
RC4-8D-7C,GLOSS(2:3:3),47,6,6.470159894570574,59.97336172136117,0.5598490238189697,1.0595393335350067
RC4-8D-7C,GLOSS(2:3:3),47,7,9.689394162231538,92.31224453401849,0.5586941242218018,1.0609187396057798
RC4-8D-7C,GLOSS(2:3:3),47,8,9.689394162231538,92.31224453401849,0.5762670040130615,1.0693240009282723
RC4-8D-7C,GLOSS(2:3:3),47,9,9.689394162231538,92.31224453401849,0.5816860198974609,1.09814465095999
RC4-8D-7C,GLOSS(2:3:3),47,10,9.689394162231538,92.31224453401849,0.6082780361175537,1.1131864026616647
RC4-8D-7C,GLOSS(2:3:3),47,11,9.689394162231538,92.31224453401849,0.5991458892822266,1.1258603551903936
RC4-8D-7C,GLOSS(2:3:3),47,12,9.689394162231538,92.31224453401849,0.5907618999481201,1.1341479053898569
RC4-8D-7C,GLOSS(2:3:3),47,13,9.689394162231538,92.31224453401849,0.6007809638977051,1.13506401097564
RC4-8D-7C,GLOSS(2:3:3),47,14,9.689394162231538,92.31224453401849,0.606564998626709,1.1243748146092591
RC4-8D-7C,GLOSS(2:3:3),47,15,9.689394162231538,92.31224453401849,0.6188070774078369,1.1204748098839847
RC4-8D-7C,GLOSS(2:3:3),47,16,9.689394162231538,92.31224453401849,0.6179990768432617,1.1137060768949951
RC4-8D-7C,GLOSS(2:3:3),47,17,9.689394162231538,92.31224453401849,0.6327927112579346,1.1104588575172625
RC4-8D-7C,GLOSS(2:3:3),47,18,9.712120776618793,92.54054519755856,0.6286900043487549,1.113229998212668
RC4-8D-7C,GLOSS(2:3:3),47,19,9.712120776618793,92.54054519755856,0.6498422622680664,1.1116326315676046
RC4-8D-7C,GLOSS(4:2:2),47,-1,0.5018389672428479,0.018473381588934197,0.0,0.0
RC4-8D-7C,GLOSS(4:2:2),47,0,1.048054371012049,5.505491244937792,0.42907214164733887,0.9102954588607368
RC4-8D-7C,GLOSS(4:2:2),47,1,4.048357526779231,35.645097154171125,0.5018360614776611,0.9602589462635882
RC4-8D-7C,GLOSS(4:2:2),47,2,4.048357526779231,35.645097154171125,0.5254290103912354,1.0471870305364055
RC4-8D-7C,GLOSS(4:2:2),47,3,9.712120776618793,92.54054519755856,0.5602459907531738,1.0533785494874714
RC4-8D-7C,GLOSS(4:2:2),47,4,9.712120776618793,92.54054519755856,0.5409610271453857,1.1413288207043493
RC4-8D-7C,GLOSS(4:2:2),47,5,9.712120776618793,92.54054519755856,0.5568361282348633,1.165586295737747
RC4-8D-7C,GLOSS(4:2:2),47,6,9.712120776618793,92.54054519755856,0.5573329925537109,1.1383753039343254
RC4-8D-7C,GLOSS(4:2:2),47,7,9.712120776618793,92.54054519755856,0.5683200359344482,1.121048631749683
RC4-8D-7C,GLOSS(4:2:2),47,8,9.712120776618793,92.54054519755856,0.572324275970459,1.1085898575180066
RC4-8D-7C,GLOSS(4:2:2),47,9,9.712120776618793,92.54054519755856,0.6134960651397705,1.0926890923000727
RC4-8D-7C,GLOSS(4:2:2),47,10,9.712120776618793,92.54054519755856,0.6085870265960693,1.08629378931808
RC4-8D-7C,GLOSS(4:2:2),47,11,9.825047691675747,93.6749548020746,0.6122198104858398,1.079937767925643
RC4-8D-7C,GLOSS(4:2:2),47,12,9.825047691675747,93.6749548020746,0.6175620555877686,1.0803080645823124
RC4-8D-7C,GLOSS(4:2:2),47,13,9.825047691675747,93.6749548020746,0.6255180835723877,1.0836182084929489
RC4-8D-7C,GLOSS(4:2:2),47,14,9.825047691675747,93.6749548020746,0.6204900741577148,1.0647906551590742
RC4-8D-7C,GLOSS(4:2:2),47,15,9.825047691675747,93.6749548020746,0.6284091472625732,1.0544735626342772
RC4-8D-7C,GLOSS(4:2:2),47,16,10.019034396396526,95.62365215976546,0.6453261375427246,1.0490418182340744
RC4-8D-7C,GLOSS(4:2:2),47,17,10.019034396396526,95.62365215976546,0.6443638801574707,1.0398395388772679
RC4-8D-7C,GLOSS(4:2:2),47,18,10.019034396396526,95.62365215976546,0.6487851142883301,1.0327185362641635
RC4-8D-7C,GLOSS(4:2:2),47,19,10.019034396396526,95.62365215976546,0.635908842086792,1.0302472790507748
RC4-8D-7C,GLOSS(6:1:1),47,-1,0.5018389672428479,0.018473381588934197,0.0,0.0
RC4-8D-7C,GLOSS(6:1:1),47,0,0.9895059444405517,4.917341844075201,0.4306449890136719,0.970107832576855
RC4-8D-7C,GLOSS(6:1:1),47,1,2.598542718220794,21.080953231805218,0.4792900085449219,1.0669140618189163
RC4-8D-7C,GLOSS(6:1:1),47,2,3.399582750182259,29.12781704102746,0.5108230113983154,1.2527340864003371
RC4-8D-7C,GLOSS(6:1:1),47,3,6.532986060226145,60.60448323653451,0.5271568298339844,1.2133003188559286
RC4-8D-7C,GLOSS(6:1:1),47,4,6.532986060226145,60.60448323653451,0.5273728370666504,1.23762502531263
RC4-8D-7C,GLOSS(6:1:1),47,5,6.532986060226145,60.60448323653451,0.5499918460845947,1.215090224857965
RC4-8D-7C,GLOSS(6:1:1),47,6,6.532986060226145,60.60448323653451,0.5527060031890869,1.1958347108978267
RC4-8D-7C,GLOSS(6:1:1),47,7,9.814438800509103,93.56838297173073,0.5560951232910156,1.1628211008658371
RC4-8D-7C,GLOSS(6:1:1),47,8,9.814438800509103,93.56838297173073,0.5607039928436279,1.1527826488624717
RC4-8D-7C,GLOSS(6:1:1),47,9,9.814438800509103,93.56838297173073,0.580085039138794,1.133178515102336
RC4-8D-7C,GLOSS(6:1:1),47,10,9.814438800509103,93.56838297173073,0.5702080726623535,1.1327931240268279
RC4-8D-7C,GLOSS(6:1:1),47,11,9.814438800509103,93.56838297173073,0.5850729942321777,1.1175736875576159
RC4-8D-7C,GLOSS(6:1:1),47,12,9.814438800509103,93.56838297173073,0.5905840396881104,1.0949885147146006
RC4-8D-7C,GLOSS(6:1:1),47,13,9.814438800509103,93.56838297173073,0.6098849773406982,1.0832587254554777
RC4-8D-7C,GLOSS(6:1:1),47,14,9.814438800509103,93.56838297173073,0.6090130805969238,1.0713680899959659
RC4-8D-7C,GLOSS(6:1:1),47,15,9.932452721662504,94.75389419866448,0.619966983795166,1.0535472625937319
RC4-8D-7C,GLOSS(6:1:1),47,16,9.932452721662504,94.75389419866448,0.6227848529815674,1.0387442034106698
RC4-8D-7C,GLOSS(6:1:1),47,17,9.932452721662504,94.75389419866448,0.6349508762359619,1.029638882162313
RC4-8D-7C,GLOSS(6:1:1),47,18,9.932452721662504,94.75389419866448,0.6344301700592041,1.023025934969258
RC4-8D-7C,GLOSS(6:1:1),47,19,9.932452721662504,94.75389419866448,0.6438899040222168,1.018806300862434
RC4-8D-7C,GLOSS(2:3:3),53,-1,0.5018913530905003,0.018999624678879053,0.0,0.0
RC4-8D-7C,GLOSS(2:3:3),53,0,1.9628473755067959,14.69506283572763,0.4550349712371826,0.9203518387429037
RC4-8D-7C,GLOSS(2:3:3),53,1,3.3050895384168797,28.178583574991915,0.4870419502258301,1.0737383536723897
RC4-8D-7C,GLOSS(2:3:3),53,2,3.904101360464497,34.19596892379697,0.5206220149993896,1.0937470928193622
RC4-8D-7C,GLOSS(2:3:3),53,3,3.904101360464497,34.19596892379697,0.5396428108215332,1.1532723327677434
RC4-8D-7C,GLOSS(2:3:3),53,4,5.88684938833366,54.11370425744715,0.5384018421173096,1.1721275569655307
RC4-8D-7C,GLOSS(2:3:3),53,5,5.88684938833366,54.11370425744715,0.5477588176727295,1.23363693341118
RC4-8D-7C,GLOSS(2:3:3),53,6,6.469721556653667,59.9689583889695,0.5523242950439453,1.2307505727296981
RC4-8D-7C,GLOSS(2:3:3),53,7,6.469721556653667,59.9689583889695,0.5594730377197266,1.2372004390791906
RC4-8D-7C,GLOSS(2:3:3),53,8,6.469721556653667,59.9689583889695,0.5704562664031982,1.2351509560749176
RC4-8D-7C,GLOSS(2:3:3),53,9,7.525414380705351,70.57394196103371,0.5728600025177002,1.2416665298642418
RC4-8D-7C,GLOSS(2:3:3),53,10,7.525414380705351,70.57394196103371,0.6020398139953613,1.2387902058730265
RC4-8D-7C,GLOSS(2:3:3),53,11,7.525414380705351,70.57394196103371,0.5888040065765381,1.2342147185568568
RC4-8D-7C,GLOSS(2:3:3),53,12,7.525414380705351,70.57394196103371,0.6028077602386475,1.2254850073672086
RC4-8D-7C,GLOSS(2:3:3),53,13,9.11834655834763,86.57577430320542,0.6025879383087158,1.218243714475646
RC4-8D-7C,GLOSS(2:3:3),53,14,9.11834655834763,86.57577430320542,0.5982418060302734,1.2099135834454458
RC4-8D-7C,GLOSS(2:3:3),53,15,9.11834655834763,86.57577430320542,0.6173090934753418,1.19865370491627
RC4-8D-7C,GLOSS(2:3:3),53,16,9.825047691675747,93.6749548020746,0.6164388656616211,1.1828356175623007
RC4-8D-7C,GLOSS(2:3:3),53,17,9.825047691675747,93.6749548020746,0.6313748359680176,1.174921445402242
RC4-8D-7C,GLOSS(2:3:3),53,18,9.825047691675747,93.6749548020746,0.6370139122009277,1.1687389320389596
RC4-8D-7C,GLOSS(2:3:3),53,19,9.825047691675747,93.6749548020746,0.6336493492126465,1.165450344775831
RC4-8D-7C,GLOSS(4:2:2),53,-1,0.5018913530905003,0.018999624678879053,0.0,0.0
RC4-8D-7C,GLOSS(4:2:2),53,0,1.9628473755067959,14.69506283572763,0.4564700126647949,0.9708703414464551
RC4-8D-7C,GLOSS(4:2:2),53,1,3.3050895384168797,28.178583574991915,0.4956653118133545,1.0686007478856618
RC4-8D-7C,GLOSS(4:2:2),53,2,3.3050895384168797,28.178583574991915,0.5072269439697266,1.1533539981115157
RC4-8D-7C,GLOSS(4:2:2),53,3,4.239755548530155,37.567789844838465,0.5178861618041992,1.1446811125720893
RC4-8D-7C,GLOSS(4:2:2),53,4,4.239755548530155,37.567789844838465,0.5429720878601074,1.1496742614307267
RC4-8D-7C,GLOSS(4:2:2),53,5,5.652535620025549,51.759900568530234,0.5508489608764648,1.1915679543898214
RC4-8D-7C,GLOSS(4:2:2),53,6,5.652535620025549,51.759900568530234,0.5533711910247803,1.2354972227633487
RC4-8D-7C,GLOSS(4:2:2),53,7,5.652535620025549,51.759900568530234,0.5560157299041748,1.2493000150130578
RC4-8D-7C,GLOSS(4:2:2),53,8,5.652535620025549,51.759900568530234,0.5898020267486572,1.2486817636736536
RC4-8D-7C,GLOSS(4:2:2),53,9,7.349506147408989,68.8068522529318,0.5880589485168457,1.2351607284865
RC4-8D-7C,GLOSS(4:2:2),53,10,7.349506147408989,68.8068522529318,0.5973129272460938,1.217263541119431
RC4-8D-7C,GLOSS(4:2:2),53,11,7.349506147408989,68.8068522529318,0.5963201522827148,1.2048346189518393
RC4-8D-7C,GLOSS(4:2:2),53,12,7.349506147408989,68.8068522529318,0.6177699565887451,1.1967541853213055
RC4-8D-7C,GLOSS(4:2:2),53,13,7.349506147408989,68.8068522529318,0.6132168769836426,1.1996373706317867
RC4-8D-7C,GLOSS(4:2:2),53,14,7.349506147408989,68.8068522529318,0.6166620254516602,1.1954302811150335
RC4-8D-7C,GLOSS(4:2:2),53,15,7.349506147408989,68.8068522529318,0.628180980682373,1.1880459643780248
RC4-8D-7C,GLOSS(4:2:2),53,16,7.349506147408989,68.8068522529318,0.631101131439209,1.1796310249371964
RC4-8D-7C,GLOSS(4:2:2),53,17,8.434543700578201,79.70661889363873,0.6524310111999512,1.1648848572209096
RC4-8D-7C,GLOSS(4:2:2),53,18,8.680784304601387,82.18023385146212,0.685236930847168,1.1513800062145025
RC4-8D-7C,GLOSS(4:2:2),53,19,10.454686085915402,100.0,0.6585779190063477,1.1402164264454608
RC4-8D-7C,GLOSS(6:1:1),53,-1,0.5018913530905003,0.018999624678879053,0.0,0.0
RC4-8D-7C,GLOSS(6:1:1),53,0,1.9628473755067959,14.69506283572763,0.4434061050415039,0.8621535700660438
RC4-8D-7C,GLOSS(6:1:1),53,1,3.3050895384168797,28.178583574991915,0.49745607376098633,1.058574461377691
RC4-8D-7C,GLOSS(6:1:1),53,2,4.199324778154284,37.161641724974935,0.5144896507263184,1.1584508321379687
RC4-8D-7C,GLOSS(6:1:1),53,3,4.199324778154284,37.161641724974935,0.5189130306243896,1.1811765258810183
RC4-8D-7C,GLOSS(6:1:1),53,4,4.199324778154284,37.161641724974935,0.5306169986724854,1.2049277202613953
RC4-8D-7C,GLOSS(6:1:1),53,5,4.199324778154284,37.161641724974935,0.5418262481689453,1.2058413223514277
RC4-8D-7C,GLOSS(6:1:1),53,6,4.199324778154284,37.161641724974935,0.566694974899292,1.1990517516056964
RC4-8D-7C,GLOSS(6:1:1),53,7,6.718495826449146,62.46802533744784,0.5674529075622559,1.1857715205260955
RC4-8D-7C,GLOSS(6:1:1),53,8,8.075381372566486,76.09864647828196,0.5866727828979492,1.1752918986243464
RC4-8D-7C,GLOSS(6:1:1),53,9,8.075381372566486,76.09864647828196,0.5701577663421631,1.180756924542381
RC4-8D-7C,GLOSS(6:1:1),53,10,8.075381372566486,76.09864647828196,0.5791687965393066,1.1620048269224148
RC4-8D-7C,GLOSS(6:1:1),53,11,8.075381372566486,76.09864647828196,0.5811638832092285,1.1427909323430605
RC4-8D-7C,GLOSS(6:1:1),53,12,8.075381372566486,76.09864647828196,0.6018362045288086,1.1247862728167541
RC4-8D-7C,GLOSS(6:1:1),53,13,8.075381372566486,76.09864647828196,0.5956406593322754,1.1098662260823666
RC4-8D-7C,GLOSS(6:1:1),53,14,9.814438800509103,93.56838297173073,0.6023640632629395,1.0961162441390089
RC4-8D-7C,GLOSS(6:1:1),53,15,9.932452721662504,94.75389419866448,0.647381067276001,1.0818368480826106
RC4-8D-7C,GLOSS(6:1:1),53,16,9.932452721662504,94.75389419866448,0.6456639766693115,1.0713024321273246
RC4-8D-7C,GLOSS(6:1:1),53,17,9.932452721662504,94.75389419866448,0.6398870944976807,1.064475962703189
RC4-8D-7C,GLOSS(6:1:1),53,18,9.932452721662504,94.75389419866448,0.6358678340911865,1.062496464250314
RC4-8D-7C,GLOSS(6:1:1),53,19,9.932452721662504,94.75389419866448,0.6451220512390137,1.0539565561785633
RC4-8D-7C,GLOSS(2:3:3),59,-1,0.5019740685653001,0.01983054465050637,0.0,0.0
RC4-8D-7C,GLOSS(2:3:3),59,0,5.262296373555045,47.839744341540666,0.4540259838104248,0.8174565552474581
RC4-8D-7C,GLOSS(2:3:3),59,1,5.262296373555045,47.839744341540666,0.4798157215118408,1.0507609587319142
RC4-8D-7C,GLOSS(2:3:3),59,2,5.262296373555045,47.839744341540666,0.5125000476837158,1.0985732223736326
RC4-8D-7C,GLOSS(2:3:3),59,3,5.262296373555045,47.839744341540666,0.5228977203369141,1.1205754558835104
RC4-8D-7C,GLOSS(2:3:3),59,4,8.23512148833264,77.70331903539764,0.5334439277648926,1.1304301878735399
RC4-8D-7C,GLOSS(2:3:3),59,5,8.23512148833264,77.70331903539764,0.5552830696105957,1.1694658164822198
RC4-8D-7C,GLOSS(2:3:3),59,6,8.23512148833264,77.70331903539764,0.5602998733520508,1.193359224599127
RC4-8D-7C,GLOSS(2:3:3),59,7,8.23512148833264,77.70331903539764,0.5828397274017334,1.2006453750097288
RC4-8D-7C,GLOSS(2:3:3),59,8,9.248024044891373,87.87845211168472,0.5706651210784912,1.2004434513416427
RC4-8D-7C,GLOSS(2:3:3),59,9,9.248024044891373,87.87845211168472,0.5662021636962891,1.2032356638275692
RC4-8D-7C,GLOSS(2:3:3),59,10,9.248024044891373,87.87845211168472,0.5683073997497559,1.1920397561371328
RC4-8D-7C,GLOSS(2:3:3),59,11,9.248024044891373,87.87845211168472,0.5900239944458008,1.1896814083978247
RC4-8D-7C,GLOSS(2:3:3),59,12,9.248024044891373,87.87845211168472,0.5996828079223633,1.1869071934764515
RC4-8D-7C,GLOSS(2:3:3),59,13,9.248024044891373,87.87845211168472,0.5880687236785889,1.1767530294939865
RC4-8D-7C,GLOSS(2:3:3),59,14,9.503515706084661,90.44499875103325,0.6044948101043701,1.1597738399731765
RC4-8D-7C,GLOSS(2:3:3),59,15,9.503515706084661,90.44499875103325,0.6194899082183838,1.1562442890383147
RC4-8D-7C,GLOSS(2:3:3),59,16,9.503515706084661,90.44499875103325,0.6187348365783691,1.1592615104017285
RC4-8D-7C,GLOSS(2:3:3),59,17,9.503515706084661,90.44499875103325,0.6311910152435303,1.154642960636544
RC4-8D-7C,GLOSS(2:3:3),59,18,9.712120776618793,92.54054519755856,0.6317193508148193,1.1468733142254133
RC4-8D-7C,GLOSS(2:3:3),59,19,9.825047691675747,93.6749548020746,0.6358027458190918,1.138593285059955
RC4-8D-7C,GLOSS(4:2:2),59,-1,0.5019740685653001,0.01983054465050637,0.0,0.0
RC4-8D-7C,GLOSS(4:2:2),59,0,5.262296373555045,47.839744341540666,0.4561159610748291,0.8651983464786276
RC4-8D-7C,GLOSS(4:2:2),59,1,5.262296373555045,47.839744341540666,0.4903571605682373,1.0809730745585546
RC4-8D-7C,GLOSS(4:2:2),59,2,8.492773796857854,80.29157050112944,0.5157959461212158,1.1081729698466645
RC4-8D-7C,GLOSS(4:2:2),59,3,8.492773796857854,80.29157050112944,0.5477979183197021,1.1727330278907369
RC4-8D-7C,GLOSS(4:2:2),59,4,8.492773796857854,80.29157050112944,0.5672249794006348,1.1701298835359875
RC4-8D-7C,GLOSS(4:2:2),59,5,8.492773796857854,80.29157050112944,0.5399041175842285,1.1725622986463504
RC4-8D-7C,GLOSS(4:2:2),59,6,8.492773796857854,80.29157050112944,0.5530440807342529,1.1444024851862107
RC4-8D-7C,GLOSS(4:2:2),59,7,8.492773796857854,80.29157050112944,0.563917875289917,1.1336743040602864
RC4-8D-7C,GLOSS(4:2:2),59,8,9.689394162231538,92.31224453401849,0.5731451511383057,1.1129098233568613
RC4-8D-7C,GLOSS(4:2:2),59,9,9.689394162231538,92.31224453401849,0.584857702255249,1.1026419142064154
RC4-8D-7C,GLOSS(4:2:2),59,10,9.689394162231538,92.31224453401849,0.5973477363586426,1.0828654560314421
RC4-8D-7C,GLOSS(4:2:2),59,11,9.689394162231538,92.31224453401849,0.5895137786865234,1.0729117538892694
RC4-8D-7C,GLOSS(4:2:2),59,12,9.689394162231538,92.31224453401849,0.6055400371551514,1.0699991003832712
RC4-8D-7C,GLOSS(4:2:2),59,13,9.689394162231538,92.31224453401849,0.597423791885376,1.0690796631737942
RC4-8D-7C,GLOSS(4:2:2),59,14,9.689394162231538,92.31224453401849,0.605557918548584,1.0671944636065842
RC4-8D-7C,GLOSS(4:2:2),59,15,10.019034396396526,95.62365215976546,0.6018719673156738,1.0555072266072996
RC4-8D-7C,GLOSS(4:2:2),59,16,10.019034396396526,95.62365215976546,0.6087570190429688,1.0475726774308802
RC4-8D-7C,GLOSS(4:2:2),59,17,10.019034396396526,95.62365215976546,0.6378829479217529,1.0389962665777734
RC4-8D-7C,GLOSS(4:2:2),59,18,10.019034396396526,95.62365215976546,0.6574201583862305,1.034996672577834
RC4-8D-7C,GLOSS(4:2:2),59,19,10.019034396396526,95.62365215976546,0.6326017379760742,1.0239360232424086
RC4-8D-7C,GLOSS(6:1:1),59,-1,0.5019740685653001,0.01983054465050637,0.0,0.0
RC4-8D-7C,GLOSS(6:1:1),59,0,5.262296373555045,47.839744341540666,0.45408058166503906,0.7399025270182689
RC4-8D-7C,GLOSS(6:1:1),59,1,5.262296373555045,47.839744341540666,0.5234360694885254,1.006115954635066
RC4-8D-7C,GLOSS(6:1:1),59,2,5.262296373555045,47.839744341540666,0.5078721046447754,1.03339158790799
RC4-8D-7C,GLOSS(6:1:1),59,3,5.984296402949606,55.09261020963747,0.5926799774169922,1.1134794476917071
RC4-8D-7C,GLOSS(6:1:1),59,4,5.984296402949606,55.09261020963747,0.5391731262207031,1.1813604523737808
RC4-8D-7C,GLOSS(6:1:1),59,5,7.6334961855664645,71.65967991328395,0.5524590015411377,1.1353596929247296
RC4-8D-7C,GLOSS(6:1:1),59,6,7.6334961855664645,71.65967991328395,0.5617718696594238,1.1311802320496702
RC4-8D-7C,GLOSS(6:1:1),59,7,7.6334961855664645,71.65967991328395,0.5940020084381104,1.1147610138218398
RC4-8D-7C,GLOSS(6:1:1),59,8,7.6334961855664645,71.65967991328395,0.5875568389892578,1.1010319157096908
RC4-8D-7C,GLOSS(6:1:1),59,9,7.6334961855664645,71.65967991328395,0.5988559722900391,1.1002264071845442
RC4-8D-7C,GLOSS(6:1:1),59,10,7.6334961855664645,71.65967991328395,0.5958278179168701,1.0999066079297182
RC4-8D-7C,GLOSS(6:1:1),59,11,7.6334961855664645,71.65967991328395,0.6031219959259033,1.0747567810635437
RC4-8D-7C,GLOSS(6:1:1),59,12,9.248024044891373,87.87845211168472,0.6126441955566406,1.0657255122180127
RC4-8D-7C,GLOSS(6:1:1),59,13,9.248024044891373,87.87845211168472,0.6173808574676514,1.0494215034606893
RC4-8D-7C,GLOSS(6:1:1),59,14,9.248024044891373,87.87845211168472,0.6147201061248779,1.033141571834861
RC4-8D-7C,GLOSS(6:1:1),59,15,9.248024044891373,87.87845211168472,0.6366472244262695,1.026802505187836
RC4-8D-7C,GLOSS(6:1:1),59,16,9.248024044891373,87.87845211168472,0.6422650814056396,1.0195669579638937
RC4-8D-7C,GLOSS(6:1:1),59,17,9.248024044891373,87.87845211168472,0.6492040157318115,1.0149263407064097
RC4-8D-7C,GLOSS(6:1:1),59,18,9.248024044891373,87.87845211168472,0.6579740047454834,1.0112456717114615
RC4-8D-7C,GLOSS(6:1:1),59,19,9.248024044891373,87.87845211168472,0.6703259944915771,1.008306137870079
RC4-8D-7C,GLOSS(2:3:3),61,-1,0.5016934080615776,0.01701116389552341,0.0,0.0
RC4-8D-7C,GLOSS(2:3:3),61,0,0.7665593994853748,2.677727826785667,0.4590127468109131,1.1353025910189574
RC4-8D-7C,GLOSS(2:3:3),61,1,0.979856822183076,4.82041139168031,0.5089657306671143,1.1220623978500868
RC4-8D-7C,GLOSS(2:3:3),61,2,2.4676000827985147,19.765566344730875,0.49710893630981445,1.1288229662005997
RC4-8D-7C,GLOSS(2:3:3),61,3,2.4676000827985147,19.765566344730875,0.5147688388824463,1.2269313716639472
RC4-8D-7C,GLOSS(2:3:3),61,4,2.6161779393235767,21.25810820134167,0.5278551578521729,1.2290985471915408
RC4-8D-7C,GLOSS(2:3:3),61,5,2.986391435895394,24.977095353525208,0.5413670539855957,1.2180789818624969
RC4-8D-7C,GLOSS(2:3:3),61,6,4.90129912653584,44.213339210258226,0.5423750877380371,1.2273791412237913
RC4-8D-7C,GLOSS(2:3:3),61,7,4.90129912653584,44.213339210258226,0.5609428882598877,1.2307554124416666
RC4-8D-7C,GLOSS(2:3:3),61,8,4.90129912653584,44.213339210258226,0.5790817737579346,1.2370100165159537
RC4-8D-7C,GLOSS(2:3:3),61,9,4.90129912653584,44.213339210258226,0.5864100456237793,1.23426252466111
RC4-8D-7C,GLOSS(2:3:3),61,10,5.277085380327467,47.988307607573624,0.5851199626922607,1.2314246803530002
RC4-8D-7C,GLOSS(2:3:3),61,11,5.277085380327467,47.988307607573624,0.6011378765106201,1.2291133380359278
RC4-8D-7C,GLOSS(2:3:3),61,12,5.509803493295644,50.32608210856662,0.6055271625518799,1.2331621970553168
RC4-8D-7C,GLOSS(2:3:3),61,13,5.509803493295644,50.32608210856662,0.6011021137237549,1.2346537980851557
RC4-8D-7C,GLOSS(2:3:3),61,14,5.606218441221129,51.29462041398673,0.6018738746643066,1.2282687786777207
RC4-8D-7C,GLOSS(2:3:3),61,15,5.606218441221129,51.29462041398673,0.6157381534576416,1.2176432034515985
RC4-8D-7C,GLOSS(2:3:3),61,16,6.380357282871521,59.071247772966764,0.610327959060669,1.2098763862105648
RC4-8D-7C,GLOSS(2:3:3),61,17,6.380357282871521,59.071247772966764,0.6240200996398926,1.1978969657678127
RC4-8D-7C,GLOSS(2:3:3),61,18,6.553063372530284,60.806170282525244,0.6507480144500732,1.1935038139133822
RC4-8D-7C,GLOSS(2:3:3),61,19,6.553063372530284,60.806170282525244,0.6487078666687012,1.1923230527506086
RC4-8D-7C,GLOSS(4:2:2),61,-1,0.5016934080615776,0.01701116389552341,0.0,0.0
RC4-8D-7C,GLOSS(4:2:2),61,0,0.7665593994853748,2.677727826785667,0.4541141986846924,1.1326385072264522
RC4-8D-7C,GLOSS(4:2:2),61,1,0.979856822183076,4.82041139168031,0.47647905349731445,1.1140245868360383
RC4-8D-7C,GLOSS(4:2:2),61,2,7.508614739364533,70.40518082486138,0.4923360347747803,1.1344532734913424
RC4-8D-7C,GLOSS(4:2:2),61,3,7.508614739364533,70.40518082486138,0.5154290199279785,1.132253216955667
RC4-8D-7C,GLOSS(4:2:2),61,4,7.508614739364533,70.40518082486138,0.5209181308746338,1.1337203455178546
RC4-8D-7C,GLOSS(4:2:2),61,5,7.508614739364533,70.40518082486138,0.5606720447540283,1.1247644640763932
RC4-8D-7C,GLOSS(4:2:2),61,6,7.508614739364533,70.40518082486138,0.5554790496826172,1.113110793825997
RC4-8D-7C,GLOSS(4:2:2),61,7,8.024403219267302,75.58654441037443,0.5583717823028564,1.1006005467620164
RC4-8D-7C,GLOSS(4:2:2),61,8,8.024403219267302,75.58654441037443,0.5886998176574707,1.0994632834784293
RC4-8D-7C,GLOSS(4:2:2),61,9,9.594393120586645,91.35790965267829,0.6005439758300781,1.1027269402418023
RC4-8D-7C,GLOSS(4:2:2),61,10,9.594393120586645,91.35790965267829,0.6057610511779785,1.0982450344480283
RC4-8D-7C,GLOSS(4:2:2),61,11,9.594393120586645,91.35790965267829,0.6047229766845703,1.091635755590187
RC4-8D-7C,GLOSS(4:2:2),61,12,9.594393120586645,91.35790965267829,0.6158261299133301,1.0834361423252439
RC4-8D-7C,GLOSS(4:2:2),61,13,9.594393120586645,91.35790965267829,0.621798038482666,1.0739608586870042
RC4-8D-7C,GLOSS(4:2:2),61,14,9.594393120586645,91.35790965267829,0.6111743450164795,1.0625890514924954
RC4-8D-7C,GLOSS(4:2:2),61,15,9.594393120586645,91.35790965267829,0.6423969268798828,1.056359995372648
RC4-8D-7C,GLOSS(4:2:2),61,16,9.594393120586645,91.35790965267829,0.634768009185791,1.048986413521494
RC4-8D-7C,GLOSS(4:2:2),61,17,9.594393120586645,91.35790965267829,0.6415557861328125,1.042728684266041
RC4-8D-7C,GLOSS(4:2:2),61,18,9.594393120586645,91.35790965267829,0.6521070003509521,1.0353049137688257
RC4-8D-7C,GLOSS(4:2:2),61,19,9.594393120586645,91.35790965267829,0.6551821231842041,1.0342802985946136
RC4-8D-7C,GLOSS(6:1:1),61,-1,0.5016934080615776,0.01701116389552341,0.0,0.0
RC4-8D-7C,GLOSS(6:1:1),61,0,0.597024505022333,0.9746616225730519,0.44637084007263184,1.1149111117412287
RC4-8D-7C,GLOSS(6:1:1),61,1,8.354957043230458,78.90712952087874,0.47006940841674805,1.3404266126569548
RC4-8D-7C,GLOSS(6:1:1),61,2,8.354957043230458,78.90712952087874,0.5182750225067139,1.269217300031069
RC4-8D-7C,GLOSS(6:1:1),61,3,8.354957043230458,78.90712952087874,0.5161099433898926,1.2448766704487235
RC4-8D-7C,GLOSS(6:1:1),61,4,8.354957043230458,78.90712952087874,0.5362601280212402,1.2473237835103999
RC4-8D-7C,GLOSS(6:1:1),61,5,8.354957043230458,78.90712952087874,0.5536019802093506,1.262912680561048
RC4-8D-7C,GLOSS(6:1:1),61,6,8.354957043230458,78.90712952087874,0.5441849231719971,1.2657968639217425
RC4-8D-7C,GLOSS(6:1:1),61,7,8.354957043230458,78.90712952087874,0.5812461376190186,1.2701357739730619
RC4-8D-7C,GLOSS(6:1:1),61,8,8.354957043230458,78.90712952087874,0.5885539054870605,1.266408008543068
RC4-8D-7C,GLOSS(6:1:1),61,9,8.354957043230458,78.90712952087874,0.5785789489746094,1.2533686378316475
RC4-8D-7C,GLOSS(6:1:1),61,10,8.354957043230458,78.90712952087874,0.5797100067138672,1.2586149457789602
RC4-8D-7C,GLOSS(6:1:1),61,11,8.354957043230458,78.90712952087874,0.6072731018066406,1.276233365020248
RC4-8D-7C,GLOSS(6:1:1),61,12,8.354957043230458,78.90712952087874,0.596019983291626,1.2865236540148324
RC4-8D-7C,GLOSS(6:1:1),61,13,8.354957043230458,78.90712952087874,0.6131529808044434,1.2814606323461248
RC4-8D-7C,GLOSS(6:1:1),61,14,8.354957043230458,78.90712952087874,0.623089075088501,1.2816348113033142
RC4-8D-7C,GLOSS(6:1:1),61,15,8.354957043230458,78.90712952087874,0.6305310726165771,1.2748630325373551
RC4-8D-7C,GLOSS(6:1:1),61,16,8.354957043230458,78.90712952087874,0.6381430625915527,1.2695312689836677
RC4-8D-7C,GLOSS(6:1:1),61,17,8.354957043230458,78.90712952087874,0.6336829662322998,1.2621481820712488
RC4-8D-7C,GLOSS(6:1:1),61,18,8.354957043230458,78.90712952087874,0.6422181129455566,1.2556823175399217
RC4-8D-7C,GLOSS(6:1:1),61,19,8.354957043230458,78.90712952087874,0.6601550579071045,1.2454111857573402
RC4-8D-7C,GLOSS(2:3:3),67,-1,0.5009290934336657,0.009333225873944527,0.0,0.0
RC4-8D-7C,GLOSS(2:3:3),67,0,1.0717777551167629,5.743804978793336,0.4489920139312744,0.9401483712716329
RC4-8D-7C,GLOSS(2:3:3),67,1,4.808955084070181,43.285695267801756,0.4812610149383545,1.1022527284621342
RC4-8D-7C,GLOSS(2:3:3),67,2,4.808955084070181,43.285695267801756,0.5192599296569824,1.1606419110965207
RC4-8D-7C,GLOSS(2:3:3),67,3,4.808955084070181,43.285695267801756,0.5316259860992432,1.1647107465633815
RC4-8D-7C,GLOSS(2:3:3),67,4,6.05734677762897,55.826439222924265,0.544471025466919,1.1549878204146864
RC4-8D-7C,GLOSS(2:3:3),67,5,6.163650565280982,56.894316067413065,0.5347781181335449,1.2145248771156063
RC4-8D-7C,GLOSS(2:3:3),67,6,9.35151409841971,88.91806353324186,0.5501339435577393,1.23253450114078
RC4-8D-7C,GLOSS(2:3:3),67,7,9.35151409841971,88.91806353324186,0.5569579601287842,1.2285839273494146
RC4-8D-7C,GLOSS(2:3:3),67,8,9.35151409841971,88.91806353324186,0.5670621395111084,1.2306039455874436
RC4-8D-7C,GLOSS(2:3:3),67,9,9.35151409841971,88.91806353324186,0.5637979507446289,1.2253893332796795
RC4-8D-7C,GLOSS(2:3:3),67,10,9.35151409841971,88.91806353324186,0.5866038799285889,1.2359956552150966
RC4-8D-7C,GLOSS(2:3:3),67,11,9.53962398616965,90.80772520743479,0.5849919319152832,1.2374263401340098
RC4-8D-7C,GLOSS(2:3:3),67,12,9.53962398616965,90.80772520743479,0.5965621471405029,1.2571285691941887
RC4-8D-7C,GLOSS(2:3:3),67,13,9.53962398616965,90.80772520743479,0.5838336944580078,1.2461658519070897
RC4-8D-7C,GLOSS(2:3:3),67,14,10.019034396396526,95.62365215976546,0.628849983215332,1.2284019566516189
RC4-8D-7C,GLOSS(2:3:3),67,15,10.019034396396526,95.62365215976546,0.6046409606933594,1.220746230969959
RC4-8D-7C,GLOSS(2:3:3),67,16,10.019034396396526,95.62365215976546,0.6228511333465576,1.2140753697576292
RC4-8D-7C,GLOSS(2:3:3),67,17,10.019034396396526,95.62365215976546,0.6258740425109863,1.2045533936538397
RC4-8D-7C,GLOSS(2:3:3),67,18,10.019034396396526,95.62365215976546,0.626288890838623,1.1924974869778802
RC4-8D-7C,GLOSS(2:3:3),67,19,10.019034396396526,95.62365215976546,0.6298861503601074,1.179094802397918
RC4-8D-7C,GLOSS(4:2:2),67,-1,0.5009290934336657,0.009333225873944527,0.0,0.0
RC4-8D-7C,GLOSS(4:2:2),67,0,3.967043932557395,34.82825980218601,0.45642995834350586,0.9228223134269669
RC4-8D-7C,GLOSS(4:2:2),67,1,3.967043932557395,34.82825980218601,0.4759047031402588,1.0258306517556401
RC4-8D-7C,GLOSS(4:2:2),67,2,6.4636925583456515,59.90839396477732,0.5108578205108643,1.0812356842236597
RC4-8D-7C,GLOSS(4:2:2),67,3,6.4636925583456515,59.90839396477732,0.5358719825744629,1.2062122872554186
RC4-8D-7C,GLOSS(4:2:2),67,4,6.4636925583456515,59.90839396477732,0.5419301986694336,1.218338616667955
RC4-8D-7C,GLOSS(4:2:2),67,5,6.4636925583456515,59.90839396477732,0.5296614170074463,1.234574546754713
RC4-8D-7C,GLOSS(4:2:2),67,6,8.10722804566475,76.41856287568227,0.5491869449615479,1.2314497200587518
RC4-8D-7C,GLOSS(4:2:2),67,7,8.10722804566475,76.41856287568227,0.548983097076416,1.2309038501692786
RC4-8D-7C,GLOSS(4:2:2),67,8,8.750038815524505,82.87593143877,0.5569360256195068,1.1947814323604173
RC4-8D-7C,GLOSS(4:2:2),67,9,9.11834655834763,86.57577430320542,0.5707268714904785,1.1744947836428934
RC4-8D-7C,GLOSS(4:2:2),67,10,9.11834655834763,86.57577430320542,0.5812008380889893,1.1585783090390136
RC4-8D-7C,GLOSS(4:2:2),67,11,9.11834655834763,86.57577430320542,0.5746049880981445,1.1362663259825374
RC4-8D-7C,GLOSS(4:2:2),67,12,9.11834655834763,86.57577430320542,0.5935640335083008,1.1244910051419188
RC4-8D-7C,GLOSS(4:2:2),67,13,9.11834655834763,86.57577430320542,0.6020019054412842,1.11727329330694
RC4-8D-7C,GLOSS(4:2:2),67,14,9.11834655834763,86.57577430320542,0.6109170913696289,1.1081731732453073
RC4-8D-7C,GLOSS(4:2:2),67,15,10.454686085915402,100.0,0.6245307922363281,1.0952742528904997
RC4-8D-7C,GLOSS(4:2:2),67,16,10.454686085915402,100.0,0.6371450424194336,1.0828149913103606
RC4-8D-7C,GLOSS(4:2:2),67,17,10.454686085915402,100.0,0.6570289134979248,1.0785395643562845
RC4-8D-7C,GLOSS(4:2:2),67,18,10.454686085915402,100.0,0.6399989128112793,1.0716977359599273
RC4-8D-7C,GLOSS(4:2:2),67,19,10.454686085915402,100.0,0.6413559913635254,1.0618732661345311
RC4-8D-7C,GLOSS(6:1:1),67,-1,0.5009290934336657,0.009333225873944527,0.0,0.0
RC4-8D-7C,GLOSS(6:1:1),67,0,3.967043932557395,34.82825980218601,0.4494669437408447,0.8271102767288155
RC4-8D-7C,GLOSS(6:1:1),67,1,3.967043932557395,34.82825980218601,0.4842240810394287,0.9179301062477514
RC4-8D-7C,GLOSS(6:1:1),67,2,3.967043932557395,34.82825980218601,0.5035610198974609,1.0859776536906363
RC4-8D-7C,GLOSS(6:1:1),67,3,3.967043932557395,34.82825980218601,0.5265400409698486,1.130197187191298
RC4-8D-7C,GLOSS(6:1:1),67,4,6.084427367195721,56.098477832010374,0.5344040393829346,1.1350298783877506
RC4-8D-7C,GLOSS(6:1:1),67,5,6.084427367195721,56.098477832010374,0.558847188949585,1.1664554452323672
RC4-8D-7C,GLOSS(6:1:1),67,6,6.384011409283495,59.10795537359296,0.5631098747253418,1.1669850329798312
RC4-8D-7C,GLOSS(6:1:1),67,7,6.5927348574515765,61.20469098502942,0.5731308460235596,1.2196210977329365
RC4-8D-7C,GLOSS(6:1:1),67,8,6.5927348574515765,61.20469098502942,0.5822689533233643,1.2533779635691773
RC4-8D-7C,GLOSS(6:1:1),67,9,6.5927348574515765,61.20469098502942,0.5912370681762695,1.254723420531595
RC4-8D-7C,GLOSS(6:1:1),67,10,6.5927348574515765,61.20469098502942,0.5921289920806885,1.2611981973336284
RC4-8D-7C,GLOSS(6:1:1),67,11,6.5927348574515765,61.20469098502942,0.5913200378417969,1.250547952251607
RC4-8D-7C,GLOSS(6:1:1),67,12,6.778603955379925,63.071842759841545,0.6046347618103027,1.2344911335065654
RC4-8D-7C,GLOSS(6:1:1),67,13,7.1960308307233065,67.2651128614274,0.6155388355255127,1.2176452654041188
RC4-8D-7C,GLOSS(6:1:1),67,14,7.1960308307233065,67.2651128614274,0.6230757236480713,1.2107809398868785
RC4-8D-7C,GLOSS(6:1:1),67,15,7.1960308307233065,67.2651128614274,0.6155838966369629,1.1971493761058298
RC4-8D-7C,GLOSS(6:1:1),67,16,8.024403219267302,75.58654441037443,0.6206221580505371,1.2026667661004378
RC4-8D-7C,GLOSS(6:1:1),67,17,8.024403219267302,75.58654441037443,0.6223809719085693,1.207995724972644
RC4-8D-7C,GLOSS(6:1:1),67,18,8.024403219267302,75.58654441037443,0.635962963104248,1.1971228109205163
RC4-8D-7C,GLOSS(6:1:1),67,19,8.024403219267302,75.58654441037443,0.6498141288757324,1.1877482086362008
RC5-10D-7C,GLOSS(2:3:3),47,-1,0.5642683166936513,0.6666845002530495,0.0,0.0
RC5-10D-7C,GLOSS(2:3:3),47,0,4.791866574375926,44.53587712424173,0.7761170864105225,0.925195918896797
RC5-10D-7C,GLOSS(2:3:3),47,1,4.791866574375926,44.53587712424173,0.8246409893035889,1.0510593950110918
RC5-10D-7C,GLOSS(2:3:3),47,2,4.982599007929981,46.515080765935956,0.852421760559082,1.0690899736493136
RC5-10D-7C,GLOSS(2:3:3),47,3,5.581101284898587,52.725654731075686,0.897597074508667,1.0996339155943728
RC5-10D-7C,GLOSS(2:3:3),47,4,6.51990761374722,62.4675159881241,0.9094448089599609,1.1531600576974288
RC5-10D-7C,GLOSS(2:3:3),47,5,7.922023177789474,77.01707202701414,0.9331700801849365,1.1761477685832016
RC5-10D-7C,GLOSS(2:3:3),47,6,8.988952526817112,88.0884478474642,0.9473977088928223,1.206146728884208
RC5-10D-7C,GLOSS(2:3:3),47,7,8.988952526817112,88.0884478474642,0.983496904373169,1.217100985560155
RC5-10D-7C,GLOSS(2:3:3),47,8,8.988952526817112,88.0884478474642,1.0520899295806885,1.2254141467648612
RC5-10D-7C,GLOSS(2:3:3),47,9,8.988952526817112,88.0884478474642,1.0201921463012695,1.2140227330538316
RC5-10D-7C,GLOSS(2:3:3),47,10,9.844712132866546,96.96854494027379,1.004931926727295,1.2166622432770404
RC5-10D-7C,GLOSS(2:3:3),47,11,9.844712132866546,96.96854494027379,1.0411629676818848,1.2240776372234836
RC5-10D-7C,GLOSS(2:3:3),47,12,9.844712132866546,96.96854494027379,1.0303642749786377,1.2353217454750787
RC5-10D-7C,GLOSS(2:3:3),47,13,9.844712132866546,96.96854494027379,1.0328760147094727,1.2281195944468748
RC5-10D-7C,GLOSS(2:3:3),47,14,9.844712132866546,96.96854494027379,1.0443708896636963,1.2193590848894689
RC5-10D-7C,GLOSS(2:3:3),47,15,9.844712132866546,96.96854494027379,1.0761737823486328,1.2066380272350345
RC5-10D-7C,GLOSS(2:3:3),47,16,9.844712132866546,96.96854494027379,1.0830810070037842,1.1969479975993096
RC5-10D-7C,GLOSS(2:3:3),47,17,9.844712132866546,96.96854494027379,1.0911669731140137,1.1993569538519726
RC5-10D-7C,GLOSS(2:3:3),47,18,9.844712132866546,96.96854494027379,1.1078779697418213,1.1946558354666907
RC5-10D-7C,GLOSS(2:3:3),47,19,9.844712132866546,96.96854494027379,1.103409767150879,1.1903689553948178
RC5-10D-7C,GLOSS(4:2:2),47,-1,0.5642683166936513,0.6666845002530495,0.0,0.0
RC5-10D-7C,GLOSS(4:2:2),47,0,4.791866574375926,44.53587712424173,0.7787139415740967,0.8529668029524256
RC5-10D-7C,GLOSS(4:2:2),47,1,4.791866574375926,44.53587712424173,0.8301558494567871,0.9860486315161254
RC5-10D-7C,GLOSS(4:2:2),47,2,6.653501427947247,63.853800211764444,0.8874819278717041,0.9682970119455854
RC5-10D-7C,GLOSS(4:2:2),47,3,6.653501427947247,63.853800211764444,0.8943929672241211,1.0167895832572558
RC5-10D-7C,GLOSS(4:2:2),47,4,7.922023177789474,77.01707202701414,0.905297040939331,1.0781596824418582
RC5-10D-7C,GLOSS(4:2:2),47,5,7.922023177789474,77.01707202701414,0.9196670055389404,1.1964330420080627
RC5-10D-7C,GLOSS(4:2:2),47,6,7.922023177789474,77.01707202701414,0.9494411945343018,1.2351178263020277
RC5-10D-7C,GLOSS(4:2:2),47,7,7.922023177789474,77.01707202701414,0.9644479751586914,1.2291321409622127
RC5-10D-7C,GLOSS(4:2:2),47,8,7.922023177789474,77.01707202701414,0.9635930061340332,1.2340466266836572
RC5-10D-7C,GLOSS(4:2:2),47,9,7.922023177789474,77.01707202701414,0.9708511829376221,1.2172182804172176
RC5-10D-7C,GLOSS(4:2:2),47,10,8.054920767221724,78.39613162414422,0.9940280914306641,1.2044883694464008
RC5-10D-7C,GLOSS(4:2:2),47,11,8.821528006767858,86.3511071465892,0.9970171451568604,1.1951223952005068
RC5-10D-7C,GLOSS(4:2:2),47,12,8.938974877873134,87.5698368123609,1.0161049365997314,1.1789393406561022
RC5-10D-7C,GLOSS(4:2:2),47,13,9.844712132866546,96.96854494027379,1.011033058166504,1.172348189726576
RC5-10D-7C,GLOSS(4:2:2),47,14,9.844712132866546,96.96854494027379,1.0450849533081055,1.1624034437251975
RC5-10D-7C,GLOSS(4:2:2),47,15,9.844712132866546,96.96854494027379,1.0292389392852783,1.1584377025130042
RC5-10D-7C,GLOSS(4:2:2),47,16,9.844712132866546,96.96854494027379,1.0581820011138916,1.1443044642940108
RC5-10D-7C,GLOSS(4:2:2),47,17,9.844712132866546,96.96854494027379,1.0828149318695068,1.1449868214780645
RC5-10D-7C,GLOSS(4:2:2),47,18,9.844712132866546,96.96854494027379,1.0727081298828125,1.1354547862972906
RC5-10D-7C,GLOSS(4:2:2),47,19,9.844712132866546,96.96854494027379,1.0793437957763672,1.1317559143243237
RC5-10D-7C,GLOSS(6:1:1),47,-1,0.5642683166936513,0.6666845002530495,0.0,0.0
RC5-10D-7C,GLOSS(6:1:1),47,0,4.658650833291011,43.153516112151266,0.781775951385498,0.8857793749958301
RC5-10D-7C,GLOSS(6:1:1),47,1,4.658650833291011,43.153516112151266,0.8355667591094971,1.1561784850944958
RC5-10D-7C,GLOSS(6:1:1),47,2,4.658650833291011,43.153516112151266,0.8913018703460693,1.1629081580886467
RC5-10D-7C,GLOSS(6:1:1),47,3,4.658650833291011,43.153516112151266,0.9065039157867432,1.177365593342924
RC5-10D-7C,GLOSS(6:1:1),47,4,8.488278769401088,82.89302667281802,0.9105589389801025,1.17319464527909
RC5-10D-7C,GLOSS(6:1:1),47,5,8.488278769401088,82.89302667281802,0.9161102771759033,1.2243011771347592
RC5-10D-7C,GLOSS(6:1:1),47,6,8.488278769401088,82.89302667281802,0.9343831539154053,1.2446619774027896
RC5-10D-7C,GLOSS(6:1:1),47,7,8.488278769401088,82.89302667281802,0.9921047687530518,1.2297460699466856
RC5-10D-7C,GLOSS(6:1:1),47,8,8.559300169173035,83.63000575103558,0.9633185863494873,1.2193906754547492
RC5-10D-7C,GLOSS(6:1:1),47,9,8.559300169173035,83.63000575103558,0.9880719184875488,1.233054659621555
RC5-10D-7C,GLOSS(6:1:1),47,10,8.559300169173035,83.63000575103558,0.9967319965362549,1.2188805735005157
RC5-10D-7C,GLOSS(6:1:1),47,11,8.559300169173035,83.63000575103558,1.0075318813323975,1.2107615799370082
RC5-10D-7C,GLOSS(6:1:1),47,12,8.605478984024487,84.10919681896274,1.005007028579712,1.2028443576895413
RC5-10D-7C,GLOSS(6:1:1),47,13,8.631661667231926,84.38089084072861,1.0125319957733154,1.1892794215704823
RC5-10D-7C,GLOSS(6:1:1),47,14,8.631661667231926,84.38089084072861,1.039750099182129,1.1838539324011563
RC5-10D-7C,GLOSS(6:1:1),47,15,8.631661667231926,84.38089084072861,1.0114328861236572,1.1888962673000762
RC5-10D-7C,GLOSS(6:1:1),47,16,8.631661667231926,84.38089084072861,1.018855094909668,1.1790479576187451
RC5-10D-7C,GLOSS(6:1:1),47,17,8.631661667231926,84.38089084072861,1.039489984512329,1.1708677321611458
RC5-10D-7C,GLOSS(6:1:1),47,18,8.827848886428729,86.41669802597136,1.0472159385681152,1.168663302738281
RC5-10D-7C,GLOSS(6:1:1),47,19,8.827848886428729,86.41669802597136,1.0569641590118408,1.158021686197391
RC5-10D-7C,GLOSS(2:3:3),53,-1,0.5592898468855435,0.6150236191398264,0.0,0.0
RC5-10D-7C,GLOSS(2:3:3),53,0,3.488340388265613,31.00936919625394,0.7653088569641113,0.9390924762760815
RC5-10D-7C,GLOSS(2:3:3),53,1,3.488340388265613,31.00936919625394,0.8260469436645508,1.0929038966410027
RC5-10D-7C,GLOSS(2:3:3),53,2,3.488340388265613,31.00936919625394,0.8735220432281494,1.083018832108177
RC5-10D-7C,GLOSS(2:3:3),53,3,3.5821967857919734,31.983303835051636,0.908195972442627,1.1046742253908501
RC5-10D-7C,GLOSS(2:3:3),53,4,3.5821967857919734,31.983303835051636,0.9210848808288574,1.1490117689914863
RC5-10D-7C,GLOSS(2:3:3),53,5,8.896923340773942,87.13347392528027,0.9585051536560059,1.1423965444539903
RC5-10D-7C,GLOSS(2:3:3),53,6,8.896923340773942,87.13347392528027,1.003798007965088,1.2291789763472845
RC5-10D-7C,GLOSS(2:3:3),53,7,8.896923340773942,87.13347392528027,0.9638190269470215,1.226797380205691
RC5-10D-7C,GLOSS(2:3:3),53,8,8.896923340773942,87.13347392528027,0.9787845611572266,1.2194211150855985
RC5-10D-7C,GLOSS(2:3:3),53,9,8.896923340773942,87.13347392528027,0.9829037189483643,1.229482631651392
RC5-10D-7C,GLOSS(2:3:3),53,10,8.896923340773942,87.13347392528027,1.0085291862487793,1.2441966422462682
RC5-10D-7C,GLOSS(2:3:3),53,11,8.896923340773942,87.13347392528027,1.048382043838501,1.24440353830781
RC5-10D-7C,GLOSS(2:3:3),53,12,8.896923340773942,87.13347392528027,1.0541660785675049,1.2556683509123268
RC5-10D-7C,GLOSS(2:3:3),53,13,8.896923340773942,87.13347392528027,1.0354182720184326,1.2610744166437367
RC5-10D-7C,GLOSS(2:3:3),53,14,8.896923340773942,87.13347392528027,1.0395128726959229,1.2643812181760048
RC5-10D-7C,GLOSS(2:3:3),53,15,8.896923340773942,87.13347392528027,1.062140941619873,1.2619801164840192
RC5-10D-7C,GLOSS(2:3:3),53,16,8.896923340773942,87.13347392528027,1.0797600746154785,1.2565900081333878
RC5-10D-7C,GLOSS(2:3:3),53,17,8.896923340773942,87.13347392528027,1.1207571029663086,1.2521888035478106
RC5-10D-7C,GLOSS(2:3:3),53,18,8.896923340773942,87.13347392528027,1.1066899299621582,1.2425267044472363
RC5-10D-7C,GLOSS(2:3:3),53,19,8.896923340773942,87.13347392528027,1.104706048965454,1.2355200597471028
RC5-10D-7C,GLOSS(4:2:2),53,-1,0.5592898468855435,0.6150236191398264,0.0,0.0
RC5-10D-7C,GLOSS(4:2:2),53,0,2.612126550002965,21.91702141209572,0.7873063087463379,0.9711646769999167
RC5-10D-7C,GLOSS(4:2:2),53,1,2.612126550002965,21.91702141209572,0.8259909152984619,1.1745703921550623
RC5-10D-7C,GLOSS(4:2:2),53,2,2.6238305868444165,22.03847255654704,0.85453200340271,1.231442116765556
RC5-10D-7C,GLOSS(4:2:2),53,3,2.6238305868444165,22.03847255654704,0.9033150672912598,1.2336823702952617
RC5-10D-7C,GLOSS(4:2:2),53,4,2.6238305868444165,22.03847255654704,0.9157729148864746,1.238861462591682
RC5-10D-7C,GLOSS(4:2:2),53,5,7.2801296261774935,70.35623290669523,0.9282398223876953,1.2228515312061494
RC5-10D-7C,GLOSS(4:2:2),53,6,7.2801296261774935,70.35623290669523,0.9534661769866943,1.2559801956771541
RC5-10D-7C,GLOSS(4:2:2),53,7,7.2801296261774935,70.35623290669523,0.9545679092407227,1.2780541575604387
RC5-10D-7C,GLOSS(4:2:2),53,8,7.2801296261774935,70.35623290669523,0.9813637733459473,1.2845750778435165
RC5-10D-7C,GLOSS(4:2:2),53,9,7.2801296261774935,70.35623290669523,1.0016770362854004,1.2919064587368463
RC5-10D-7C,GLOSS(4:2:2),53,10,7.2801296261774935,70.35623290669523,1.0075299739837646,1.3109732616031649
RC5-10D-7C,GLOSS(4:2:2),53,11,7.2801296261774935,70.35623290669523,1.0396921634674072,1.3059358307706816
RC5-10D-7C,GLOSS(4:2:2),53,12,7.2801296261774935,70.35623290669523,1.0323591232299805,1.3130867779144884
RC5-10D-7C,GLOSS(4:2:2),53,13,7.2801296261774935,70.35623290669523,1.038496971130371,1.3079807424130827
RC5-10D-7C,GLOSS(4:2:2),53,14,7.2801296261774935,70.35623290669523,1.0585720539093018,1.308495376441015
RC5-10D-7C,GLOSS(4:2:2),53,15,8.559300169173035,83.63000575103558,1.0718028545379639,1.3061149524715918
RC5-10D-7C,GLOSS(4:2:2),53,16,8.559300169173035,83.63000575103558,1.0805439949035645,1.314761377346718
RC5-10D-7C,GLOSS(4:2:2),53,17,8.559300169173035,83.63000575103558,1.0927317142486572,1.3138552988310617
RC5-10D-7C,GLOSS(4:2:2),53,18,8.559300169173035,83.63000575103558,1.1319270133972168,1.311495862523329
RC5-10D-7C,GLOSS(4:2:2),53,19,8.559300169173035,83.63000575103558,1.1135218143463135,1.3043842392355895
RC5-10D-7C,GLOSS(6:1:1),53,-1,0.5592898468855435,0.6150236191398264,0.0,0.0
RC5-10D-7C,GLOSS(6:1:1),53,0,0.8709499298731308,3.849076473841874,0.7812221050262451,0.935437863257949
RC5-10D-7C,GLOSS(6:1:1),53,1,2.035575863762636,15.934236017052939,0.8332118988037109,1.2147600222076107
RC5-10D-7C,GLOSS(6:1:1),53,2,2.286814787872924,18.54130700266744,0.8748269081115723,1.338203936248463
RC5-10D-7C,GLOSS(6:1:1),53,3,5.3920076938771375,50.763457127883946,0.8770849704742432,1.3724460070528337
RC5-10D-7C,GLOSS(6:1:1),53,4,5.3920076938771375,50.763457127883946,0.9219679832458496,1.3569487172566586
RC5-10D-7C,GLOSS(6:1:1),53,5,5.3920076938771375,50.763457127883946,0.9637649059295654,1.4268046871037114
RC5-10D-7C,GLOSS(6:1:1),53,6,6.699030611970447,64.32625015193966,0.9801337718963623,1.4382088815468204
RC5-10D-7C,GLOSS(6:1:1),53,7,6.699030611970447,64.32625015193966,0.9883148670196533,1.44653774349811
RC5-10D-7C,GLOSS(6:1:1),53,8,6.933043489528988,66.75456887485862,0.9873380661010742,1.4423189584792413
RC5-10D-7C,GLOSS(6:1:1),53,9,6.933043489528988,66.75456887485862,1.0351839065551758,1.4389112077260884
RC5-10D-7C,GLOSS(6:1:1),53,10,6.933043489528988,66.75456887485862,1.0403258800506592,1.4280277281742881
RC5-10D-7C,GLOSS(6:1:1),53,11,6.933043489528988,66.75456887485862,1.0170300006866455,1.4139842795831703
RC5-10D-7C,GLOSS(6:1:1),53,12,6.933043489528988,66.75456887485862,1.0088860988616943,1.3928938994929116
RC5-10D-7C,GLOSS(6:1:1),53,13,7.922023177789474,77.01707202701414,1.0251829624176025,1.3849457440150665
RC5-10D-7C,GLOSS(6:1:1),53,14,7.922023177789474,77.01707202701414,1.0405800342559814,1.3777756838520765
RC5-10D-7C,GLOSS(6:1:1),53,15,7.922023177789474,77.01707202701414,1.0461418628692627,1.3705051331988487
RC5-10D-7C,GLOSS(6:1:1),53,16,7.922023177789474,77.01707202701414,1.0375888347625732,1.364153528509164
RC5-10D-7C,GLOSS(6:1:1),53,17,8.78176744596989,85.93851739842327,1.0758068561553955,1.3535785270799576
RC5-10D-7C,GLOSS(6:1:1),53,18,8.876914975932646,86.92584993695101,1.0594120025634766,1.3447692073999864
RC5-10D-7C,GLOSS(6:1:1),53,19,9.432059930361543,92.68651106311684,1.0898151397705078,1.32956378950911
RC5-10D-7C,GLOSS(2:3:3),59,-1,0.5666055536335877,0.6909376793103666,0.0,0.0
RC5-10D-7C,GLOSS(2:3:3),59,0,2.7578087308502046,23.428744916536296,0.7731540203094482,0.9146452765904363
RC5-10D-7C,GLOSS(2:3:3),59,1,2.7578087308502046,23.428744916536296,0.8258070945739746,1.0968727162637417
RC5-10D-7C,GLOSS(2:3:3),59,2,2.7578087308502046,23.428744916536296,0.8278651237487793,1.160534668382906
RC5-10D-7C,GLOSS(2:3:3),59,3,3.9723031480379762,36.031382698296255,0.8673439025878906,1.1488374043479834
RC5-10D-7C,GLOSS(2:3:3),59,4,4.244902753397124,38.860110469435035,0.9388799667358398,1.216288525354392
RC5-10D-7C,GLOSS(2:3:3),59,5,4.839197088350664,45.02701921201629,0.9155511856079102,1.2767861374673735
RC5-10D-7C,GLOSS(2:3:3),59,6,6.490338656033751,62.160683071996004,0.9434759616851807,1.3275927252940338
RC5-10D-7C,GLOSS(2:3:3),59,7,6.490338656033751,62.160683071996004,0.971074104309082,1.3378425979989494
RC5-10D-7C,GLOSS(2:3:3),59,8,6.490338656033751,62.160683071996004,0.9923899173736572,1.3594758453345588
RC5-10D-7C,GLOSS(2:3:3),59,9,6.490338656033751,62.160683071996004,0.984503984451294,1.352165800018773
RC5-10D-7C,GLOSS(2:3:3),59,10,6.490338656033751,62.160683071996004,1.0044689178466797,1.3512113779105879
RC5-10D-7C,GLOSS(2:3:3),59,11,6.490338656033751,62.160683071996004,1.0149800777435303,1.3396793458736327
RC5-10D-7C,GLOSS(2:3:3),59,12,6.490338656033751,62.160683071996004,0.9996469020843506,1.3358008523975988
RC5-10D-7C,GLOSS(2:3:3),59,13,6.490338656033751,62.160683071996004,1.0104868412017822,1.3236213583277932
RC5-10D-7C,GLOSS(2:3:3),59,14,7.332003357989283,70.89451932708563,1.0279359817504883,1.3156949538040288
RC5-10D-7C,GLOSS(2:3:3),59,15,8.6577768822438,84.65188475451664,1.0847618579864502,1.3141887604680595
RC5-10D-7C,GLOSS(2:3:3),59,16,8.6577768822438,84.65188475451664,1.0687990188598633,1.3140974390101419
RC5-10D-7C,GLOSS(2:3:3),59,17,8.988952526817112,88.0884478474642,1.0621771812438965,1.3114085251528977
RC5-10D-7C,GLOSS(2:3:3),59,18,8.988952526817112,88.0884478474642,1.0675888061523438,1.31217947849735
RC5-10D-7C,GLOSS(2:3:3),59,19,8.988952526817112,88.0884478474642,1.0388538837432861,1.3083372930869095
RC5-10D-7C,GLOSS(4:2:2),59,-1,0.5666055536335877,0.6909376793103666,0.0,0.0
RC5-10D-7C,GLOSS(4:2:2),59,0,2.347316830056601,19.16912818645124,0.7588129043579102,0.8058098596668138
RC5-10D-7C,GLOSS(4:2:2),59,1,3.090561158918531,26.881670070080162,0.8139960765838623,1.0158268024469705
RC5-10D-7C,GLOSS(4:2:2),59,2,3.090561158918531,26.881670070080162,0.8659911155700684,1.115906170222884
RC5-10D-7C,GLOSS(4:2:2),59,3,5.239944870542541,49.18552259361479,0.9018130302429199,1.142699939343496
RC5-10D-7C,GLOSS(4:2:2),59,4,5.239944870542541,49.18552259361479,0.9184713363647461,1.2463395331544471
RC5-10D-7C,GLOSS(4:2:2),59,5,5.239944870542541,49.18552259361479,0.8908741474151611,1.2769566022168706
RC5-10D-7C,GLOSS(4:2:2),59,6,6.933043489528988,66.75456887485862,0.9498879909515381,1.2834863588706626
RC5-10D-7C,GLOSS(4:2:2),59,7,6.933043489528988,66.75456887485862,0.9734530448913574,1.2612940048086074
RC5-10D-7C,GLOSS(4:2:2),59,8,6.933043489528988,66.75456887485862,0.976165771484375,1.263597228292844
RC5-10D-7C,GLOSS(4:2:2),59,9,7.180238092832546,69.31967251218471,0.99090576171875,1.2741180828262082
RC5-10D-7C,GLOSS(4:2:2),59,10,7.180238092832546,69.31967251218471,0.9784388542175293,1.3039674587031707
RC5-10D-7C,GLOSS(4:2:2),59,11,7.180238092832546,69.31967251218471,0.9774210453033447,1.2907037890500697
RC5-10D-7C,GLOSS(4:2:2),59,12,7.180238092832546,69.31967251218471,0.991217851638794,1.276593206122507
RC5-10D-7C,GLOSS(4:2:2),59,13,7.180238092832546,69.31967251218471,1.0026838779449463,1.2675566440328478
RC5-10D-7C,GLOSS(4:2:2),59,14,8.78176744596989,85.93851739842327,1.027163028717041,1.262848080058115
RC5-10D-7C,GLOSS(4:2:2),59,15,8.78176744596989,85.93851739842327,1.0513231754302979,1.2530155166183679
RC5-10D-7C,GLOSS(4:2:2),59,16,8.78176744596989,85.93851739842327,1.0275421142578125,1.2425054123152663
RC5-10D-7C,GLOSS(4:2:2),59,17,8.78176744596989,85.93851739842327,1.041835069656372,1.237554352237711
RC5-10D-7C,GLOSS(4:2:2),59,18,8.903451796004497,87.2012187871592,1.05051589012146,1.2320626714246037
RC5-10D-7C,GLOSS(4:2:2),59,19,9.432059930361543,92.68651106311684,1.101067066192627,1.2311081570645312
RC5-10D-7C,GLOSS(6:1:1),59,-1,0.5666055536335877,0.6909376793103666,0.0,0.0
RC5-10D-7C,GLOSS(6:1:1),59,0,2.875874747878578,24.65389937248605,0.7626750469207764,0.9164833321984117
RC5-10D-7C,GLOSS(6:1:1),59,1,2.875874747878578,24.65389937248605,0.8209879398345947,1.0620844322099068
RC5-10D-7C,GLOSS(6:1:1),59,2,2.875874747878578,24.65389937248605,0.8354837894439697,0.9946281048307732
RC5-10D-7C,GLOSS(6:1:1),59,3,3.4328124231053314,30.433163310274125,0.8662350177764893,1.0964269192872371
RC5-10D-7C,GLOSS(6:1:1),59,4,3.6072478618165125,32.24325532821011,0.8868467807769775,1.1920510640845816
RC5-10D-7C,GLOSS(6:1:1),59,5,4.560479371343521,42.13480465665121,0.9220969676971436,1.223820566519793
RC5-10D-7C,GLOSS(6:1:1),59,6,5.056731685557763,47.28434513694745,0.96555495262146,1.254795254553442
RC5-10D-7C,GLOSS(6:1:1),59,7,5.056731685557763,47.28434513694745,0.9646332263946533,1.2952633157054678
RC5-10D-7C,GLOSS(6:1:1),59,8,7.441017916163843,72.0257480673493,0.9763619899749756,1.30032520963796
RC5-10D-7C,GLOSS(6:1:1),59,9,7.441017916163843,72.0257480673493,0.98396897315979,1.3181287374414306
RC5-10D-7C,GLOSS(6:1:1),59,10,7.441017916163843,72.0257480673493,1.0161550045013428,1.3229457934027335
RC5-10D-7C,GLOSS(6:1:1),59,11,7.441017916163843,72.0257480673493,1.027129888534546,1.3125051803022936
RC5-10D-7C,GLOSS(6:1:1),59,12,8.711485127283222,85.20920766069612,1.0341761112213135,1.3029046278655627
RC5-10D-7C,GLOSS(6:1:1),59,13,8.711485127283222,85.20920766069612,1.0683848857879639,1.306449144804857
RC5-10D-7C,GLOSS(6:1:1),59,14,8.711485127283222,85.20920766069612,1.055927038192749,1.2948315161850368
RC5-10D-7C,GLOSS(6:1:1),59,15,8.711485127283222,85.20920766069612,1.087095022201538,1.2906842542416301
RC5-10D-7C,GLOSS(6:1:1),59,16,8.806150488533284,86.19153680229607,1.1263270378112793,1.277498639968673
RC5-10D-7C,GLOSS(6:1:1),59,17,8.806150488533284,86.19153680229607,1.130795955657959,1.2768968772421991
RC5-10D-7C,GLOSS(6:1:1),59,18,8.806150488533284,86.19153680229607,1.0930759906768799,1.2740267057942318
RC5-10D-7C,GLOSS(6:1:1),59,19,8.806150488533284,86.19153680229607,1.1258080005645752,1.2681518615098561
RC5-10D-7C,GLOSS(2:3:3),61,-1,0.5532298065872273,0.5521394331429964,0.0,0.0
RC5-10D-7C,GLOSS(2:3:3),61,0,1.944958982353376,14.993917381453118,0.7359771728515625,0.9553045038407728
RC5-10D-7C,GLOSS(2:3:3),61,1,2.121172403059471,16.822459268525826,0.7799937725067139,1.1617359247529078
RC5-10D-7C,GLOSS(2:3:3),61,2,3.9109866941816156,35.395110479109725,0.8124496936798096,1.2527924396204726
RC5-10D-7C,GLOSS(2:3:3),61,3,3.9109866941816156,35.395110479109725,0.8693790435791016,1.2980080269625462
RC5-10D-7C,GLOSS(2:3:3),61,4,4.898568092018187,45.64310376816756,0.9077949523925781,1.3170255090429044
RC5-10D-7C,GLOSS(2:3:3),61,5,6.857029085091756,65.96577808935884,0.9175019264221191,1.3241712414014466
RC5-10D-7C,GLOSS(2:3:3),61,6,6.857029085091756,65.96577808935884,0.9541749954223633,1.353794011751374
RC5-10D-7C,GLOSS(2:3:3),61,7,6.857029085091756,65.96577808935884,0.9412491321563721,1.3794384968993856
RC5-10D-7C,GLOSS(2:3:3),61,8,6.857029085091756,65.96577808935884,0.9672069549560547,1.377288229835104
RC5-10D-7C,GLOSS(2:3:3),61,9,7.849691888783988,76.26650041242021,0.9900929927825928,1.3668602379946742
RC5-10D-7C,GLOSS(2:3:3),61,10,7.849691888783988,76.26650041242021,0.9697132110595703,1.3881872650383884
RC5-10D-7C,GLOSS(2:3:3),61,11,7.849691888783988,76.26650041242021,1.014827013015747,1.3721930085601983
RC5-10D-7C,GLOSS(2:3:3),61,12,7.849691888783988,76.26650041242021,1.0279691219329834,1.3529091766480292
RC5-10D-7C,GLOSS(2:3:3),61,13,7.887422987069884,76.65803071348674,1.0166473388671875,1.3337039940177013
RC5-10D-7C,GLOSS(2:3:3),61,14,7.887422987069884,76.65803071348674,1.0426290035247803,1.3135794184606155
RC5-10D-7C,GLOSS(2:3:3),61,15,7.887422987069884,76.65803071348674,1.0611240863800049,1.2946983121686
RC5-10D-7C,GLOSS(2:3:3),61,16,8.892065928431009,87.08306924045975,1.062621831893921,1.2768854015582545
RC5-10D-7C,GLOSS(2:3:3),61,17,8.892065928431009,87.08306924045975,1.0993998050689697,1.2609166085752612
RC5-10D-7C,GLOSS(2:3:3),61,18,8.892065928431009,87.08306924045975,1.0885119438171387,1.2521116145485576
RC5-10D-7C,GLOSS(2:3:3),61,19,8.892065928431009,87.08306924045975,1.098154067993164,1.2472072178694058
RC5-10D-7C,GLOSS(4:2:2),61,-1,0.5532298065872273,0.5521394331429964,0.0,0.0
RC5-10D-7C,GLOSS(4:2:2),61,0,1.291411011049555,8.212141986867106,0.7527518272399902,0.9054032293554608
RC5-10D-7C,GLOSS(4:2:2),61,1,1.291411011049555,8.212141986867106,0.7961118221282959,1.2272544899516538
RC5-10D-7C,GLOSS(4:2:2),61,2,1.8938207140379837,14.46326276234201,0.8143069744110107,1.29199349567849
RC5-10D-7C,GLOSS(4:2:2),61,3,1.8938207140379837,14.46326276234201,0.8638510704040527,1.3325791715950683
RC5-10D-7C,GLOSS(4:2:2),61,4,4.410591657922138,40.579440932081795,0.9200589656829834,1.340687422037994
RC5-10D-7C,GLOSS(4:2:2),61,5,5.211135146771979,48.88656814134677,0.9290809631347656,1.3742350607272205
RC5-10D-7C,GLOSS(4:2:2),61,6,5.438338357282605,51.24422390690281,0.9919619560241699,1.3809954619879419
RC5-10D-7C,GLOSS(4:2:2),61,7,8.892065928431009,87.08306924045975,1.0046861171722412,1.3921675310350323
RC5-10D-7C,GLOSS(4:2:2),61,8,8.892065928431009,87.08306924045975,0.9557979106903076,1.4161402326351564
RC5-10D-7C,GLOSS(4:2:2),61,9,8.892065928431009,87.08306924045975,1.0085318088531494,1.393048623848416
RC5-10D-7C,GLOSS(4:2:2),61,10,8.892065928431009,87.08306924045975,1.003246784210205,1.3852602915898897
RC5-10D-7C,GLOSS(4:2:2),61,11,8.892065928431009,87.08306924045975,1.0103447437286377,1.3659827071634685
RC5-10D-7C,GLOSS(4:2:2),61,12,8.892065928431009,87.08306924045975,1.0146639347076416,1.3515327481322594
RC5-10D-7C,GLOSS(4:2:2),61,13,8.892065928431009,87.08306924045975,1.032815933227539,1.3330779515900215
RC5-10D-7C,GLOSS(4:2:2),61,14,8.892065928431009,87.08306924045975,1.0077619552612305,1.3196721318693958
RC5-10D-7C,GLOSS(4:2:2),61,15,8.892065928431009,87.08306924045975,1.008742094039917,1.299992880480989
RC5-10D-7C,GLOSS(4:2:2),61,16,8.892065928431009,87.08306924045975,1.0673949718475342,1.2868965523724871
RC5-10D-7C,GLOSS(4:2:2),61,17,8.892065928431009,87.08306924045975,1.0561511516571045,1.2725834565620424
RC5-10D-7C,GLOSS(4:2:2),61,18,9.844712132866546,96.96854494027379,1.0637171268463135,1.2600793249594537
RC5-10D-7C,GLOSS(4:2:2),61,19,9.844712132866546,96.96854494027379,1.046091079711914,1.2552034334650626
RC5-10D-7C,GLOSS(6:1:1),61,-1,0.5532298065872273,0.5521394331429964,0.0,0.0
RC5-10D-7C,GLOSS(6:1:1),61,0,0.7282166761911675,2.367953571909483,0.7370309829711914,0.8217826907307509
RC5-10D-7C,GLOSS(6:1:1),61,1,2.0375911885953575,15.955148759441808,0.7917170524597168,1.0586728248542676
RC5-10D-7C,GLOSS(6:1:1),61,2,7.393648626307524,71.53420360770434,0.8481967449188232,1.1481422892688322
RC5-10D-7C,GLOSS(6:1:1),61,3,7.393648626307524,71.53420360770434,0.8526201248168945,1.1991122952347941
RC5-10D-7C,GLOSS(6:1:1),61,4,7.393648626307524,71.53420360770434,0.8887801170349121,1.2548729575241633
RC5-10D-7C,GLOSS(6:1:1),61,5,7.393648626307524,71.53420360770434,0.9036221504211426,1.2679868011838717
RC5-10D-7C,GLOSS(6:1:1),61,6,7.393648626307524,71.53420360770434,0.9048750400543213,1.2670760636783147
RC5-10D-7C,GLOSS(6:1:1),61,7,7.591065339326108,73.58276907744104,0.899000883102417,1.26390108001601
RC5-10D-7C,GLOSS(6:1:1),61,8,7.591065339326108,73.58276907744104,0.9259438514709473,1.2428990930017003
RC5-10D-7C,GLOSS(6:1:1),61,9,8.559300169173035,83.63000575103558,0.9212870597839355,1.231606674996517
RC5-10D-7C,GLOSS(6:1:1),61,10,8.631661667231926,84.38089084072861,0.9606060981750488,1.2200922660984617
RC5-10D-7C,GLOSS(6:1:1),61,11,8.631661667231926,84.38089084072861,0.9550652503967285,1.2246249813869245
RC5-10D-7C,GLOSS(6:1:1),61,12,8.631661667231926,84.38089084072861,0.9783189296722412,1.2050425216973382
RC5-10D-7C,GLOSS(6:1:1),61,13,9.36493962235164,91.99001306553224,0.9828300476074219,1.1929124308229229
RC5-10D-7C,GLOSS(6:1:1),61,14,9.36493962235164,91.99001306553224,1.0009491443634033,1.1918744136906418
RC5-10D-7C,GLOSS(6:1:1),61,15,9.36493962235164,91.99001306553224,1.043860912322998,1.189116228237209
RC5-10D-7C,GLOSS(6:1:1),61,16,9.36493962235164,91.99001306553224,1.027590274810791,1.178567069595692
RC5-10D-7C,GLOSS(6:1:1),61,17,9.432059930361543,92.68651106311684,1.0555088520050049,1.173346837090607
RC5-10D-7C,GLOSS(6:1:1),61,18,9.432059930361543,92.68651106311684,1.0965287685394287,1.160982054169035
RC5-10D-7C,GLOSS(6:1:1),61,19,9.432059930361543,92.68651106311684,1.072084903717041,1.1514497655792064
RC5-10D-7C,GLOSS(2:3:3),67,-1,0.5525606935827195,0.5451961415876487,0.0,0.0
RC5-10D-7C,GLOSS(2:3:3),67,0,3.549883482677316,31.64799323261246,0.7276878356933594,0.9768242010640795
RC5-10D-7C,GLOSS(2:3:3),67,1,6.758720706465114,64.94564586873281,0.7912640571594238,1.164905499833476
RC5-10D-7C,GLOSS(2:3:3),67,2,6.758720706465114,64.94564586873281,0.8746161460876465,1.2009251651596264
RC5-10D-7C,GLOSS(2:3:3),67,3,6.758720706465114,64.94564586873281,0.8795449733734131,1.2444304306604121
RC5-10D-7C,GLOSS(2:3:3),67,4,6.758720706465114,64.94564586873281,0.8863098621368408,1.2611194942120578
RC5-10D-7C,GLOSS(2:3:3),67,5,6.758720706465114,64.94564586873281,0.9744179248809814,1.2549382805004126
RC5-10D-7C,GLOSS(2:3:3),67,6,7.0836016917859865,68.31689016778931,0.9841179847717285,1.2299403717730462
RC5-10D-7C,GLOSS(2:3:3),67,7,7.0836016917859865,68.31689016778931,0.9436297416687012,1.2304225745169692
RC5-10D-7C,GLOSS(2:3:3),67,8,7.0836016917859865,68.31689016778931,0.9769201278686523,1.2358044167143838
RC5-10D-7C,GLOSS(2:3:3),67,9,7.0836016917859865,68.31689016778931,1.0054409503936768,1.2230010957313333
RC5-10D-7C,GLOSS(2:3:3),67,10,8.896923340773942,87.13347392528027,1.0150730609893799,1.2220208311919596
RC5-10D-7C,GLOSS(2:3:3),67,11,8.896923340773942,87.13347392528027,1.0432708263397217,1.2302423683511168
RC5-10D-7C,GLOSS(2:3:3),67,12,8.896923340773942,87.13347392528027,1.0364899635314941,1.2430456102927068
RC5-10D-7C,GLOSS(2:3:3),67,13,8.896923340773942,87.13347392528027,1.0522301197052002,1.24212973816338
RC5-10D-7C,GLOSS(2:3:3),67,14,9.40559555026612,92.41189391235734,1.095721960067749,1.2383177380586174
RC5-10D-7C,GLOSS(2:3:3),67,15,9.40559555026612,92.41189391235734,1.0804128646850586,1.2325375962467244
RC5-10D-7C,GLOSS(2:3:3),67,16,9.40559555026612,92.41189391235734,1.074615716934204,1.2340687562562402
RC5-10D-7C,GLOSS(2:3:3),67,17,9.40559555026612,92.41189391235734,1.0905089378356934,1.2248053720414813
RC5-10D-7C,GLOSS(2:3:3),67,18,9.40559555026612,92.41189391235734,1.099323034286499,1.2229568248060336
RC5-10D-7C,GLOSS(2:3:3),67,19,9.40559555026612,92.41189391235734,1.1032938957214355,1.2154568744932923
RC5-10D-7C,GLOSS(4:2:2),67,-1,0.5525606935827195,0.5451961415876487,0.0,0.0
RC5-10D-7C,GLOSS(4:2:2),67,0,3.549883482677316,31.64799323261246,0.7437319755554199,1.1705484106290747
RC5-10D-7C,GLOSS(4:2:2),67,1,6.758720706465114,64.94564586873281,0.8079338073730469,1.2869618157008764
RC5-10D-7C,GLOSS(4:2:2),67,2,6.758720706465114,64.94564586873281,0.8726909160614014,1.2322870193320654
RC5-10D-7C,GLOSS(4:2:2),67,3,6.758720706465114,64.94564586873281,0.8733692169189453,1.2385449939485438
RC5-10D-7C,GLOSS(4:2:2),67,4,6.758720706465114,64.94564586873281,0.8982908725738525,1.2412863758195385
RC5-10D-7C,GLOSS(4:2:2),67,5,6.758720706465114,64.94564586873281,0.9270927906036377,1.250921885220226
RC5-10D-7C,GLOSS(4:2:2),67,6,6.758720706465114,64.94564586873281,0.9771308898925781,1.229076315462147
RC5-10D-7C,GLOSS(4:2:2),67,7,6.758720706465114,64.94564586873281,0.9619898796081543,1.2389577543971186
RC5-10D-7C,GLOSS(4:2:2),67,8,7.887422987069884,76.65803071348674,0.9975900650024414,1.206601316189917
RC5-10D-7C,GLOSS(4:2:2),67,9,8.423391437790315,82.21969995732017,1.0247318744659424,1.186387663607197
RC5-10D-7C,GLOSS(4:2:2),67,10,9.319828511389403,91.5219014107201,1.0233759880065918,1.191049980067046
RC5-10D-7C,GLOSS(4:2:2),67,11,9.319828511389403,91.5219014107201,1.0525577068328857,1.2047429658915743
RC5-10D-7C,GLOSS(4:2:2),67,12,9.319828511389403,91.5219014107201,1.0445618629455566,1.2014078574230822
RC5-10D-7C,GLOSS(4:2:2),67,13,9.319828511389403,91.5219014107201,1.0466361045837402,1.19117800797845
RC5-10D-7C,GLOSS(4:2:2),67,14,9.319828511389403,91.5219014107201,1.0908870697021484,1.197736318210191
RC5-10D-7C,GLOSS(4:2:2),67,15,9.319828511389403,91.5219014107201,1.0891351699829102,1.1943346240671922
RC5-10D-7C,GLOSS(4:2:2),67,16,9.432059930361543,92.68651106311684,1.0859172344207764,1.183070610348285
RC5-10D-7C,GLOSS(4:2:2),67,17,9.432059930361543,92.68651106311684,1.1032960414886475,1.167570052977525
RC5-10D-7C,GLOSS(4:2:2),67,18,9.432059930361543,92.68651106311684,1.1220471858978271,1.1595565830025847
RC5-10D-7C,GLOSS(4:2:2),67,19,9.432059930361543,92.68651106311684,1.123831033706665,1.1602756715271723
RC5-10D-7C,GLOSS(6:1:1),67,-1,0.5525606935827195,0.5451961415876487,0.0,0.0
RC5-10D-7C,GLOSS(6:1:1),67,0,1.4372995078423243,9.726006402861751,0.7289540767669678,1.121520974011758
RC5-10D-7C,GLOSS(6:1:1),67,1,3.6227494052482423,32.404112664533386,0.795881986618042,1.1575510586133635
RC5-10D-7C,GLOSS(6:1:1),67,2,5.9179249491144414,56.22082652961452,0.8742930889129639,1.1888881216310994
RC5-10D-7C,GLOSS(6:1:1),67,3,5.9179249491144414,56.22082652961452,0.879418134689331,1.3137910499396372
RC5-10D-7C,GLOSS(6:1:1),67,4,5.9179249491144414,56.22082652961452,0.9186661243438721,1.3303477471343816
RC5-10D-7C,GLOSS(6:1:1),67,5,5.9179249491144414,56.22082652961452,0.963062047958374,1.340335328412811
RC5-10D-7C,GLOSS(6:1:1),67,6,5.9179249491144414,56.22082652961452,0.9200961589813232,1.368106041238001
RC5-10D-7C,GLOSS(6:1:1),67,7,7.298017492039947,70.54185277531118,0.9348070621490479,1.3861213381585533
RC5-10D-7C,GLOSS(6:1:1),67,8,7.298017492039947,70.54185277531118,0.9250979423522949,1.4066168413737763
RC5-10D-7C,GLOSS(6:1:1),67,9,7.298017492039947,70.54185277531118,0.9515578746795654,1.4025946206129847
RC5-10D-7C,GLOSS(6:1:1),67,10,7.922023177789474,77.01707202701414,0.9909381866455078,1.3783882397230398
RC5-10D-7C,GLOSS(6:1:1),67,11,7.922023177789474,77.01707202701414,1.00081205368042,1.365670294812706
RC5-10D-7C,GLOSS(6:1:1),67,12,7.922023177789474,77.01707202701414,1.012281894683838,1.349663061796135
RC5-10D-7C,GLOSS(6:1:1),67,13,8.827848886428729,86.41669802597136,0.994617223739624,1.3307319344606832
RC5-10D-7C,GLOSS(6:1:1),67,14,8.827848886428729,86.41669802597136,1.0492849349975586,1.3081861965225274
RC5-10D-7C,GLOSS(6:1:1),67,15,8.827848886428729,86.41669802597136,1.068850040435791,1.2903912296448394
RC5-10D-7C,GLOSS(6:1:1),67,16,8.827848886428729,86.41669802597136,1.0638251304626465,1.2685444878813734
RC5-10D-7C,GLOSS(6:1:1),67,17,8.827848886428729,86.41669802597136,1.0670809745788574,1.2552577027211484
RC5-10D-7C,GLOSS(6:1:1),67,18,9.49262120313849,93.31494687443785,1.075688362121582,1.2399472029054042
RC5-10D-7C,GLOSS(6:1:1),67,19,9.49262120313849,93.31494687443785,1.1011712551116943,1.2311487257271638
