dataset,algorithm,seed,round,best_so_far,pct_opt,time_s,diversity
QM9-gap-5k,GLOSS(2:3:3),47,-1,0.2042,35.70817896836706,0.0,0.0
QM9-gap-5k,GLOSS(2:3:3),47,0,0.309,65.57423767455116,0.13200688362121582,0.8842112041266993
QM9-gap-5k,GLOSS(2:3:3),47,1,0.3664,81.93217440866344,0.14092779159545898,0.9254025282657843
QM9-gap-5k,GLOSS(2:3:3),47,2,0.373,83.81305215161015,0.13860726356506348,1.0702654380208407
QM9-gap-5k,GLOSS(2:3:3),47,3,0.3879,88.05927614705045,0.14417791366577148,1.1175945632069069
QM9-gap-5k,GLOSS(2:3:3),47,4,0.3879,88.05927614705045,0.1473982334136963,1.1262849298352104
QM9-gap-5k,GLOSS(2:3:3),47,5,0.3879,88.05927614705045,0.14404988288879395,1.121756023883563
QM9-gap-5k,GLOSS(2:3:3),47,6,0.3879,88.05927614705045,0.14798808097839355,1.0788917898933161
QM9-gap-5k,GLOSS(2:3:3),47,7,0.3879,88.05927614705045,0.15023493766784668,1.093408073351627
QM9-gap-5k,GLOSS(2:3:3),47,8,0.3879,88.05927614705045,0.15572309494018555,1.082798880296339
QM9-gap-5k,GLOSS(2:3:3),47,9,0.4117,94.84183528070676,0.16553711891174316,1.0714411215044533
QM9-gap-5k,GLOSS(2:3:3),47,10,0.4298,100.0,0.16715502738952637,1.1087156824116944
QM9-gap-5k,GLOSS(2:3:3),47,11,0.4298,100.0,0.16829204559326172,1.11900105625207
QM9-gap-5k,GLOSS(2:3:3),47,12,0.4298,100.0,0.1702899932861328,1.113870069759446
QM9-gap-5k,GLOSS(2:3:3),47,13,0.4298,100.0,0.17283010482788086,1.117075493517626
QM9-gap-5k,GLOSS(2:3:3),47,14,0.4298,100.0,0.17709684371948242,1.1246252324353034
QM9-gap-5k,GLOSS(2:3:3),47,15,0.4298,100.0,0.18393182754516602,1.1194262775646928
QM9-gap-5k,GLOSS(2:3:3),47,16,0.4298,100.0,0.18220114707946777,1.110706622485167
QM9-gap-5k,GLOSS(2:3:3),47,17,0.4298,100.0,0.18707489967346191,1.1172011841885914
QM9-gap-5k,GLOSS(2:3:3),47,18,0.4298,100.0,0.18828701972961426,1.1365146831375406
QM9-gap-5k,GLOSS(2:3:3),47,19,0.4298,100.0,0.18392705917358398,1.1326496561794905
QM9-gap-5k,GLOSS(4:2:2),47,-1,0.2042,35.70817896836706,0.0,0.0
QM9-gap-5k,GLOSS(4:2:2),47,0,0.309,65.57423767455116,0.13469195365905762,1.052170338840821
QM9-gap-5k,GLOSS(4:2:2),47,1,0.3117,66.34368766030208,0.1369307041168213,1.027515178456151
QM9-gap-5k,GLOSS(4:2:2),47,2,0.3298,71.50185237959533,0.13864970207214355,0.9159314439995166
QM9-gap-5k,GLOSS(4:2:2),47,3,0.3631,80.9917355371901,0.14444184303283691,0.9515787870356124
QM9-gap-5k,GLOSS(4:2:2),47,4,0.4298,100.0,0.14342308044433594,1.0774258201847933
QM9-gap-5k,GLOSS(4:2:2),47,5,0.4298,100.0,0.14061903953552246,1.1333516555335499
QM9-gap-5k,GLOSS(4:2:2),47,6,0.4298,100.0,0.15188288688659668,1.1609262788163863
QM9-gap-5k,GLOSS(4:2:2),47,7,0.4298,100.0,0.15764999389648438,1.1375372886269877
QM9-gap-5k,GLOSS(4:2:2),47,8,0.4298,100.0,0.1632401943206787,1.1456551141486102
QM9-gap-5k,GLOSS(4:2:2),47,9,0.4298,100.0,0.16374874114990234,1.1507871850699527
QM9-gap-5k,GLOSS(4:2:2),47,10,0.4298,100.0,0.16240501403808594,1.1503977543971096
QM9-gap-5k,GLOSS(4:2:2),47,11,0.4298,100.0,0.16400671005249023,1.1665611990963705
QM9-gap-5k,GLOSS(4:2:2),47,12,0.4298,100.0,0.16588306427001953,1.1570516631342131
QM9-gap-5k,GLOSS(4:2:2),47,13,0.4298,100.0,0.16779184341430664,1.157293224943115
QM9-gap-5k,GLOSS(4:2:2),47,14,0.4298,100.0,0.17381906509399414,1.1958724232738438
QM9-gap-5k,GLOSS(4:2:2),47,15,0.4298,100.0,0.17511892318725586,1.1898082442885398
QM9-gap-5k,GLOSS(4:2:2),47,16,0.4298,100.0,0.1752912998199463,1.1921949439046604
QM9-gap-5k,GLOSS(4:2:2),47,17,0.4298,100.0,0.18243002891540527,1.1882255124786707
QM9-gap-5k,GLOSS(4:2:2),47,18,0.4298,100.0,0.18475079536437988,1.1871447869999612
QM9-gap-5k,GLOSS(4:2:2),47,19,0.4298,100.0,0.19004607200622559,1.1788345874910553
QM9-gap-5k,GLOSS(6:1:1),47,-1,0.2042,35.70817896836706,0.0,0.0
QM9-gap-5k,GLOSS(6:1:1),47,0,0.2861,59.04816186947849,0.1309051513671875,0.8811278710450353
QM9-gap-5k,GLOSS(6:1:1),47,1,0.3168,67.79709318894272,0.12774395942687988,1.158668736986622
QM9-gap-5k,GLOSS(6:1:1),47,2,0.3613,80.4787688800228,0.13848614692687988,1.1961524397464103
QM9-gap-5k,GLOSS(6:1:1),47,3,0.3697,82.87261328013678,0.13914704322814941,1.1394818937931288
QM9-gap-5k,GLOSS(6:1:1),47,4,0.3879,88.05927614705045,0.1385798454284668,1.1361570743197615
QM9-gap-5k,GLOSS(6:1:1),47,5,0.3879,88.05927614705045,0.1686089038848877,1.2349837316324273
QM9-gap-5k,GLOSS(6:1:1),47,6,0.4298,100.0,0.14351701736450195,1.2100183942681715
QM9-gap-5k,GLOSS(6:1:1),47,7,0.4298,100.0,0.14823508262634277,1.2221790738738707
QM9-gap-5k,GLOSS(6:1:1),47,8,0.4298,100.0,0.15021800994873047,1.1908623936997131
QM9-gap-5k,GLOSS(6:1:1),47,9,0.4298,100.0,0.153245210647583,1.1556075324607415
QM9-gap-5k,GLOSS(6:1:1),47,10,0.4298,100.0,0.16195106506347656,1.1309521417763486
QM9-gap-5k,GLOSS(6:1:1),47,11,0.4298,100.0,0.16054391860961914,1.0906461647014878
QM9-gap-5k,GLOSS(6:1:1),47,12,0.4298,100.0,0.1632859706878662,1.059037007734887
QM9-gap-5k,GLOSS(6:1:1),47,13,0.4298,100.0,0.17029404640197754,1.043311557082497
QM9-gap-5k,GLOSS(6:1:1),47,14,0.4298,100.0,0.1701812744140625,1.0213990866706293
QM9-gap-5k,GLOSS(6:1:1),47,15,0.4298,100.0,0.17235398292541504,0.9995594963658724
QM9-gap-5k,GLOSS(6:1:1),47,16,0.4298,100.0,0.1790919303894043,1.0042992733478568
QM9-gap-5k,GLOSS(6:1:1),47,17,0.4298,100.0,0.1779618263244629,0.9936302469565749
QM9-gap-5k,GLOSS(6:1:1),47,18,0.4298,100.0,0.18289613723754883,0.9780975493390696
QM9-gap-5k,GLOSS(6:1:1),47,19,0.4298,100.0,0.18536806106567383,0.9683895372306084
QM9-gap-5k,GLOSS(2:3:3),53,-1,0.2084,36.90510116842405,0.0,0.0
QM9-gap-5k,GLOSS(2:3:3),53,0,0.2642,52.807067540609864,0.12727093696594238,0.909517248728232
QM9-gap-5k,GLOSS(2:3:3),53,1,0.3068,64.94727842690226,0.1324000358581543,0.9639662443347298
QM9-gap-5k,GLOSS(2:3:3),53,2,0.3128,66.65716728412654,0.13322114944458008,0.9914818551891671
QM9-gap-5k,GLOSS(2:3:3),53,3,0.4128,95.1553149045312,0.14332222938537598,1.1238012721759065
QM9-gap-5k,GLOSS(2:3:3),53,4,0.4128,95.1553149045312,0.13950514793395996,1.12090019454583
QM9-gap-5k,GLOSS(2:3:3),53,5,0.4298,100.0,0.1456921100616455,1.2406308324794748
QM9-gap-5k,GLOSS(2:3:3),53,6,0.4298,100.0,0.14736723899841309,1.2631261180006252
QM9-gap-5k,GLOSS(2:3:3),53,7,0.4298,100.0,0.1485898494720459,1.2657800329571811
QM9-gap-5k,GLOSS(2:3:3),53,8,0.4298,100.0,0.1587069034576416,1.2938406451301432
QM9-gap-5k,GLOSS(2:3:3),53,9,0.4298,100.0,0.16597390174865723,1.2770700740609409
QM9-gap-5k,GLOSS(2:3:3),53,10,0.4298,100.0,0.1653449535369873,1.2575747180682741
QM9-gap-5k,GLOSS(2:3:3),53,11,0.4298,100.0,0.1692948341369629,1.2823276644031878
QM9-gap-5k,GLOSS(2:3:3),53,12,0.4298,100.0,0.16807198524475098,1.2726397064513681
QM9-gap-5k,GLOSS(2:3:3),53,13,0.4298,100.0,0.17122697830200195,1.263689910347061
QM9-gap-5k,GLOSS(2:3:3),53,14,0.4298,100.0,0.1745469570159912,1.2759170228956016
QM9-gap-5k,GLOSS(2:3:3),53,15,0.4298,100.0,0.17764997482299805,1.2658427195933972
QM9-gap-5k,GLOSS(2:3:3),53,16,0.4298,100.0,0.17801403999328613,1.2697243001343215
QM9-gap-5k,GLOSS(2:3:3),53,17,0.4298,100.0,0.18357086181640625,1.2766663563172727
QM9-gap-5k,GLOSS(2:3:3),53,18,0.4298,100.0,0.18257904052734375,1.284274390728765
QM9-gap-5k,GLOSS(2:3:3),53,19,0.4298,100.0,0.18735504150390625,1.2957954961891616
QM9-gap-5k,GLOSS(4:2:2),53,-1,0.2084,36.90510116842405,0.0,0.0
QM9-gap-5k,GLOSS(4:2:2),53,0,0.275,55.884867483613576,0.1277449131011963,0.9607270304378932
QM9-gap-5k,GLOSS(4:2:2),53,1,0.3158,67.51211171273869,0.12410593032836914,1.055074874289436
QM9-gap-5k,GLOSS(4:2:2),53,2,0.3879,88.05927614705045,0.12842798233032227,1.1937557012212596
QM9-gap-5k,GLOSS(4:2:2),53,3,0.3879,88.05927614705045,0.13690996170043945,1.2350220609681684
QM9-gap-5k,GLOSS(4:2:2),53,4,0.3879,88.05927614705045,0.1407010555267334,1.2227686738110066
QM9-gap-5k,GLOSS(4:2:2),53,5,0.3879,88.05927614705045,0.14183402061462402,1.2127703709875708
QM9-gap-5k,GLOSS(4:2:2),53,6,0.3879,88.05927614705045,0.1449909210205078,1.165973513461572
QM9-gap-5k,GLOSS(4:2:2),53,7,0.3879,88.05927614705045,0.14910507202148438,1.1449740313202674
QM9-gap-5k,GLOSS(4:2:2),53,8,0.3879,88.05927614705045,0.1510462760925293,1.1158857281097243
QM9-gap-5k,GLOSS(4:2:2),53,9,0.3879,88.05927614705045,0.1551668643951416,1.0907657507196016
QM9-gap-5k,GLOSS(4:2:2),53,10,0.3879,88.05927614705045,0.16187000274658203,1.0799762382576474
QM9-gap-5k,GLOSS(4:2:2),53,11,0.3879,88.05927614705045,0.15854692459106445,1.0537382927759202
QM9-gap-5k,GLOSS(4:2:2),53,12,0.3879,88.05927614705045,0.1614818572998047,1.048970259781712
QM9-gap-5k,GLOSS(4:2:2),53,13,0.3879,88.05927614705045,0.16524505615234375,1.0436818848007026
QM9-gap-5k,GLOSS(4:2:2),53,14,0.4298,100.0,0.16797399520874023,1.0517755364921972
QM9-gap-5k,GLOSS(4:2:2),53,15,0.4298,100.0,0.17157697677612305,1.0525160350966227
QM9-gap-5k,GLOSS(4:2:2),53,16,0.4298,100.0,0.1758279800415039,1.0448293497118253
QM9-gap-5k,GLOSS(4:2:2),53,17,0.4298,100.0,0.18563580513000488,1.0496191539156339
QM9-gap-5k,GLOSS(4:2:2),53,18,0.4298,100.0,0.18268990516662598,1.0454352572689598
QM9-gap-5k,GLOSS(4:2:2),53,19,0.4298,100.0,0.18713712692260742,1.041761029731598
QM9-gap-5k,GLOSS(6:1:1),53,-1,0.2084,36.90510116842405,0.0,0.0
QM9-gap-5k,GLOSS(6:1:1),53,0,0.3202,68.76603020803648,0.12666010856628418,0.9301772871140316
QM9-gap-5k,GLOSS(6:1:1),53,1,0.3204,68.82302650327729,0.1232302188873291,1.2026222844793188
QM9-gap-5k,GLOSS(6:1:1),53,2,0.334,72.69877457965232,0.13226008415222168,1.261195282873662
QM9-gap-5k,GLOSS(6:1:1),53,3,0.357,79.2533485323454,0.13169097900390625,1.2752042830296568
QM9-gap-5k,GLOSS(6:1:1),53,4,0.3613,80.4787688800228,0.1398639678955078,1.2679232373218805
QM9-gap-5k,GLOSS(6:1:1),53,5,0.373,83.81305215161015,0.1423780918121338,1.2577496641861856
QM9-gap-5k,GLOSS(6:1:1),53,6,0.3879,88.05927614705045,0.14344286918640137,1.2760878954676471
QM9-gap-5k,GLOSS(6:1:1),53,7,0.3879,88.05927614705045,0.15442323684692383,1.2311344126559172
QM9-gap-5k,GLOSS(6:1:1),53,8,0.3879,88.05927614705045,0.15420126914978027,1.2037447434397026
QM9-gap-5k,GLOSS(6:1:1),53,9,0.3879,88.05927614705045,0.1559000015258789,1.159648451871758
QM9-gap-5k,GLOSS(6:1:1),53,10,0.3879,88.05927614705045,0.15809202194213867,1.1149725519236775
QM9-gap-5k,GLOSS(6:1:1),53,11,0.3879,88.05927614705045,0.16374492645263672,1.0891511507564313
QM9-gap-5k,GLOSS(6:1:1),53,12,0.4298,100.0,0.16770267486572266,1.0706145783640701
QM9-gap-5k,GLOSS(6:1:1),53,13,0.4298,100.0,0.17254924774169922,1.0743940291217204
QM9-gap-5k,GLOSS(6:1:1),53,14,0.4298,100.0,0.1740400791168213,1.0520240686816626
QM9-gap-5k,GLOSS(6:1:1),53,15,0.4298,100.0,0.18002581596374512,1.0358508436367693
QM9-gap-5k,GLOSS(6:1:1),53,16,0.4298,100.0,0.18461918830871582,1.03475504825492
QM9-gap-5k,GLOSS(6:1:1),53,17,0.4298,100.0,0.18755364418029785,1.0264210892361119
QM9-gap-5k,GLOSS(6:1:1),53,18,0.4298,100.0,0.1874229907989502,1.017715666578381
QM9-gap-5k,GLOSS(6:1:1),53,19,0.4298,100.0,0.18868589401245117,1.0059236207684392
QM9-gap-5k,GLOSS(2:3:3),59,-1,0.2101,37.38956967797093,0.0,0.0
QM9-gap-5k,GLOSS(2:3:3),59,0,0.334,72.69877457965232,0.12523889541625977,0.8740757599336534
QM9-gap-5k,GLOSS(2:3:3),59,1,0.373,83.81305215161015,0.13226580619812012,0.9076626755198915
QM9-gap-5k,GLOSS(2:3:3),59,2,0.3879,88.05927614705045,0.13228297233581543,1.0862573142855563
QM9-gap-5k,GLOSS(2:3:3),59,3,0.3879,88.05927614705045,0.1380319595336914,1.0539426194417234
QM9-gap-5k,GLOSS(2:3:3),59,4,0.4117,94.84183528070676,0.1398601531982422,1.030587737613333
QM9-gap-5k,GLOSS(2:3:3),59,5,0.4298,100.0,0.14740395545959473,1.0649692870408656
QM9-gap-5k,GLOSS(2:3:3),59,6,0.4298,100.0,0.14750385284423828,1.0780374874600804
QM9-gap-5k,GLOSS(2:3:3),59,7,0.4298,100.0,0.14923310279846191,1.058383785399103
QM9-gap-5k,GLOSS(2:3:3),59,8,0.4298,100.0,0.15224909782409668,1.090232622196726
QM9-gap-5k,GLOSS(2:3:3),59,9,0.4298,100.0,0.1562790870666504,1.0812724084267644
QM9-gap-5k,GLOSS(2:3:3),59,10,0.4298,100.0,0.16025972366333008,1.0965830185730125
QM9-gap-5k,GLOSS(2:3:3),59,11,0.4298,100.0,0.16447067260742188,1.129748136551752
QM9-gap-5k,GLOSS(2:3:3),59,12,0.4298,100.0,0.17701196670532227,1.1591825056257672
QM9-gap-5k,GLOSS(2:3:3),59,13,0.4298,100.0,0.17156291007995605,1.156640948396136
QM9-gap-5k,GLOSS(2:3:3),59,14,0.4298,100.0,0.17981481552124023,1.1544889667435168
QM9-gap-5k,GLOSS(2:3:3),59,15,0.4298,100.0,0.1716001033782959,1.1659532689901222
QM9-gap-5k,GLOSS(2:3:3),59,16,0.4298,100.0,0.17980599403381348,1.167798072221348
QM9-gap-5k,GLOSS(2:3:3),59,17,0.4298,100.0,0.18456602096557617,1.1799077403095561
QM9-gap-5k,GLOSS(2:3:3),59,18,0.4298,100.0,0.18370628356933594,1.1846059447359178
QM9-gap-5k,GLOSS(2:3:3),59,19,0.4298,100.0,0.19145989418029785,1.1950381495741569
QM9-gap-5k,GLOSS(4:2:2),59,-1,0.2101,37.38956967797093,0.0,0.0
QM9-gap-5k,GLOSS(4:2:2),59,0,0.334,72.69877457965232,0.1290590763092041,0.7101535603365169
QM9-gap-5k,GLOSS(4:2:2),59,1,0.4128,95.1553149045312,0.1330249309539795,0.8564270812381359
QM9-gap-5k,GLOSS(4:2:2),59,2,0.4128,95.1553149045312,0.1337263584136963,0.9458046165629435
QM9-gap-5k,GLOSS(4:2:2),59,3,0.4298,100.0,0.1387939453125,1.039255581877449
QM9-gap-5k,GLOSS(4:2:2),59,4,0.4298,100.0,0.13532018661499023,1.1386349203161898
QM9-gap-5k,GLOSS(4:2:2),59,5,0.4298,100.0,0.14053106307983398,1.158015986615816
QM9-gap-5k,GLOSS(4:2:2),59,6,0.4298,100.0,0.1441330909729004,1.135201687732065
QM9-gap-5k,GLOSS(4:2:2),59,7,0.4298,100.0,0.1470038890838623,1.1442813475579034
QM9-gap-5k,GLOSS(4:2:2),59,8,0.4298,100.0,0.15101003646850586,1.132679251866211
QM9-gap-5k,GLOSS(4:2:2),59,9,0.4298,100.0,0.15702342987060547,1.1209657100708774
QM9-gap-5k,GLOSS(4:2:2),59,10,0.4298,100.0,0.15752911567687988,1.129653724085139
QM9-gap-5k,GLOSS(4:2:2),59,11,0.4298,100.0,0.1603560447692871,1.1250902889581254
QM9-gap-5k,GLOSS(4:2:2),59,12,0.4298,100.0,0.16527366638183594,1.1051511692222347
QM9-gap-5k,GLOSS(4:2:2),59,13,0.4298,100.0,0.17292308807373047,1.0957539751836476
QM9-gap-5k,GLOSS(4:2:2),59,14,0.4298,100.0,0.17740130424499512,1.0959862603644375
QM9-gap-5k,GLOSS(4:2:2),59,15,0.4298,100.0,0.17989206314086914,1.0878880547368737
QM9-gap-5k,GLOSS(4:2:2),59,16,0.4298,100.0,0.17936015129089355,1.104817827804801
QM9-gap-5k,GLOSS(4:2:2),59,17,0.4298,100.0,0.18193697929382324,1.1078116576457544
QM9-gap-5k,GLOSS(4:2:2),59,18,0.4298,100.0,0.18457698822021484,1.1033901283228007
QM9-gap-5k,GLOSS(4:2:2),59,19,0.4298,100.0,0.1868898868560791,1.133761669434296
QM9-gap-5k,GLOSS(6:1:1),59,-1,0.2101,37.38956967797093,0.0,0.0
QM9-gap-5k,GLOSS(6:1:1),59,0,0.3664,81.93217440866344,0.13208889961242676,0.3443545650554262
QM9-gap-5k,GLOSS(6:1:1),59,1,0.373,83.81305215161015,0.13691210746765137,0.4721433034881966
QM9-gap-5k,GLOSS(6:1:1),59,2,0.373,83.81305215161015,0.13705110549926758,0.6372683892819532
QM9-gap-5k,GLOSS(6:1:1),59,3,0.3879,88.05927614705045,0.1372537612915039,0.7042614427969338
QM9-gap-5k,GLOSS(6:1:1),59,4,0.3879,88.05927614705045,0.14086079597473145,0.7401393494462138
QM9-gap-5k,GLOSS(6:1:1),59,5,0.3879,88.05927614705045,0.14351296424865723,0.7944406634137701
QM9-gap-5k,GLOSS(6:1:1),59,6,0.4298,100.0,0.14859509468078613,0.8249100783543553
QM9-gap-5k,GLOSS(6:1:1),59,7,0.4298,100.0,0.14821505546569824,0.9213730595386159
QM9-gap-5k,GLOSS(6:1:1),59,8,0.4298,100.0,0.15135884284973145,0.9041035530474335
QM9-gap-5k,GLOSS(6:1:1),59,9,0.4298,100.0,0.15127110481262207,0.9574325243959941
QM9-gap-5k,GLOSS(6:1:1),59,10,0.4298,100.0,0.1594390869140625,0.9311607083349885
QM9-gap-5k,GLOSS(6:1:1),59,11,0.4298,100.0,0.15899872779846191,0.9203369866259231
QM9-gap-5k,GLOSS(6:1:1),59,12,0.4298,100.0,0.16036295890808105,0.9126314242983927
QM9-gap-5k,GLOSS(6:1:1),59,13,0.4298,100.0,0.16281867027282715,0.9148809377834772
QM9-gap-5k,GLOSS(6:1:1),59,14,0.4298,100.0,0.17262911796569824,0.9111094221936865
QM9-gap-5k,GLOSS(6:1:1),59,15,0.4298,100.0,0.1740570068359375,0.9230252365263947
QM9-gap-5k,GLOSS(6:1:1),59,16,0.4298,100.0,0.17731213569641113,0.9239950685379416
QM9-gap-5k,GLOSS(6:1:1),59,17,0.4298,100.0,0.1762220859527588,0.9202018519040498
QM9-gap-5k,GLOSS(6:1:1),59,18,0.4298,100.0,0.1828632354736328,0.9033961008524495
QM9-gap-5k,GLOSS(6:1:1),59,19,0.4298,100.0,0.18510985374450684,0.8906109484659339
QM9-gap-5k,GLOSS(2:3:3),61,-1,0.1971,33.68481048731832,0.0,0.0
QM9-gap-5k,GLOSS(2:3:3),61,0,0.2789,56.996295240809346,0.13255023956298828,0.6611036037821864
QM9-gap-5k,GLOSS(2:3:3),61,1,0.3472,76.46053006554574,0.14046311378479004,0.6426871783241467
QM9-gap-5k,GLOSS(2:3:3),61,2,0.3472,76.46053006554574,0.139678955078125,0.9268862704727373
QM9-gap-5k,GLOSS(2:3:3),61,3,0.3496,77.14448560843546,0.13974595069885254,0.9917234539776364
QM9-gap-5k,GLOSS(2:3:3),61,4,0.3496,77.14448560843546,0.14284086227416992,0.9974688501637199
QM9-gap-5k,GLOSS(2:3:3),61,5,0.3575,79.39583927044741,0.1479952335357666,1.004581141477813
QM9-gap-5k,GLOSS(2:3:3),61,6,0.3664,81.93217440866344,0.14995217323303223,0.9919805198678461
QM9-gap-5k,GLOSS(2:3:3),61,7,0.3778,85.18096323738959,0.15276122093200684,1.0195346158790501
QM9-gap-5k,GLOSS(2:3:3),61,8,0.3879,88.05927614705045,0.15624117851257324,1.058940026170776
QM9-gap-5k,GLOSS(2:3:3),61,9,0.4298,100.0,0.15635991096496582,1.0936926653663324
QM9-gap-5k,GLOSS(2:3:3),61,10,0.4298,100.0,0.15868592262268066,1.092549124955167
QM9-gap-5k,GLOSS(2:3:3),61,11,0.4298,100.0,0.16668415069580078,1.0909289943540206
QM9-gap-5k,GLOSS(2:3:3),61,12,0.4298,100.0,0.1711750030517578,1.0909614380200883
QM9-gap-5k,GLOSS(2:3:3),61,13,0.4298,100.0,0.17307209968566895,1.0886064231034007
QM9-gap-5k,GLOSS(2:3:3),61,14,0.4298,100.0,0.1787700653076172,1.1075970311765622
QM9-gap-5k,GLOSS(2:3:3),61,15,0.4298,100.0,0.18262577056884766,1.109795096681912
QM9-gap-5k,GLOSS(2:3:3),61,16,0.4298,100.0,0.18737411499023438,1.1090921605081554
QM9-gap-5k,GLOSS(2:3:3),61,17,0.4298,100.0,0.18863987922668457,1.1244926920142406
QM9-gap-5k,GLOSS(2:3:3),61,18,0.4298,100.0,0.18685317039489746,1.1334825054039488
QM9-gap-5k,GLOSS(2:3:3),61,19,0.4298,100.0,0.18976998329162598,1.1386318472036867
QM9-gap-5k,GLOSS(4:2:2),61,-1,0.1971,33.68481048731832,0.0,0.0
QM9-gap-5k,GLOSS(4:2:2),61,0,0.2789,56.996295240809346,0.1290297508239746,0.5607043202118246
QM9-gap-5k,GLOSS(4:2:2),61,1,0.3578,79.48133371330864,0.1374683380126953,0.8259097115421962
QM9-gap-5k,GLOSS(4:2:2),61,2,0.3578,79.48133371330864,0.13918280601501465,0.8942554814377563
QM9-gap-5k,GLOSS(4:2:2),61,3,0.373,83.81305215161015,0.1421210765838623,0.9012029236634124
QM9-gap-5k,GLOSS(4:2:2),61,4,0.373,83.81305215161015,0.14386415481567383,0.9898462912155295
QM9-gap-5k,GLOSS(4:2:2),61,5,0.373,83.81305215161015,0.14603590965270996,0.9455771537501312
QM9-gap-5k,GLOSS(4:2:2),61,6,0.3879,88.05927614705045,0.14968395233154297,1.0048484030231097
QM9-gap-5k,GLOSS(4:2:2),61,7,0.4298,100.0,0.15560483932495117,1.0109545984913233
QM9-gap-5k,GLOSS(4:2:2),61,8,0.4298,100.0,0.16790509223937988,1.0395823327199425
QM9-gap-5k,GLOSS(4:2:2),61,9,0.4298,100.0,0.16772890090942383,1.026549684778903
QM9-gap-5k,GLOSS(4:2:2),61,10,0.4298,100.0,0.17163324356079102,1.046835086332582
QM9-gap-5k,GLOSS(4:2:2),61,11,0.4298,100.0,0.17189812660217285,1.0449115244642917
QM9-gap-5k,GLOSS(4:2:2),61,12,0.4298,100.0,0.17545700073242188,1.047497836412194
QM9-gap-5k,GLOSS(4:2:2),61,13,0.4298,100.0,0.18236470222473145,1.0570985956450212
QM9-gap-5k,GLOSS(4:2:2),61,14,0.4298,100.0,0.1902930736541748,1.075113242821651
QM9-gap-5k,GLOSS(4:2:2),61,15,0.4298,100.0,0.19014215469360352,1.1190479481941402
QM9-gap-5k,GLOSS(4:2:2),61,16,0.4298,100.0,0.1940150260925293,1.1093035197638839
QM9-gap-5k,GLOSS(4:2:2),61,17,0.4298,100.0,0.19797897338867188,1.1100710384995247
QM9-gap-5k,GLOSS(4:2:2),61,18,0.4298,100.0,0.19968318939208984,1.0994330807223478
QM9-gap-5k,GLOSS(4:2:2),61,19,0.4298,100.0,0.20799899101257324,1.0963257120999417
QM9-gap-5k,GLOSS(6:1:1),61,-1,0.1971,33.68481048731832,0.0,0.0
QM9-gap-5k,GLOSS(6:1:1),61,0,0.2789,56.996295240809346,0.13571619987487793,0.47277350268380586
QM9-gap-5k,GLOSS(6:1:1),61,1,0.3298,71.50185237959533,0.14263701438903809,0.5067534056405713
QM9-gap-5k,GLOSS(6:1:1),61,2,0.3496,77.14448560843546,0.14722204208374023,0.5932707875599925
QM9-gap-5k,GLOSS(6:1:1),61,3,0.4298,100.0,0.14684581756591797,0.7710663208109928
QM9-gap-5k,GLOSS(6:1:1),61,4,0.4298,100.0,0.14601492881774902,0.9753196270683806
QM9-gap-5k,GLOSS(6:1:1),61,5,0.4298,100.0,0.15218305587768555,1.136551715064838
QM9-gap-5k,GLOSS(6:1:1),61,6,0.4298,100.0,0.15699410438537598,1.1422497515286532
QM9-gap-5k,GLOSS(6:1:1),61,7,0.4298,100.0,0.15472674369812012,1.1217632133118376
QM9-gap-5k,GLOSS(6:1:1),61,8,0.4298,100.0,0.16379904747009277,1.1070717911375518
QM9-gap-5k,GLOSS(6:1:1),61,9,0.4298,100.0,0.1629478931427002,1.083881346416587
QM9-gap-5k,GLOSS(6:1:1),61,10,0.4298,100.0,0.16591405868530273,1.0511958542773763
QM9-gap-5k,GLOSS(6:1:1),61,11,0.4298,100.0,0.16564488410949707,1.0376625536942372
QM9-gap-5k,GLOSS(6:1:1),61,12,0.4298,100.0,0.16971397399902344,1.037573015957305
QM9-gap-5k,GLOSS(6:1:1),61,13,0.4298,100.0,0.1753840446472168,1.0207944278692416
QM9-gap-5k,GLOSS(6:1:1),61,14,0.4298,100.0,0.17660069465637207,1.021316727518562
QM9-gap-5k,GLOSS(6:1:1),61,15,0.4298,100.0,0.17862200736999512,1.0269069195554914
QM9-gap-5k,GLOSS(6:1:1),61,16,0.4298,100.0,0.18094301223754883,1.049082953079648
QM9-gap-5k,GLOSS(6:1:1),61,17,0.4298,100.0,0.1852560043334961,1.0606249869288316
QM9-gap-5k,GLOSS(6:1:1),61,18,0.4298,100.0,0.18969988822937012,1.0580799124212856
QM9-gap-5k,GLOSS(6:1:1),61,19,0.4298,100.0,0.19289803504943848,1.0756083957109637
QM9-gap-5k,GLOSS(2:3:3),67,-1,0.2038,35.59418637788544,0.0,0.0
QM9-gap-5k,GLOSS(2:3:3),67,0,0.2959,61.840980336278136,0.1361989974975586,0.6796584847572795
QM9-gap-5k,GLOSS(2:3:3),67,1,0.3578,79.48133371330864,0.14224791526794434,0.8387368810994588
QM9-gap-5k,GLOSS(2:3:3),67,2,0.3879,88.05927614705045,0.14137911796569824,0.9342550123063293
QM9-gap-5k,GLOSS(2:3:3),67,3,0.3879,88.05927614705045,0.14349794387817383,1.0537173722346673
QM9-gap-5k,GLOSS(2:3:3),67,4,0.3879,88.05927614705045,0.1444559097290039,1.0658971218382312
QM9-gap-5k,GLOSS(2:3:3),67,5,0.3879,88.05927614705045,0.1518080234527588,1.0603131810976782
QM9-gap-5k,GLOSS(2:3:3),67,6,0.3879,88.05927614705045,0.14916515350341797,1.0910870062530684
QM9-gap-5k,GLOSS(2:3:3),67,7,0.4117,94.84183528070676,0.1552567481994629,1.0988507227056181
QM9-gap-5k,GLOSS(2:3:3),67,8,0.4298,100.0,0.16142511367797852,1.112022809963931
QM9-gap-5k,GLOSS(2:3:3),67,9,0.4298,100.0,0.1592848300933838,1.1220010882848928
QM9-gap-5k,GLOSS(2:3:3),67,10,0.4298,100.0,0.16558599472045898,1.1330726568386114
QM9-gap-5k,GLOSS(2:3:3),67,11,0.4298,100.0,0.16643595695495605,1.152698030161527
QM9-gap-5k,GLOSS(2:3:3),67,12,0.4298,100.0,0.17160272598266602,1.189901928163947
QM9-gap-5k,GLOSS(2:3:3),67,13,0.4298,100.0,0.1758120059967041,1.1820438376033813
QM9-gap-5k,GLOSS(2:3:3),67,14,0.4298,100.0,0.1804029941558838,1.1987384167276958
QM9-gap-5k,GLOSS(2:3:3),67,15,0.4298,100.0,0.18500685691833496,1.2030783245786365
QM9-gap-5k,GLOSS(2:3:3),67,16,0.4298,100.0,0.19019293785095215,1.1958456406340894
QM9-gap-5k,GLOSS(2:3:3),67,17,0.4298,100.0,0.18643665313720703,1.1921520987293026
QM9-gap-5k,GLOSS(2:3:3),67,18,0.4298,100.0,0.1950528621673584,1.1899675647516346
QM9-gap-5k,GLOSS(2:3:3),67,19,0.4298,100.0,0.19693589210510254,1.1862246159696381
QM9-gap-5k,GLOSS(4:2:2),67,-1,0.2038,35.59418637788544,0.0,0.0
QM9-gap-5k,GLOSS(4:2:2),67,0,0.2793,57.11028783129096,0.13823413848876953,0.6397390892301018
QM9-gap-5k,GLOSS(4:2:2),67,1,0.3003,63.094898831575954,0.1421220302581787,0.6752581563415283
QM9-gap-5k,GLOSS(4:2:2),67,2,0.373,83.81305215161015,0.1466360092163086,0.7831536144960319
QM9-gap-5k,GLOSS(4:2:2),67,3,0.3879,88.05927614705045,0.14088010787963867,0.9228547780714267
QM9-gap-5k,GLOSS(4:2:2),67,4,0.4298,100.0,0.14038491249084473,1.017090494870091
QM9-gap-5k,GLOSS(4:2:2),67,5,0.4298,100.0,0.1430511474609375,1.012450899433239
QM9-gap-5k,GLOSS(4:2:2),67,6,0.4298,100.0,0.15340113639831543,1.0432933480232138
QM9-gap-5k,GLOSS(4:2:2),67,7,0.4298,100.0,0.1507101058959961,1.0490096033367748
QM9-gap-5k,GLOSS(4:2:2),67,8,0.4298,100.0,0.15421676635742188,1.027068801678109
QM9-gap-5k,GLOSS(4:2:2),67,9,0.4298,100.0,0.15400075912475586,1.014546373382681
QM9-gap-5k,GLOSS(4:2:2),67,10,0.4298,100.0,0.15819382667541504,0.9975077736659861
QM9-gap-5k,GLOSS(4:2:2),67,11,0.4298,100.0,0.16233611106872559,1.0039868134589158
QM9-gap-5k,GLOSS(4:2:2),67,12,0.4298,100.0,0.1621565818786621,1.0018585102307076
QM9-gap-5k,GLOSS(4:2:2),67,13,0.4298,100.0,0.1645221710205078,1.0051525325974762
QM9-gap-5k,GLOSS(4:2:2),67,14,0.4298,100.0,0.17406892776489258,0.9962956189622765
QM9-gap-5k,GLOSS(4:2:2),67,15,0.4298,100.0,0.1735527515411377,1.0230383143803883
QM9-gap-5k,GLOSS(4:2:2),67,16,0.4298,100.0,0.17991900444030762,1.0867102098883594
QM9-gap-5k,GLOSS(4:2:2),67,17,0.4298,100.0,0.17850518226623535,1.1068084283119264
QM9-gap-5k,GLOSS(4:2:2),67,18,0.4298,100.0,0.18216896057128906,1.1247682862716075
QM9-gap-5k,GLOSS(4:2:2),67,19,0.4298,100.0,0.19164586067199707,1.1367218692308012
QM9-gap-5k,GLOSS(6:1:1),67,-1,0.2038,35.59418637788544,0.0,0.0
QM9-gap-5k,GLOSS(6:1:1),67,0,0.2789,56.996295240809346,0.14212489128112793,0.49867143184595075
QM9-gap-5k,GLOSS(6:1:1),67,1,0.3273,70.7893986890852,0.135606050491333,0.8594379287687739
QM9-gap-5k,GLOSS(6:1:1),67,2,0.3496,77.14448560843546,0.13494300842285156,0.9914740610772034
QM9-gap-5k,GLOSS(6:1:1),67,3,0.3879,88.05927614705045,0.138383150100708,1.0140330921762788
QM9-gap-5k,GLOSS(6:1:1),67,4,0.3879,88.05927614705045,0.14069771766662598,1.1063853658119858
QM9-gap-5k,GLOSS(6:1:1),67,5,0.4298,100.0,0.1464698314666748,1.1648855710672372
QM9-gap-5k,GLOSS(6:1:1),67,6,0.4298,100.0,0.15257596969604492,1.2135932768847386
QM9-gap-5k,GLOSS(6:1:1),67,7,0.4298,100.0,0.15130996704101562,1.1886078057708587
QM9-gap-5k,GLOSS(6:1:1),67,8,0.4298,100.0,0.15668582916259766,1.2174207193884303
QM9-gap-5k,GLOSS(6:1:1),67,9,0.4298,100.0,0.15799403190612793,1.293549608695332
QM9-gap-5k,GLOSS(6:1:1),67,10,0.4298,100.0,0.16249418258666992,1.2898791871315844
QM9-gap-5k,GLOSS(6:1:1),67,11,0.4298,100.0,0.1634068489074707,1.2667948388768724
QM9-gap-5k,GLOSS(6:1:1),67,12,0.4298,100.0,0.16861391067504883,1.240817832396467
QM9-gap-5k,GLOSS(6:1:1),67,13,0.4298,100.0,0.16942310333251953,1.217114945765896
QM9-gap-5k,GLOSS(6:1:1),67,14,0.4298,100.0,0.17515063285827637,1.2051139664482815
QM9-gap-5k,GLOSS(6:1:1),67,15,0.4298,100.0,0.174102783203125,1.1934332632184188
QM9-gap-5k,GLOSS(6:1:1),67,16,0.4298,100.0,0.17705917358398438,1.1693302503738356
QM9-gap-5k,GLOSS(6:1:1),67,17,0.4298,100.0,0.17787599563598633,1.1482495721687371
QM9-gap-5k,GLOSS(6:1:1),67,18,0.4298,100.0,0.19105005264282227,1.1312424025849703
QM9-gap-5k,GLOSS(6:1:1),67,19,0.4298,100.0,0.1936960220336914,1.1163901661438544
QM9-gap-10k,GLOSS(2:3:3),47,-1,0.2091,30.570556468654615,0.0,0.0
QM9-gap-10k,GLOSS(2:3:3),47,0,0.3298,58.91054238084057,0.23409199714660645,0.6807192726211196
QM9-gap-10k,GLOSS(2:3:3),47,1,0.3879,72.55224231040151,0.22029519081115723,0.8588713075183725
QM9-gap-10k,GLOSS(2:3:3),47,2,0.5048,100.0,0.214277982711792,1.1193571701732217
QM9-gap-10k,GLOSS(2:3:3),47,3,0.5048,100.0,0.21691298484802246,1.092777632914371
QM9-gap-10k,GLOSS(2:3:3),47,4,0.5048,100.0,0.23155784606933594,1.0885863919453196
QM9-gap-10k,GLOSS(2:3:3),47,5,0.5048,100.0,0.24585890769958496,1.0881581637080011
QM9-gap-10k,GLOSS(2:3:3),47,6,0.5048,100.0,0.24843215942382812,1.081844307282616
QM9-gap-10k,GLOSS(2:3:3),47,7,0.5048,100.0,0.25856614112854004,1.1036889328023625
QM9-gap-10k,GLOSS(2:3:3),47,8,0.5048,100.0,0.25380492210388184,1.100475720953743
QM9-gap-10k,GLOSS(2:3:3),47,9,0.5048,100.0,0.25916314125061035,1.1004077234123812
QM9-gap-10k,GLOSS(2:3:3),47,10,0.5048,100.0,0.26816606521606445,1.0961764739238145
QM9-gap-10k,GLOSS(2:3:3),47,11,0.5048,100.0,0.25594401359558105,1.1242463560715703
QM9-gap-10k,GLOSS(2:3:3),47,12,0.5048,100.0,0.2690248489379883,1.1222043101385806
QM9-gap-10k,GLOSS(2:3:3),47,13,0.5048,100.0,0.26464414596557617,1.1337854520254658
QM9-gap-10k,GLOSS(2:3:3),47,14,0.5048,100.0,0.27292537689208984,1.1243547294160996
QM9-gap-10k,GLOSS(2:3:3),47,15,0.5048,100.0,0.27403807640075684,1.1143505528590745
QM9-gap-10k,GLOSS(2:3:3),47,16,0.5048,100.0,0.2915949821472168,1.113170792446871
QM9-gap-10k,GLOSS(2:3:3),47,17,0.5048,100.0,0.2833220958709717,1.1090026525025494
QM9-gap-10k,GLOSS(2:3:3),47,18,0.5048,100.0,0.28204798698425293,1.1249431359167645
QM9-gap-10k,GLOSS(2:3:3),47,19,0.5048,100.0,0.2907390594482422,1.1332869234709146
QM9-gap-10k,GLOSS(4:2:2),47,-1,0.2091,30.570556468654615,0.0,0.0
QM9-gap-10k,GLOSS(4:2:2),47,0,0.3298,58.91054238084057,0.21886301040649414,0.636927654725045
QM9-gap-10k,GLOSS(4:2:2),47,1,0.364,66.94059638412773,0.21814918518066406,0.6955266901390751
QM9-gap-10k,GLOSS(4:2:2),47,2,0.5048,100.0,0.22301888465881348,0.9237099714256668
QM9-gap-10k,GLOSS(4:2:2),47,3,0.5048,100.0,0.22790813446044922,1.014901260106263
QM9-gap-10k,GLOSS(4:2:2),47,4,0.5048,100.0,0.2327580451965332,0.991678003246219
QM9-gap-10k,GLOSS(4:2:2),47,5,0.5048,100.0,0.2381749153137207,0.9687243967003805
QM9-gap-10k,GLOSS(4:2:2),47,6,0.5048,100.0,0.24266290664672852,1.011402376039625
QM9-gap-10k,GLOSS(4:2:2),47,7,0.5048,100.0,0.24949097633361816,1.0227297155111927
QM9-gap-10k,GLOSS(4:2:2),47,8,0.5048,100.0,0.2380831241607666,1.0024953382242057
QM9-gap-10k,GLOSS(4:2:2),47,9,0.5048,100.0,0.24988198280334473,1.0057964806818822
QM9-gap-10k,GLOSS(4:2:2),47,10,0.5048,100.0,0.2526590824127197,1.003293026916792
QM9-gap-10k,GLOSS(4:2:2),47,11,0.5048,100.0,0.27335119247436523,1.0154608048061167
QM9-gap-10k,GLOSS(4:2:2),47,12,0.5048,100.0,0.25536489486694336,1.0204006718791112
QM9-gap-10k,GLOSS(4:2:2),47,13,0.5048,100.0,0.2644779682159424,1.0045316709813477
QM9-gap-10k,GLOSS(4:2:2),47,14,0.5048,100.0,0.26629114151000977,0.991555853210183
QM9-gap-10k,GLOSS(4:2:2),47,15,0.5048,100.0,0.2797670364379883,0.9852046767990829
QM9-gap-10k,GLOSS(4:2:2),47,16,0.5048,100.0,0.27723217010498047,0.9701526690531133
QM9-gap-10k,GLOSS(4:2:2),47,17,0.5048,100.0,0.2817511558532715,0.9617254825269906
QM9-gap-10k,GLOSS(4:2:2),47,18,0.5048,100.0,0.28226208686828613,0.9529622757604097
QM9-gap-10k,GLOSS(4:2:2),47,19,0.5048,100.0,0.2919318675994873,0.9431077022244984
QM9-gap-10k,GLOSS(6:1:1),47,-1,0.2091,30.570556468654615,0.0,0.0
QM9-gap-10k,GLOSS(6:1:1),47,0,0.3162,55.71730453158017,0.2284529209136963,0.4659001760718087
QM9-gap-10k,GLOSS(6:1:1),47,1,0.3336,59.80277060342804,0.2278578281402588,0.5670596157915004
QM9-gap-10k,GLOSS(6:1:1),47,2,0.373,69.05376849025593,0.23116111755371094,0.638816949032943
QM9-gap-10k,GLOSS(6:1:1),47,3,0.3891,72.8339985912186,0.23697590827941895,0.739822400681226
QM9-gap-10k,GLOSS(6:1:1),47,4,0.3891,72.8339985912186,0.23418402671813965,0.8626898123184861
QM9-gap-10k,GLOSS(6:1:1),47,5,0.4128,78.39868513735617,0.24065804481506348,0.8522526265939018
QM9-gap-10k,GLOSS(6:1:1),47,6,0.4128,78.39868513735617,0.24318885803222656,0.8539802906442924
QM9-gap-10k,GLOSS(6:1:1),47,7,0.4128,78.39868513735617,0.25130605697631836,0.8850109725943875
QM9-gap-10k,GLOSS(6:1:1),47,8,0.4128,78.39868513735617,0.2485959529876709,0.8728192016023861
QM9-gap-10k,GLOSS(6:1:1),47,9,0.5048,100.0,0.26240015029907227,0.9355191499087303
QM9-gap-10k,GLOSS(6:1:1),47,10,0.5048,100.0,0.2561650276184082,0.955895129600524
QM9-gap-10k,GLOSS(6:1:1),47,11,0.5048,100.0,0.25836801528930664,0.9423729497571506
QM9-gap-10k,GLOSS(6:1:1),47,12,0.5048,100.0,0.2608051300048828,0.9403280162369885
QM9-gap-10k,GLOSS(6:1:1),47,13,0.5048,100.0,0.26166796684265137,0.9238704238510591
QM9-gap-10k,GLOSS(6:1:1),47,14,0.5048,100.0,0.2679171562194824,0.9144384667717491
QM9-gap-10k,GLOSS(6:1:1),47,15,0.5048,100.0,0.27701783180236816,0.9063159663489982
QM9-gap-10k,GLOSS(6:1:1),47,16,0.5048,100.0,0.28009796142578125,0.8898358619407019
QM9-gap-10k,GLOSS(6:1:1),47,17,0.5048,100.0,0.2856152057647705,0.8927872846789933
QM9-gap-10k,GLOSS(6:1:1),47,18,0.5048,100.0,0.2855842113494873,0.8893954405995795
QM9-gap-10k,GLOSS(6:1:1),47,19,0.5048,100.0,0.28578996658325195,0.8748174251096976
QM9-gap-10k,GLOSS(2:3:3),53,-1,0.2089,30.52359708851843,0.0,0.0
QM9-gap-10k,GLOSS(2:3:3),53,0,0.3123,54.801596618924634,0.21468710899353027,0.9016798718466736
QM9-gap-10k,GLOSS(2:3:3),53,1,0.3659,67.38671049542147,0.20911693572998047,0.8845260660225994
QM9-gap-10k,GLOSS(2:3:3),53,2,0.3758,69.71119981216248,0.2165818214416504,0.8848550567147652
QM9-gap-10k,GLOSS(2:3:3),53,3,0.3758,69.71119981216248,0.22098112106323242,0.920546201645205
QM9-gap-10k,GLOSS(2:3:3),53,4,0.3758,69.71119981216248,0.23610639572143555,0.9105468729594497
QM9-gap-10k,GLOSS(2:3:3),53,5,0.3758,69.71119981216248,0.22855877876281738,0.9178418242103421
QM9-gap-10k,GLOSS(2:3:3),53,6,0.3758,69.71119981216248,0.23347091674804688,0.9594743743486198
QM9-gap-10k,GLOSS(2:3:3),53,7,0.5048,100.0,0.24639105796813965,1.027410669510505
QM9-gap-10k,GLOSS(2:3:3),53,8,0.5048,100.0,0.25406384468078613,1.0337946215584115
QM9-gap-10k,GLOSS(2:3:3),53,9,0.5048,100.0,0.24094700813293457,1.0376424352198261
QM9-gap-10k,GLOSS(2:3:3),53,10,0.5048,100.0,0.2576918601989746,1.0505201609586412
QM9-gap-10k,GLOSS(2:3:3),53,11,0.5048,100.0,0.2739078998565674,1.0676311854611051
QM9-gap-10k,GLOSS(2:3:3),53,12,0.5048,100.0,0.2634389400482178,1.0917385158166975
QM9-gap-10k,GLOSS(2:3:3),53,13,0.5048,100.0,0.27224302291870117,1.0922940292879983
QM9-gap-10k,GLOSS(2:3:3),53,14,0.5048,100.0,0.2833211421966553,1.0978646221092312
QM9-gap-10k,GLOSS(2:3:3),53,15,0.5048,100.0,0.283405065536499,1.1149643260094324
QM9-gap-10k,GLOSS(2:3:3),53,16,0.5048,100.0,0.28456592559814453,1.124267666950088
QM9-gap-10k,GLOSS(2:3:3),53,17,0.5048,100.0,0.29480600357055664,1.1306179387095707
QM9-gap-10k,GLOSS(2:3:3),53,18,0.5048,100.0,0.3066120147705078,1.1324053135848973
QM9-gap-10k,GLOSS(2:3:3),53,19,0.5048,100.0,0.30215883255004883,1.1243379622404392
QM9-gap-10k,GLOSS(4:2:2),53,-1,0.2089,30.52359708851843,0.0,0.0
QM9-gap-10k,GLOSS(4:2:2),53,0,0.2862,48.67339751115285,0.2127540111541748,0.7778276869938814
QM9-gap-10k,GLOSS(4:2:2),53,1,0.4117,78.14040854660718,0.21452593803405762,1.0024068848771708
QM9-gap-10k,GLOSS(4:2:2),53,2,0.4298,82.39023244893167,0.2098832130432129,1.0868637543158777
QM9-gap-10k,GLOSS(4:2:2),53,3,0.5048,100.0,0.22810697555541992,1.1795467185777917
QM9-gap-10k,GLOSS(4:2:2),53,4,0.5048,100.0,0.22764897346496582,1.1956674297946381
QM9-gap-10k,GLOSS(4:2:2),53,5,0.5048,100.0,0.2334301471710205,1.1807824242974096
QM9-gap-10k,GLOSS(4:2:2),53,6,0.5048,100.0,0.24413204193115234,1.1657499811327268
QM9-gap-10k,GLOSS(4:2:2),53,7,0.5048,100.0,0.24769306182861328,1.132128731437305
QM9-gap-10k,GLOSS(4:2:2),53,8,0.5048,100.0,0.25173091888427734,1.1160013453705724
QM9-gap-10k,GLOSS(4:2:2),53,9,0.5048,100.0,0.24602007865905762,1.0938621525484349
QM9-gap-10k,GLOSS(4:2:2),53,10,0.5048,100.0,0.26126694679260254,1.0963215144275256
QM9-gap-10k,GLOSS(4:2:2),53,11,0.5048,100.0,0.2645149230957031,1.096496606839969
QM9-gap-10k,GLOSS(4:2:2),53,12,0.5048,100.0,0.26334095001220703,1.0881448335228336
QM9-gap-10k,GLOSS(4:2:2),53,13,0.5048,100.0,0.2643728256225586,1.0975322023595857
QM9-gap-10k,GLOSS(4:2:2),53,14,0.5048,100.0,0.2723979949951172,1.0955699259148033
QM9-gap-10k,GLOSS(4:2:2),53,15,0.5048,100.0,0.28255391120910645,1.0893730778757555
QM9-gap-10k,GLOSS(4:2:2),53,16,0.5048,100.0,0.2823629379272461,1.1042368693534133
QM9-gap-10k,GLOSS(4:2:2),53,17,0.5048,100.0,0.2912869453430176,1.126645090625406
QM9-gap-10k,GLOSS(4:2:2),53,18,0.5048,100.0,0.29697585105895996,1.130732736911201
QM9-gap-10k,GLOSS(4:2:2),53,19,0.5048,100.0,0.2921872138977051,1.1217205343584666
QM9-gap-10k,GLOSS(6:1:1),53,-1,0.2089,30.52359708851843,0.0,0.0
QM9-gap-10k,GLOSS(6:1:1),53,0,0.2861,48.649917821084756,0.2170398235321045,0.7007868238473838
QM9-gap-10k,GLOSS(6:1:1),53,1,0.4117,78.14040854660718,0.2067408561706543,0.9976711418631685
QM9-gap-10k,GLOSS(6:1:1),53,2,0.4298,82.39023244893167,0.2057192325592041,1.036077858580139
QM9-gap-10k,GLOSS(6:1:1),53,3,0.4298,82.39023244893167,0.2189011573791504,1.216158056979049
QM9-gap-10k,GLOSS(6:1:1),53,4,0.4298,82.39023244893167,0.22681879997253418,1.2293986130625152
QM9-gap-10k,GLOSS(6:1:1),53,5,0.5048,100.0,0.23009109497070312,1.257625137007458
QM9-gap-10k,GLOSS(6:1:1),53,6,0.5048,100.0,0.2346339225769043,1.2468782358689763
QM9-gap-10k,GLOSS(6:1:1),53,7,0.5048,100.0,0.24037623405456543,1.2206959742786156
QM9-gap-10k,GLOSS(6:1:1),53,8,0.5048,100.0,0.2472379207611084,1.2070523493700738
QM9-gap-10k,GLOSS(6:1:1),53,9,0.5048,100.0,0.24985098838806152,1.1973825070176487
QM9-gap-10k,GLOSS(6:1:1),53,10,0.5048,100.0,0.24932503700256348,1.1693826570238401
QM9-gap-10k,GLOSS(6:1:1),53,11,0.5048,100.0,0.26224398612976074,1.1434537903162656
QM9-gap-10k,GLOSS(6:1:1),53,12,0.5048,100.0,0.27065300941467285,1.1225993563269572
QM9-gap-10k,GLOSS(6:1:1),53,13,0.5048,100.0,0.2646949291229248,1.1153707783734355
QM9-gap-10k,GLOSS(6:1:1),53,14,0.5048,100.0,0.28878211975097656,1.1055200478175577
QM9-gap-10k,GLOSS(6:1:1),53,15,0.5048,100.0,0.29193997383117676,1.096402234993642
QM9-gap-10k,GLOSS(6:1:1),53,16,0.5048,100.0,0.27678513526916504,1.0828173973081123
QM9-gap-10k,GLOSS(6:1:1),53,17,0.5048,100.0,0.28470301628112793,1.084799044200431
QM9-gap-10k,GLOSS(6:1:1),53,18,0.5048,100.0,0.2859799861907959,1.0775751626210812
QM9-gap-10k,GLOSS(6:1:1),53,19,0.5048,100.0,0.2916741371154785,1.0733618136134095
QM9-gap-10k,GLOSS(2:3:3),59,-1,0.2083,30.382718948109883,0.0,0.0
QM9-gap-10k,GLOSS(2:3:3),59,0,0.3028,52.57102606245597,0.21846508979797363,0.6937228807518722
QM9-gap-10k,GLOSS(2:3:3),59,1,0.337,60.60108006574312,0.2229630947113037,0.8410533425953504
QM9-gap-10k,GLOSS(2:3:3),59,2,0.3891,72.8339985912186,0.23291707038879395,0.9198490290017356
QM9-gap-10k,GLOSS(2:3:3),59,3,0.5048,100.0,0.23912811279296875,1.0161724823624356
QM9-gap-10k,GLOSS(2:3:3),59,4,0.5048,100.0,0.24168086051940918,1.0340082591730015
QM9-gap-10k,GLOSS(2:3:3),59,5,0.5048,100.0,0.23806118965148926,1.0442147751461368
QM9-gap-10k,GLOSS(2:3:3),59,6,0.5048,100.0,0.24036669731140137,1.0477940239482237
QM9-gap-10k,GLOSS(2:3:3),59,7,0.5048,100.0,0.24181604385375977,1.0573450466975332
QM9-gap-10k,GLOSS(2:3:3),59,8,0.5048,100.0,0.2444748878479004,1.0354244877448089
QM9-gap-10k,GLOSS(2:3:3),59,9,0.5048,100.0,0.24386191368103027,1.0583684895418906
QM9-gap-10k,GLOSS(2:3:3),59,10,0.5048,100.0,0.25029706954956055,1.0605560306330857
QM9-gap-10k,GLOSS(2:3:3),59,11,0.5048,100.0,0.25948286056518555,1.0614991927780386
QM9-gap-10k,GLOSS(2:3:3),59,12,0.5048,100.0,0.28300905227661133,1.063936371720232
QM9-gap-10k,GLOSS(2:3:3),59,13,0.5048,100.0,0.26872992515563965,1.0561554083874443
QM9-gap-10k,GLOSS(2:3:3),59,14,0.5048,100.0,0.26786303520202637,1.061884765373922
QM9-gap-10k,GLOSS(2:3:3),59,15,0.5048,100.0,0.28220701217651367,1.0692887637282855
QM9-gap-10k,GLOSS(2:3:3),59,16,0.5048,100.0,0.28578996658325195,1.0839586520091749
QM9-gap-10k,GLOSS(2:3:3),59,17,0.5048,100.0,0.29852294921875,1.0986927584964068
QM9-gap-10k,GLOSS(2:3:3),59,18,0.5048,100.0,0.2974977493286133,1.0992519970436587
QM9-gap-10k,GLOSS(2:3:3),59,19,0.5048,100.0,0.29595303535461426,1.0920218513103037
QM9-gap-10k,GLOSS(4:2:2),59,-1,0.2083,30.382718948109883,0.0,0.0
QM9-gap-10k,GLOSS(4:2:2),59,0,0.2704,44.963606480394446,0.2313082218170166,0.41585537837274905
QM9-gap-10k,GLOSS(4:2:2),59,1,0.2795,47.10025827659075,0.24038290977478027,0.45627224761171925
QM9-gap-10k,GLOSS(4:2:2),59,2,0.288,49.09603193237848,0.2497551441192627,0.5934011971429171
QM9-gap-10k,GLOSS(4:2:2),59,3,0.3422,61.82202394928385,0.24893689155578613,0.7318535539916761
QM9-gap-10k,GLOSS(4:2:2),59,4,0.3613,66.30664475228926,0.23997116088867188,0.8239522258105453
QM9-gap-10k,GLOSS(4:2:2),59,5,0.3891,72.8339985912186,0.24877595901489258,0.8833850954416056
QM9-gap-10k,GLOSS(4:2:2),59,6,0.5048,100.0,0.2535078525543213,0.9881709246530527
QM9-gap-10k,GLOSS(4:2:2),59,7,0.5048,100.0,0.2532200813293457,1.0500084437661341
QM9-gap-10k,GLOSS(4:2:2),59,8,0.5048,100.0,0.2583918571472168,1.0515700687141543
QM9-gap-10k,GLOSS(4:2:2),59,9,0.5048,100.0,0.2657651901245117,1.0217778938228816
QM9-gap-10k,GLOSS(4:2:2),59,10,0.5048,100.0,0.26825404167175293,1.0185048659681295
QM9-gap-10k,GLOSS(4:2:2),59,11,0.5048,100.0,0.27670979499816895,1.014595112503157
QM9-gap-10k,GLOSS(4:2:2),59,12,0.5048,100.0,0.2746100425720215,1.013288996693898
QM9-gap-10k,GLOSS(4:2:2),59,13,0.5048,100.0,0.2840888500213623,1.0065105329674182
QM9-gap-10k,GLOSS(4:2:2),59,14,0.5048,100.0,0.2922790050506592,1.0006106472274108
QM9-gap-10k,GLOSS(4:2:2),59,15,0.5048,100.0,0.2872490882873535,1.0085028220385994
QM9-gap-10k,GLOSS(4:2:2),59,16,0.5048,100.0,0.29331278800964355,1.0262957743149042
QM9-gap-10k,GLOSS(4:2:2),59,17,0.5048,100.0,0.2920210361480713,1.0231643142138638
QM9-gap-10k,GLOSS(4:2:2),59,18,0.5048,100.0,0.3028552532196045,1.0285613567759753
QM9-gap-10k,GLOSS(4:2:2),59,19,0.5048,100.0,0.3077261447906494,1.0321488383764583
QM9-gap-10k,GLOSS(6:1:1),59,-1,0.2083,30.382718948109883,0.0,0.0
QM9-gap-10k,GLOSS(6:1:1),59,0,0.3028,52.57102606245597,0.2321610450744629,0.3568917231336311
QM9-gap-10k,GLOSS(6:1:1),59,1,0.3028,52.57102606245597,0.23553109169006348,0.49846833642774985
QM9-gap-10k,GLOSS(6:1:1),59,2,0.3282,58.53486733975111,0.24840188026428223,0.6196057870964271
QM9-gap-10k,GLOSS(6:1:1),59,3,0.3477,63.11340690302888,0.2552330493927002,0.7111992619227436
QM9-gap-10k,GLOSS(6:1:1),59,4,0.3799,70.67386710495421,0.24143409729003906,0.8087203957956679
QM9-gap-10k,GLOSS(6:1:1),59,5,0.3799,70.67386710495421,0.2495880126953125,0.9136761644867989
QM9-gap-10k,GLOSS(6:1:1),59,6,0.3879,72.55224231040151,0.2562906742095947,0.9411038916719159
QM9-gap-10k,GLOSS(6:1:1),59,7,0.5048,100.0,0.2521510124206543,1.0022204221465394
QM9-gap-10k,GLOSS(6:1:1),59,8,0.5048,100.0,0.2630748748779297,1.0348814021605217
QM9-gap-10k,GLOSS(6:1:1),59,9,0.5048,100.0,0.27725887298583984,1.0437238936267157
QM9-gap-10k,GLOSS(6:1:1),59,10,0.5048,100.0,0.27255797386169434,1.0256038296615118
QM9-gap-10k,GLOSS(6:1:1),59,11,0.5048,100.0,0.2662382125854492,1.017604818074597
QM9-gap-10k,GLOSS(6:1:1),59,12,0.5048,100.0,0.2622530460357666,1.016627067411882
QM9-gap-10k,GLOSS(6:1:1),59,13,0.5048,100.0,0.27340078353881836,1.0314695572473938
QM9-gap-10k,GLOSS(6:1:1),59,14,0.5048,100.0,0.27796483039855957,1.0322100092403554
QM9-gap-10k,GLOSS(6:1:1),59,15,0.5048,100.0,0.2827742099761963,1.0413612742489544
QM9-gap-10k,GLOSS(6:1:1),59,16,0.5048,100.0,0.2921719551086426,1.0413558733479413
QM9-gap-10k,GLOSS(6:1:1),59,17,0.5048,100.0,0.29115796089172363,1.0265023234522326
QM9-gap-10k,GLOSS(6:1:1),59,18,0.5048,100.0,0.3106682300567627,1.022217546531878
QM9-gap-10k,GLOSS(6:1:1),59,19,0.5048,100.0,0.31240010261535645,1.0104874875715175
QM9-gap-10k,GLOSS(2:3:3),61,-1,0.2092,30.594036158722698,0.0,0.0
QM9-gap-10k,GLOSS(2:3:3),61,0,0.3116,54.63723878844798,0.2432389259338379,0.732049574865768
QM9-gap-10k,GLOSS(2:3:3),61,1,0.3472,62.996008452688415,0.2375781536102295,0.8989924694496843
QM9-gap-10k,GLOSS(2:3:3),61,2,0.4128,78.39868513735617,0.2486720085144043,0.9553792751678402
QM9-gap-10k,GLOSS(2:3:3),61,3,0.5048,100.0,0.2394580841064453,1.0484281450379793
QM9-gap-10k,GLOSS(2:3:3),61,4,0.5048,100.0,0.23782110214233398,1.1102551575243271
QM9-gap-10k,GLOSS(2:3:3),61,5,0.5048,100.0,0.24599909782409668,1.1024103788681263
QM9-gap-10k,GLOSS(2:3:3),61,6,0.5048,100.0,0.24821710586547852,1.1254561897985318
QM9-gap-10k,GLOSS(2:3:3),61,7,0.5048,100.0,0.2482590675354004,1.1165717141898273
QM9-gap-10k,GLOSS(2:3:3),61,8,0.5048,100.0,0.25166797637939453,1.1531939362051373
QM9-gap-10k,GLOSS(2:3:3),61,9,0.5048,100.0,0.2668642997741699,1.1484620508459473
QM9-gap-10k,GLOSS(2:3:3),61,10,0.5048,100.0,0.26178479194641113,1.1427428392846426
QM9-gap-10k,GLOSS(2:3:3),61,11,0.5048,100.0,0.2653229236602783,1.1474726890176348
QM9-gap-10k,GLOSS(2:3:3),61,12,0.5048,100.0,0.2592639923095703,1.1542206462942872
QM9-gap-10k,GLOSS(2:3:3),61,13,0.5048,100.0,0.26183414459228516,1.144066483712543
QM9-gap-10k,GLOSS(2:3:3),61,14,0.5048,100.0,0.26725125312805176,1.146835135024052
QM9-gap-10k,GLOSS(2:3:3),61,15,0.5048,100.0,0.2714121341705322,1.1471608366652735
QM9-gap-10k,GLOSS(2:3:3),61,16,0.5048,100.0,0.2774839401245117,1.148301567551294
QM9-gap-10k,GLOSS(2:3:3),61,17,0.5048,100.0,0.28621602058410645,1.1491880818099431
QM9-gap-10k,GLOSS(2:3:3),61,18,0.5048,100.0,0.2849452495574951,1.1582859495584419
QM9-gap-10k,GLOSS(2:3:3),61,19,0.5048,100.0,0.2938230037689209,1.1594116935720908
QM9-gap-10k,GLOSS(4:2:2),61,-1,0.2092,30.594036158722698,0.0,0.0
QM9-gap-10k,GLOSS(4:2:2),61,0,0.3116,54.63723878844798,0.23336029052734375,0.671364473904039
QM9-gap-10k,GLOSS(4:2:2),61,1,0.3452,62.52641465132659,0.22307777404785156,0.8393105817450162
QM9-gap-10k,GLOSS(4:2:2),61,2,0.3466,62.85513031227988,0.2240908145904541,0.9424932265038716
QM9-gap-10k,GLOSS(4:2:2),61,3,0.3891,72.8339985912186,0.23226690292358398,0.9291189765931525
QM9-gap-10k,GLOSS(4:2:2),61,4,0.3891,72.8339985912186,0.22947096824645996,0.965000609839469
QM9-gap-10k,GLOSS(4:2:2),61,5,0.4128,78.39868513735617,0.24175000190734863,0.9526131297652742
QM9-gap-10k,GLOSS(4:2:2),61,6,0.5048,100.0,0.2404639720916748,0.9931144490045892
QM9-gap-10k,GLOSS(4:2:2),61,7,0.5048,100.0,0.2513890266418457,1.0093622651137477
QM9-gap-10k,GLOSS(4:2:2),61,8,0.5048,100.0,0.24971389770507812,1.0071315225175963
QM9-gap-10k,GLOSS(4:2:2),61,9,0.5048,100.0,0.2487020492553711,1.029558773977377
QM9-gap-10k,GLOSS(4:2:2),61,10,0.5048,100.0,0.2593977451324463,1.025266540815384
QM9-gap-10k,GLOSS(4:2:2),61,11,0.5048,100.0,0.28450608253479004,1.0146172009476906
QM9-gap-10k,GLOSS(4:2:2),61,12,0.5048,100.0,0.2640500068664551,1.0426080050050905
QM9-gap-10k,GLOSS(4:2:2),61,13,0.5048,100.0,0.2696237564086914,1.0263674251134567
QM9-gap-10k,GLOSS(4:2:2),61,14,0.5048,100.0,0.27547502517700195,1.0212677194908337
QM9-gap-10k,GLOSS(4:2:2),61,15,0.5048,100.0,0.28481221199035645,1.0078500193539417
QM9-gap-10k,GLOSS(4:2:2),61,16,0.5048,100.0,0.2824709415435791,1.0032841123388265
QM9-gap-10k,GLOSS(4:2:2),61,17,0.5048,100.0,0.299055814743042,0.9982002060950843
QM9-gap-10k,GLOSS(4:2:2),61,18,0.5048,100.0,0.29004907608032227,1.008657676706883
QM9-gap-10k,GLOSS(4:2:2),61,19,0.5048,100.0,0.29155921936035156,1.0116918691439047
QM9-gap-10k,GLOSS(6:1:1),61,-1,0.2092,30.594036158722698,0.0,0.0
QM9-gap-10k,GLOSS(6:1:1),61,0,0.3116,54.63723878844798,0.2396221160888672,0.4090661158805693
QM9-gap-10k,GLOSS(6:1:1),61,1,0.3385,60.953275416764505,0.2277660369873047,0.6632032481409709
QM9-gap-10k,GLOSS(6:1:1),61,2,0.3452,62.52641465132659,0.23702216148376465,0.6672885316646584
QM9-gap-10k,GLOSS(6:1:1),61,3,0.3799,70.67386710495421,0.24062585830688477,0.7318988630022195
QM9-gap-10k,GLOSS(6:1:1),61,4,0.3799,70.67386710495421,0.2412879467010498,0.7761801542779363
QM9-gap-10k,GLOSS(6:1:1),61,5,0.3799,70.67386710495421,0.2717897891998291,0.8705070898590782
QM9-gap-10k,GLOSS(6:1:1),61,6,0.4117,78.14040854660718,0.23917317390441895,0.8626891192557516
QM9-gap-10k,GLOSS(6:1:1),61,7,0.4298,82.39023244893167,0.2509009838104248,0.8859859019802946
QM9-gap-10k,GLOSS(6:1:1),61,8,0.5048,100.0,0.24314093589782715,0.9476573141395992
QM9-gap-10k,GLOSS(6:1:1),61,9,0.5048,100.0,0.25197911262512207,0.925759451075812
QM9-gap-10k,GLOSS(6:1:1),61,10,0.5048,100.0,0.25058579444885254,0.9198319081635492
QM9-gap-10k,GLOSS(6:1:1),61,11,0.5048,100.0,0.26075172424316406,0.8991540965935406
QM9-gap-10k,GLOSS(6:1:1),61,12,0.5048,100.0,0.2614309787750244,0.8850068131753581
QM9-gap-10k,GLOSS(6:1:1),61,13,0.5048,100.0,0.2845730781555176,0.8760216811764183
QM9-gap-10k,GLOSS(6:1:1),61,14,0.5048,100.0,0.27184414863586426,0.8550132997104786
QM9-gap-10k,GLOSS(6:1:1),61,15,0.5048,100.0,0.2792351245880127,0.8518320421072881
QM9-gap-10k,GLOSS(6:1:1),61,16,0.5048,100.0,0.2856886386871338,0.8526482938747968
QM9-gap-10k,GLOSS(6:1:1),61,17,0.5048,100.0,0.28345203399658203,0.838909329125896
QM9-gap-10k,GLOSS(6:1:1),61,18,0.5048,100.0,0.2901289463043213,0.8414096922084322
QM9-gap-10k,GLOSS(6:1:1),61,19,0.5048,100.0,0.2956550121307373,0.8467521938253457
QM9-gap-10k,GLOSS(2:3:3),67,-1,0.207,30.077482977224694,0.0,0.0
QM9-gap-10k,GLOSS(2:3:3),67,0,0.2665,44.047898567738905,0.21511507034301758,0.7454002174558957
QM9-gap-10k,GLOSS(2:3:3),67,1,0.3037,52.7823432730688,0.21674180030822754,0.8327246838862256
QM9-gap-10k,GLOSS(2:3:3),67,2,0.5048,100.0,0.2142789363861084,1.1093779512345705
QM9-gap-10k,GLOSS(2:3:3),67,3,0.5048,100.0,0.22375822067260742,1.180884861453001
QM9-gap-10k,GLOSS(2:3:3),67,4,0.5048,100.0,0.23131489753723145,1.2271915524332282
QM9-gap-10k,GLOSS(2:3:3),67,5,0.5048,100.0,0.2378392219543457,1.2122845868408054
QM9-gap-10k,GLOSS(2:3:3),67,6,0.5048,100.0,0.24184608459472656,1.2248907684330734
QM9-gap-10k,GLOSS(2:3:3),67,7,0.5048,100.0,0.242919921875,1.2180480446562725
QM9-gap-10k,GLOSS(2:3:3),67,8,0.5048,100.0,0.24108600616455078,1.1956426600268302
QM9-gap-10k,GLOSS(2:3:3),67,9,0.5048,100.0,0.2459273338317871,1.193980801693815
QM9-gap-10k,GLOSS(2:3:3),67,10,0.5048,100.0,0.2590019702911377,1.1849935986894338
QM9-gap-10k,GLOSS(2:3:3),67,11,0.5048,100.0,0.26480889320373535,1.1730148730951506
QM9-gap-10k,GLOSS(2:3:3),67,12,0.5048,100.0,0.26999902725219727,1.1766551296980872
QM9-gap-10k,GLOSS(2:3:3),67,13,0.5048,100.0,0.28946590423583984,1.1904440779298042
QM9-gap-10k,GLOSS(2:3:3),67,14,0.5048,100.0,0.2867920398712158,1.197477241154453
QM9-gap-10k,GLOSS(2:3:3),67,15,0.5048,100.0,0.28728604316711426,1.190509096658748
QM9-gap-10k,GLOSS(2:3:3),67,16,0.5048,100.0,0.2917320728302002,1.18463588598917
QM9-gap-10k,GLOSS(2:3:3),67,17,0.5048,100.0,0.2906150817871094,1.1759033505969236
QM9-gap-10k,GLOSS(2:3:3),67,18,0.5048,100.0,0.29270505905151367,1.1837335339362023
QM9-gap-10k,GLOSS(2:3:3),67,19,0.5048,100.0,0.29757022857666016,1.1854399114523455
QM9-gap-10k,GLOSS(4:2:2),67,-1,0.207,30.077482977224694,0.0,0.0
QM9-gap-10k,GLOSS(4:2:2),67,0,0.2665,44.047898567738905,0.21293377876281738,0.8871902298825732
QM9-gap-10k,GLOSS(4:2:2),67,1,0.2834,48.01596618924629,0.21554994583129883,0.9925932872493342
QM9-gap-10k,GLOSS(4:2:2),67,2,0.355,64.82742427799953,0.21294593811035156,1.108801368561948
QM9-gap-10k,GLOSS(4:2:2),67,3,0.355,64.82742427799953,0.21210718154907227,1.2418781846904094
QM9-gap-10k,GLOSS(4:2:2),67,4,0.3879,72.55224231040151,0.21741580963134766,1.2607508543575074
QM9-gap-10k,GLOSS(4:2:2),67,5,0.5048,100.0,0.23114776611328125,1.3276799412883722
QM9-gap-10k,GLOSS(4:2:2),67,6,0.5048,100.0,0.24249792098999023,1.3167893333986358
QM9-gap-10k,GLOSS(4:2:2),67,7,0.5048,100.0,0.24945473670959473,1.2981150294330186
QM9-gap-10k,GLOSS(4:2:2),67,8,0.5048,100.0,0.24494600296020508,1.2698380730280268
QM9-gap-10k,GLOSS(4:2:2),67,9,0.5048,100.0,0.24883103370666504,1.270602206120368
QM9-gap-10k,GLOSS(4:2:2),67,10,0.5048,100.0,0.25882911682128906,1.2748904298108705
QM9-gap-10k,GLOSS(4:2:2),67,11,0.5048,100.0,0.27369213104248047,1.2641139308919525
QM9-gap-10k,GLOSS(4:2:2),67,12,0.5048,100.0,0.2708628177642822,1.2559690014874272
QM9-gap-10k,GLOSS(4:2:2),67,13,0.5048,100.0,0.27411913871765137,1.2336709627544005
QM9-gap-10k,GLOSS(4:2:2),67,14,0.5048,100.0,0.2937788963317871,1.2208684784614932
QM9-gap-10k,GLOSS(4:2:2),67,15,0.5048,100.0,0.2850658893585205,1.2172839068716623
QM9-gap-10k,GLOSS(4:2:2),67,16,0.5048,100.0,0.2885928153991699,1.2150720074470618
QM9-gap-10k,GLOSS(4:2:2),67,17,0.5048,100.0,0.3004889488220215,1.200226339166012
QM9-gap-10k,GLOSS(4:2:2),67,18,0.5048,100.0,0.2997469902038574,1.1967586564255104
QM9-gap-10k,GLOSS(4:2:2),67,19,0.5048,100.0,0.29684901237487793,1.1894083811625995
QM9-gap-10k,GLOSS(6:1:1),67,-1,0.207,30.077482977224694,0.0,0.0
QM9-gap-10k,GLOSS(6:1:1),67,0,0.334,59.896689363700396,0.20184683799743652,1.1000912739844744
QM9-gap-10k,GLOSS(6:1:1),67,1,0.3891,72.8339985912186,0.2149660587310791,1.2053307606677275
QM9-gap-10k,GLOSS(6:1:1),67,2,0.5048,100.0,0.22479796409606934,1.2751829144024684
QM9-gap-10k,GLOSS(6:1:1),67,3,0.5048,100.0,0.23642611503601074,1.2845925490184715
QM9-gap-10k,GLOSS(6:1:1),67,4,0.5048,100.0,0.24031901359558105,1.2349657693524596
QM9-gap-10k,GLOSS(6:1:1),67,5,0.5048,100.0,0.23658227920532227,1.2116756884277018
QM9-gap-10k,GLOSS(6:1:1),67,6,0.5048,100.0,0.24588584899902344,1.1754275981645326
QM9-gap-10k,GLOSS(6:1:1),67,7,0.5048,100.0,0.2531700134277344,1.1654294863760286
QM9-gap-10k,GLOSS(6:1:1),67,8,0.5048,100.0,0.2590811252593994,1.1414510041327652
QM9-gap-10k,GLOSS(6:1:1),67,9,0.5048,100.0,0.29149508476257324,1.0990278464314287
QM9-gap-10k,GLOSS(6:1:1),67,10,0.5048,100.0,0.25631093978881836,1.0715608349021484
QM9-gap-10k,GLOSS(6:1:1),67,11,0.5048,100.0,0.2669827938079834,1.0548959547680494
QM9-gap-10k,GLOSS(6:1:1),67,12,0.5048,100.0,0.2838273048400879,1.036208753970052
QM9-gap-10k,GLOSS(6:1:1),67,13,0.5048,100.0,0.2774081230163574,1.0316290146679918
QM9-gap-10k,GLOSS(6:1:1),67,14,0.5048,100.0,0.2893218994140625,1.0132830063456768
QM9-gap-10k,GLOSS(6:1:1),67,15,0.5048,100.0,0.28499603271484375,0.9976007489817841
QM9-gap-10k,GLOSS(6:1:1),67,16,0.5048,100.0,0.30086302757263184,0.9935458993838043
QM9-gap-10k,GLOSS(6:1:1),67,17,0.5048,100.0,0.2817690372467041,0.9864213520527545
QM9-gap-10k,GLOSS(6:1:1),67,18,0.5048,100.0,0.28934717178344727,0.9880708507587621
QM9-gap-10k,GLOSS(6:1:1),67,19,0.5048,100.0,0.2964799404144287,0.9793784563074629
QM9-gap-15k,GLOSS(2:3:3),47,-1,0.2047,31.56214367160775,0.0,0.0
QM9-gap-15k,GLOSS(2:3:3),47,0,0.2493,41.73318129988598,0.28563785552978516,0.8625235802132059
QM9-gap-15k,GLOSS(2:3:3),47,1,0.3191,57.65108323831244,0.29596400260925293,0.8012662704562392
QM9-gap-15k,GLOSS(2:3:3),47,2,0.5048,100.0,0.30486226081848145,1.1329768593816045
QM9-gap-15k,GLOSS(2:3:3),47,3,0.5048,100.0,0.31372714042663574,1.2878912667782525
QM9-gap-15k,GLOSS(2:3:3),47,4,0.5048,100.0,0.32358288764953613,1.2694196888068703
QM9-gap-15k,GLOSS(2:3:3),47,5,0.5048,100.0,0.3282470703125,1.2562622353847652
QM9-gap-15k,GLOSS(2:3:3),47,6,0.5048,100.0,0.3674280643463135,1.2380195080042482
QM9-gap-15k,GLOSS(2:3:3),47,7,0.5048,100.0,0.34275007247924805,1.2373824395714563
QM9-gap-15k,GLOSS(2:3:3),47,8,0.5048,100.0,0.34090185165405273,1.232651790505152
QM9-gap-15k,GLOSS(2:3:3),47,9,0.5048,100.0,0.34406328201293945,1.2257785748443661
QM9-gap-15k,GLOSS(2:3:3),47,10,0.5048,100.0,0.36901402473449707,1.2288975081555544
QM9-gap-15k,GLOSS(2:3:3),47,11,0.5048,100.0,0.37277698516845703,1.245753052546791
QM9-gap-15k,GLOSS(2:3:3),47,12,0.5048,100.0,0.3643031120300293,1.2477232795536455
QM9-gap-15k,GLOSS(2:3:3),47,13,0.5048,100.0,0.3593590259552002,1.2659018557011863
QM9-gap-15k,GLOSS(2:3:3),47,14,0.5048,100.0,0.37586116790771484,1.2602253361981077
QM9-gap-15k,GLOSS(2:3:3),47,15,0.5048,100.0,0.3854200839996338,1.249873616092208
QM9-gap-15k,GLOSS(2:3:3),47,16,0.5048,100.0,0.38262510299682617,1.2521662746487894
QM9-gap-15k,GLOSS(2:3:3),47,17,0.5048,100.0,0.38995885848999023,1.2490471233530882
QM9-gap-15k,GLOSS(2:3:3),47,18,0.5048,100.0,0.39742279052734375,1.254639537971294
QM9-gap-15k,GLOSS(2:3:3),47,19,0.5048,100.0,0.4028012752532959,1.2641335863363339
QM9-gap-15k,GLOSS(4:2:2),47,-1,0.2047,31.56214367160775,0.0,0.0
QM9-gap-15k,GLOSS(4:2:2),47,0,0.2553,43.10148232611175,0.282210111618042,0.8750790504969999
QM9-gap-15k,GLOSS(4:2:2),47,1,0.2771,48.07297605473204,0.3025832176208496,0.9508574058476378
QM9-gap-15k,GLOSS(4:2:2),47,2,0.3235,58.65450399087799,0.32462024688720703,1.0654035921342775
QM9-gap-15k,GLOSS(4:2:2),47,3,0.3625,67.5484606613455,0.32087087631225586,1.0400893532505868
QM9-gap-15k,GLOSS(4:2:2),47,4,0.5048,100.0,0.33487677574157715,1.1448472439999653
QM9-gap-15k,GLOSS(4:2:2),47,5,0.5048,100.0,0.3269481658935547,1.1666789493177607
QM9-gap-15k,GLOSS(4:2:2),47,6,0.5048,100.0,0.3250391483306885,1.16701238175254
QM9-gap-15k,GLOSS(4:2:2),47,7,0.5048,100.0,0.3213379383087158,1.1790337051114401
QM9-gap-15k,GLOSS(4:2:2),47,8,0.5048,100.0,0.36353087425231934,1.1544812770435349
QM9-gap-15k,GLOSS(4:2:2),47,9,0.5048,100.0,0.34036803245544434,1.1474447075931697
QM9-gap-15k,GLOSS(4:2:2),47,10,0.5048,100.0,0.34014272689819336,1.1482406117237343
QM9-gap-15k,GLOSS(4:2:2),47,11,0.5048,100.0,0.34620213508605957,1.1387371257043482
QM9-gap-15k,GLOSS(4:2:2),47,12,0.5048,100.0,0.35683488845825195,1.1238222842859709
QM9-gap-15k,GLOSS(4:2:2),47,13,0.5048,100.0,0.3528859615325928,1.1100166724160343
QM9-gap-15k,GLOSS(4:2:2),47,14,0.5048,100.0,0.3622920513153076,1.1058360790478556
QM9-gap-15k,GLOSS(4:2:2),47,15,0.5048,100.0,0.3672211170196533,1.0917628126262002
QM9-gap-15k,GLOSS(4:2:2),47,16,0.5048,100.0,0.3824892044067383,1.0795379717124143
QM9-gap-15k,GLOSS(4:2:2),47,17,0.5048,100.0,0.37510204315185547,1.0704436647322337
QM9-gap-15k,GLOSS(4:2:2),47,18,0.5048,100.0,0.3806188106536865,1.0526795295467268
QM9-gap-15k,GLOSS(4:2:2),47,19,0.5048,100.0,0.39052629470825195,1.0455045607242432
QM9-gap-15k,GLOSS(6:1:1),47,-1,0.2047,31.56214367160775,0.0,0.0
QM9-gap-15k,GLOSS(6:1:1),47,0,0.2901,51.03762827822121,0.28157687187194824,0.7780487328334169
QM9-gap-15k,GLOSS(6:1:1),47,1,0.3506,64.83466362599772,0.2990438938140869,0.99080225692213
QM9-gap-15k,GLOSS(6:1:1),47,2,0.5048,100.0,0.30680179595947266,1.13667650835958
QM9-gap-15k,GLOSS(6:1:1),47,3,0.5048,100.0,0.318065881729126,1.0758001440203586
QM9-gap-15k,GLOSS(6:1:1),47,4,0.5048,100.0,0.31510400772094727,1.237943892917001
QM9-gap-15k,GLOSS(6:1:1),47,5,0.5048,100.0,0.32602500915527344,1.2105392011276768
QM9-gap-15k,GLOSS(6:1:1),47,6,0.5048,100.0,0.3371241092681885,1.1771803013049285
QM9-gap-15k,GLOSS(6:1:1),47,7,0.5048,100.0,0.3362269401550293,1.1584898648673156
QM9-gap-15k,GLOSS(6:1:1),47,8,0.5048,100.0,0.3354828357696533,1.1461032397714386
QM9-gap-15k,GLOSS(6:1:1),47,9,0.5048,100.0,0.33201098442077637,1.1583793259449044
QM9-gap-15k,GLOSS(6:1:1),47,10,0.5048,100.0,0.3669602870941162,1.1470098789913912
QM9-gap-15k,GLOSS(6:1:1),47,11,0.5048,100.0,0.3588390350341797,1.1372734161480489
QM9-gap-15k,GLOSS(6:1:1),47,12,0.5048,100.0,0.35343408584594727,1.1152900598796518
QM9-gap-15k,GLOSS(6:1:1),47,13,0.5048,100.0,0.3649101257324219,1.094685437787404
QM9-gap-15k,GLOSS(6:1:1),47,14,0.5048,100.0,0.3663759231567383,1.0785575959684923
QM9-gap-15k,GLOSS(6:1:1),47,15,0.5048,100.0,0.4092528820037842,1.070118808222275
QM9-gap-15k,GLOSS(6:1:1),47,16,0.5048,100.0,0.3975491523742676,1.053692686479325
QM9-gap-15k,GLOSS(6:1:1),47,17,0.5048,100.0,0.38283586502075195,1.0307782899072173
QM9-gap-15k,GLOSS(6:1:1),47,18,0.5048,100.0,0.38666605949401855,1.0076354100709193
QM9-gap-15k,GLOSS(6:1:1),47,19,0.5048,100.0,0.39400315284729004,1.0033585527069104
QM9-gap-15k,GLOSS(2:3:3),53,-1,0.2075,32.20068415051311,0.0,0.0
QM9-gap-15k,GLOSS(2:3:3),53,0,0.3293,59.97719498289624,0.370405912399292,0.9701090282454203
QM9-gap-15k,GLOSS(2:3:3),53,1,0.3482,64.28734321550742,0.3169081211090088,0.8503901092864761
QM9-gap-15k,GLOSS(2:3:3),53,2,0.369,69.03078677309007,0.32820892333984375,0.8977177498706568
QM9-gap-15k,GLOSS(2:3:3),53,3,0.369,69.03078677309007,0.329575777053833,0.908072167261632
QM9-gap-15k,GLOSS(2:3:3),53,4,0.3799,71.51653363740023,0.3185439109802246,0.910661856455409
QM9-gap-15k,GLOSS(2:3:3),53,5,0.5048,100.0,0.31437182426452637,1.0003907728940065
QM9-gap-15k,GLOSS(2:3:3),53,6,0.5048,100.0,0.36205220222473145,1.0550650470316414
QM9-gap-15k,GLOSS(2:3:3),53,7,0.5048,100.0,0.32178306579589844,1.0736052818268824
QM9-gap-15k,GLOSS(2:3:3),53,8,0.5048,100.0,0.3315730094909668,1.0774208922947084
QM9-gap-15k,GLOSS(2:3:3),53,9,0.5048,100.0,0.34204792976379395,1.0775110767079623
QM9-gap-15k,GLOSS(2:3:3),53,10,0.5048,100.0,0.33881282806396484,1.0713823149006971
QM9-gap-15k,GLOSS(2:3:3),53,11,0.5048,100.0,0.3534090518951416,1.0840702840328655
QM9-gap-15k,GLOSS(2:3:3),53,12,0.5048,100.0,0.36167216300964355,1.0834278544971843
QM9-gap-15k,GLOSS(2:3:3),53,13,0.5048,100.0,0.3551819324493408,1.081946465330779
QM9-gap-15k,GLOSS(2:3:3),53,14,0.5048,100.0,0.36508631706237793,1.0863372976998686
QM9-gap-15k,GLOSS(2:3:3),53,15,0.5048,100.0,0.36803507804870605,1.097635084802864
QM9-gap-15k,GLOSS(2:3:3),53,16,0.5048,100.0,0.3707728385925293,1.0889262426152648
QM9-gap-15k,GLOSS(2:3:3),53,17,0.5048,100.0,0.3679323196411133,1.104862221062782
QM9-gap-15k,GLOSS(2:3:3),53,18,0.5048,100.0,0.3845808506011963,1.1215495228663273
QM9-gap-15k,GLOSS(2:3:3),53,19,0.5048,100.0,0.39980435371398926,1.1260732499827386
QM9-gap-15k,GLOSS(4:2:2),53,-1,0.2075,32.20068415051311,0.0,0.0
QM9-gap-15k,GLOSS(4:2:2),53,0,0.3188,57.58266818700113,0.37447094917297363,0.7325507641303678
QM9-gap-15k,GLOSS(4:2:2),53,1,0.3298,60.09122006841504,0.33614110946655273,0.7448598351138542
QM9-gap-15k,GLOSS(4:2:2),53,2,0.3575,66.40820980615736,0.335237979888916,0.8632547294013514
QM9-gap-15k,GLOSS(4:2:2),53,3,0.3698,69.21322690992018,0.3184962272644043,0.860020378979606
QM9-gap-15k,GLOSS(4:2:2),53,4,0.3809,71.74458380843785,0.3184998035430908,0.856573572358592
QM9-gap-15k,GLOSS(4:2:2),53,5,0.4298,82.89623717217789,0.32439303398132324,0.8926444632425149
QM9-gap-15k,GLOSS(4:2:2),53,6,0.5048,100.0,0.32280802726745605,0.9659723771520676
QM9-gap-15k,GLOSS(4:2:2),53,7,0.5048,100.0,0.3234732151031494,1.0041264540162653
QM9-gap-15k,GLOSS(4:2:2),53,8,0.5048,100.0,0.3347442150115967,1.025246743329296
QM9-gap-15k,GLOSS(4:2:2),53,9,0.5048,100.0,0.3392939567565918,1.0459147805224986
QM9-gap-15k,GLOSS(4:2:2),53,10,0.5048,100.0,0.34415483474731445,1.0477029577042734
QM9-gap-15k,GLOSS(4:2:2),53,11,0.5048,100.0,0.3463890552520752,1.0730200947841302
QM9-gap-15k,GLOSS(4:2:2),53,12,0.5048,100.0,0.3760867118835449,1.052483418450335
QM9-gap-15k,GLOSS(4:2:2),53,13,0.5048,100.0,0.3536818027496338,1.0437995510351368
QM9-gap-15k,GLOSS(4:2:2),53,14,0.5048,100.0,0.3629329204559326,1.038026876028296
QM9-gap-15k,GLOSS(4:2:2),53,15,0.5048,100.0,0.3778958320617676,1.0325139719928047
QM9-gap-15k,GLOSS(4:2:2),53,16,0.5048,100.0,0.3885488510131836,1.035519173591854
QM9-gap-15k,GLOSS(4:2:2),53,17,0.5048,100.0,0.39212608337402344,1.0215012196905837
QM9-gap-15k,GLOSS(4:2:2),53,18,0.5048,100.0,0.3872511386871338,1.0149284508869267
QM9-gap-15k,GLOSS(4:2:2),53,19,0.5048,100.0,0.40012693405151367,1.0113760396205818
QM9-gap-15k,GLOSS(6:1:1),53,-1,0.2075,32.20068415051311,0.0,0.0
QM9-gap-15k,GLOSS(6:1:1),53,0,0.2961,52.40592930444697,0.37927699089050293,0.3670994522740386
QM9-gap-15k,GLOSS(6:1:1),53,1,0.3173,57.2405929304447,0.3530910015106201,0.50224681612494
QM9-gap-15k,GLOSS(6:1:1),53,2,0.3173,57.2405929304447,0.34209370613098145,0.48116221586584756
QM9-gap-15k,GLOSS(6:1:1),53,3,0.3737,70.10262257696694,0.33560967445373535,0.6379571591973843
QM9-gap-15k,GLOSS(6:1:1),53,4,0.3891,73.6145952109464,0.31824612617492676,0.7137729438044674
QM9-gap-15k,GLOSS(6:1:1),53,5,0.462,90.23945267958952,0.3310699462890625,0.9054306528038356
QM9-gap-15k,GLOSS(6:1:1),53,6,0.462,90.23945267958952,0.328765869140625,0.9363418720134098
QM9-gap-15k,GLOSS(6:1:1),53,7,0.462,90.23945267958952,0.33391904830932617,0.9953144096248611
QM9-gap-15k,GLOSS(6:1:1),53,8,0.462,90.23945267958952,0.36167407035827637,1.0195927012925705
QM9-gap-15k,GLOSS(6:1:1),53,9,0.5048,100.0,0.34772801399230957,1.0387483332210992
QM9-gap-15k,GLOSS(6:1:1),53,10,0.5048,100.0,0.34859490394592285,1.0679249157920885
QM9-gap-15k,GLOSS(6:1:1),53,11,0.5048,100.0,0.35747504234313965,1.0638723993265908
QM9-gap-15k,GLOSS(6:1:1),53,12,0.5048,100.0,0.39998793601989746,1.0484425939780353
QM9-gap-15k,GLOSS(6:1:1),53,13,0.5048,100.0,0.3685266971588135,1.0288403899555043
QM9-gap-15k,GLOSS(6:1:1),53,14,0.5048,100.0,0.3680686950683594,1.0215326842056316
QM9-gap-15k,GLOSS(6:1:1),53,15,0.5048,100.0,0.37294697761535645,1.000516939678486
QM9-gap-15k,GLOSS(6:1:1),53,16,0.5048,100.0,0.3859219551086426,0.9834641640576641
QM9-gap-15k,GLOSS(6:1:1),53,17,0.5048,100.0,0.39574599266052246,0.9762959426540065
QM9-gap-15k,GLOSS(6:1:1),53,18,0.5048,100.0,0.42154788970947266,0.9666816320310789
QM9-gap-15k,GLOSS(6:1:1),53,19,0.5048,100.0,0.4236478805541992,0.956114243700132
QM9-gap-15k,GLOSS(2:3:3),59,-1,0.2078,32.2690992018244,0.0,0.0
QM9-gap-15k,GLOSS(2:3:3),59,0,0.3108,55.75826681870012,0.31241321563720703,0.7840672645811866
QM9-gap-15k,GLOSS(2:3:3),59,1,0.3277,59.612314709236024,0.32013392448425293,0.8361305803506363
QM9-gap-15k,GLOSS(2:3:3),59,2,0.369,69.03078677309007,0.3336620330810547,0.8987571424833466
QM9-gap-15k,GLOSS(2:3:3),59,3,0.5048,100.0,0.337756872177124,1.039483285404638
QM9-gap-15k,GLOSS(2:3:3),59,4,0.5048,100.0,0.3173959255218506,1.1565550749239621
QM9-gap-15k,GLOSS(2:3:3),59,5,0.5048,100.0,0.30948972702026367,1.15722656245743
QM9-gap-15k,GLOSS(2:3:3),59,6,0.5048,100.0,0.3157060146331787,1.1674542983548368
QM9-gap-15k,GLOSS(2:3:3),59,7,0.5048,100.0,0.31981587409973145,1.18239027734875
QM9-gap-15k,GLOSS(2:3:3),59,8,0.5048,100.0,0.3329300880432129,1.1695535560907138
QM9-gap-15k,GLOSS(2:3:3),59,9,0.5048,100.0,0.3367948532104492,1.1544331135884218
QM9-gap-15k,GLOSS(2:3:3),59,10,0.5048,100.0,0.34000086784362793,1.148424677012864
QM9-gap-15k,GLOSS(2:3:3),59,11,0.5048,100.0,0.35419392585754395,1.1407819177139857
QM9-gap-15k,GLOSS(2:3:3),59,12,0.5048,100.0,0.3565058708190918,1.1567125566376013
QM9-gap-15k,GLOSS(2:3:3),59,13,0.5048,100.0,0.3713810443878174,1.1681845454451798
QM9-gap-15k,GLOSS(2:3:3),59,14,0.5048,100.0,0.36150503158569336,1.163606531545912
QM9-gap-15k,GLOSS(2:3:3),59,15,0.5048,100.0,0.36324477195739746,1.1635604044067485
QM9-gap-15k,GLOSS(2:3:3),59,16,0.5048,100.0,0.37181997299194336,1.1925688657550926
QM9-gap-15k,GLOSS(2:3:3),59,17,0.5048,100.0,0.37914586067199707,1.189664436128116
QM9-gap-15k,GLOSS(2:3:3),59,18,0.5048,100.0,0.391589879989624,1.200399925276614
QM9-gap-15k,GLOSS(2:3:3),59,19,0.5048,100.0,0.3995840549468994,1.1970372744303093
QM9-gap-15k,GLOSS(4:2:2),59,-1,0.2078,32.2690992018244,0.0,0.0
QM9-gap-15k,GLOSS(4:2:2),59,0,0.3131,56.28278221208666,0.3087749481201172,0.7735034946856747
QM9-gap-15k,GLOSS(4:2:2),59,1,0.3207,58.01596351197262,0.30649304389953613,0.7355466900445773
QM9-gap-15k,GLOSS(4:2:2),59,2,0.3388,62.14367160775369,0.3094639778137207,0.8047817802801424
QM9-gap-15k,GLOSS(4:2:2),59,3,0.5048,100.0,0.3063039779663086,1.0997198196525657
QM9-gap-15k,GLOSS(4:2:2),59,4,0.5048,100.0,0.31283998489379883,1.1727979278400522
QM9-gap-15k,GLOSS(4:2:2),59,5,0.5048,100.0,0.3326399326324463,1.1723776715581518
QM9-gap-15k,GLOSS(4:2:2),59,6,0.5048,100.0,0.33292603492736816,1.1598841005311238
QM9-gap-15k,GLOSS(4:2:2),59,7,0.5048,100.0,0.331010103225708,1.1550999171401202
QM9-gap-15k,GLOSS(4:2:2),59,8,0.5048,100.0,0.337968111038208,1.1739321465972106
QM9-gap-15k,GLOSS(4:2:2),59,9,0.5048,100.0,0.33790016174316406,1.146408628027267
QM9-gap-15k,GLOSS(4:2:2),59,10,0.5048,100.0,0.35597896575927734,1.129887809915862
QM9-gap-15k,GLOSS(4:2:2),59,11,0.5048,100.0,0.35080718994140625,1.1315585621297937
QM9-gap-15k,GLOSS(4:2:2),59,12,0.5048,100.0,0.35915589332580566,1.1116841756084699
QM9-gap-15k,GLOSS(4:2:2),59,13,0.5048,100.0,0.36115312576293945,1.1185416010258804
QM9-gap-15k,GLOSS(4:2:2),59,14,0.5048,100.0,0.36640000343322754,1.1066329408759668
QM9-gap-15k,GLOSS(4:2:2),59,15,0.5048,100.0,0.38310909271240234,1.095097506433067
QM9-gap-15k,GLOSS(4:2:2),59,16,0.5048,100.0,0.37831711769104004,1.0854777540085985
QM9-gap-15k,GLOSS(4:2:2),59,17,0.5048,100.0,0.37792515754699707,1.0734774721832303
QM9-gap-15k,GLOSS(4:2:2),59,18,0.5048,100.0,0.3872101306915283,1.0762175741557758
QM9-gap-15k,GLOSS(4:2:2),59,19,0.5048,100.0,0.4084780216217041,1.0679017012549898
QM9-gap-15k,GLOSS(6:1:1),59,-1,0.2078,32.2690992018244,0.0,0.0
QM9-gap-15k,GLOSS(6:1:1),59,0,0.296,52.38312428734321,0.29854917526245117,0.6723758255882805
QM9-gap-15k,GLOSS(6:1:1),59,1,0.3266,59.36145952109464,0.2862560749053955,0.7076236462487453
QM9-gap-15k,GLOSS(6:1:1),59,2,0.3725,69.82896237172179,0.29850029945373535,0.862514823229253
QM9-gap-15k,GLOSS(6:1:1),59,3,0.3809,71.74458380843785,0.3004910945892334,0.9423836050584639
QM9-gap-15k,GLOSS(6:1:1),59,4,0.3891,73.6145952109464,0.30290675163269043,0.9574976215218446
QM9-gap-15k,GLOSS(6:1:1),59,5,0.5048,100.0,0.32843494415283203,1.0140874182803008
QM9-gap-15k,GLOSS(6:1:1),59,6,0.5048,100.0,0.3397519588470459,1.0827440304099334
QM9-gap-15k,GLOSS(6:1:1),59,7,0.5048,100.0,0.33378100395202637,1.053379954784082
QM9-gap-15k,GLOSS(6:1:1),59,8,0.5048,100.0,0.3314511775970459,1.0484108248566513
QM9-gap-15k,GLOSS(6:1:1),59,9,0.5048,100.0,0.33533620834350586,1.0732537585466568
QM9-gap-15k,GLOSS(6:1:1),59,10,0.5048,100.0,0.3512101173400879,1.0763788213660845
QM9-gap-15k,GLOSS(6:1:1),59,11,0.5048,100.0,0.3603198528289795,1.0824498050935472
QM9-gap-15k,GLOSS(6:1:1),59,12,0.5048,100.0,0.37089109420776367,1.0673301031997615
QM9-gap-15k,GLOSS(6:1:1),59,13,0.5048,100.0,0.36720705032348633,1.0562501874848542
QM9-gap-15k,GLOSS(6:1:1),59,14,0.5048,100.0,0.3694307804107666,1.041827632706237
QM9-gap-15k,GLOSS(6:1:1),59,15,0.5048,100.0,0.38761091232299805,1.0192874121355997
QM9-gap-15k,GLOSS(6:1:1),59,16,0.5048,100.0,0.3906521797180176,0.9955118015227516
QM9-gap-15k,GLOSS(6:1:1),59,17,0.5048,100.0,0.3746800422668457,0.9751600885689358
QM9-gap-15k,GLOSS(6:1:1),59,18,0.5048,100.0,0.3971240520477295,0.9623306942521942
QM9-gap-15k,GLOSS(6:1:1),59,19,0.5048,100.0,0.3911311626434326,0.945601163233331
QM9-gap-15k,GLOSS(2:3:3),61,-1,0.2092,32.58836944127708,0.0,0.0
QM9-gap-15k,GLOSS(2:3:3),61,0,0.3123,56.10034207525656,0.3074789047241211,1.0429430890060138
QM9-gap-15k,GLOSS(2:3:3),61,1,0.3737,70.10262257696694,0.3087339401245117,0.9967787519038322
QM9-gap-15k,GLOSS(2:3:3),61,2,0.5048,100.0,0.30870771408081055,1.2509425097015845
QM9-gap-15k,GLOSS(2:3:3),61,3,0.5048,100.0,0.3361358642578125,1.2392044673255584
QM9-gap-15k,GLOSS(2:3:3),61,4,0.5048,100.0,0.3056797981262207,1.2220343391792443
QM9-gap-15k,GLOSS(2:3:3),61,5,0.5048,100.0,0.3230881690979004,1.2250182690773022
QM9-gap-15k,GLOSS(2:3:3),61,6,0.5048,100.0,0.33226799964904785,1.220287826749021
QM9-gap-15k,GLOSS(2:3:3),61,7,0.5048,100.0,0.34019017219543457,1.187922999090973
QM9-gap-15k,GLOSS(2:3:3),61,8,0.5048,100.0,0.33502793312072754,1.1772809946856684
QM9-gap-15k,GLOSS(2:3:3),61,9,0.5048,100.0,0.3356058597564697,1.186029804550125
QM9-gap-15k,GLOSS(2:3:3),61,10,0.5048,100.0,0.3382551670074463,1.175356489057269
QM9-gap-15k,GLOSS(2:3:3),61,11,0.5048,100.0,0.3437459468841553,1.1674685651139936
QM9-gap-15k,GLOSS(2:3:3),61,12,0.5048,100.0,0.3475990295410156,1.1706337141638559
QM9-gap-15k,GLOSS(2:3:3),61,13,0.5048,100.0,0.3593428134918213,1.1610312612055573
QM9-gap-15k,GLOSS(2:3:3),61,14,0.5048,100.0,0.36695075035095215,1.1617758943569645
QM9-gap-15k,GLOSS(2:3:3),61,15,0.5048,100.0,0.375399112701416,1.1611860208754397
QM9-gap-15k,GLOSS(2:3:3),61,16,0.5048,100.0,0.38969898223876953,1.1680199853873585
QM9-gap-15k,GLOSS(2:3:3),61,17,0.5048,100.0,0.3889279365539551,1.1635344219079649
QM9-gap-15k,GLOSS(2:3:3),61,18,0.5048,100.0,0.3851809501647949,1.1697987959268012
QM9-gap-15k,GLOSS(2:3:3),61,19,0.5048,100.0,0.3879208564758301,1.17116973446312
QM9-gap-15k,GLOSS(4:2:2),61,-1,0.2092,32.58836944127708,0.0,0.0
QM9-gap-15k,GLOSS(4:2:2),61,0,0.2961,52.40592930444697,0.31041836738586426,0.9132376893982617
QM9-gap-15k,GLOSS(4:2:2),61,1,0.3184,57.491448118586085,0.3179152011871338,0.9452624933823508
QM9-gap-15k,GLOSS(4:2:2),61,2,0.5048,100.0,0.3057558536529541,1.1867882480266378
QM9-gap-15k,GLOSS(4:2:2),61,3,0.5048,100.0,0.3139491081237793,1.2544735670093032
QM9-gap-15k,GLOSS(4:2:2),61,4,0.5048,100.0,0.3137359619140625,1.2699220185099027
QM9-gap-15k,GLOSS(4:2:2),61,5,0.5048,100.0,0.3133821487426758,1.2369817702581214
QM9-gap-15k,GLOSS(4:2:2),61,6,0.5048,100.0,0.31813764572143555,1.2021581275671047
QM9-gap-15k,GLOSS(4:2:2),61,7,0.5048,100.0,0.3212740421295166,1.207477108289566
QM9-gap-15k,GLOSS(4:2:2),61,8,0.5048,100.0,0.34148693084716797,1.1746243354294696
QM9-gap-15k,GLOSS(4:2:2),61,9,0.5048,100.0,0.34604907035827637,1.1858268818328908
QM9-gap-15k,GLOSS(4:2:2),61,10,0.5048,100.0,0.3455650806427002,1.1587988088053558
QM9-gap-15k,GLOSS(4:2:2),61,11,0.5048,100.0,0.3502347469329834,1.1547872619113664
QM9-gap-15k,GLOSS(4:2:2),61,12,0.5048,100.0,0.3623392581939697,1.1335007853387693
QM9-gap-15k,GLOSS(4:2:2),61,13,0.5048,100.0,0.3594858646392822,1.1211410937652482
QM9-gap-15k,GLOSS(4:2:2),61,14,0.5048,100.0,0.36701273918151855,1.1084515820285583
QM9-gap-15k,GLOSS(4:2:2),61,15,0.5048,100.0,0.3735489845275879,1.0947427725620642
QM9-gap-15k,GLOSS(4:2:2),61,16,0.5048,100.0,0.3799600601196289,1.0835302896157382
QM9-gap-15k,GLOSS(4:2:2),61,17,0.5048,100.0,0.38538599014282227,1.0748335176869945
QM9-gap-15k,GLOSS(4:2:2),61,18,0.5048,100.0,0.3873097896575928,1.0598944957650487
QM9-gap-15k,GLOSS(4:2:2),61,19,0.5048,100.0,0.3941359519958496,1.0438344520381717
QM9-gap-15k,GLOSS(6:1:1),61,-1,0.2092,32.58836944127708,0.0,0.0
QM9-gap-15k,GLOSS(6:1:1),61,0,0.2916,51.379703534777654,0.30980896949768066,0.756879169734203
QM9-gap-15k,GLOSS(6:1:1),61,1,0.3197,57.78791334093499,0.3116428852081299,1.0033193124826805
QM9-gap-15k,GLOSS(6:1:1),61,2,0.3301,60.15963511972635,0.31318187713623047,0.8924408519088687
QM9-gap-15k,GLOSS(6:1:1),61,3,0.5048,100.0,0.31473207473754883,1.0397371394183357
QM9-gap-15k,GLOSS(6:1:1),61,4,0.5048,100.0,0.3139770030975342,1.0935784221064562
QM9-gap-15k,GLOSS(6:1:1),61,5,0.5048,100.0,0.3197040557861328,1.151642199467968
QM9-gap-15k,GLOSS(6:1:1),61,6,0.5048,100.0,0.32114315032958984,1.1467170563414908
QM9-gap-15k,GLOSS(6:1:1),61,7,0.5048,100.0,0.3154561519622803,1.1799117892692064
QM9-gap-15k,GLOSS(6:1:1),61,8,0.5048,100.0,0.3330681324005127,1.1677611399461778
QM9-gap-15k,GLOSS(6:1:1),61,9,0.5048,100.0,0.33690690994262695,1.136620392569947
QM9-gap-15k,GLOSS(6:1:1),61,10,0.5048,100.0,0.3406670093536377,1.1097129530112728
QM9-gap-15k,GLOSS(6:1:1),61,11,0.5048,100.0,0.3535349369049072,1.1061931090434913
QM9-gap-15k,GLOSS(6:1:1),61,12,0.5048,100.0,0.35571908950805664,1.0865718515805003
QM9-gap-15k,GLOSS(6:1:1),61,13,0.5048,100.0,0.3636448383331299,1.0740471123690407
QM9-gap-15k,GLOSS(6:1:1),61,14,0.5048,100.0,0.37149810791015625,1.061789319226776
QM9-gap-15k,GLOSS(6:1:1),61,15,0.5048,100.0,0.3766510486602783,1.0555365005750827
QM9-gap-15k,GLOSS(6:1:1),61,16,0.5048,100.0,0.3760490417480469,1.052661623384663
QM9-gap-15k,GLOSS(6:1:1),61,17,0.5048,100.0,0.3742668628692627,1.0394423112563544
QM9-gap-15k,GLOSS(6:1:1),61,18,0.5048,100.0,0.38803601264953613,1.0267766463681638
QM9-gap-15k,GLOSS(6:1:1),61,19,0.5048,100.0,0.39183902740478516,1.0141897489073348
QM9-gap-15k,GLOSS(2:3:3),67,-1,0.2086,32.451539338654506,0.0,0.0
QM9-gap-15k,GLOSS(2:3:3),67,0,0.2992,53.11288483466363,0.27130699157714844,0.8680776664549253
QM9-gap-15k,GLOSS(2:3:3),67,1,0.3799,71.51653363740023,0.28513288497924805,0.9730785577474428
QM9-gap-15k,GLOSS(2:3:3),67,2,0.418,80.20524515393387,0.3015320301055908,1.0115078897424754
QM9-gap-15k,GLOSS(2:3:3),67,3,0.4298,82.89623717217789,0.30408310890197754,1.0729524824074461
QM9-gap-15k,GLOSS(2:3:3),67,4,0.5048,100.0,0.3023369312286377,1.2047007236965992
QM9-gap-15k,GLOSS(2:3:3),67,5,0.5048,100.0,0.3130300045013428,1.1878028430307679
QM9-gap-15k,GLOSS(2:3:3),67,6,0.5048,100.0,0.3189730644226074,1.1948984491586416
QM9-gap-15k,GLOSS(2:3:3),67,7,0.5048,100.0,0.3261737823486328,1.1818119899114727
QM9-gap-15k,GLOSS(2:3:3),67,8,0.5048,100.0,0.3275740146636963,1.181766795428328
QM9-gap-15k,GLOSS(2:3:3),67,9,0.5048,100.0,0.34058380126953125,1.1968709306041154
QM9-gap-15k,GLOSS(2:3:3),67,10,0.5048,100.0,0.3390800952911377,1.186180487321647
QM9-gap-15k,GLOSS(2:3:3),67,11,0.5048,100.0,0.35203099250793457,1.18359685349462
QM9-gap-15k,GLOSS(2:3:3),67,12,0.5048,100.0,0.3552520275115967,1.1701147617230243
QM9-gap-15k,GLOSS(2:3:3),67,13,0.5048,100.0,0.36276984214782715,1.166446262948057
QM9-gap-15k,GLOSS(2:3:3),67,14,0.5048,100.0,0.35872912406921387,1.1702104041860415
QM9-gap-15k,GLOSS(2:3:3),67,15,0.5048,100.0,0.36835789680480957,1.1666196888189888
QM9-gap-15k,GLOSS(2:3:3),67,16,0.5048,100.0,0.37039709091186523,1.1740785641797546
QM9-gap-15k,GLOSS(2:3:3),67,17,0.5048,100.0,0.3742799758911133,1.1827829845123436
QM9-gap-15k,GLOSS(2:3:3),67,18,0.5048,100.0,0.3825688362121582,1.1881538739969364
QM9-gap-15k,GLOSS(2:3:3),67,19,0.5048,100.0,0.3904561996459961,1.1880355343831697
QM9-gap-15k,GLOSS(4:2:2),67,-1,0.2086,32.451539338654506,0.0,0.0
QM9-gap-15k,GLOSS(4:2:2),67,0,0.2992,53.11288483466363,0.28337788581848145,0.8380903203131457
QM9-gap-15k,GLOSS(4:2:2),67,1,0.3799,71.51653363740023,0.2921900749206543,1.0149360615159826
QM9-gap-15k,GLOSS(4:2:2),67,2,0.5048,100.0,0.286715030670166,1.1742430475380476
QM9-gap-15k,GLOSS(4:2:2),67,3,0.5048,100.0,0.3031809329986572,1.264933732457653
QM9-gap-15k,GLOSS(4:2:2),67,4,0.5048,100.0,0.3001999855041504,1.2708195051477904
QM9-gap-15k,GLOSS(4:2:2),67,5,0.5048,100.0,0.3090848922729492,1.2249083437933155
QM9-gap-15k,GLOSS(4:2:2),67,6,0.5048,100.0,0.31790614128112793,1.2150080773912593
QM9-gap-15k,GLOSS(4:2:2),67,7,0.5048,100.0,0.31754398345947266,1.2065424268545086
QM9-gap-15k,GLOSS(4:2:2),67,8,0.5048,100.0,0.33037400245666504,1.2008359880410246
QM9-gap-15k,GLOSS(4:2:2),67,9,0.5048,100.0,0.3324100971221924,1.1910542713379604
QM9-gap-15k,GLOSS(4:2:2),67,10,0.5048,100.0,0.344041109085083,1.1782459865334072
QM9-gap-15k,GLOSS(4:2:2),67,11,0.5048,100.0,0.35282206535339355,1.1557077957474844
QM9-gap-15k,GLOSS(4:2:2),67,12,0.5048,100.0,0.3583710193634033,1.1476658502687285
QM9-gap-15k,GLOSS(4:2:2),67,13,0.5048,100.0,0.3540761470794678,1.1621106486720418
QM9-gap-15k,GLOSS(4:2:2),67,14,0.5048,100.0,0.37908196449279785,1.1490756884236948
QM9-gap-15k,GLOSS(4:2:2),67,15,0.5048,100.0,0.3695261478424072,1.1371598324481977
QM9-gap-15k,GLOSS(4:2:2),67,16,0.5048,100.0,0.36601805686950684,1.1377810809075737
QM9-gap-15k,GLOSS(4:2:2),67,17,0.5048,100.0,0.37727999687194824,1.134444991461185
QM9-gap-15k,GLOSS(4:2:2),67,18,0.5048,100.0,0.3810601234436035,1.1362367891774312
QM9-gap-15k,GLOSS(4:2:2),67,19,0.5048,100.0,0.3890986442565918,1.1457632666894602
QM9-gap-15k,GLOSS(6:1:1),67,-1,0.2086,32.451539338654506,0.0,0.0
QM9-gap-15k,GLOSS(6:1:1),67,0,0.2835,49.53249714937286,0.2801659107208252,0.672136950645327
QM9-gap-15k,GLOSS(6:1:1),67,1,0.3427,63.033067274800445,0.27399587631225586,0.9498055905760263
QM9-gap-15k,GLOSS(6:1:1),67,2,0.5048,100.0,0.2911500930786133,1.1955800728577586
QM9-gap-15k,GLOSS(6:1:1),67,3,0.5048,100.0,0.30727314949035645,1.1778242754132648
QM9-gap-15k,GLOSS(6:1:1),67,4,0.5048,100.0,0.3086540699005127,1.1340426990988162
QM9-gap-15k,GLOSS(6:1:1),67,5,0.5048,100.0,0.3182086944580078,1.110364816184439
QM9-gap-15k,GLOSS(6:1:1),67,6,0.5048,100.0,0.3408060073852539,1.0558028816131668
QM9-gap-15k,GLOSS(6:1:1),67,7,0.5048,100.0,0.3278670310974121,1.11208683444778
QM9-gap-15k,GLOSS(6:1:1),67,8,0.5048,100.0,0.33773279190063477,1.100784012264538
QM9-gap-15k,GLOSS(6:1:1),67,9,0.5048,100.0,0.34232282638549805,1.1003681057943089
QM9-gap-15k,GLOSS(6:1:1),67,10,0.5048,100.0,0.36156797409057617,1.081081986665745
QM9-gap-15k,GLOSS(6:1:1),67,11,0.5048,100.0,0.3682880401611328,1.0739635969599477
QM9-gap-15k,GLOSS(6:1:1),67,12,0.5048,100.0,0.3658888339996338,1.051579342369231
QM9-gap-15k,GLOSS(6:1:1),67,13,0.5048,100.0,0.3625807762145996,1.032846045489187
QM9-gap-15k,GLOSS(6:1:1),67,14,0.5048,100.0,0.3616907596588135,1.032878689767164
QM9-gap-15k,GLOSS(6:1:1),67,15,0.5048,100.0,0.3845071792602539,1.0262457240169567
QM9-gap-15k,GLOSS(6:1:1),67,16,0.5048,100.0,0.3756887912750244,1.0343905886618066
QM9-gap-15k,GLOSS(6:1:1),67,17,0.5048,100.0,0.38549017906188965,1.0223766360148334
QM9-gap-15k,GLOSS(6:1:1),67,18,0.5048,100.0,0.39335107803344727,1.0099232501025555
QM9-gap-15k,GLOSS(6:1:1),67,19,0.5048,100.0,0.396557092666626,0.9927756559474735
QM9-gap-20k,GLOSS(2:3:3),47,-1,0.2078,32.2690992018244,0.0,0.0
QM9-gap-20k,GLOSS(2:3:3),47,0,0.2854,49.96579247434435,0.3837709426879883,0.8204813642803416
QM9-gap-20k,GLOSS(2:3:3),47,1,0.3472,64.05929304446978,0.3816840648651123,1.002485493615325
QM9-gap-20k,GLOSS(2:3:3),47,2,0.462,90.23945267958952,0.43763303756713867,1.0792624305437533
QM9-gap-20k,GLOSS(2:3:3),47,3,0.4802,94.38996579247436,0.4061257839202881,1.0750776496893648
QM9-gap-20k,GLOSS(2:3:3),47,4,0.5048,100.0,0.4244039058685303,1.187308137655703
QM9-gap-20k,GLOSS(2:3:3),47,5,0.5048,100.0,0.418381929397583,1.1877080585292181
QM9-gap-20k,GLOSS(2:3:3),47,6,0.5048,100.0,0.43235206604003906,1.166103881654284
QM9-gap-20k,GLOSS(2:3:3),47,7,0.5048,100.0,0.4379923343658447,1.1648567874565179
QM9-gap-20k,GLOSS(2:3:3),47,8,0.5048,100.0,0.4438037872314453,1.1670011690291098
QM9-gap-20k,GLOSS(2:3:3),47,9,0.5048,100.0,0.4488210678100586,1.1624765497713363
QM9-gap-20k,GLOSS(2:3:3),47,10,0.5048,100.0,0.4438300132751465,1.1596805206552234
QM9-gap-20k,GLOSS(2:3:3),47,11,0.5048,100.0,0.4477260112762451,1.152972149323418
QM9-gap-20k,GLOSS(2:3:3),47,12,0.5048,100.0,0.4594302177429199,1.1444602071749557
QM9-gap-20k,GLOSS(2:3:3),47,13,0.5048,100.0,0.4599730968475342,1.141390356824081
QM9-gap-20k,GLOSS(2:3:3),47,14,0.5048,100.0,0.4705648422241211,1.1276844952306277
QM9-gap-20k,GLOSS(2:3:3),47,15,0.5048,100.0,0.4781951904296875,1.1268445682486963
QM9-gap-20k,GLOSS(2:3:3),47,16,0.5048,100.0,0.48641300201416016,1.126465341451153
QM9-gap-20k,GLOSS(2:3:3),47,17,0.5048,100.0,0.4925198554992676,1.1282434834418438
QM9-gap-20k,GLOSS(2:3:3),47,18,0.5048,100.0,0.502147912979126,1.1609625537055086
QM9-gap-20k,GLOSS(2:3:3),47,19,0.5048,100.0,0.5046770572662354,1.1657784902073067
QM9-gap-20k,GLOSS(4:2:2),47,-1,0.2078,32.2690992018244,0.0,0.0
QM9-gap-20k,GLOSS(4:2:2),47,0,0.3022,53.797035347776514,0.41845202445983887,0.8502984558847754
QM9-gap-20k,GLOSS(4:2:2),47,1,0.336,61.505131128848355,0.37633490562438965,0.8932505889920217
QM9-gap-20k,GLOSS(4:2:2),47,2,0.336,61.505131128848355,0.4183669090270996,0.8721175525738112
QM9-gap-20k,GLOSS(4:2:2),47,3,0.336,61.505131128848355,0.4102811813354492,0.9008533243817
QM9-gap-20k,GLOSS(4:2:2),47,4,0.336,61.505131128848355,0.427598237991333,0.9151687931425477
QM9-gap-20k,GLOSS(4:2:2),47,5,0.3396,62.3261117445838,0.4385538101196289,0.9222987397986832
QM9-gap-20k,GLOSS(4:2:2),47,6,0.3411,62.66818700114026,0.44500207901000977,0.9275535560136613
QM9-gap-20k,GLOSS(4:2:2),47,7,0.3423,62.94184720638542,0.49206018447875977,0.9335065666783521
QM9-gap-20k,GLOSS(4:2:2),47,8,0.3481,64.26453819840367,0.5114729404449463,0.9531098721115473
QM9-gap-20k,GLOSS(4:2:2),47,9,0.356,66.0661345496009,0.4818718433380127,0.9712278928461968
QM9-gap-20k,GLOSS(4:2:2),47,10,0.4802,94.38996579247436,0.49579882621765137,1.0008127932105586
QM9-gap-20k,GLOSS(4:2:2),47,11,0.5048,100.0,0.4832038879394531,1.0473253796908362
QM9-gap-20k,GLOSS(4:2:2),47,12,0.5048,100.0,0.48901820182800293,1.073624771497957
QM9-gap-20k,GLOSS(4:2:2),47,13,0.5048,100.0,0.47584986686706543,1.0809409099580622
QM9-gap-20k,GLOSS(4:2:2),47,14,0.5048,100.0,0.48109912872314453,1.0934993159210413
QM9-gap-20k,GLOSS(4:2:2),47,15,0.5048,100.0,0.49303579330444336,1.0943629129040016
QM9-gap-20k,GLOSS(4:2:2),47,16,0.5048,100.0,0.49681997299194336,1.0974017291308908
QM9-gap-20k,GLOSS(4:2:2),47,17,0.5048,100.0,0.5034871101379395,1.100103662759023
QM9-gap-20k,GLOSS(4:2:2),47,18,0.5048,100.0,0.520172119140625,1.0938445109549593
QM9-gap-20k,GLOSS(4:2:2),47,19,0.5048,100.0,0.5265679359436035,1.0839712985339196
QM9-gap-20k,GLOSS(6:1:1),47,-1,0.2078,32.2690992018244,0.0,0.0
QM9-gap-20k,GLOSS(6:1:1),47,0,0.3022,53.797035347776514,0.3977489471435547,0.7761130439596734
QM9-gap-20k,GLOSS(6:1:1),47,1,0.3022,53.797035347776514,0.3871300220489502,0.75784322079051
QM9-gap-20k,GLOSS(6:1:1),47,2,0.3022,53.797035347776514,0.3974149227142334,0.6830916521744748
QM9-gap-20k,GLOSS(6:1:1),47,3,0.3023,53.81984036488028,0.4166891574859619,0.6331576730997793
QM9-gap-20k,GLOSS(6:1:1),47,4,0.315,56.716077537058155,0.4311070442199707,0.6428292577679938
QM9-gap-20k,GLOSS(6:1:1),47,5,0.3482,64.28734321550742,0.4452998638153076,0.7468791950900879
QM9-gap-20k,GLOSS(6:1:1),47,6,0.373,69.94298745724059,0.455183744430542,0.8364858729483047
QM9-gap-20k,GLOSS(6:1:1),47,7,0.3891,73.6145952109464,0.44608283042907715,0.8940175270970406
QM9-gap-20k,GLOSS(6:1:1),47,8,0.5048,100.0,0.44599080085754395,0.9942531698723229
QM9-gap-20k,GLOSS(6:1:1),47,9,0.5048,100.0,0.47282886505126953,1.0056785571289037
QM9-gap-20k,GLOSS(6:1:1),47,10,0.5048,100.0,0.464263916015625,1.034286816267595
QM9-gap-20k,GLOSS(6:1:1),47,11,0.5048,100.0,0.498399019241333,1.0345830489520746
QM9-gap-20k,GLOSS(6:1:1),47,12,0.5048,100.0,0.4899001121520996,1.083603632966429
QM9-gap-20k,GLOSS(6:1:1),47,13,0.5048,100.0,0.4716169834136963,1.0810970517378515
QM9-gap-20k,GLOSS(6:1:1),47,14,0.5048,100.0,0.4936990737915039,1.093266091027061
QM9-gap-20k,GLOSS(6:1:1),47,15,0.5048,100.0,0.5008492469787598,1.0943515521211535
QM9-gap-20k,GLOSS(6:1:1),47,16,0.5048,100.0,0.4977729320526123,1.088890501206643
QM9-gap-20k,GLOSS(6:1:1),47,17,0.5048,100.0,0.5013339519500732,1.0804577071443497
QM9-gap-20k,GLOSS(6:1:1),47,18,0.5048,100.0,0.5045650005340576,1.0851433910934987
QM9-gap-20k,GLOSS(6:1:1),47,19,0.5048,100.0,0.5021378993988037,1.0851138994933198
QM9-gap-20k,GLOSS(2:3:3),53,-1,0.2068,32.04104903078678,0.0,0.0
QM9-gap-20k,GLOSS(2:3:3),53,0,0.3379,61.93842645381983,0.4442598819732666,0.6167484547513021
QM9-gap-20k,GLOSS(2:3:3),53,1,0.3651,68.14139110604332,0.4232180118560791,0.6707132238434473
QM9-gap-20k,GLOSS(2:3:3),53,2,0.5048,100.0,0.4261441230773926,0.8410152274194979
QM9-gap-20k,GLOSS(2:3:3),53,3,0.5048,100.0,0.4572720527648926,0.8947555755903573
QM9-gap-20k,GLOSS(2:3:3),53,4,0.5048,100.0,0.4626338481903076,0.9614045578259443
QM9-gap-20k,GLOSS(2:3:3),53,5,0.5048,100.0,0.4403860569000244,1.0228483827091563
QM9-gap-20k,GLOSS(2:3:3),53,6,0.5048,100.0,0.4152660369873047,1.0292742089917757
QM9-gap-20k,GLOSS(2:3:3),53,7,0.5048,100.0,0.42141103744506836,1.0137927765680084
QM9-gap-20k,GLOSS(2:3:3),53,8,0.5048,100.0,0.42847108840942383,1.0320659897352351
QM9-gap-20k,GLOSS(2:3:3),53,9,0.5048,100.0,0.42847681045532227,1.0302269878370538
QM9-gap-20k,GLOSS(2:3:3),53,10,0.5048,100.0,0.4383716583251953,1.047988067400016
QM9-gap-20k,GLOSS(2:3:3),53,11,0.5048,100.0,0.4456338882446289,1.0572219311288114
QM9-gap-20k,GLOSS(2:3:3),53,12,0.5048,100.0,0.4477062225341797,1.0563455597857159
QM9-gap-20k,GLOSS(2:3:3),53,13,0.5048,100.0,0.4718048572540283,1.050846632885991
QM9-gap-20k,GLOSS(2:3:3),53,14,0.5048,100.0,0.4789118766784668,1.0670053345279538
QM9-gap-20k,GLOSS(2:3:3),53,15,0.5048,100.0,0.48045992851257324,1.0726721870026255
QM9-gap-20k,GLOSS(2:3:3),53,16,0.5048,100.0,0.4899728298187256,1.0963730877890658
QM9-gap-20k,GLOSS(2:3:3),53,17,0.5048,100.0,0.4877758026123047,1.100542568850436
QM9-gap-20k,GLOSS(2:3:3),53,18,0.5048,100.0,0.49361515045166016,1.1029912428416742
QM9-gap-20k,GLOSS(2:3:3),53,19,0.5048,100.0,0.4906280040740967,1.1058153146555711
QM9-gap-20k,GLOSS(4:2:2),53,-1,0.2068,32.04104903078678,0.0,0.0
QM9-gap-20k,GLOSS(4:2:2),53,0,0.3301,60.15963511972635,0.445098876953125,0.5954900850014537
QM9-gap-20k,GLOSS(4:2:2),53,1,0.3827,72.1550741163056,0.45443201065063477,0.6186589228115591
QM9-gap-20k,GLOSS(4:2:2),53,2,0.3891,73.6145952109464,0.434751033782959,0.737724314227423
QM9-gap-20k,GLOSS(4:2:2),53,3,0.5048,100.0,0.4097168445587158,0.9259501316915383
QM9-gap-20k,GLOSS(4:2:2),53,4,0.5048,100.0,0.4167771339416504,1.0130702398655627
QM9-gap-20k,GLOSS(4:2:2),53,5,0.5048,100.0,0.41518282890319824,1.0360925470209699
QM9-gap-20k,GLOSS(4:2:2),53,6,0.5048,100.0,0.4178919792175293,1.0768970193444927
QM9-gap-20k,GLOSS(4:2:2),53,7,0.5048,100.0,0.4428129196166992,1.0843917029608734
QM9-gap-20k,GLOSS(4:2:2),53,8,0.5048,100.0,0.44018983840942383,1.091126517005792
QM9-gap-20k,GLOSS(4:2:2),53,9,0.5048,100.0,0.4427189826965332,1.0918771013676456
QM9-gap-20k,GLOSS(4:2:2),53,10,0.5048,100.0,0.4526631832122803,1.0960845831689467
QM9-gap-20k,GLOSS(4:2:2),53,11,0.5048,100.0,0.46070384979248047,1.1089872890402117
QM9-gap-20k,GLOSS(4:2:2),53,12,0.5048,100.0,0.4575769901275635,1.0980860492395108
QM9-gap-20k,GLOSS(4:2:2),53,13,0.5048,100.0,0.4569530487060547,1.0843358959826879
QM9-gap-20k,GLOSS(4:2:2),53,14,0.5048,100.0,0.46618103981018066,1.0731303485866992
QM9-gap-20k,GLOSS(4:2:2),53,15,0.5048,100.0,0.47425103187561035,1.0584402909729502
QM9-gap-20k,GLOSS(4:2:2),53,16,0.5048,100.0,0.48055076599121094,1.0646482912109396
QM9-gap-20k,GLOSS(4:2:2),53,17,0.5048,100.0,0.4936668872833252,1.0652711496017193
QM9-gap-20k,GLOSS(4:2:2),53,18,0.5048,100.0,0.5090768337249756,1.0616571144928104
QM9-gap-20k,GLOSS(4:2:2),53,19,0.5048,100.0,0.5171611309051514,1.0556379762576549
QM9-gap-20k,GLOSS(6:1:1),53,-1,0.2068,32.04104903078678,0.0,0.0
QM9-gap-20k,GLOSS(6:1:1),53,0,0.3227,58.47206385404788,0.4608750343322754,0.452198274912742
QM9-gap-20k,GLOSS(6:1:1),53,1,0.3675,68.68871151653364,0.4584681987762451,0.5482362132161107
QM9-gap-20k,GLOSS(6:1:1),53,2,0.3675,68.68871151653364,0.47316789627075195,0.6577441697640795
QM9-gap-20k,GLOSS(6:1:1),53,3,0.3799,71.51653363740023,0.43578600883483887,0.7067957238215966
QM9-gap-20k,GLOSS(6:1:1),53,4,0.5048,100.0,0.419234037399292,0.8537987826148516
QM9-gap-20k,GLOSS(6:1:1),53,5,0.5048,100.0,0.4243299961090088,0.9711882974511659
QM9-gap-20k,GLOSS(6:1:1),53,6,0.5048,100.0,0.43722105026245117,1.005608713340658
QM9-gap-20k,GLOSS(6:1:1),53,7,0.5048,100.0,0.44713592529296875,1.0051354723605115
QM9-gap-20k,GLOSS(6:1:1),53,8,0.5048,100.0,0.4370918273925781,1.0218028316703764
QM9-gap-20k,GLOSS(6:1:1),53,9,0.5048,100.0,0.4432251453399658,1.0468327112170785
QM9-gap-20k,GLOSS(6:1:1),53,10,0.5048,100.0,0.44556403160095215,1.0607728339034375
QM9-gap-20k,GLOSS(6:1:1),53,11,0.5048,100.0,0.46681904792785645,1.0425653743152619
QM9-gap-20k,GLOSS(6:1:1),53,12,0.5048,100.0,0.4567291736602783,1.0389966029961093
QM9-gap-20k,GLOSS(6:1:1),53,13,0.5048,100.0,0.45978617668151855,1.041067918542906
QM9-gap-20k,GLOSS(6:1:1),53,14,0.5048,100.0,0.47516703605651855,1.0415592535427072
QM9-gap-20k,GLOSS(6:1:1),53,15,0.5048,100.0,0.4916808605194092,1.0292166619010725
QM9-gap-20k,GLOSS(6:1:1),53,16,0.5048,100.0,0.4923229217529297,1.0266146609367872
QM9-gap-20k,GLOSS(6:1:1),53,17,0.5048,100.0,0.48728299140930176,1.0245815550438648
QM9-gap-20k,GLOSS(6:1:1),53,18,0.5048,100.0,0.5037069320678711,1.0220704882599563
QM9-gap-20k,GLOSS(6:1:1),53,19,0.5048,100.0,0.5152900218963623,1.0214637823658126
QM9-gap-20k,GLOSS(2:3:3),59,-1,0.2093,32.61117445838085,0.0,0.0
QM9-gap-20k,GLOSS(2:3:3),59,0,0.2204,35.14253135689852,0.3786947727203369,0.9988030412270928
QM9-gap-20k,GLOSS(2:3:3),59,1,0.2767,47.98175598631699,0.43331098556518555,1.0506571075457045
QM9-gap-20k,GLOSS(2:3:3),59,2,0.3371,61.75598631698974,0.40398406982421875,1.2972649145613737
QM9-gap-20k,GLOSS(2:3:3),59,3,0.4128,79.0193842645382,0.4047098159790039,1.3361115770636758
QM9-gap-20k,GLOSS(2:3:3),59,4,0.4802,94.38996579247436,0.41867804527282715,1.3266165581353988
QM9-gap-20k,GLOSS(2:3:3),59,5,0.5048,100.0,0.44182491302490234,1.423550541051363
QM9-gap-20k,GLOSS(2:3:3),59,6,0.5048,100.0,0.41660523414611816,1.458358861287688
QM9-gap-20k,GLOSS(2:3:3),59,7,0.5048,100.0,0.4356808662414551,1.4220744450071456
QM9-gap-20k,GLOSS(2:3:3),59,8,0.5048,100.0,0.4340848922729492,1.404346710573695
QM9-gap-20k,GLOSS(2:3:3),59,9,0.5048,100.0,0.4522438049316406,1.378522816264224
QM9-gap-20k,GLOSS(2:3:3),59,10,0.5048,100.0,0.4527099132537842,1.3584394828735735
QM9-gap-20k,GLOSS(2:3:3),59,11,0.5048,100.0,0.4557309150695801,1.3411438251980794
QM9-gap-20k,GLOSS(2:3:3),59,12,0.5048,100.0,0.46492886543273926,1.3394584190514134
QM9-gap-20k,GLOSS(2:3:3),59,13,0.5048,100.0,0.4634850025177002,1.3311052210586072
QM9-gap-20k,GLOSS(2:3:3),59,14,0.5048,100.0,0.47615694999694824,1.326211652465599
QM9-gap-20k,GLOSS(2:3:3),59,15,0.5048,100.0,0.4827558994293213,1.3126807225452437
QM9-gap-20k,GLOSS(2:3:3),59,16,0.5048,100.0,0.48849987983703613,1.3045604977596696
QM9-gap-20k,GLOSS(2:3:3),59,17,0.5048,100.0,0.49408984184265137,1.303250726804608
QM9-gap-20k,GLOSS(2:3:3),59,18,0.5048,100.0,0.5130009651184082,1.2947486966561583
QM9-gap-20k,GLOSS(2:3:3),59,19,0.5048,100.0,0.5171401500701904,1.2813963150034797
QM9-gap-20k,GLOSS(4:2:2),59,-1,0.2093,32.61117445838085,0.0,0.0
QM9-gap-20k,GLOSS(4:2:2),59,0,0.2551,43.055872291904215,0.37886571884155273,1.031205813591612
QM9-gap-20k,GLOSS(4:2:2),59,1,0.3033,54.04789053591791,0.37002086639404297,1.1478136418531528
QM9-gap-20k,GLOSS(4:2:2),59,2,0.3371,61.75598631698974,0.40006399154663086,1.2155011436907728
QM9-gap-20k,GLOSS(4:2:2),59,3,0.3734,70.03420752565566,0.4152369499206543,1.2242349250261488
QM9-gap-20k,GLOSS(4:2:2),59,4,0.462,90.23945267958952,0.45354700088500977,1.2292650834919507
QM9-gap-20k,GLOSS(4:2:2),59,5,0.5048,100.0,0.43033289909362793,1.3318418958646485
QM9-gap-20k,GLOSS(4:2:2),59,6,0.5048,100.0,0.5176849365234375,1.3780788120120007
QM9-gap-20k,GLOSS(4:2:2),59,7,0.5048,100.0,0.4312162399291992,1.3386083841986358
QM9-gap-20k,GLOSS(4:2:2),59,8,0.5048,100.0,0.43788909912109375,1.3081209200065744
QM9-gap-20k,GLOSS(4:2:2),59,9,0.5048,100.0,0.4399287700653076,1.3034029528480287
QM9-gap-20k,GLOSS(4:2:2),59,10,0.5048,100.0,0.4517059326171875,1.2785033076598238
QM9-gap-20k,GLOSS(4:2:2),59,11,0.5048,100.0,0.4728078842163086,1.2551437561325811
QM9-gap-20k,GLOSS(4:2:2),59,12,0.5048,100.0,0.47660326957702637,1.2577731806960197
QM9-gap-20k,GLOSS(4:2:2),59,13,0.5048,100.0,0.4759550094604492,1.2489438262430987
QM9-gap-20k,GLOSS(4:2:2),59,14,0.5048,100.0,0.48961901664733887,1.2604407896409906
QM9-gap-20k,GLOSS(4:2:2),59,15,0.5048,100.0,0.4975311756134033,1.2824827082871082
QM9-gap-20k,GLOSS(4:2:2),59,16,0.5048,100.0,0.5030820369720459,1.2802951102236766
QM9-gap-20k,GLOSS(4:2:2),59,17,0.5048,100.0,0.5087041854858398,1.2637940741722073
QM9-gap-20k,GLOSS(4:2:2),59,18,0.5048,100.0,0.49948787689208984,1.2501225513513472
QM9-gap-20k,GLOSS(4:2:2),59,19,0.5048,100.0,0.5047521591186523,1.2407067503602491
QM9-gap-20k,GLOSS(6:1:1),59,-1,0.2093,32.61117445838085,0.0,0.0
QM9-gap-20k,GLOSS(6:1:1),59,0,0.2551,43.055872291904215,0.37571001052856445,0.8937576559827549
QM9-gap-20k,GLOSS(6:1:1),59,1,0.3358,61.45952109464081,0.4001131057739258,1.0004355217563299
QM9-gap-20k,GLOSS(6:1:1),59,2,0.3585,66.636259977195,0.41741085052490234,0.990250082793255
QM9-gap-20k,GLOSS(6:1:1),59,3,0.4128,79.0193842645382,0.4426538944244385,0.9871840076819483
QM9-gap-20k,GLOSS(6:1:1),59,4,0.418,80.20524515393387,0.4397308826446533,1.082716352075121
QM9-gap-20k,GLOSS(6:1:1),59,5,0.4802,94.38996579247436,0.433276891708374,1.1165583846892808
QM9-gap-20k,GLOSS(6:1:1),59,6,0.5048,100.0,0.43561816215515137,1.1757392951651788
QM9-gap-20k,GLOSS(6:1:1),59,7,0.5048,100.0,0.4589090347290039,1.220440143292129
QM9-gap-20k,GLOSS(6:1:1),59,8,0.5048,100.0,0.4660499095916748,1.2226674398643218
QM9-gap-20k,GLOSS(6:1:1),59,9,0.5048,100.0,0.47286486625671387,1.2171558427978495
QM9-gap-20k,GLOSS(6:1:1),59,10,0.5048,100.0,0.4695308208465576,1.197154472326576
QM9-gap-20k,GLOSS(6:1:1),59,11,0.5048,100.0,0.4544193744659424,1.1857899635593645
QM9-gap-20k,GLOSS(6:1:1),59,12,0.5048,100.0,0.4688842296600342,1.161132221466475
QM9-gap-20k,GLOSS(6:1:1),59,13,0.5048,100.0,0.4704909324645996,1.1602936857548893
QM9-gap-20k,GLOSS(6:1:1),59,14,0.5048,100.0,0.47271299362182617,1.1455555878947803
QM9-gap-20k,GLOSS(6:1:1),59,15,0.5048,100.0,0.486767053604126,1.1535941823553792
QM9-gap-20k,GLOSS(6:1:1),59,16,0.5048,100.0,0.5005881786346436,1.141698995507227
QM9-gap-20k,GLOSS(6:1:1),59,17,0.5048,100.0,0.5195188522338867,1.1278318015506925
QM9-gap-20k,GLOSS(6:1:1),59,18,0.5048,100.0,0.5346658229827881,1.1149449080857818
QM9-gap-20k,GLOSS(6:1:1),59,19,0.5048,100.0,0.5226500034332275,1.1049576816611377
QM9-gap-20k,GLOSS(2:3:3),61,-1,0.204,31.402508551881414,0.0,0.0
QM9-gap-20k,GLOSS(2:3:3),61,0,0.3578,66.47662485746864,0.40360093116760254,0.925112969970633
QM9-gap-20k,GLOSS(2:3:3),61,1,0.373,69.94298745724059,0.41339802742004395,0.9590143173969458
QM9-gap-20k,GLOSS(2:3:3),61,2,0.5048,100.0,0.39011502265930176,1.1414419000969258
QM9-gap-20k,GLOSS(2:3:3),61,3,0.5048,100.0,0.4068279266357422,1.2354499062008217
QM9-gap-20k,GLOSS(2:3:3),61,4,0.5048,100.0,0.40274882316589355,1.249210596605249
QM9-gap-20k,GLOSS(2:3:3),61,5,0.5048,100.0,0.4002549648284912,1.2642811861317456
QM9-gap-20k,GLOSS(2:3:3),61,6,0.5048,100.0,0.40889763832092285,1.2534524522215202
QM9-gap-20k,GLOSS(2:3:3),61,7,0.5048,100.0,0.42551207542419434,1.2518922253316673
QM9-gap-20k,GLOSS(2:3:3),61,8,0.5048,100.0,0.42795610427856445,1.2381605947469532
QM9-gap-20k,GLOSS(2:3:3),61,9,0.5048,100.0,0.4363870620727539,1.218794096780076
QM9-gap-20k,GLOSS(2:3:3),61,10,0.5048,100.0,0.4449291229248047,1.2200756853247074
QM9-gap-20k,GLOSS(2:3:3),61,11,0.5048,100.0,0.46534204483032227,1.206150173221196
QM9-gap-20k,GLOSS(2:3:3),61,12,0.5048,100.0,0.4747030735015869,1.2130540306654998
QM9-gap-20k,GLOSS(2:3:3),61,13,0.5048,100.0,0.4688389301300049,1.2066023840852271
QM9-gap-20k,GLOSS(2:3:3),61,14,0.5048,100.0,0.4774210453033447,1.2039162605950806
QM9-gap-20k,GLOSS(2:3:3),61,15,0.5048,100.0,0.4719550609588623,1.2073765292605958
QM9-gap-20k,GLOSS(2:3:3),61,16,0.5048,100.0,0.4862399101257324,1.2122983478880753
QM9-gap-20k,GLOSS(2:3:3),61,17,0.5048,100.0,0.49038219451904297,1.2123769884151678
QM9-gap-20k,GLOSS(2:3:3),61,18,0.5048,100.0,0.5004370212554932,1.2121031606718335
QM9-gap-20k,GLOSS(2:3:3),61,19,0.5048,100.0,0.5137999057769775,1.2093728848216887
QM9-gap-20k,GLOSS(4:2:2),61,-1,0.204,31.402508551881414,0.0,0.0
QM9-gap-20k,GLOSS(4:2:2),61,0,0.318,57.400228050171044,0.4155902862548828,0.7967157514997091
QM9-gap-20k,GLOSS(4:2:2),61,1,0.4128,79.0193842645382,0.40143513679504395,0.9431062220011819
QM9-gap-20k,GLOSS(4:2:2),61,2,0.4128,79.0193842645382,0.4091830253601074,1.0171130144870966
QM9-gap-20k,GLOSS(4:2:2),61,3,0.4465,86.70467502850626,0.4011402130126953,1.067466853901136
QM9-gap-20k,GLOSS(4:2:2),61,4,0.5048,100.0,0.4035210609436035,1.1481138029363405
QM9-gap-20k,GLOSS(4:2:2),61,5,0.5048,100.0,0.41170597076416016,1.1989864072589953
QM9-gap-20k,GLOSS(4:2:2),61,6,0.5048,100.0,0.419266939163208,1.175541724473246
QM9-gap-20k,GLOSS(4:2:2),61,7,0.5048,100.0,0.4382789134979248,1.1655082768755993
QM9-gap-20k,GLOSS(4:2:2),61,8,0.5048,100.0,0.43854308128356934,1.1405706334713523
QM9-gap-20k,GLOSS(4:2:2),61,9,0.5048,100.0,0.4412522315979004,1.1435514227927155
QM9-gap-20k,GLOSS(4:2:2),61,10,0.5048,100.0,0.446652889251709,1.1338971973293777
QM9-gap-20k,GLOSS(4:2:2),61,11,0.5048,100.0,0.44924497604370117,1.1320160876970313
QM9-gap-20k,GLOSS(4:2:2),61,12,0.5048,100.0,0.4553070068359375,1.1200647279019955
QM9-gap-20k,GLOSS(4:2:2),61,13,0.5048,100.0,0.45919299125671387,1.1195022514077886
QM9-gap-20k,GLOSS(4:2:2),61,14,0.5048,100.0,0.4677298069000244,1.11860252153596
QM9-gap-20k,GLOSS(4:2:2),61,15,0.5048,100.0,0.4788181781768799,1.1153680974920002
QM9-gap-20k,GLOSS(4:2:2),61,16,0.5048,100.0,0.4847891330718994,1.1206967670522896
QM9-gap-20k,GLOSS(4:2:2),61,17,0.5048,100.0,0.49101686477661133,1.1072484253889214
QM9-gap-20k,GLOSS(4:2:2),61,18,0.5048,100.0,0.5126430988311768,1.104894689784004
QM9-gap-20k,GLOSS(4:2:2),61,19,0.5048,100.0,0.5030171871185303,1.1037521960279824
QM9-gap-20k,GLOSS(6:1:1),61,-1,0.204,31.402508551881414,0.0,0.0
QM9-gap-20k,GLOSS(6:1:1),61,0,0.318,57.400228050171044,0.41033291816711426,0.5664622233804038
QM9-gap-20k,GLOSS(6:1:1),61,1,0.3472,64.05929304446978,0.4145779609680176,0.891030964153789
QM9-gap-20k,GLOSS(6:1:1),61,2,0.462,90.23945267958952,0.40433692932128906,1.0227852398548274
QM9-gap-20k,GLOSS(6:1:1),61,3,0.4802,94.38996579247436,0.417421817779541,1.0682390265583033
QM9-gap-20k,GLOSS(6:1:1),61,4,0.5048,100.0,0.3945810794830322,1.1859171946000053
QM9-gap-20k,GLOSS(6:1:1),61,5,0.5048,100.0,0.4112050533294678,1.2568897723750088
QM9-gap-20k,GLOSS(6:1:1),61,6,0.5048,100.0,0.42072296142578125,1.2379530711449342
QM9-gap-20k,GLOSS(6:1:1),61,7,0.5048,100.0,0.41605281829833984,1.209996889540425
QM9-gap-20k,GLOSS(6:1:1),61,8,0.5048,100.0,0.43543100357055664,1.1981872490245147
QM9-gap-20k,GLOSS(6:1:1),61,9,0.5048,100.0,0.4383978843688965,1.2119437741892918
QM9-gap-20k,GLOSS(6:1:1),61,10,0.5048,100.0,0.4525129795074463,1.185167353081298
QM9-gap-20k,GLOSS(6:1:1),61,11,0.5048,100.0,0.44959592819213867,1.2134011420364708
QM9-gap-20k,GLOSS(6:1:1),61,12,0.5048,100.0,0.4533669948577881,1.1853593105567874
QM9-gap-20k,GLOSS(6:1:1),61,13,0.5048,100.0,0.47209978103637695,1.1700681665087476
QM9-gap-20k,GLOSS(6:1:1),61,14,0.5048,100.0,0.46361804008483887,1.153372897496005
QM9-gap-20k,GLOSS(6:1:1),61,15,0.5048,100.0,0.47675585746765137,1.147909981631822
QM9-gap-20k,GLOSS(6:1:1),61,16,0.5048,100.0,0.4821932315826416,1.1311804852257583
QM9-gap-20k,GLOSS(6:1:1),61,17,0.5048,100.0,0.4970712661743164,1.1135725050818785
QM9-gap-20k,GLOSS(6:1:1),61,18,0.5048,100.0,0.4949929714202881,1.103802977158514
QM9-gap-20k,GLOSS(6:1:1),61,19,0.5048,100.0,0.5074162483215332,1.1014866447115286
QM9-gap-20k,GLOSS(2:3:3),67,-1,0.1991,30.285062713797036,0.0,0.0
QM9-gap-20k,GLOSS(2:3:3),67,0,0.2228,35.689851767388824,0.3723111152648926,0.5586582300015114
QM9-gap-20k,GLOSS(2:3:3),67,1,0.3527,65.31356898517674,0.40219998359680176,1.0098833371306912
QM9-gap-20k,GLOSS(2:3:3),67,2,0.4465,86.70467502850626,0.3877739906311035,1.4097076354232114
QM9-gap-20k,GLOSS(2:3:3),67,3,0.5048,100.0,0.39625024795532227,1.5715822926645577
QM9-gap-20k,GLOSS(2:3:3),67,4,0.5048,100.0,0.4065549373626709,1.5841649733325043
QM9-gap-20k,GLOSS(2:3:3),67,5,0.5048,100.0,0.40999388694763184,1.5546349623599303
QM9-gap-20k,GLOSS(2:3:3),67,6,0.5048,100.0,0.43382883071899414,1.5038474965795616
QM9-gap-20k,GLOSS(2:3:3),67,7,0.5048,100.0,0.4363710880279541,1.4581408567420657
QM9-gap-20k,GLOSS(2:3:3),67,8,0.5048,100.0,0.4322628974914551,1.4644396322782742
QM9-gap-20k,GLOSS(2:3:3),67,9,0.5048,100.0,0.43407511711120605,1.4498868548307482
QM9-gap-20k,GLOSS(2:3:3),67,10,0.5048,100.0,0.4519960880279541,1.4172033504795514
QM9-gap-20k,GLOSS(2:3:3),67,11,0.5048,100.0,0.46342921257019043,1.3907202161558756
QM9-gap-20k,GLOSS(2:3:3),67,12,0.5048,100.0,0.4618489742279053,1.3888494118477108
QM9-gap-20k,GLOSS(2:3:3),67,13,0.5048,100.0,0.47243380546569824,1.3680964226981887
QM9-gap-20k,GLOSS(2:3:3),67,14,0.5048,100.0,0.47648000717163086,1.3570642071218935
QM9-gap-20k,GLOSS(2:3:3),67,15,0.5048,100.0,0.5020051002502441,1.355887938548774
QM9-gap-20k,GLOSS(2:3:3),67,16,0.5048,100.0,0.5060667991638184,1.3413816743440259
QM9-gap-20k,GLOSS(2:3:3),67,17,0.5048,100.0,0.5130841732025146,1.3362635814916322
QM9-gap-20k,GLOSS(2:3:3),67,18,0.5048,100.0,0.5222032070159912,1.3398896202040629
QM9-gap-20k,GLOSS(2:3:3),67,19,0.5048,100.0,0.5175800323486328,1.3456677219082531
QM9-gap-20k,GLOSS(4:2:2),67,-1,0.1991,30.285062713797036,0.0,0.0
QM9-gap-20k,GLOSS(4:2:2),67,0,0.2239,35.94070695553022,0.3830380439758301,0.5562825855127921
QM9-gap-20k,GLOSS(4:2:2),67,1,0.2239,35.94070695553022,0.42774295806884766,0.807327666571665
QM9-gap-20k,GLOSS(4:2:2),67,2,0.2807,48.8939566704675,0.44107794761657715,0.8600139481335168
QM9-gap-20k,GLOSS(4:2:2),67,3,0.3501,64.72063854047892,0.4295659065246582,1.1624530757595497
QM9-gap-20k,GLOSS(4:2:2),67,4,0.379,71.31128848346636,0.4298970699310303,1.244399142780964
QM9-gap-20k,GLOSS(4:2:2),67,5,0.5048,100.0,0.4553029537200928,1.3672504671703485
QM9-gap-20k,GLOSS(4:2:2),67,6,0.5048,100.0,0.44417405128479004,1.4221685258522516
QM9-gap-20k,GLOSS(4:2:2),67,7,0.5048,100.0,0.44469499588012695,1.3897199420160344
QM9-gap-20k,GLOSS(4:2:2),67,8,0.5048,100.0,0.43045997619628906,1.3836988689877678
QM9-gap-20k,GLOSS(4:2:2),67,9,0.5048,100.0,0.43857288360595703,1.3787585537280571
QM9-gap-20k,GLOSS(4:2:2),67,10,0.5048,100.0,0.4467320442199707,1.378738559758701
QM9-gap-20k,GLOSS(4:2:2),67,11,0.5048,100.0,0.45436620712280273,1.3590816041536018
QM9-gap-20k,GLOSS(4:2:2),67,12,0.5048,100.0,0.4552578926086426,1.3487421831017763
QM9-gap-20k,GLOSS(4:2:2),67,13,0.5048,100.0,0.45443105697631836,1.3304175143928627
QM9-gap-20k,GLOSS(4:2:2),67,14,0.5048,100.0,0.48020362854003906,1.3146683083360649
QM9-gap-20k,GLOSS(4:2:2),67,15,0.5048,100.0,0.48610687255859375,1.312881001859132
QM9-gap-20k,GLOSS(4:2:2),67,16,0.5048,100.0,0.4866962432861328,1.2892749533472943
QM9-gap-20k,GLOSS(4:2:2),67,17,0.5048,100.0,0.49867701530456543,1.2804663195276806
QM9-gap-20k,GLOSS(4:2:2),67,18,0.5048,100.0,0.5017011165618896,1.274176684904439
QM9-gap-20k,GLOSS(4:2:2),67,19,0.5048,100.0,0.49361491203308105,1.2881608294460587
QM9-gap-20k,GLOSS(6:1:1),67,-1,0.1991,30.285062713797036,0.0,0.0
QM9-gap-20k,GLOSS(6:1:1),67,0,0.2239,35.94070695553022,0.3649451732635498,0.5225096861239675
QM9-gap-20k,GLOSS(6:1:1),67,1,0.3192,57.673888255416195,0.41087794303894043,1.0265740650555621
QM9-gap-20k,GLOSS(6:1:1),67,2,0.3799,71.51653363740023,0.40007615089416504,1.227590339664884
QM9-gap-20k,GLOSS(6:1:1),67,3,0.5048,100.0,0.3961832523345947,1.4045218879031673
QM9-gap-20k,GLOSS(6:1:1),67,4,0.5048,100.0,0.4192850589752197,1.4503405996700338
QM9-gap-20k,GLOSS(6:1:1),67,5,0.5048,100.0,0.41252565383911133,1.4248665886666008
QM9-gap-20k,GLOSS(6:1:1),67,6,0.5048,100.0,0.42995500564575195,1.374898948164477
QM9-gap-20k,GLOSS(6:1:1),67,7,0.5048,100.0,0.42557621002197266,1.3529199120899509
QM9-gap-20k,GLOSS(6:1:1),67,8,0.5048,100.0,0.44237494468688965,1.3124631756855734
QM9-gap-20k,GLOSS(6:1:1),67,9,0.5048,100.0,0.45066404342651367,1.3514371716904456
QM9-gap-20k,GLOSS(6:1:1),67,10,0.5048,100.0,0.46026611328125,1.3158930788052126
QM9-gap-20k,GLOSS(6:1:1),67,11,0.5048,100.0,0.45384693145751953,1.2887992888644104
QM9-gap-20k,GLOSS(6:1:1),67,12,0.5048,100.0,0.4662749767303467,1.2697665261680928
QM9-gap-20k,GLOSS(6:1:1),67,13,0.5048,100.0,0.47986578941345215,1.2537964621962663
QM9-gap-20k,GLOSS(6:1:1),67,14,0.5048,100.0,0.47151803970336914,1.2497560324776926
QM9-gap-20k,GLOSS(6:1:1),67,15,0.5048,100.0,0.4700500965118408,1.2301846972707897
QM9-gap-20k,GLOSS(6:1:1),67,16,0.5048,100.0,0.4836740493774414,1.2124544253132457
QM9-gap-20k,GLOSS(6:1:1),67,17,0.5048,100.0,0.48526883125305176,1.2097719201398538
QM9-gap-20k,GLOSS(6:1:1),67,18,0.5048,100.0,0.500173807144165,1.1968441209682705
QM9-gap-20k,GLOSS(6:1:1),67,19,0.5048,100.0,0.5043201446533203,1.181761999228661
QM9-gap-25k,GLOSS(2:3:3),47,-1,0.206,35.43647363872082,0.0,0.0
QM9-gap-25k,GLOSS(2:3:3),47,0,0.3127,58.491789109766636,0.4841022491455078,0.6582330953383015
QM9-gap-25k,GLOSS(2:3:3),47,1,0.3399,64.36905790838374,0.49212002754211426,0.9374781028759123
QM9-gap-25k,GLOSS(2:3:3),47,2,0.353,67.19965427830596,0.4887239933013916,0.9631597281371728
QM9-gap-25k,GLOSS(2:3:3),47,3,0.4802,94.68452895419188,0.4676079750061035,1.0256360702566483
QM9-gap-25k,GLOSS(2:3:3),47,4,0.5048,100.0,0.48700594902038574,1.1559650925179739
QM9-gap-25k,GLOSS(2:3:3),47,5,0.5048,100.0,0.48308491706848145,1.2185376202702394
QM9-gap-25k,GLOSS(2:3:3),47,6,0.5048,100.0,0.4934830665588379,1.203397979030892
QM9-gap-25k,GLOSS(2:3:3),47,7,0.5048,100.0,0.5095610618591309,1.258710681645779
QM9-gap-25k,GLOSS(2:3:3),47,8,0.5048,100.0,0.4902217388153076,1.2626555437457125
QM9-gap-25k,GLOSS(2:3:3),47,9,0.5048,100.0,0.5121920108795166,1.2429539186575564
QM9-gap-25k,GLOSS(2:3:3),47,10,0.5048,100.0,0.5319390296936035,1.2491698744541841
QM9-gap-25k,GLOSS(2:3:3),47,11,0.5048,100.0,0.524846076965332,1.2511540855268
QM9-gap-25k,GLOSS(2:3:3),47,12,0.5048,100.0,0.5486550331115723,1.2477524566408615
QM9-gap-25k,GLOSS(2:3:3),47,13,0.5048,100.0,0.5566051006317139,1.2389987697551004
QM9-gap-25k,GLOSS(2:3:3),47,14,0.5048,100.0,0.552947998046875,1.2298920935770747
QM9-gap-25k,GLOSS(2:3:3),47,15,0.5048,100.0,0.5699849128723145,1.2244838832710374
QM9-gap-25k,GLOSS(2:3:3),47,16,0.5048,100.0,0.5879278182983398,1.217419402153257
QM9-gap-25k,GLOSS(2:3:3),47,17,0.5048,100.0,0.5800178050994873,1.2217450212703806
QM9-gap-25k,GLOSS(2:3:3),47,18,0.5048,100.0,0.588083028793335,1.2220707949665413
QM9-gap-25k,GLOSS(2:3:3),47,19,0.5048,100.0,0.5996301174163818,1.219609019133538
QM9-gap-25k,GLOSS(4:2:2),47,-1,0.206,35.43647363872082,0.0,0.0
QM9-gap-25k,GLOSS(4:2:2),47,0,0.3127,58.491789109766636,0.49531102180480957,0.6978275360792453
QM9-gap-25k,GLOSS(4:2:2),47,1,0.3347,63.245462402765774,0.5593140125274658,0.9224740335950714
QM9-gap-25k,GLOSS(4:2:2),47,2,0.3377,63.89369057908384,0.5050151348114014,0.9302436185687429
QM9-gap-25k,GLOSS(4:2:2),47,3,0.4117,79.88331892826275,0.5130691528320312,0.9530185792438947
QM9-gap-25k,GLOSS(4:2:2),47,4,0.462,90.75194468452895,0.49236488342285156,1.0020832949420337
QM9-gap-25k,GLOSS(4:2:2),47,5,0.462,90.75194468452895,0.5080831050872803,1.0326918379748367
QM9-gap-25k,GLOSS(4:2:2),47,6,0.4802,94.68452895419188,0.5159759521484375,1.085769096042877
QM9-gap-25k,GLOSS(4:2:2),47,7,0.5048,100.0,0.5150542259216309,1.1103380818480546
QM9-gap-25k,GLOSS(4:2:2),47,8,0.5048,100.0,0.5198690891265869,1.1282638223018784
QM9-gap-25k,GLOSS(4:2:2),47,9,0.5048,100.0,0.5220880508422852,1.1482063049290048
QM9-gap-25k,GLOSS(4:2:2),47,10,0.5048,100.0,0.536139965057373,1.1693383824828185
QM9-gap-25k,GLOSS(4:2:2),47,11,0.5048,100.0,0.5467090606689453,1.1820984234663134
QM9-gap-25k,GLOSS(4:2:2),47,12,0.5048,100.0,0.5412330627441406,1.1835131799705918
QM9-gap-25k,GLOSS(4:2:2),47,13,0.5048,100.0,0.5564830303192139,1.1843411336041767
QM9-gap-25k,GLOSS(4:2:2),47,14,0.5048,100.0,0.5664887428283691,1.1762881018205007
QM9-gap-25k,GLOSS(4:2:2),47,15,0.5048,100.0,0.5863010883331299,1.1630193307867085
QM9-gap-25k,GLOSS(4:2:2),47,16,0.5048,100.0,0.5986940860748291,1.155961091968899
QM9-gap-25k,GLOSS(4:2:2),47,17,0.5048,100.0,0.6008951663970947,1.1528393558750254
QM9-gap-25k,GLOSS(4:2:2),47,18,0.5048,100.0,0.5925991535186768,1.139076655135932
QM9-gap-25k,GLOSS(4:2:2),47,19,0.5048,100.0,0.6021168231964111,1.1324619967561385
QM9-gap-25k,GLOSS(6:1:1),47,-1,0.206,35.43647363872082,0.0,0.0
QM9-gap-25k,GLOSS(6:1:1),47,0,0.2978,55.27225583405359,0.4862852096557617,0.5477733722678889
QM9-gap-25k,GLOSS(6:1:1),47,1,0.3404,64.47709593777009,0.4984309673309326,0.832359548278352
QM9-gap-25k,GLOSS(6:1:1),47,2,0.3725,71.41313742437337,0.5032148361206055,0.8386038829748639
QM9-gap-25k,GLOSS(6:1:1),47,3,0.375,71.9533275713051,0.4890940189361572,0.8872900293435413
QM9-gap-25k,GLOSS(6:1:1),47,4,0.4802,94.68452895419188,0.48996591567993164,0.9291514068357782
QM9-gap-25k,GLOSS(6:1:1),47,5,0.4802,94.68452895419188,0.49626803398132324,1.022505707716884
QM9-gap-25k,GLOSS(6:1:1),47,6,0.5048,100.0,0.5139679908752441,1.1001793450682578
QM9-gap-25k,GLOSS(6:1:1),47,7,0.5048,100.0,0.5279140472412109,1.1677646514867477
QM9-gap-25k,GLOSS(6:1:1),47,8,0.5048,100.0,0.5279641151428223,1.2590079754771462
QM9-gap-25k,GLOSS(6:1:1),47,9,0.5048,100.0,0.5555629730224609,1.2511524469840205
QM9-gap-25k,GLOSS(6:1:1),47,10,0.5048,100.0,0.5526516437530518,1.229433146700817
QM9-gap-25k,GLOSS(6:1:1),47,11,0.5048,100.0,0.5501163005828857,1.2147360494942725
QM9-gap-25k,GLOSS(6:1:1),47,12,0.5048,100.0,0.5715839862823486,1.2253548929042897
QM9-gap-25k,GLOSS(6:1:1),47,13,0.5048,100.0,0.5728566646575928,1.2203450394866084
QM9-gap-25k,GLOSS(6:1:1),47,14,0.5048,100.0,0.5737040042877197,1.2224818112011293
QM9-gap-25k,GLOSS(6:1:1),47,15,0.5048,100.0,0.5823137760162354,1.207759012005278
QM9-gap-25k,GLOSS(6:1:1),47,16,0.5048,100.0,0.586597204208374,1.187830075971161
QM9-gap-25k,GLOSS(6:1:1),47,17,0.5048,100.0,0.5891468524932861,1.1727984559810047
QM9-gap-25k,GLOSS(6:1:1),47,18,0.5048,100.0,0.6093339920043945,1.1602892364647617
QM9-gap-25k,GLOSS(6:1:1),47,19,0.5048,100.0,0.6171770095825195,1.1436617964152174
QM9-gap-25k,GLOSS(2:3:3),53,-1,0.2095,36.19273984442523,0.0,0.0
QM9-gap-25k,GLOSS(2:3:3),53,0,0.3206,60.19878997407086,0.5200679302215576,0.6125499829928922
QM9-gap-25k,GLOSS(2:3:3),53,1,0.462,90.75194468452895,0.5086328983306885,0.9273224548806612
QM9-gap-25k,GLOSS(2:3:3),53,2,0.5048,100.0,0.4965357780456543,1.1354323295183706
QM9-gap-25k,GLOSS(2:3:3),53,3,0.5048,100.0,0.494368314743042,1.2347621459300768
QM9-gap-25k,GLOSS(2:3:3),53,4,0.5048,100.0,0.4694349765777588,1.2149866148585948
QM9-gap-25k,GLOSS(2:3:3),53,5,0.5048,100.0,0.4921107292175293,1.23743696090402
QM9-gap-25k,GLOSS(2:3:3),53,6,0.5048,100.0,0.487415075302124,1.2118052643284487
QM9-gap-25k,GLOSS(2:3:3),53,7,0.5048,100.0,0.5138509273529053,1.2076348570899964
QM9-gap-25k,GLOSS(2:3:3),53,8,0.5048,100.0,0.52779221534729,1.1966164852749028
QM9-gap-25k,GLOSS(2:3:3),53,9,0.5048,100.0,0.5395340919494629,1.2273890848234155
QM9-gap-25k,GLOSS(2:3:3),53,10,0.5048,100.0,0.5385076999664307,1.2375492442017837
QM9-gap-25k,GLOSS(2:3:3),53,11,0.5048,100.0,0.5433709621429443,1.218001684108745
QM9-gap-25k,GLOSS(2:3:3),53,12,0.5048,100.0,0.5416450500488281,1.214286922848976
QM9-gap-25k,GLOSS(2:3:3),53,13,0.5048,100.0,0.5624969005584717,1.201962803978424
QM9-gap-25k,GLOSS(2:3:3),53,14,0.5048,100.0,0.5736627578735352,1.1898343346137408
QM9-gap-25k,GLOSS(2:3:3),53,15,0.5048,100.0,0.5827839374542236,1.1960127668335874
QM9-gap-25k,GLOSS(2:3:3),53,16,0.5048,100.0,0.5911087989807129,1.2025489567241514
QM9-gap-25k,GLOSS(2:3:3),53,17,0.5048,100.0,0.6023697853088379,1.212270256351779
QM9-gap-25k,GLOSS(2:3:3),53,18,0.5048,100.0,0.599172830581665,1.205175447040596
QM9-gap-25k,GLOSS(2:3:3),53,19,0.5048,100.0,0.6002357006072998,1.2026995769810536
QM9-gap-25k,GLOSS(4:2:2),53,-1,0.2095,36.19273984442523,0.0,0.0
QM9-gap-25k,GLOSS(4:2:2),53,0,0.2896,53.50043215211754,0.5250411033630371,0.5198214406999498
QM9-gap-25k,GLOSS(4:2:2),53,1,0.3044,56.69835782195333,0.4955730438232422,0.5658930950107572
QM9-gap-25k,GLOSS(4:2:2),53,2,0.3044,56.69835782195333,0.4982640743255615,0.7914207825702544
QM9-gap-25k,GLOSS(4:2:2),53,3,0.3202,60.11235955056179,0.5406620502471924,0.803742686527088
QM9-gap-25k,GLOSS(4:2:2),53,4,0.3207,60.220397579948134,0.5273900032043457,0.8095385197836008
QM9-gap-25k,GLOSS(4:2:2),53,5,0.3207,60.220397579948134,0.5086932182312012,0.8527319557279398
QM9-gap-25k,GLOSS(4:2:2),53,6,0.3322,62.70527225583405,0.5288941860198975,0.8610957608497183
QM9-gap-25k,GLOSS(4:2:2),53,7,0.3322,62.70527225583405,0.5387730598449707,0.8849293583465071
QM9-gap-25k,GLOSS(4:2:2),53,8,0.3322,62.70527225583405,0.5397818088531494,0.9010526187474299
QM9-gap-25k,GLOSS(4:2:2),53,9,0.3392,64.21780466724287,0.5534799098968506,0.944416030843568
QM9-gap-25k,GLOSS(4:2:2),53,10,0.378,72.60155574762315,0.5640227794647217,0.9955331566316855
QM9-gap-25k,GLOSS(4:2:2),53,11,0.4298,83.7942955920484,0.5704019069671631,1.033685582256214
QM9-gap-25k,GLOSS(4:2:2),53,12,0.4298,83.7942955920484,0.5865919589996338,1.0620201493566432
QM9-gap-25k,GLOSS(4:2:2),53,13,0.5048,100.0,0.5699131488800049,1.1175567279500243
QM9-gap-25k,GLOSS(4:2:2),53,14,0.5048,100.0,0.5694746971130371,1.1484792533106614
QM9-gap-25k,GLOSS(4:2:2),53,15,0.5048,100.0,0.5882408618927002,1.1577244927259238
QM9-gap-25k,GLOSS(4:2:2),53,16,0.5048,100.0,0.5888779163360596,1.1630543641989168
QM9-gap-25k,GLOSS(4:2:2),53,17,0.5048,100.0,0.599478006362915,1.1806499233030787
QM9-gap-25k,GLOSS(4:2:2),53,18,0.5048,100.0,0.5933640003204346,1.1859105781942625
QM9-gap-25k,GLOSS(4:2:2),53,19,0.5048,100.0,0.6209397315979004,1.184717123090512
QM9-gap-25k,GLOSS(6:1:1),53,-1,0.2095,36.19273984442523,0.0,0.0
QM9-gap-25k,GLOSS(6:1:1),53,0,0.2896,53.50043215211754,0.5254290103912354,0.3352819258377581
QM9-gap-25k,GLOSS(6:1:1),53,1,0.2896,53.50043215211754,0.4971909523010254,0.5591371079712871
QM9-gap-25k,GLOSS(6:1:1),53,2,0.3024,56.266205704407945,0.5348947048187256,0.5488526770331466
QM9-gap-25k,GLOSS(6:1:1),53,3,0.3189,59.8314606741573,0.5403351783752441,0.7233286077633592
QM9-gap-25k,GLOSS(6:1:1),53,4,0.3643,69.64131374243733,0.5529477596282959,0.8257563354003301
QM9-gap-25k,GLOSS(6:1:1),53,5,0.4128,80.1210025929127,0.5430679321289062,0.9139415770340436
QM9-gap-25k,GLOSS(6:1:1),53,6,0.4802,94.68452895419188,0.5002632141113281,0.9832697714225868
QM9-gap-25k,GLOSS(6:1:1),53,7,0.5048,100.0,0.5335869789123535,1.0335198916859956
QM9-gap-25k,GLOSS(6:1:1),53,8,0.5048,100.0,0.5345430374145508,1.0788305883854499
QM9-gap-25k,GLOSS(6:1:1),53,9,0.5048,100.0,0.5523512363433838,1.079373557733911
QM9-gap-25k,GLOSS(6:1:1),53,10,0.5048,100.0,0.5525639057159424,1.0792491567726532
QM9-gap-25k,GLOSS(6:1:1),53,11,0.5048,100.0,0.5605709552764893,1.1006220404799067
QM9-gap-25k,GLOSS(6:1:1),53,12,0.5048,100.0,0.5777299404144287,1.123320149055375
QM9-gap-25k,GLOSS(6:1:1),53,13,0.5048,100.0,0.5606768131256104,1.1685735644866655
QM9-gap-25k,GLOSS(6:1:1),53,14,0.5048,100.0,0.5788009166717529,1.1790237830496575
QM9-gap-25k,GLOSS(6:1:1),53,15,0.5048,100.0,0.5903458595275879,1.173521259527778
QM9-gap-25k,GLOSS(6:1:1),53,16,0.5048,100.0,0.5887181758880615,1.1602147370932732
QM9-gap-25k,GLOSS(6:1:1),53,17,0.5048,100.0,0.6046798229217529,1.1494152354518918
QM9-gap-25k,GLOSS(6:1:1),53,18,0.5048,100.0,0.6166598796844482,1.1380675794313289
QM9-gap-25k,GLOSS(6:1:1),53,19,0.5048,100.0,0.6220118999481201,1.131879549069244
QM9-gap-25k,GLOSS(2:3:3),59,-1,0.2059,35.414866032843555,0.0,0.0
QM9-gap-25k,GLOSS(2:3:3),59,0,0.3066,57.173725151253244,0.5618178844451904,0.8243178865264624
QM9-gap-25k,GLOSS(2:3:3),59,1,0.3371,63.76404494382022,0.5547690391540527,0.9435611846178728
QM9-gap-25k,GLOSS(2:3:3),59,2,0.3643,69.64131374243733,0.5289018154144287,0.9259920739355537
QM9-gap-25k,GLOSS(2:3:3),59,3,0.3698,70.82973206568712,0.5478827953338623,0.9615375231851812
QM9-gap-25k,GLOSS(2:3:3),59,4,0.3762,72.21261884183232,0.528925895690918,0.9760293553378927
QM9-gap-25k,GLOSS(2:3:3),59,5,0.3762,72.21261884183232,0.5756559371948242,1.0053933359934226
QM9-gap-25k,GLOSS(2:3:3),59,6,0.3891,75.0,0.521770715713501,0.9908100306503135
QM9-gap-25k,GLOSS(2:3:3),59,7,0.4128,80.1210025929127,0.5262770652770996,1.0037128381612488
QM9-gap-25k,GLOSS(2:3:3),59,8,0.5048,100.0,0.5056178569793701,1.0397416526932353
QM9-gap-25k,GLOSS(2:3:3),59,9,0.5048,100.0,0.5285539627075195,1.0600182038442445
QM9-gap-25k,GLOSS(2:3:3),59,10,0.5048,100.0,0.5176379680633545,1.0740904220364853
QM9-gap-25k,GLOSS(2:3:3),59,11,0.5048,100.0,0.536456823348999,1.0962170916636307
QM9-gap-25k,GLOSS(2:3:3),59,12,0.5048,100.0,0.5520069599151611,1.1170418459337865
QM9-gap-25k,GLOSS(2:3:3),59,13,0.5048,100.0,0.5365040302276611,1.108799237882879
QM9-gap-25k,GLOSS(2:3:3),59,14,0.5048,100.0,0.5454800128936768,1.131612577721506
QM9-gap-25k,GLOSS(2:3:3),59,15,0.5048,100.0,0.5782129764556885,1.1566167665842304
QM9-gap-25k,GLOSS(2:3:3),59,16,0.5048,100.0,0.571382999420166,1.1572021524530116
QM9-gap-25k,GLOSS(2:3:3),59,17,0.5048,100.0,0.5798158645629883,1.1506991882456776
QM9-gap-25k,GLOSS(2:3:3),59,18,0.5048,100.0,0.5894789695739746,1.1565349182457354
QM9-gap-25k,GLOSS(2:3:3),59,19,0.5048,100.0,0.5782160758972168,1.154662746342936
QM9-gap-25k,GLOSS(4:2:2),59,-1,0.2059,35.414866032843555,0.0,0.0
QM9-gap-25k,GLOSS(4:2:2),59,0,0.3172,59.46413137424372,0.55572509765625,0.6604177878668877
QM9-gap-25k,GLOSS(4:2:2),59,1,0.3216,60.41486603284356,0.5372359752655029,0.7106139078553894
QM9-gap-25k,GLOSS(4:2:2),59,2,0.3399,64.36905790838374,0.525428056716919,0.8805759642191499
QM9-gap-25k,GLOSS(4:2:2),59,3,0.3527,67.13483146067416,0.4989938735961914,0.9878247953709399
QM9-gap-25k,GLOSS(4:2:2),59,4,0.5048,100.0,0.5081639289855957,1.07342177583873
QM9-gap-25k,GLOSS(4:2:2),59,5,0.5048,100.0,0.5139491558074951,1.1478876297997345
QM9-gap-25k,GLOSS(4:2:2),59,6,0.5048,100.0,0.5092170238494873,1.134971147012283
QM9-gap-25k,GLOSS(4:2:2),59,7,0.5048,100.0,0.5227100849151611,1.1399420151706432
QM9-gap-25k,GLOSS(4:2:2),59,8,0.5048,100.0,0.5388250350952148,1.1597743938469587
QM9-gap-25k,GLOSS(4:2:2),59,9,0.5048,100.0,0.5252752304077148,1.1803682765004515
QM9-gap-25k,GLOSS(4:2:2),59,10,0.5048,100.0,0.5479519367218018,1.1965254776610619
QM9-gap-25k,GLOSS(4:2:2),59,11,0.5048,100.0,0.5827760696411133,1.2098704229672048
QM9-gap-25k,GLOSS(4:2:2),59,12,0.5048,100.0,0.5552089214324951,1.1893372609399673
QM9-gap-25k,GLOSS(4:2:2),59,13,0.5048,100.0,0.5597431659698486,1.1875075714890495
QM9-gap-25k,GLOSS(4:2:2),59,14,0.5048,100.0,0.5586187839508057,1.1767997690644523
QM9-gap-25k,GLOSS(4:2:2),59,15,0.5048,100.0,0.5751128196716309,1.1582627796296576
QM9-gap-25k,GLOSS(4:2:2),59,16,0.5048,100.0,0.5795900821685791,1.1554311980353682
QM9-gap-25k,GLOSS(4:2:2),59,17,0.5048,100.0,0.5897159576416016,1.1341310108641298
QM9-gap-25k,GLOSS(4:2:2),59,18,0.5048,100.0,0.5955278873443604,1.130317911519627
QM9-gap-25k,GLOSS(4:2:2),59,19,0.5048,100.0,0.5987567901611328,1.1274701985527071
QM9-gap-25k,GLOSS(6:1:1),59,-1,0.2059,35.414866032843555,0.0,0.0
QM9-gap-25k,GLOSS(6:1:1),59,0,0.2856,52.63612791702678,0.5499818325042725,0.39563953223832204
QM9-gap-25k,GLOSS(6:1:1),59,1,0.3173,59.485738980121006,0.5513980388641357,0.6613747657772182
QM9-gap-25k,GLOSS(6:1:1),59,2,0.3615,69.0363007778738,0.5153658390045166,0.6406812457393369
QM9-gap-25k,GLOSS(6:1:1),59,3,0.3749,71.93171996542783,0.509335994720459,0.8493173590766145
QM9-gap-25k,GLOSS(6:1:1),59,4,0.3891,75.0,0.5227949619293213,0.9384713190264031
QM9-gap-25k,GLOSS(6:1:1),59,5,0.5048,100.0,0.505878210067749,1.0724076421634683
QM9-gap-25k,GLOSS(6:1:1),59,6,0.5048,100.0,0.5185580253601074,1.144276849954589
QM9-gap-25k,GLOSS(6:1:1),59,7,0.5048,100.0,0.5290071964263916,1.1014509373899137
QM9-gap-25k,GLOSS(6:1:1),59,8,0.5048,100.0,0.5315661430358887,1.1043367634159347
QM9-gap-25k,GLOSS(6:1:1),59,9,0.5048,100.0,0.5319609642028809,1.1151716972643106
QM9-gap-25k,GLOSS(6:1:1),59,10,0.5048,100.0,0.5664670467376709,1.1198776280475764
QM9-gap-25k,GLOSS(6:1:1),59,11,0.5048,100.0,0.5488507747650146,1.0988079777278859
QM9-gap-25k,GLOSS(6:1:1),59,12,0.5048,100.0,0.5564751625061035,1.0950765138523924
QM9-gap-25k,GLOSS(6:1:1),59,13,0.5048,100.0,0.5592141151428223,1.0825195959812934
QM9-gap-25k,GLOSS(6:1:1),59,14,0.5048,100.0,0.5755691528320312,1.0853276198883826
QM9-gap-25k,GLOSS(6:1:1),59,15,0.5048,100.0,0.5822532176971436,1.071323034740416
QM9-gap-25k,GLOSS(6:1:1),59,16,0.5048,100.0,0.5833232402801514,1.058962004636694
QM9-gap-25k,GLOSS(6:1:1),59,17,0.5048,100.0,0.5974931716918945,1.0417558786591785
QM9-gap-25k,GLOSS(6:1:1),59,18,0.5048,100.0,0.5856349468231201,1.0304534381748955
QM9-gap-25k,GLOSS(6:1:1),59,19,0.5048,100.0,0.5948152542114258,1.020176227413215
QM9-gap-25k,GLOSS(2:3:3),61,-1,0.2076,35.78219533275713,0.0,0.0
QM9-gap-25k,GLOSS(2:3:3),61,0,0.3202,60.11235955056179,0.48314595222473145,0.5792286691383778
QM9-gap-25k,GLOSS(2:3:3),61,1,0.418,81.24459809853067,0.5034821033477783,0.8376588260675621
QM9-gap-25k,GLOSS(2:3:3),61,2,0.5048,100.0,0.47597789764404297,1.1173442002965943
QM9-gap-25k,GLOSS(2:3:3),61,3,0.5048,100.0,0.5037550926208496,1.2472236873676723
QM9-gap-25k,GLOSS(2:3:3),61,4,0.5048,100.0,0.478740930557251,1.219695601893476
QM9-gap-25k,GLOSS(2:3:3),61,5,0.5048,100.0,0.49237608909606934,1.1954856049169034
QM9-gap-25k,GLOSS(2:3:3),61,6,0.5048,100.0,0.5042340755462646,1.175415688491536
QM9-gap-25k,GLOSS(2:3:3),61,7,0.5048,100.0,0.5194530487060547,1.1722867559914916
QM9-gap-25k,GLOSS(2:3:3),61,8,0.5048,100.0,0.5333199501037598,1.1611699797475585
QM9-gap-25k,GLOSS(2:3:3),61,9,0.5048,100.0,0.539525032043457,1.141297478539979
QM9-gap-25k,GLOSS(2:3:3),61,10,0.5048,100.0,0.5514822006225586,1.134911830590641
QM9-gap-25k,GLOSS(2:3:3),61,11,0.5048,100.0,0.5560169219970703,1.132132475774344
QM9-gap-25k,GLOSS(2:3:3),61,12,0.5048,100.0,0.552391767501831,1.1480920625688544
QM9-gap-25k,GLOSS(2:3:3),61,13,0.5048,100.0,0.5527288913726807,1.1494489949263413
QM9-gap-25k,GLOSS(2:3:3),61,14,0.5048,100.0,0.5727360248565674,1.156550018699193
QM9-gap-25k,GLOSS(2:3:3),61,15,0.5048,100.0,0.5992851257324219,1.1641236658195593
QM9-gap-25k,GLOSS(2:3:3),61,16,0.5048,100.0,0.6053609848022461,1.1689845896154392
QM9-gap-25k,GLOSS(2:3:3),61,17,0.5048,100.0,0.6044468879699707,1.173753469225729
QM9-gap-25k,GLOSS(2:3:3),61,18,0.5048,100.0,0.6354010105133057,1.1854402284640349
QM9-gap-25k,GLOSS(2:3:3),61,19,0.5048,100.0,0.625230073928833,1.1831874535312428
QM9-gap-25k,GLOSS(4:2:2),61,-1,0.2076,35.78219533275713,0.0,0.0
QM9-gap-25k,GLOSS(4:2:2),61,0,0.3087,57.627484874675886,0.493074893951416,0.5083281337952699
QM9-gap-25k,GLOSS(4:2:2),61,1,0.3096,57.82195332757129,0.5170791149139404,0.6408500500686237
QM9-gap-25k,GLOSS(4:2:2),61,2,0.3322,62.70527225583405,0.5236527919769287,0.7947679362527246
QM9-gap-25k,GLOSS(4:2:2),61,3,0.3424,64.90924805531546,0.5028588771820068,0.8001344047827457
QM9-gap-25k,GLOSS(4:2:2),61,4,0.4802,94.68452895419188,0.49716925621032715,0.8762534935795167
QM9-gap-25k,GLOSS(4:2:2),61,5,0.4802,94.68452895419188,0.5078179836273193,0.9609284239975061
QM9-gap-25k,GLOSS(4:2:2),61,6,0.4802,94.68452895419188,0.5108060836791992,1.0297982858687065
QM9-gap-25k,GLOSS(4:2:2),61,7,0.5048,100.0,0.5492768287658691,1.1129122887135885
QM9-gap-25k,GLOSS(4:2:2),61,8,0.5048,100.0,0.543147087097168,1.1410771016681869
QM9-gap-25k,GLOSS(4:2:2),61,9,0.5048,100.0,0.5292251110076904,1.1693302581608447
QM9-gap-25k,GLOSS(4:2:2),61,10,0.5048,100.0,0.5958409309387207,1.1834503522720776
QM9-gap-25k,GLOSS(4:2:2),61,11,0.5048,100.0,0.5769016742706299,1.1798041860356732
QM9-gap-25k,GLOSS(4:2:2),61,12,0.5048,100.0,0.5486490726470947,1.205109745601135
QM9-gap-25k,GLOSS(4:2:2),61,13,0.5048,100.0,0.5578598976135254,1.1998290273014753
QM9-gap-25k,GLOSS(4:2:2),61,14,0.5048,100.0,0.5599658489227295,1.2089698672301934
QM9-gap-25k,GLOSS(4:2:2),61,15,0.5048,100.0,0.5523200035095215,1.2042342904443573
QM9-gap-25k,GLOSS(4:2:2),61,16,0.5048,100.0,0.5682449340820312,1.2060258419453267
QM9-gap-25k,GLOSS(4:2:2),61,17,0.5048,100.0,0.5868649482727051,1.1910643456560766
QM9-gap-25k,GLOSS(4:2:2),61,18,0.5048,100.0,0.5951690673828125,1.185465078680011
QM9-gap-25k,GLOSS(4:2:2),61,19,0.5048,100.0,0.5914418697357178,1.1820545777152374
QM9-gap-25k,GLOSS(6:1:1),61,-1,0.2076,35.78219533275713,0.0,0.0
QM9-gap-25k,GLOSS(6:1:1),61,0,0.3087,57.627484874675886,0.4833340644836426,0.3836650311645041
QM9-gap-25k,GLOSS(6:1:1),61,1,0.3758,72.12618841832325,0.4900648593902588,0.7806313030266964
QM9-gap-25k,GLOSS(6:1:1),61,2,0.3758,72.12618841832325,0.5017368793487549,0.8210445531241951
QM9-gap-25k,GLOSS(6:1:1),61,3,0.3758,72.12618841832325,0.5458691120147705,0.8009627084867116
QM9-gap-25k,GLOSS(6:1:1),61,4,0.3758,72.12618841832325,0.526141881942749,0.739829240777368
QM9-gap-25k,GLOSS(6:1:1),61,5,0.3758,72.12618841832325,0.5329351425170898,0.8037269632919449
QM9-gap-25k,GLOSS(6:1:1),61,6,0.3758,72.12618841832325,0.5560879707336426,0.7670210898036287
QM9-gap-25k,GLOSS(6:1:1),61,7,0.3758,72.12618841832325,0.550421953201294,0.7481697548374727
QM9-gap-25k,GLOSS(6:1:1),61,8,0.3758,72.12618841832325,0.5664031505584717,0.7498707551860208
QM9-gap-25k,GLOSS(6:1:1),61,9,0.4128,80.1210025929127,0.591623067855835,0.7555651511802728
QM9-gap-25k,GLOSS(6:1:1),61,10,0.4298,83.7942955920484,0.5537190437316895,0.7976374005401873
QM9-gap-25k,GLOSS(6:1:1),61,11,0.4465,87.40276577355229,0.5570437908172607,0.8408093162420107
QM9-gap-25k,GLOSS(6:1:1),61,12,0.4465,87.40276577355229,0.5359086990356445,0.8180907772324094
QM9-gap-25k,GLOSS(6:1:1),61,13,0.4465,87.40276577355229,0.5573360919952393,0.8337117463538252
QM9-gap-25k,GLOSS(6:1:1),61,14,0.4465,87.40276577355229,0.5711629390716553,0.8263428946092529
QM9-gap-25k,GLOSS(6:1:1),61,15,0.4465,87.40276577355229,0.5698387622833252,0.821289835273144
QM9-gap-25k,GLOSS(6:1:1),61,16,0.4465,87.40276577355229,0.5747559070587158,0.8178311425519182
QM9-gap-25k,GLOSS(6:1:1),61,17,0.4465,87.40276577355229,0.5712461471557617,0.8084419181124296
QM9-gap-25k,GLOSS(6:1:1),61,18,0.4465,87.40276577355229,0.5881011486053467,0.8108364347815582
QM9-gap-25k,GLOSS(6:1:1),61,19,0.4465,87.40276577355229,0.588036060333252,0.8140890551018505
QM9-gap-25k,GLOSS(2:3:3),67,-1,0.1953,33.124459809853064,0.0,0.0
QM9-gap-25k,GLOSS(2:3:3),67,0,0.349,66.3353500432152,0.5090069770812988,1.0879504696877766
QM9-gap-25k,GLOSS(2:3:3),67,1,0.3891,75.0,0.47162389755249023,1.030399635836787
QM9-gap-25k,GLOSS(2:3:3),67,2,0.5048,100.0,0.4815361499786377,1.2028401882051662
QM9-gap-25k,GLOSS(2:3:3),67,3,0.5048,100.0,0.4705827236175537,1.2222992904784407
QM9-gap-25k,GLOSS(2:3:3),67,4,0.5048,100.0,0.48215293884277344,1.245262933659264
QM9-gap-25k,GLOSS(2:3:3),67,5,0.5048,100.0,0.49552178382873535,1.2111806528434594
QM9-gap-25k,GLOSS(2:3:3),67,6,0.5048,100.0,0.49642395973205566,1.2151271767984946
QM9-gap-25k,GLOSS(2:3:3),67,7,0.5048,100.0,0.5074188709259033,1.1779494791492389
QM9-gap-25k,GLOSS(2:3:3),67,8,0.5048,100.0,0.5339300632476807,1.1778366321886569
QM9-gap-25k,GLOSS(2:3:3),67,9,0.5048,100.0,0.535386323928833,1.1747560464130047
QM9-gap-25k,GLOSS(2:3:3),67,10,0.5048,100.0,0.5781519412994385,1.1685834995130693
QM9-gap-25k,GLOSS(2:3:3),67,11,0.5048,100.0,0.578507661819458,1.1598983342854479
QM9-gap-25k,GLOSS(2:3:3),67,12,0.5048,100.0,0.5645780563354492,1.180418969878384
QM9-gap-25k,GLOSS(2:3:3),67,13,0.5048,100.0,0.6051161289215088,1.1932639563137903
QM9-gap-25k,GLOSS(2:3:3),67,14,0.5048,100.0,0.5554931163787842,1.1893075100120796
QM9-gap-25k,GLOSS(2:3:3),67,15,0.5048,100.0,0.5739202499389648,1.2014307955051005
QM9-gap-25k,GLOSS(2:3:3),67,16,0.5048,100.0,0.5803172588348389,1.2047997979537692
QM9-gap-25k,GLOSS(2:3:3),67,17,0.5048,100.0,0.5802409648895264,1.2186466117057464
QM9-gap-25k,GLOSS(2:3:3),67,18,0.5048,100.0,0.5903651714324951,1.223862165381156
QM9-gap-25k,GLOSS(2:3:3),67,19,0.5048,100.0,0.6043250560760498,1.2234693715790088
QM9-gap-25k,GLOSS(4:2:2),67,-1,0.1953,33.124459809853064,0.0,0.0
QM9-gap-25k,GLOSS(4:2:2),67,0,0.2838,52.24719101123595,0.5061986446380615,0.964694481201769
QM9-gap-25k,GLOSS(4:2:2),67,1,0.3638,69.53327571305098,0.4903888702392578,1.0399453678074448
QM9-gap-25k,GLOSS(4:2:2),67,2,0.3729,71.49956784788245,0.5136449337005615,1.0324379263379166
QM9-gap-25k,GLOSS(4:2:2),67,3,0.373,71.52117545375972,0.5200190544128418,0.9619824077985936
QM9-gap-25k,GLOSS(4:2:2),67,4,0.418,81.24459809853067,0.5200262069702148,0.9268876496640063
QM9-gap-25k,GLOSS(4:2:2),67,5,0.4802,94.68452895419188,0.530566930770874,0.9873732769361919
QM9-gap-25k,GLOSS(4:2:2),67,6,0.4802,94.68452895419188,0.48966217041015625,1.1076353320609285
QM9-gap-25k,GLOSS(4:2:2),67,7,0.5048,100.0,0.5017871856689453,1.1714556351540877
QM9-gap-25k,GLOSS(4:2:2),67,8,0.5048,100.0,0.520819902420044,1.1972214749447716
QM9-gap-25k,GLOSS(4:2:2),67,9,0.5048,100.0,0.5385029315948486,1.1873550863642623
QM9-gap-25k,GLOSS(4:2:2),67,10,0.5048,100.0,0.540198802947998,1.1707657477622864
QM9-gap-25k,GLOSS(4:2:2),67,11,0.5048,100.0,0.5416061878204346,1.1810530820969336
QM9-gap-25k,GLOSS(4:2:2),67,12,0.5048,100.0,0.546180009841919,1.1624407147879456
QM9-gap-25k,GLOSS(4:2:2),67,13,0.5048,100.0,0.557640790939331,1.154577587338473
QM9-gap-25k,GLOSS(4:2:2),67,14,0.5048,100.0,0.5648050308227539,1.1442417113760108
QM9-gap-25k,GLOSS(4:2:2),67,15,0.5048,100.0,0.5665318965911865,1.1323372796764297
QM9-gap-25k,GLOSS(4:2:2),67,16,0.5048,100.0,0.5765669345855713,1.1227530293556818
QM9-gap-25k,GLOSS(4:2:2),67,17,0.5048,100.0,0.5895769596099854,1.1108191761937853
QM9-gap-25k,GLOSS(4:2:2),67,18,0.5048,100.0,0.5722711086273193,1.1033256275298815
QM9-gap-25k,GLOSS(4:2:2),67,19,0.5048,100.0,0.5862500667572021,1.102012359752571
QM9-gap-25k,GLOSS(6:1:1),67,-1,0.1953,33.124459809853064,0.0,0.0
QM9-gap-25k,GLOSS(6:1:1),67,0,0.2819,51.83664649956784,0.4937431812286377,0.8627960601764951
QM9-gap-25k,GLOSS(6:1:1),67,1,0.3294,62.10025929127053,0.46522998809814453,0.8174410884105472
QM9-gap-25k,GLOSS(6:1:1),67,2,0.337,63.74243733794296,0.5213100910186768,0.8299014052052563
QM9-gap-25k,GLOSS(6:1:1),67,3,0.337,63.74243733794296,0.5072619915008545,0.7884047849475107
QM9-gap-25k,GLOSS(6:1:1),67,4,0.379,72.81763180639584,0.5335571765899658,0.7575078127264374
QM9-gap-25k,GLOSS(6:1:1),67,5,0.379,72.81763180639584,0.521204948425293,0.811737885587693
QM9-gap-25k,GLOSS(6:1:1),67,6,0.379,72.81763180639584,0.4972958564758301,0.8300980679023626
QM9-gap-25k,GLOSS(6:1:1),67,7,0.4128,80.1210025929127,0.5018901824951172,0.8593589060688088
QM9-gap-25k,GLOSS(6:1:1),67,8,0.5048,100.0,0.4937710762023926,0.950513738520504
QM9-gap-25k,GLOSS(6:1:1),67,9,0.5048,100.0,0.5218660831451416,1.0126004713026546
QM9-gap-25k,GLOSS(6:1:1),67,10,0.5048,100.0,0.5202896595001221,1.0362308049084379
QM9-gap-25k,GLOSS(6:1:1),67,11,0.5048,100.0,0.5267550945281982,1.04095360363379
QM9-gap-25k,GLOSS(6:1:1),67,12,0.5048,100.0,0.524601936340332,1.0387477476118088
QM9-gap-25k,GLOSS(6:1:1),67,13,0.5048,100.0,0.561439037322998,1.0366125803832806
QM9-gap-25k,GLOSS(6:1:1),67,14,0.5048,100.0,0.5661759376525879,1.0274501250482186
QM9-gap-25k,GLOSS(6:1:1),67,15,0.5048,100.0,0.5747320652008057,1.0188811293760542
QM9-gap-25k,GLOSS(6:1:1),67,16,0.5048,100.0,0.5627138614654541,1.007608420923661
QM9-gap-25k,GLOSS(6:1:1),67,17,0.5048,100.0,0.5718441009521484,1.0066595354795733
QM9-gap-25k,GLOSS(6:1:1),67,18,0.5048,100.0,0.5802717208862305,1.023571542835693
QM9-gap-25k,GLOSS(6:1:1),67,19,0.5048,100.0,0.5785553455352783,1.011208890178921
QM9-gap-30k,GLOSS(2:3:3),47,-1,0.2013,34.42091616248919,0.0,0.0
QM9-gap-30k,GLOSS(2:3:3),47,0,0.3134,58.643042350907514,0.6271071434020996,0.7610912482886228
QM9-gap-30k,GLOSS(2:3:3),47,1,0.3134,58.643042350907514,0.7055487632751465,0.7391539851698915
QM9-gap-30k,GLOSS(2:3:3),47,2,0.3381,63.98012100259292,0.7840089797973633,0.7152098341409246
QM9-gap-30k,GLOSS(2:3:3),47,3,0.3388,64.13137424373379,0.675048828125,0.7535886663205003
QM9-gap-30k,GLOSS(2:3:3),47,4,0.3824,73.55229040622298,0.6682817935943604,0.8334970617246775
QM9-gap-30k,GLOSS(2:3:3),47,5,0.3824,73.55229040622298,0.6290509700775146,0.9160583902241786
QM9-gap-30k,GLOSS(2:3:3),47,6,0.5048,100.0,0.5817079544067383,0.9855337309932858
QM9-gap-30k,GLOSS(2:3:3),47,7,0.5048,100.0,0.6267049312591553,1.0537042240034633
QM9-gap-30k,GLOSS(2:3:3),47,8,0.5048,100.0,0.6293599605560303,1.0689244977280032
QM9-gap-30k,GLOSS(2:3:3),47,9,0.5048,100.0,0.6249988079071045,1.0938738364349048
QM9-gap-30k,GLOSS(2:3:3),47,10,0.5048,100.0,0.647104024887085,1.1032112969565948
QM9-gap-30k,GLOSS(2:3:3),47,11,0.5048,100.0,0.6323821544647217,1.1076780160378445
QM9-gap-30k,GLOSS(2:3:3),47,12,0.5048,100.0,0.6348800659179688,1.1036792407847127
QM9-gap-30k,GLOSS(2:3:3),47,13,0.5048,100.0,0.648961067199707,1.105693592688176
QM9-gap-30k,GLOSS(2:3:3),47,14,0.5048,100.0,0.6536970138549805,1.1176719585926165
QM9-gap-30k,GLOSS(2:3:3),47,15,0.5048,100.0,0.6619777679443359,1.1178769292650046
QM9-gap-30k,GLOSS(2:3:3),47,16,0.5048,100.0,0.6645512580871582,1.13504851066791
QM9-gap-30k,GLOSS(2:3:3),47,17,0.5048,100.0,0.6859090328216553,1.1311646955031351
QM9-gap-30k,GLOSS(2:3:3),47,18,0.5048,100.0,0.6881368160247803,1.1425317134129356
QM9-gap-30k,GLOSS(2:3:3),47,19,0.5048,100.0,0.680185079574585,1.1495132535357468
QM9-gap-30k,GLOSS(4:2:2),47,-1,0.2013,34.42091616248919,0.0,0.0
QM9-gap-30k,GLOSS(4:2:2),47,0,0.2994,55.61797752808989,0.6359219551086426,0.6249312797883932
QM9-gap-30k,GLOSS(4:2:2),47,1,0.3172,59.46413137424372,0.6363809108734131,0.6213882037134132
QM9-gap-30k,GLOSS(4:2:2),47,2,0.3172,59.46413137424372,0.7337021827697754,0.6267006434069641
QM9-gap-30k,GLOSS(4:2:2),47,3,0.3301,62.25151253241141,0.7276449203491211,0.6165792207002004
QM9-gap-30k,GLOSS(4:2:2),47,4,0.3339,63.07260155574762,0.6017258167266846,0.7845983179578726
QM9-gap-30k,GLOSS(4:2:2),47,5,0.3368,63.69922212618842,0.6593682765960693,0.8064092742552611
QM9-gap-30k,GLOSS(4:2:2),47,6,0.3368,63.69922212618842,0.6764369010925293,0.8078774054385484
QM9-gap-30k,GLOSS(4:2:2),47,7,0.3368,63.69922212618842,0.670569896697998,0.853575905500404
QM9-gap-30k,GLOSS(4:2:2),47,8,0.3824,73.55229040622298,0.6624178886413574,0.8557832654670666
QM9-gap-30k,GLOSS(4:2:2),47,9,0.3891,75.0,0.6303391456604004,0.9127552748278583
QM9-gap-30k,GLOSS(4:2:2),47,10,0.5048,100.0,0.6503360271453857,0.9821517634991718
QM9-gap-30k,GLOSS(4:2:2),47,11,0.5048,100.0,0.6606459617614746,1.0381076138890253
QM9-gap-30k,GLOSS(4:2:2),47,12,0.5048,100.0,0.66351318359375,1.036998519643524
QM9-gap-30k,GLOSS(4:2:2),47,13,0.5048,100.0,0.6649320125579834,1.048328628671675
QM9-gap-30k,GLOSS(4:2:2),47,14,0.5048,100.0,0.668363094329834,1.0614089604357564
QM9-gap-30k,GLOSS(4:2:2),47,15,0.5048,100.0,0.6840701103210449,1.0918671847210935
QM9-gap-30k,GLOSS(4:2:2),47,16,0.5048,100.0,0.6819150447845459,1.0920597971862729
QM9-gap-30k,GLOSS(4:2:2),47,17,0.5048,100.0,0.7056381702423096,1.0939506440267268
QM9-gap-30k,GLOSS(4:2:2),47,18,0.5048,100.0,0.7097411155700684,1.101883221507554
QM9-gap-30k,GLOSS(4:2:2),47,19,0.5048,100.0,0.712745189666748,1.0954089748420381
QM9-gap-30k,GLOSS(6:1:1),47,-1,0.2013,34.42091616248919,0.0,0.0
QM9-gap-30k,GLOSS(6:1:1),47,0,0.2994,55.61797752808989,0.6590259075164795,0.5488346611348646
QM9-gap-30k,GLOSS(6:1:1),47,1,0.3172,59.46413137424372,0.6684739589691162,0.616580202208953
QM9-gap-30k,GLOSS(6:1:1),47,2,0.3172,59.46413137424372,0.7345468997955322,0.6233670086580808
QM9-gap-30k,GLOSS(6:1:1),47,3,0.3343,63.159031979256696,0.7206320762634277,0.6268344181260129
QM9-gap-30k,GLOSS(6:1:1),47,4,0.3549,67.61019878997406,0.6729068756103516,0.7268644820380238
QM9-gap-30k,GLOSS(6:1:1),47,5,0.378,72.60155574762315,0.6553988456726074,0.8441285360790584
QM9-gap-30k,GLOSS(6:1:1),47,6,0.3809,73.22817631806396,0.656303882598877,0.901032838098236
QM9-gap-30k,GLOSS(6:1:1),47,7,0.4128,80.1210025929127,0.6202771663665771,0.9352562463828736
QM9-gap-30k,GLOSS(6:1:1),47,8,0.4128,80.1210025929127,0.6409039497375488,0.9239742366068291
QM9-gap-30k,GLOSS(6:1:1),47,9,0.4465,87.40276577355229,0.672515869140625,0.9604525006590321
QM9-gap-30k,GLOSS(6:1:1),47,10,0.4802,94.68452895419188,0.6539018154144287,0.9827490186010213
QM9-gap-30k,GLOSS(6:1:1),47,11,0.5048,100.0,0.6892092227935791,1.035370716665346
QM9-gap-30k,GLOSS(6:1:1),47,12,0.5048,100.0,0.6930298805236816,1.1115304813573919
QM9-gap-30k,GLOSS(6:1:1),47,13,0.5048,100.0,0.7743611335754395,1.1266320003815586
QM9-gap-30k,GLOSS(6:1:1),47,14,0.5048,100.0,0.673497200012207,1.1213189837548807
QM9-gap-30k,GLOSS(6:1:1),47,15,0.5048,100.0,0.6924500465393066,1.1155260118055652
QM9-gap-30k,GLOSS(6:1:1),47,16,0.5048,100.0,0.7107341289520264,1.123050931915878
QM9-gap-30k,GLOSS(6:1:1),47,17,0.5048,100.0,0.7065079212188721,1.1171427147423
QM9-gap-30k,GLOSS(6:1:1),47,18,0.5048,100.0,0.7329599857330322,1.1058167062645694
QM9-gap-30k,GLOSS(6:1:1),47,19,0.5048,100.0,0.7302310466766357,1.101071113664513
QM9-gap-30k,GLOSS(2:3:3),53,-1,0.2076,35.78219533275713,0.0,0.0
QM9-gap-30k,GLOSS(2:3:3),53,0,0.352,66.98357821953327,0.6185846328735352,0.7957939296366702
QM9-gap-30k,GLOSS(2:3:3),53,1,0.4802,94.68452895419188,0.5818109512329102,0.8651953792089254
QM9-gap-30k,GLOSS(2:3:3),53,2,0.4802,94.68452895419188,0.5732111930847168,0.9015242239037505
QM9-gap-30k,GLOSS(2:3:3),53,3,0.5048,100.0,0.5676710605621338,1.0461194498020912
QM9-gap-30k,GLOSS(2:3:3),53,4,0.5048,100.0,0.5528659820556641,1.2064212022911736
QM9-gap-30k,GLOSS(2:3:3),53,5,0.5048,100.0,0.549058198928833,1.181226400224741
QM9-gap-30k,GLOSS(2:3:3),53,6,0.5048,100.0,0.5652177333831787,1.208562763129821
QM9-gap-30k,GLOSS(2:3:3),53,7,0.5048,100.0,0.5857338905334473,1.2065582679356737
QM9-gap-30k,GLOSS(2:3:3),53,8,0.5048,100.0,0.6257772445678711,1.1910465034145197
QM9-gap-30k,GLOSS(2:3:3),53,9,0.5048,100.0,0.597710132598877,1.1942072211573713
QM9-gap-30k,GLOSS(2:3:3),53,10,0.5048,100.0,0.6075210571289062,1.1737498168833782
QM9-gap-30k,GLOSS(2:3:3),53,11,0.5048,100.0,0.6074929237365723,1.1629778917129177
QM9-gap-30k,GLOSS(2:3:3),53,12,0.5048,100.0,0.6329681873321533,1.1769279171463856
QM9-gap-30k,GLOSS(2:3:3),53,13,0.5048,100.0,0.6341471672058105,1.1561567376145123
QM9-gap-30k,GLOSS(2:3:3),53,14,0.5048,100.0,0.641071081161499,1.158667199393012
QM9-gap-30k,GLOSS(2:3:3),53,15,0.5048,100.0,0.6513829231262207,1.160202763828622
QM9-gap-30k,GLOSS(2:3:3),53,16,0.5048,100.0,0.670989990234375,1.153844105669642
QM9-gap-30k,GLOSS(2:3:3),53,17,0.5048,100.0,0.6813290119171143,1.138305800412706
QM9-gap-30k,GLOSS(2:3:3),53,18,0.5048,100.0,0.6724100112915039,1.133653360109702
QM9-gap-30k,GLOSS(2:3:3),53,19,0.5048,100.0,0.6794679164886475,1.1454403643977844
QM9-gap-30k,GLOSS(4:2:2),53,-1,0.2076,35.78219533275713,0.0,0.0
QM9-gap-30k,GLOSS(4:2:2),53,0,0.4802,94.68452895419188,0.6033477783203125,1.1235235691527925
QM9-gap-30k,GLOSS(4:2:2),53,1,0.5048,100.0,0.544917106628418,1.2379083842447545
QM9-gap-30k,GLOSS(4:2:2),53,2,0.5048,100.0,0.5445911884307861,1.3321452610738487
QM9-gap-30k,GLOSS(4:2:2),53,3,0.5048,100.0,0.5532927513122559,1.2397747180216527
QM9-gap-30k,GLOSS(4:2:2),53,4,0.5048,100.0,0.5470461845397949,1.2098224882004385
QM9-gap-30k,GLOSS(4:2:2),53,5,0.5048,100.0,0.558403730392456,1.2279933262479514
QM9-gap-30k,GLOSS(4:2:2),53,6,0.5048,100.0,0.5634298324584961,1.2494953858083457
QM9-gap-30k,GLOSS(4:2:2),53,7,0.5048,100.0,0.5704047679901123,1.218390547043085
QM9-gap-30k,GLOSS(4:2:2),53,8,0.5048,100.0,0.5944831371307373,1.2346001410698277
QM9-gap-30k,GLOSS(4:2:2),53,9,0.5048,100.0,0.6088850498199463,1.2142868149029582
QM9-gap-30k,GLOSS(4:2:2),53,10,0.5048,100.0,0.631176233291626,1.2162994636734892
QM9-gap-30k,GLOSS(4:2:2),53,11,0.5048,100.0,0.6330468654632568,1.2042528223594609
QM9-gap-30k,GLOSS(4:2:2),53,12,0.5048,100.0,0.6370968818664551,1.237627909962806
QM9-gap-30k,GLOSS(4:2:2),53,13,0.5048,100.0,0.6374831199645996,1.2374689865699982
QM9-gap-30k,GLOSS(4:2:2),53,14,0.5048,100.0,0.6428830623626709,1.2306430534259838
QM9-gap-30k,GLOSS(4:2:2),53,15,0.5048,100.0,0.6543831825256348,1.2135945657795317
QM9-gap-30k,GLOSS(4:2:2),53,16,0.5048,100.0,0.6783270835876465,1.1998334950417007
QM9-gap-30k,GLOSS(4:2:2),53,17,0.5048,100.0,0.6671888828277588,1.190587429884803
QM9-gap-30k,GLOSS(4:2:2),53,18,0.5048,100.0,0.6679267883300781,1.1818864551800534
QM9-gap-30k,GLOSS(4:2:2),53,19,0.5048,100.0,0.6806290149688721,1.1711522086125898
QM9-gap-30k,GLOSS(6:1:1),53,-1,0.2076,35.78219533275713,0.0,0.0
QM9-gap-30k,GLOSS(6:1:1),53,0,0.4802,94.68452895419188,0.5987298488616943,1.1104828521600383
QM9-gap-30k,GLOSS(6:1:1),53,1,0.4802,94.68452895419188,0.5283350944519043,1.0881120027388365
QM9-gap-30k,GLOSS(6:1:1),53,2,0.4802,94.68452895419188,0.5650858879089355,1.0758067286122361
QM9-gap-30k,GLOSS(6:1:1),53,3,0.4802,94.68452895419188,0.5712318420410156,1.1335237716148832
QM9-gap-30k,GLOSS(6:1:1),53,4,0.4802,94.68452895419188,0.565946102142334,1.1130848078224815
QM9-gap-30k,GLOSS(6:1:1),53,5,0.5048,100.0,0.5671169757843018,1.244261867825582
QM9-gap-30k,GLOSS(6:1:1),53,6,0.5048,100.0,0.5829548835754395,1.2630574961688297
QM9-gap-30k,GLOSS(6:1:1),53,7,0.5048,100.0,0.5919189453125,1.278157962440896
QM9-gap-30k,GLOSS(6:1:1),53,8,0.5048,100.0,0.6053221225738525,1.242338702488743
QM9-gap-30k,GLOSS(6:1:1),53,9,0.5048,100.0,0.6058030128479004,1.2245547455816186
QM9-gap-30k,GLOSS(6:1:1),53,10,0.5048,100.0,0.622675895690918,1.2399571524560484
QM9-gap-30k,GLOSS(6:1:1),53,11,0.5048,100.0,0.6303019523620605,1.2242619033317355
QM9-gap-30k,GLOSS(6:1:1),53,12,0.5048,100.0,0.6717250347137451,1.210135525221823
QM9-gap-30k,GLOSS(6:1:1),53,13,0.5048,100.0,0.6707887649536133,1.1895678908578347
QM9-gap-30k,GLOSS(6:1:1),53,14,0.5048,100.0,0.6609432697296143,1.181099997894451
QM9-gap-30k,GLOSS(6:1:1),53,15,0.5048,100.0,0.6508381366729736,1.1673217139203973
QM9-gap-30k,GLOSS(6:1:1),53,16,0.5048,100.0,0.6736938953399658,1.152197512382974
QM9-gap-30k,GLOSS(6:1:1),53,17,0.5048,100.0,0.6866629123687744,1.131450343682079
QM9-gap-30k,GLOSS(6:1:1),53,18,0.5048,100.0,0.6897752285003662,1.1144937224761622
QM9-gap-30k,GLOSS(6:1:1),53,19,0.5048,100.0,0.6837520599365234,1.1031349180519636
QM9-gap-30k,GLOSS(2:3:3),59,-1,0.2095,36.19273984442523,0.0,0.0
QM9-gap-30k,GLOSS(2:3:3),59,0,0.3339,63.07260155574762,0.4984440803527832,0.6994528504763557
QM9-gap-30k,GLOSS(2:3:3),59,1,0.3392,64.21780466724287,0.550739049911499,0.8803705348672995
QM9-gap-30k,GLOSS(2:3:3),59,2,0.3477,66.05445116681071,0.6190469264984131,1.0112057606795524
QM9-gap-30k,GLOSS(2:3:3),59,3,0.3891,75.0,0.5834197998046875,1.0337664954428558
QM9-gap-30k,GLOSS(2:3:3),59,4,0.5048,100.0,0.5633449554443359,1.1719441947002123
QM9-gap-30k,GLOSS(2:3:3),59,5,0.5048,100.0,0.5725100040435791,1.2203321884033234
QM9-gap-30k,GLOSS(2:3:3),59,6,0.5048,100.0,0.6308457851409912,1.1912220264498963
QM9-gap-30k,GLOSS(2:3:3),59,7,0.5048,100.0,0.6021161079406738,1.1687584656150982
QM9-gap-30k,GLOSS(2:3:3),59,8,0.5048,100.0,0.5923712253570557,1.1631275891188666
QM9-gap-30k,GLOSS(2:3:3),59,9,0.5048,100.0,0.6001181602478027,1.1888310805090654
QM9-gap-30k,GLOSS(2:3:3),59,10,0.5048,100.0,0.621088981628418,1.2114800516531583
QM9-gap-30k,GLOSS(2:3:3),59,11,0.5048,100.0,0.631248950958252,1.213368709585298
QM9-gap-30k,GLOSS(2:3:3),59,12,0.5048,100.0,0.6242470741271973,1.1929271277417854
QM9-gap-30k,GLOSS(2:3:3),59,13,0.5048,100.0,0.6466100215911865,1.2129070224844247
QM9-gap-30k,GLOSS(2:3:3),59,14,0.5048,100.0,0.6638228893280029,1.2049287979778782
QM9-gap-30k,GLOSS(2:3:3),59,15,0.5048,100.0,0.6556670665740967,1.2042380840019684
QM9-gap-30k,GLOSS(2:3:3),59,16,0.5048,100.0,0.6655340194702148,1.1943134421238497
QM9-gap-30k,GLOSS(2:3:3),59,17,0.5048,100.0,0.6704959869384766,1.1910200891516987
QM9-gap-30k,GLOSS(2:3:3),59,18,0.5048,100.0,0.690338134765625,1.1991307046313076
QM9-gap-30k,GLOSS(2:3:3),59,19,0.5048,100.0,0.6950681209564209,1.1955675433947703
QM9-gap-30k,GLOSS(4:2:2),59,-1,0.2095,36.19273984442523,0.0,0.0
QM9-gap-30k,GLOSS(4:2:2),59,0,0.3339,63.07260155574762,0.4978060722351074,0.5844739090305316
QM9-gap-30k,GLOSS(4:2:2),59,1,0.4128,80.1210025929127,0.5249710083007812,0.8451290683014145
QM9-gap-30k,GLOSS(4:2:2),59,2,0.4802,94.68452895419188,0.5356547832489014,0.8922164436167532
QM9-gap-30k,GLOSS(4:2:2),59,3,0.4802,94.68452895419188,0.5277566909790039,0.9904662413983725
QM9-gap-30k,GLOSS(4:2:2),59,4,0.4802,94.68452895419188,0.5678791999816895,1.0706265642354291
QM9-gap-30k,GLOSS(4:2:2),59,5,0.5048,100.0,0.6079268455505371,1.201372772833838
QM9-gap-30k,GLOSS(4:2:2),59,6,0.5048,100.0,0.599531888961792,1.240155160294977
QM9-gap-30k,GLOSS(4:2:2),59,7,0.5048,100.0,0.6051468849182129,1.226517688830348
QM9-gap-30k,GLOSS(4:2:2),59,8,0.5048,100.0,0.6097598075866699,1.1948537657376028
QM9-gap-30k,GLOSS(4:2:2),59,9,0.5048,100.0,0.6144709587097168,1.19760100425988
QM9-gap-30k,GLOSS(4:2:2),59,10,0.5048,100.0,0.6195540428161621,1.1765255006145559
QM9-gap-30k,GLOSS(4:2:2),59,11,0.5048,100.0,0.607978105545044,1.1557424920673243
QM9-gap-30k,GLOSS(4:2:2),59,12,0.5048,100.0,0.6358089447021484,1.1723589163121415
QM9-gap-30k,GLOSS(4:2:2),59,13,0.5048,100.0,0.6513550281524658,1.1627857541176934
QM9-gap-30k,GLOSS(4:2:2),59,14,0.5048,100.0,0.641423225402832,1.1614708631904809
QM9-gap-30k,GLOSS(4:2:2),59,15,0.5048,100.0,0.6714839935302734,1.159559546773608
QM9-gap-30k,GLOSS(4:2:2),59,16,0.5048,100.0,0.6776037216186523,1.1478270022082846
QM9-gap-30k,GLOSS(4:2:2),59,17,0.5048,100.0,0.6763861179351807,1.1389307158318902
QM9-gap-30k,GLOSS(4:2:2),59,18,0.5048,100.0,0.6905961036682129,1.1220612580925742
QM9-gap-30k,GLOSS(4:2:2),59,19,0.5048,100.0,0.7185368537902832,1.107047369584746
QM9-gap-30k,GLOSS(6:1:1),59,-1,0.2095,36.19273984442523,0.0,0.0
QM9-gap-30k,GLOSS(6:1:1),59,0,0.3158,59.16162489196197,0.513484001159668,0.5244589260871371
QM9-gap-30k,GLOSS(6:1:1),59,1,0.4128,80.1210025929127,0.5221500396728516,0.5769891216916799
QM9-gap-30k,GLOSS(6:1:1),59,2,0.4802,94.68452895419188,0.5469608306884766,0.8584677273300825
QM9-gap-30k,GLOSS(6:1:1),59,3,0.4802,94.68452895419188,0.563831090927124,1.056463662565016
QM9-gap-30k,GLOSS(6:1:1),59,4,0.4802,94.68452895419188,0.5968849658966064,1.1436854870125228
QM9-gap-30k,GLOSS(6:1:1),59,5,0.4802,94.68452895419188,0.5858199596405029,1.1475725597416357
QM9-gap-30k,GLOSS(6:1:1),59,6,0.5048,100.0,0.6027569770812988,1.2248700383920839
QM9-gap-30k,GLOSS(6:1:1),59,7,0.5048,100.0,0.6281023025512695,1.2497255946510457
QM9-gap-30k,GLOSS(6:1:1),59,8,0.5048,100.0,0.6240708827972412,1.2061571174891388
QM9-gap-30k,GLOSS(6:1:1),59,9,0.5048,100.0,0.6183011531829834,1.218972096186817
QM9-gap-30k,GLOSS(6:1:1),59,10,0.5048,100.0,0.6036980152130127,1.2114739235058996
QM9-gap-30k,GLOSS(6:1:1),59,11,0.5048,100.0,0.6515610218048096,1.1852091729219238
QM9-gap-30k,GLOSS(6:1:1),59,12,0.5048,100.0,0.6344039440155029,1.1784622348392657
QM9-gap-30k,GLOSS(6:1:1),59,13,0.5048,100.0,0.6368498802185059,1.1687022518298038
QM9-gap-30k,GLOSS(6:1:1),59,14,0.5048,100.0,0.6608381271362305,1.1660949789037403
QM9-gap-30k,GLOSS(6:1:1),59,15,0.5048,100.0,0.666374683380127,1.1632023146239203
QM9-gap-30k,GLOSS(6:1:1),59,16,0.5048,100.0,0.7020938396453857,1.1492128798306482
QM9-gap-30k,GLOSS(6:1:1),59,17,0.5048,100.0,0.6847538948059082,1.1292537673885377
QM9-gap-30k,GLOSS(6:1:1),59,18,0.5048,100.0,0.6745421886444092,1.118479541384768
QM9-gap-30k,GLOSS(6:1:1),59,19,0.5048,100.0,0.6798970699310303,1.1065301413053388
QM9-gap-30k,GLOSS(2:3:3),61,-1,0.2084,35.955056179775276,0.0,0.0
QM9-gap-30k,GLOSS(2:3:3),61,0,0.2278,40.14693171996542,0.5292999744415283,0.6563532757126472
QM9-gap-30k,GLOSS(2:3:3),61,1,0.356,67.84788245462401,0.5504047870635986,0.9586438689697419
QM9-gap-30k,GLOSS(2:3:3),61,2,0.3586,68.40968020743301,0.5980567932128906,1.0169070679396635
QM9-gap-30k,GLOSS(2:3:3),61,3,0.3879,74.74070872947277,0.5936830043792725,1.0601594995785113
QM9-gap-30k,GLOSS(2:3:3),61,4,0.4465,87.40276577355229,0.5935690402984619,1.1075518739118935
QM9-gap-30k,GLOSS(2:3:3),61,5,0.5048,100.0,0.57930588722229,1.2087788390295755
QM9-gap-30k,GLOSS(2:3:3),61,6,0.5048,100.0,0.5834941864013672,1.2267814904982217
QM9-gap-30k,GLOSS(2:3:3),61,7,0.5048,100.0,0.5960938930511475,1.218974120492339
QM9-gap-30k,GLOSS(2:3:3),61,8,0.5048,100.0,0.5876638889312744,1.2275644925524245
QM9-gap-30k,GLOSS(2:3:3),61,9,0.5048,100.0,0.6141390800476074,1.2186291899724215
QM9-gap-30k,GLOSS(2:3:3),61,10,0.5048,100.0,0.6446328163146973,1.2219098030784927
QM9-gap-30k,GLOSS(2:3:3),61,11,0.5048,100.0,0.622913122177124,1.229886977136742
QM9-gap-30k,GLOSS(2:3:3),61,12,0.5048,100.0,0.6526362895965576,1.2285695724265804
QM9-gap-30k,GLOSS(2:3:3),61,13,0.5048,100.0,0.6503081321716309,1.2372579275382878
QM9-gap-30k,GLOSS(2:3:3),61,14,0.5048,100.0,0.6617269515991211,1.2251452190757552
QM9-gap-30k,GLOSS(2:3:3),61,15,0.5048,100.0,0.682636022567749,1.2267278651686824
QM9-gap-30k,GLOSS(2:3:3),61,16,0.5048,100.0,0.6751260757446289,1.2290806890959864
QM9-gap-30k,GLOSS(2:3:3),61,17,0.5048,100.0,0.7007029056549072,1.2288697974077496
QM9-gap-30k,GLOSS(2:3:3),61,18,0.5048,100.0,0.7096149921417236,1.2305269853221223
QM9-gap-30k,GLOSS(2:3:3),61,19,0.5048,100.0,0.7147209644317627,1.2258958203935137
QM9-gap-30k,GLOSS(4:2:2),61,-1,0.2084,35.955056179775276,0.0,0.0
QM9-gap-30k,GLOSS(4:2:2),61,0,0.2278,40.14693171996542,0.543342113494873,0.5705853021587937
QM9-gap-30k,GLOSS(4:2:2),61,1,0.3348,63.26707000864303,0.5713009834289551,0.8162431179634599
QM9-gap-30k,GLOSS(4:2:2),61,2,0.3643,69.64131374243733,0.5889818668365479,1.0568760268286967
QM9-gap-30k,GLOSS(4:2:2),61,3,0.3749,71.93171996542783,0.5892698764801025,1.1883557678548016
QM9-gap-30k,GLOSS(4:2:2),61,4,0.379,72.81763180639584,0.5896198749542236,1.1915645474806233
QM9-gap-30k,GLOSS(4:2:2),61,5,0.5048,100.0,0.6172420978546143,1.282397544893301
QM9-gap-30k,GLOSS(4:2:2),61,6,0.5048,100.0,0.6018333435058594,1.3352935922413238
QM9-gap-30k,GLOSS(4:2:2),61,7,0.5048,100.0,0.6124851703643799,1.3112114834709343
QM9-gap-30k,GLOSS(4:2:2),61,8,0.5048,100.0,0.6266298294067383,1.2697856379515053
QM9-gap-30k,GLOSS(4:2:2),61,9,0.5048,100.0,0.6113760471343994,1.237794657235117
QM9-gap-30k,GLOSS(4:2:2),61,10,0.5048,100.0,0.6366667747497559,1.2309395012773447
QM9-gap-30k,GLOSS(4:2:2),61,11,0.5048,100.0,0.6316330432891846,1.2382326378002821
QM9-gap-30k,GLOSS(4:2:2),61,12,0.5048,100.0,0.6579229831695557,1.2587546436802286
QM9-gap-30k,GLOSS(4:2:2),61,13,0.5048,100.0,0.6882412433624268,1.2540302856542591
QM9-gap-30k,GLOSS(4:2:2),61,14,0.5048,100.0,0.6834561824798584,1.2503861985039866
QM9-gap-30k,GLOSS(4:2:2),61,15,0.5048,100.0,0.687791109085083,1.232844027141284
QM9-gap-30k,GLOSS(4:2:2),61,16,0.5048,100.0,0.6883840560913086,1.2396466755222928
QM9-gap-30k,GLOSS(4:2:2),61,17,0.5048,100.0,0.6864159107208252,1.2323951311537793
QM9-gap-30k,GLOSS(4:2:2),61,18,0.5048,100.0,0.6827571392059326,1.2231364150052855
QM9-gap-30k,GLOSS(4:2:2),61,19,0.5048,100.0,0.6909029483795166,1.217415079424394
QM9-gap-30k,GLOSS(6:1:1),61,-1,0.2084,35.955056179775276,0.0,0.0
QM9-gap-30k,GLOSS(6:1:1),61,0,0.2278,40.14693171996542,0.5832920074462891,0.43657317654555294
QM9-gap-30k,GLOSS(6:1:1),61,1,0.3348,63.26707000864303,0.5838768482208252,0.8277742555647356
QM9-gap-30k,GLOSS(6:1:1),61,2,0.3417,64.7579948141746,0.60915207862854,0.9622733466405939
QM9-gap-30k,GLOSS(6:1:1),61,3,0.3417,64.7579948141746,0.5984759330749512,0.958199147806781
QM9-gap-30k,GLOSS(6:1:1),61,4,0.3426,64.95246326707,0.6329629421234131,1.0281139441687805
QM9-gap-30k,GLOSS(6:1:1),61,5,0.3426,64.95246326707,0.6823229789733887,0.9904853219945873
QM9-gap-30k,GLOSS(6:1:1),61,6,0.3426,64.95246326707,0.6818699836730957,1.0100292691622355
QM9-gap-30k,GLOSS(6:1:1),61,7,0.3548,67.5885911840968,0.6998560428619385,0.9789187649786555
QM9-gap-30k,GLOSS(6:1:1),61,8,0.4802,94.68452895419188,0.6930282115936279,0.9956298849123364
QM9-gap-30k,GLOSS(6:1:1),61,9,0.5048,100.0,0.6713471412658691,1.1007968069310667
QM9-gap-30k,GLOSS(6:1:1),61,10,0.5048,100.0,0.6647088527679443,1.1077109035419397
QM9-gap-30k,GLOSS(6:1:1),61,11,0.5048,100.0,0.6523149013519287,1.1153634586308117
QM9-gap-30k,GLOSS(6:1:1),61,12,0.5048,100.0,0.6686890125274658,1.1478071770833906
QM9-gap-30k,GLOSS(6:1:1),61,13,0.5048,100.0,0.7073111534118652,1.148617464649406
QM9-gap-30k,GLOSS(6:1:1),61,14,0.5048,100.0,0.690427303314209,1.169467911912422
QM9-gap-30k,GLOSS(6:1:1),61,15,0.5048,100.0,0.6745312213897705,1.1660149682335845
QM9-gap-30k,GLOSS(6:1:1),61,16,0.5048,100.0,0.6998088359832764,1.163057186214662
QM9-gap-30k,GLOSS(6:1:1),61,17,0.5048,100.0,0.7141330242156982,1.1527661675471796
QM9-gap-30k,GLOSS(6:1:1),61,18,0.5048,100.0,0.713425874710083,1.1612202051332912
QM9-gap-30k,GLOSS(6:1:1),61,19,0.5048,100.0,0.7199740409851074,1.1622578768587402
QM9-gap-30k,GLOSS(2:3:3),67,-1,0.2077,35.80380293863439,0.0,0.0
QM9-gap-30k,GLOSS(2:3:3),67,0,0.2546,45.93777009507346,0.5744078159332275,0.5444682010150343
QM9-gap-30k,GLOSS(2:3:3),67,1,0.2546,45.93777009507346,0.5956718921661377,0.6207574799970139
QM9-gap-30k,GLOSS(2:3:3),67,2,0.2546,45.93777009507346,0.597599983215332,0.5896796424133203
QM9-gap-30k,GLOSS(2:3:3),67,3,0.2706,49.394987035436465,0.6338779926300049,0.621632783055856
QM9-gap-30k,GLOSS(2:3:3),67,4,0.2968,55.0561797752809,0.6574718952178955,0.7633695801254528
QM9-gap-30k,GLOSS(2:3:3),67,5,0.462,90.75194468452895,0.6145000457763672,0.8668309308327051
QM9-gap-30k,GLOSS(2:3:3),67,6,0.4802,94.68452895419188,0.630652904510498,1.0778191423491956
QM9-gap-30k,GLOSS(2:3:3),67,7,0.4802,94.68452895419188,0.6232600212097168,1.19529070329141
QM9-gap-30k,GLOSS(2:3:3),67,8,0.4802,94.68452895419188,0.6438870429992676,1.2391732818505181
QM9-gap-30k,GLOSS(2:3:3),67,9,0.4802,94.68452895419188,0.6353511810302734,1.2475050793553908
QM9-gap-30k,GLOSS(2:3:3),67,10,0.5048,100.0,0.6465151309967041,1.3032703615057464
QM9-gap-30k,GLOSS(2:3:3),67,11,0.5048,100.0,0.6249699592590332,1.3448789096778595
QM9-gap-30k,GLOSS(2:3:3),67,12,0.5048,100.0,0.655642032623291,1.3357459877055067
QM9-gap-30k,GLOSS(2:3:3),67,13,0.5048,100.0,0.6638147830963135,1.336163565357502
QM9-gap-30k,GLOSS(2:3:3),67,14,0.5048,100.0,0.6709377765655518,1.334078697223855
QM9-gap-30k,GLOSS(2:3:3),67,15,0.5048,100.0,0.7083649635314941,1.3357883384729734
QM9-gap-30k,GLOSS(2:3:3),67,16,0.5048,100.0,0.6938769817352295,1.3488111085346113
QM9-gap-30k,GLOSS(2:3:3),67,17,0.5048,100.0,0.7055737972259521,1.3544871943451782
QM9-gap-30k,GLOSS(2:3:3),67,18,0.5048,100.0,0.7138400077819824,1.3498499641790693
QM9-gap-30k,GLOSS(2:3:3),67,19,0.5048,100.0,0.7239210605621338,1.3379779487108823
QM9-gap-30k,GLOSS(4:2:2),67,-1,0.2077,35.80380293863439,0.0,0.0
QM9-gap-30k,GLOSS(4:2:2),67,0,0.2546,45.93777009507346,0.5671396255493164,0.4841251136481229
QM9-gap-30k,GLOSS(4:2:2),67,1,0.2598,47.06136560069143,0.5825850963592529,0.45234671395037274
QM9-gap-30k,GLOSS(4:2:2),67,2,0.2609,47.299049265341395,0.5382399559020996,0.6235123734320426
QM9-gap-30k,GLOSS(4:2:2),67,3,0.2609,47.299049265341395,0.567335844039917,0.7059497051601236
QM9-gap-30k,GLOSS(4:2:2),67,4,0.3059,57.02247191011236,0.5916779041290283,0.7941553716652844
QM9-gap-30k,GLOSS(4:2:2),67,5,0.346,65.68712186689713,0.6060197353363037,0.956689065029633
QM9-gap-30k,GLOSS(4:2:2),67,6,0.3534,67.28608470181503,0.6146597862243652,1.0902984973975367
QM9-gap-30k,GLOSS(4:2:2),67,7,0.3534,67.28608470181503,0.6074068546295166,1.1274304575572598
QM9-gap-30k,GLOSS(4:2:2),67,8,0.3534,67.28608470181503,0.6244959831237793,1.1394087468544347
QM9-gap-30k,GLOSS(4:2:2),67,9,0.3796,72.94727744165947,0.6315221786499023,1.1889654302913504
QM9-gap-30k,GLOSS(4:2:2),67,10,0.5048,100.0,0.6431210041046143,1.214193648644153
QM9-gap-30k,GLOSS(4:2:2),67,11,0.5048,100.0,0.6663129329681396,1.2274586832721572
QM9-gap-30k,GLOSS(4:2:2),67,12,0.5048,100.0,0.6746799945831299,1.219024820927266
QM9-gap-30k,GLOSS(4:2:2),67,13,0.5048,100.0,0.6830668449401855,1.2334600360323968
QM9-gap-30k,GLOSS(4:2:2),67,14,0.5048,100.0,0.675344705581665,1.2482277924513958
QM9-gap-30k,GLOSS(4:2:2),67,15,0.5048,100.0,0.6839470863342285,1.2593712538772077
QM9-gap-30k,GLOSS(4:2:2),67,16,0.5048,100.0,0.6827840805053711,1.2623832735923781
QM9-gap-30k,GLOSS(4:2:2),67,17,0.5048,100.0,0.7057058811187744,1.2641309486396357
QM9-gap-30k,GLOSS(4:2:2),67,18,0.5048,100.0,0.7433881759643555,1.2618082000562183
QM9-gap-30k,GLOSS(4:2:2),67,19,0.5048,100.0,0.7318861484527588,1.26715148495864
QM9-gap-30k,GLOSS(6:1:1),67,-1,0.2077,35.80380293863439,0.0,0.0
QM9-gap-30k,GLOSS(6:1:1),67,0,0.2499,44.922212618841826,0.5783219337463379,0.3853136544888489
QM9-gap-30k,GLOSS(6:1:1),67,1,0.2575,46.56439066551425,0.558941125869751,0.4839032178190775
QM9-gap-30k,GLOSS(6:1:1),67,2,0.2938,54.40795159896283,0.625648021697998,0.6473844152868282
QM9-gap-30k,GLOSS(6:1:1),67,3,0.3388,64.13137424373379,0.624995231628418,0.8776350782773221
QM9-gap-30k,GLOSS(6:1:1),67,4,0.3427,64.97407087294728,0.5707287788391113,1.0395527648273295
QM9-gap-30k,GLOSS(6:1:1),67,5,0.3548,67.5885911840968,0.5886800289154053,1.1194203172729784
QM9-gap-30k,GLOSS(6:1:1),67,6,0.4128,80.1210025929127,0.5672779083251953,1.1632702217538977
QM9-gap-30k,GLOSS(6:1:1),67,7,0.4128,80.1210025929127,0.5973610877990723,1.2009585585085338
QM9-gap-30k,GLOSS(6:1:1),67,8,0.4128,80.1210025929127,0.6115279197692871,1.2176289871408317
QM9-gap-30k,GLOSS(6:1:1),67,9,0.4128,80.1210025929127,0.6247241497039795,1.223778854294762
QM9-gap-30k,GLOSS(6:1:1),67,10,0.5048,100.0,0.644413948059082,1.2621755131462378
QM9-gap-30k,GLOSS(6:1:1),67,11,0.5048,100.0,0.6603820323944092,1.2624718340170706
QM9-gap-30k,GLOSS(6:1:1),67,12,0.5048,100.0,0.6440026760101318,1.2753140376466159
QM9-gap-30k,GLOSS(6:1:1),67,13,0.5048,100.0,0.6492109298706055,1.2679897825114042
QM9-gap-30k,GLOSS(6:1:1),67,14,0.5048,100.0,0.6568078994750977,1.2665097772635678
QM9-gap-30k,GLOSS(6:1:1),67,15,0.5048,100.0,0.6812570095062256,1.2674247950179394
QM9-gap-30k,GLOSS(6:1:1),67,16,0.5048,100.0,0.6893141269683838,1.2518197616258897
QM9-gap-30k,GLOSS(6:1:1),67,17,0.5048,100.0,0.6819720268249512,1.2408239784982478
QM9-gap-30k,GLOSS(6:1:1),67,18,0.5048,100.0,0.6820816993713379,1.22474124192461
QM9-gap-30k,GLOSS(6:1:1),67,19,0.5048,100.0,0.6844842433929443,1.2111164878794523
QM9-gap-35k,GLOSS(2:3:3),47,-1,0.2083,35.933448573898005,0.0,0.0
QM9-gap-35k,GLOSS(2:3:3),47,0,0.2238,39.28262748487467,0.6209077835083008,0.6454640709848283
QM9-gap-35k,GLOSS(2:3:3),47,1,0.3211,60.30682800345721,0.678797721862793,0.6562680909015143
QM9-gap-35k,GLOSS(2:3:3),47,2,0.4063,78.71650821089023,0.6609320640563965,0.9472103739103531
QM9-gap-35k,GLOSS(2:3:3),47,3,0.462,90.75194468452895,0.6556568145751953,1.0231344573791967
QM9-gap-35k,GLOSS(2:3:3),47,4,0.4802,94.68452895419188,0.6442360877990723,1.096035164733469
QM9-gap-35k,GLOSS(2:3:3),47,5,0.4802,94.68452895419188,0.6378920078277588,1.1098494193377066
QM9-gap-35k,GLOSS(2:3:3),47,6,0.5048,100.0,0.6618890762329102,1.175844061270427
QM9-gap-35k,GLOSS(2:3:3),47,7,0.5048,100.0,0.6674339771270752,1.144535402087379
QM9-gap-35k,GLOSS(2:3:3),47,8,0.5048,100.0,0.6815240383148193,1.1802765089782035
QM9-gap-35k,GLOSS(2:3:3),47,9,0.5048,100.0,0.6944499015808105,1.1951809906206599
QM9-gap-35k,GLOSS(2:3:3),47,10,0.5048,100.0,0.688744068145752,1.183685021770926
QM9-gap-35k,GLOSS(2:3:3),47,11,0.5048,100.0,0.704927921295166,1.189943332125672
QM9-gap-35k,GLOSS(2:3:3),47,12,0.5048,100.0,0.7113738059997559,1.195723711229189
QM9-gap-35k,GLOSS(2:3:3),47,13,0.5048,100.0,0.7427318096160889,1.2110502211961511
QM9-gap-35k,GLOSS(2:3:3),47,14,0.5048,100.0,0.748939037322998,1.2109288698006504
QM9-gap-35k,GLOSS(2:3:3),47,15,0.5048,100.0,0.7394700050354004,1.211050695019418
QM9-gap-35k,GLOSS(2:3:3),47,16,0.5048,100.0,0.7468569278717041,1.2009868471028595
QM9-gap-35k,GLOSS(2:3:3),47,17,0.5048,100.0,0.748661994934082,1.204147836338748
QM9-gap-35k,GLOSS(2:3:3),47,18,0.5048,100.0,0.7595920562744141,1.2079273227571312
QM9-gap-35k,GLOSS(2:3:3),47,19,0.5048,100.0,0.7888529300689697,1.201049132523346
QM9-gap-35k,GLOSS(4:2:2),47,-1,0.2083,35.933448573898005,0.0,0.0
QM9-gap-35k,GLOSS(4:2:2),47,0,0.2238,39.28262748487467,0.6386580467224121,0.4801111187107286
QM9-gap-35k,GLOSS(4:2:2),47,1,0.3599,68.6905790838375,0.6388680934906006,0.6928317804762016
QM9-gap-35k,GLOSS(4:2:2),47,2,0.5048,100.0,0.6439568996429443,1.0151739477902137
QM9-gap-35k,GLOSS(4:2:2),47,3,0.5048,100.0,0.6617250442504883,1.0330651285581893
QM9-gap-35k,GLOSS(4:2:2),47,4,0.5048,100.0,0.6482539176940918,1.1060037818443194
QM9-gap-35k,GLOSS(4:2:2),47,5,0.5048,100.0,0.7030398845672607,1.1214155546855102
QM9-gap-35k,GLOSS(4:2:2),47,6,0.5048,100.0,0.7092599868774414,1.091855961523361
QM9-gap-35k,GLOSS(4:2:2),47,7,0.5048,100.0,0.7217950820922852,1.151823766864791
QM9-gap-35k,GLOSS(4:2:2),47,8,0.5048,100.0,0.7376158237457275,1.164008398220952
QM9-gap-35k,GLOSS(4:2:2),47,9,0.5048,100.0,0.7207789421081543,1.162641563252102
QM9-gap-35k,GLOSS(4:2:2),47,10,0.5048,100.0,0.7404670715332031,1.1629707845733328
QM9-gap-35k,GLOSS(4:2:2),47,11,0.5048,100.0,0.7178571224212646,1.1610841420514788
QM9-gap-35k,GLOSS(4:2:2),47,12,0.5048,100.0,0.7333517074584961,1.1649792752275339
QM9-gap-35k,GLOSS(4:2:2),47,13,0.5048,100.0,0.7490890026092529,1.1681085478450666
QM9-gap-35k,GLOSS(4:2:2),47,14,0.5048,100.0,0.7498340606689453,1.1666691256354265
QM9-gap-35k,GLOSS(4:2:2),47,15,0.5048,100.0,0.776479959487915,1.1952954406120275
QM9-gap-35k,GLOSS(4:2:2),47,16,0.5048,100.0,0.7738668918609619,1.1919377109858216
QM9-gap-35k,GLOSS(4:2:2),47,17,0.5048,100.0,0.7999410629272461,1.1861142884395786
QM9-gap-35k,GLOSS(4:2:2),47,18,0.5048,100.0,0.8076291084289551,1.1889985451487184
QM9-gap-35k,GLOSS(4:2:2),47,19,0.5048,100.0,0.7962028980255127,1.187144940180124
QM9-gap-35k,GLOSS(6:1:1),47,-1,0.2083,35.933448573898005,0.0,0.0
QM9-gap-35k,GLOSS(6:1:1),47,0,0.235,41.70267934312877,0.6654472351074219,0.36807005555955064
QM9-gap-35k,GLOSS(6:1:1),47,1,0.3082,57.519446845289536,0.6941301822662354,0.6673995887375651
QM9-gap-35k,GLOSS(6:1:1),47,2,0.3457,65.62229904926534,0.6822431087493896,0.7122856584391601
QM9-gap-35k,GLOSS(6:1:1),47,3,0.3585,68.38807260155573,0.691627025604248,0.7872156534494331
QM9-gap-35k,GLOSS(6:1:1),47,4,0.3824,73.55229040622298,0.7120189666748047,0.8160457905749096
QM9-gap-35k,GLOSS(6:1:1),47,5,0.3891,75.0,0.7086169719696045,0.8186392645303648
QM9-gap-35k,GLOSS(6:1:1),47,6,0.4128,80.1210025929127,0.6770129203796387,0.8793089487118896
QM9-gap-35k,GLOSS(6:1:1),47,7,0.4128,80.1210025929127,0.6746900081634521,0.9113687789494547
QM9-gap-35k,GLOSS(6:1:1),47,8,0.4465,87.40276577355229,0.693748950958252,0.8963145830168512
QM9-gap-35k,GLOSS(6:1:1),47,9,0.5048,100.0,0.6904520988464355,1.0238827106772237
QM9-gap-35k,GLOSS(6:1:1),47,10,0.5048,100.0,0.7007050514221191,1.0523934634973295
QM9-gap-35k,GLOSS(6:1:1),47,11,0.5048,100.0,0.7005026340484619,1.0758380604613769
QM9-gap-35k,GLOSS(6:1:1),47,12,0.5048,100.0,0.7349810600280762,1.0729220376396127
QM9-gap-35k,GLOSS(6:1:1),47,13,0.5048,100.0,0.713690996170044,1.066242046051788
QM9-gap-35k,GLOSS(6:1:1),47,14,0.5048,100.0,0.7469868659973145,1.0554578174853384
QM9-gap-35k,GLOSS(6:1:1),47,15,0.5048,100.0,0.7419309616088867,1.0414365370730065
QM9-gap-35k,GLOSS(6:1:1),47,16,0.5048,100.0,0.7445957660675049,1.0318399645169762
QM9-gap-35k,GLOSS(6:1:1),47,17,0.5048,100.0,0.7642109394073486,1.0189736017402418
QM9-gap-35k,GLOSS(6:1:1),47,18,0.5048,100.0,0.7783551216125488,1.0077096718949639
QM9-gap-35k,GLOSS(6:1:1),47,19,0.5048,100.0,0.7616250514984131,1.0027044853856983
QM9-gap-35k,GLOSS(2:3:3),53,-1,0.2086,35.99827139152981,0.0,0.0
QM9-gap-35k,GLOSS(2:3:3),53,0,0.2793,51.27484874675885,0.6883106231689453,0.6704936327696649
QM9-gap-35k,GLOSS(2:3:3),53,1,0.3331,62.89974070872947,0.6746680736541748,0.6641842636401776
QM9-gap-35k,GLOSS(2:3:3),53,2,0.3331,62.89974070872947,0.7286479473114014,0.697670897009774
QM9-gap-35k,GLOSS(2:3:3),53,3,0.3824,73.55229040622298,0.721005916595459,0.9209540572863218
QM9-gap-35k,GLOSS(2:3:3),53,4,0.3824,73.55229040622298,0.6943418979644775,1.0101899876837233
QM9-gap-35k,GLOSS(2:3:3),53,5,0.3824,73.55229040622298,0.6464898586273193,1.0523337764481753
QM9-gap-35k,GLOSS(2:3:3),53,6,0.3824,73.55229040622298,0.6755027770996094,1.0598436735288619
QM9-gap-35k,GLOSS(2:3:3),53,7,0.4117,79.88331892826275,0.6784758567810059,1.0581021266301698
QM9-gap-35k,GLOSS(2:3:3),53,8,0.462,90.75194468452895,0.7021710872650146,1.0928845526943565
QM9-gap-35k,GLOSS(2:3:3),53,9,0.5048,100.0,0.713144063949585,1.1509572408928062
QM9-gap-35k,GLOSS(2:3:3),53,10,0.5048,100.0,0.6815099716186523,1.2223158778180203
QM9-gap-35k,GLOSS(2:3:3),53,11,0.5048,100.0,0.6920759677886963,1.2050571207071297
QM9-gap-35k,GLOSS(2:3:3),53,12,0.5048,100.0,0.7054040431976318,1.2088010563476528
QM9-gap-35k,GLOSS(2:3:3),53,13,0.5048,100.0,0.7093558311462402,1.2101387336990588
QM9-gap-35k,GLOSS(2:3:3),53,14,0.5048,100.0,0.7143559455871582,1.19641512754921
QM9-gap-35k,GLOSS(2:3:3),53,15,0.5048,100.0,0.7453620433807373,1.1982438727523104
QM9-gap-35k,GLOSS(2:3:3),53,16,0.5048,100.0,0.774547815322876,1.2076407068709305
QM9-gap-35k,GLOSS(2:3:3),53,17,0.5048,100.0,0.7819879055023193,1.1988882476705647
QM9-gap-35k,GLOSS(2:3:3),53,18,0.5048,100.0,0.7639727592468262,1.1924493735440742
QM9-gap-35k,GLOSS(2:3:3),53,19,0.5048,100.0,0.798288106918335,1.183716219723371
QM9-gap-35k,GLOSS(4:2:2),53,-1,0.2086,35.99827139152981,0.0,0.0
QM9-gap-35k,GLOSS(4:2:2),53,0,0.3042,56.655142610198794,0.7648501396179199,0.7141261491504095
QM9-gap-35k,GLOSS(4:2:2),53,1,0.3409,64.58513396715642,0.6747128963470459,0.8180115045891879
QM9-gap-35k,GLOSS(4:2:2),53,2,0.3409,64.58513396715642,0.7713501453399658,0.9643505267965615
QM9-gap-35k,GLOSS(4:2:2),53,3,0.3824,73.55229040622298,0.6690309047698975,0.9669702571635248
QM9-gap-35k,GLOSS(4:2:2),53,4,0.4128,80.1210025929127,0.630338191986084,1.027868860990795
QM9-gap-35k,GLOSS(4:2:2),53,5,0.4128,80.1210025929127,0.6620519161224365,1.0246503627792032
QM9-gap-35k,GLOSS(4:2:2),53,6,0.4802,94.68452895419188,0.6592621803283691,1.0570897869494917
QM9-gap-35k,GLOSS(4:2:2),53,7,0.4802,94.68452895419188,0.6678500175476074,1.0672164515232812
QM9-gap-35k,GLOSS(4:2:2),53,8,0.5048,100.0,0.6994118690490723,1.1856657359536422
QM9-gap-35k,GLOSS(4:2:2),53,9,0.5048,100.0,0.7078490257263184,1.1719795373500062
QM9-gap-35k,GLOSS(4:2:2),53,10,0.5048,100.0,0.7164268493652344,1.1612873543909978
QM9-gap-35k,GLOSS(4:2:2),53,11,0.5048,100.0,0.7077181339263916,1.1454215255114302
QM9-gap-35k,GLOSS(4:2:2),53,12,0.5048,100.0,0.7261908054351807,1.2176867778745717
QM9-gap-35k,GLOSS(4:2:2),53,13,0.5048,100.0,0.7195329666137695,1.2162434594995273
QM9-gap-35k,GLOSS(4:2:2),53,14,0.5048,100.0,0.745337963104248,1.2090362520725508
QM9-gap-35k,GLOSS(4:2:2),53,15,0.5048,100.0,0.7544808387756348,1.2200377142156755
QM9-gap-35k,GLOSS(4:2:2),53,16,0.5048,100.0,0.7505967617034912,1.220899070093743
QM9-gap-35k,GLOSS(4:2:2),53,17,0.5048,100.0,0.807570219039917,1.2146531975190382
QM9-gap-35k,GLOSS(4:2:2),53,18,0.5048,100.0,0.7880418300628662,1.2139036891650603
QM9-gap-35k,GLOSS(4:2:2),53,19,0.5048,100.0,0.783458948135376,1.2038373348422333
QM9-gap-35k,GLOSS(6:1:1),53,-1,0.2086,35.99827139152981,0.0,0.0
QM9-gap-35k,GLOSS(6:1:1),53,0,0.3042,56.655142610198794,0.6602518558502197,0.6344699478072379
QM9-gap-35k,GLOSS(6:1:1),53,1,0.3042,56.655142610198794,0.6904189586639404,0.5676358626138683
QM9-gap-35k,GLOSS(6:1:1),53,2,0.3084,57.56266205704408,0.6851191520690918,0.7506839891785797
QM9-gap-35k,GLOSS(6:1:1),53,3,0.3239,60.91184096802075,0.6791770458221436,0.7756292028331809
QM9-gap-35k,GLOSS(6:1:1),53,4,0.3404,64.47709593777009,0.6752960681915283,0.8454477945788601
QM9-gap-35k,GLOSS(6:1:1),53,5,0.3404,64.47709593777009,0.6969699859619141,0.8978639803562017
QM9-gap-35k,GLOSS(6:1:1),53,6,0.3824,73.55229040622298,0.7308859825134277,0.9455459984900858
QM9-gap-35k,GLOSS(6:1:1),53,7,0.5048,100.0,0.7114708423614502,1.0592795453424264
QM9-gap-35k,GLOSS(6:1:1),53,8,0.5048,100.0,0.6958789825439453,1.2243579567017913
QM9-gap-35k,GLOSS(6:1:1),53,9,0.5048,100.0,0.7113351821899414,1.223849421165011
QM9-gap-35k,GLOSS(6:1:1),53,10,0.5048,100.0,0.7023129463195801,1.2182753116946823
QM9-gap-35k,GLOSS(6:1:1),53,11,0.5048,100.0,0.7277328968048096,1.2383687802366945
QM9-gap-35k,GLOSS(6:1:1),53,12,0.5048,100.0,0.7457170486450195,1.2335188962812065
QM9-gap-35k,GLOSS(6:1:1),53,13,0.5048,100.0,0.7586770057678223,1.245445035513982
QM9-gap-35k,GLOSS(6:1:1),53,14,0.5048,100.0,0.7534492015838623,1.2281914197768298
QM9-gap-35k,GLOSS(6:1:1),53,15,0.5048,100.0,0.788855791091919,1.21552720927199
QM9-gap-35k,GLOSS(6:1:1),53,16,0.5048,100.0,0.8290820121765137,1.1967744727798326
QM9-gap-35k,GLOSS(6:1:1),53,17,0.5048,100.0,0.8451411724090576,1.1828254594875025
QM9-gap-35k,GLOSS(6:1:1),53,18,0.5048,100.0,0.8672580718994141,1.1714785119484794
QM9-gap-35k,GLOSS(6:1:1),53,19,0.5048,100.0,0.889319896697998,1.172616608055567
QM9-gap-35k,GLOSS(2:3:3),59,-1,0.2084,35.955056179775276,0.0,0.0
QM9-gap-35k,GLOSS(2:3:3),59,0,0.3012,56.00691443388073,0.6919779777526855,0.36190623290930074
QM9-gap-35k,GLOSS(2:3:3),59,1,0.3382,64.00172860847017,0.7159488201141357,0.7995857889096596
QM9-gap-35k,GLOSS(2:3:3),59,2,0.3891,75.0,0.6795718669891357,0.982463331793075
QM9-gap-35k,GLOSS(2:3:3),59,3,0.5048,100.0,0.6307499408721924,1.1667658073470704
QM9-gap-35k,GLOSS(2:3:3),59,4,0.5048,100.0,0.6311371326446533,1.2163603150030893
QM9-gap-35k,GLOSS(2:3:3),59,5,0.5048,100.0,0.649946928024292,1.2025229219936047
QM9-gap-35k,GLOSS(2:3:3),59,6,0.5048,100.0,0.6552281379699707,1.2026936480263568
QM9-gap-35k,GLOSS(2:3:3),59,7,0.5048,100.0,0.6603329181671143,1.2135972790445275
QM9-gap-35k,GLOSS(2:3:3),59,8,0.5048,100.0,0.683953046798706,1.2487701268153921
QM9-gap-35k,GLOSS(2:3:3),59,9,0.5048,100.0,0.7092399597167969,1.2556596619007918
QM9-gap-35k,GLOSS(2:3:3),59,10,0.5048,100.0,0.7364463806152344,1.240643680048523
QM9-gap-35k,GLOSS(2:3:3),59,11,0.5048,100.0,0.744304895401001,1.252599948950582
QM9-gap-35k,GLOSS(2:3:3),59,12,0.5048,100.0,0.7550761699676514,1.2393177572055958
QM9-gap-35k,GLOSS(2:3:3),59,13,0.5048,100.0,0.8069190979003906,1.2419997605385682
QM9-gap-35k,GLOSS(2:3:3),59,14,0.5048,100.0,0.7361690998077393,1.2508886795604506
QM9-gap-35k,GLOSS(2:3:3),59,15,0.5048,100.0,0.7497899532318115,1.2412213350792176
QM9-gap-35k,GLOSS(2:3:3),59,16,0.5048,100.0,0.7564809322357178,1.2301747031358876
QM9-gap-35k,GLOSS(2:3:3),59,17,0.5048,100.0,0.7632901668548584,1.227314583231455
QM9-gap-35k,GLOSS(2:3:3),59,18,0.5048,100.0,0.7862989902496338,1.2183347661413053
QM9-gap-35k,GLOSS(2:3:3),59,19,0.5048,100.0,0.7910778522491455,1.2178931223521243
QM9-gap-35k,GLOSS(4:2:2),59,-1,0.2084,35.955056179775276,0.0,0.0
QM9-gap-35k,GLOSS(4:2:2),59,0,0.2968,55.0561797752809,0.668262243270874,0.4167491498429982
QM9-gap-35k,GLOSS(4:2:2),59,1,0.3419,64.80121002592912,0.6956038475036621,0.7166348183302256
QM9-gap-35k,GLOSS(4:2:2),59,2,0.3625,69.25237683664649,0.6676979064941406,0.8194922035157745
QM9-gap-35k,GLOSS(4:2:2),59,3,0.4465,87.40276577355229,0.6479291915893555,1.0578890437808743
QM9-gap-35k,GLOSS(4:2:2),59,4,0.5048,100.0,0.6473538875579834,1.1468740514566997
QM9-gap-35k,GLOSS(4:2:2),59,5,0.5048,100.0,0.6626389026641846,1.1791659213248815
QM9-gap-35k,GLOSS(4:2:2),59,6,0.5048,100.0,0.6677548885345459,1.1905443539108214
QM9-gap-35k,GLOSS(4:2:2),59,7,0.5048,100.0,0.6778340339660645,1.163608257561461
QM9-gap-35k,GLOSS(4:2:2),59,8,0.5048,100.0,0.6616837978363037,1.1687034710616666
QM9-gap-35k,GLOSS(4:2:2),59,9,0.5048,100.0,0.6794848442077637,1.1801078662326736
QM9-gap-35k,GLOSS(4:2:2),59,10,0.5048,100.0,0.6986019611358643,1.1766932996152086
QM9-gap-35k,GLOSS(4:2:2),59,11,0.5048,100.0,0.7198081016540527,1.1983102495812221
QM9-gap-35k,GLOSS(4:2:2),59,12,0.5048,100.0,0.7368049621582031,1.184329517361334
QM9-gap-35k,GLOSS(4:2:2),59,13,0.5048,100.0,0.7247660160064697,1.1819930867970472
QM9-gap-35k,GLOSS(4:2:2),59,14,0.5048,100.0,0.7477169036865234,1.1682496597565866
QM9-gap-35k,GLOSS(4:2:2),59,15,0.5048,100.0,0.7567739486694336,1.1529333769851833
QM9-gap-35k,GLOSS(4:2:2),59,16,0.5048,100.0,0.7849011421203613,1.148521913403643
QM9-gap-35k,GLOSS(4:2:2),59,17,0.5048,100.0,0.8055391311645508,1.147315117434931
QM9-gap-35k,GLOSS(4:2:2),59,18,0.5048,100.0,0.7704339027404785,1.1439630652062769
QM9-gap-35k,GLOSS(4:2:2),59,19,0.5048,100.0,0.7798080444335938,1.1319258066120483
QM9-gap-35k,GLOSS(6:1:1),59,-1,0.2084,35.955056179775276,0.0,0.0
QM9-gap-35k,GLOSS(6:1:1),59,0,0.2874,53.025064822817626,0.6693041324615479,0.37848321066677465
QM9-gap-35k,GLOSS(6:1:1),59,1,0.3466,65.81676750216077,0.7236359119415283,0.4925725597086379
QM9-gap-35k,GLOSS(6:1:1),59,2,0.3882,74.80553154710458,0.7038981914520264,0.8461876651686482
QM9-gap-35k,GLOSS(6:1:1),59,3,0.3891,75.0,0.6500339508056641,1.0070789279873218
QM9-gap-35k,GLOSS(6:1:1),59,4,0.4802,94.68452895419188,0.6485841274261475,1.088680916966891
QM9-gap-35k,GLOSS(6:1:1),59,5,0.5048,100.0,0.6583878993988037,1.1578408492570642
QM9-gap-35k,GLOSS(6:1:1),59,6,0.5048,100.0,0.662912130355835,1.2142871171745133
QM9-gap-35k,GLOSS(6:1:1),59,7,0.5048,100.0,0.6758551597595215,1.2903446915831658
QM9-gap-35k,GLOSS(6:1:1),59,8,0.5048,100.0,0.6898918151855469,1.2856915567221747
QM9-gap-35k,GLOSS(6:1:1),59,9,0.5048,100.0,0.7046689987182617,1.2613914889757858
QM9-gap-35k,GLOSS(6:1:1),59,10,0.5048,100.0,0.7223591804504395,1.2496583035071789
QM9-gap-35k,GLOSS(6:1:1),59,11,0.5048,100.0,0.7117960453033447,1.2294599543131788
QM9-gap-35k,GLOSS(6:1:1),59,12,0.5048,100.0,0.7311661243438721,1.2251360387122467
QM9-gap-35k,GLOSS(6:1:1),59,13,0.5048,100.0,0.753187894821167,1.2245544401504316
QM9-gap-35k,GLOSS(6:1:1),59,14,0.5048,100.0,0.7515230178833008,1.2139943131262865
QM9-gap-35k,GLOSS(6:1:1),59,15,0.5048,100.0,0.7616398334503174,1.1991571067403561
QM9-gap-35k,GLOSS(6:1:1),59,16,0.5048,100.0,0.7553589344024658,1.1836721435312196
QM9-gap-35k,GLOSS(6:1:1),59,17,0.5048,100.0,0.7725510597229004,1.1745585387724817
QM9-gap-35k,GLOSS(6:1:1),59,18,0.5048,100.0,0.782843828201294,1.1786687360472206
QM9-gap-35k,GLOSS(6:1:1),59,19,0.5048,100.0,0.821256160736084,1.1682926573668464
QM9-gap-35k,GLOSS(2:3:3),61,-1,0.2098,36.25756266205703,0.0,0.0
QM9-gap-35k,GLOSS(2:3:3),61,0,0.2793,51.27484874675885,0.7218680381774902,0.5503817473082033
QM9-gap-35k,GLOSS(2:3:3),61,1,0.2793,51.27484874675885,0.7425479888916016,0.6429368719192489
QM9-gap-35k,GLOSS(2:3:3),61,2,0.2955,54.7752808988764,0.749924898147583,0.603863310582488
QM9-gap-35k,GLOSS(2:3:3),61,3,0.3024,56.266205704407945,0.7416532039642334,0.5865892701567804
QM9-gap-35k,GLOSS(2:3:3),61,4,0.3165,59.312878133102856,0.7374546527862549,0.6302507516158142
QM9-gap-35k,GLOSS(2:3:3),61,5,0.3445,65.36300777873811,0.7759380340576172,0.7151944643392031
QM9-gap-35k,GLOSS(2:3:3),61,6,0.5048,100.0,0.7365448474884033,0.7821248677592165
QM9-gap-35k,GLOSS(2:3:3),61,7,0.5048,100.0,0.7129302024841309,0.9423965280832719
QM9-gap-35k,GLOSS(2:3:3),61,8,0.5048,100.0,0.7020988464355469,1.0063268562234446
QM9-gap-35k,GLOSS(2:3:3),61,9,0.5048,100.0,0.6907110214233398,1.0693165441792583
QM9-gap-35k,GLOSS(2:3:3),61,10,0.5048,100.0,0.71022629737854,1.1045482137091316
QM9-gap-35k,GLOSS(2:3:3),61,11,0.5048,100.0,0.7122528553009033,1.118241482513573
QM9-gap-35k,GLOSS(2:3:3),61,12,0.5048,100.0,0.7187638282775879,1.1310785086000432
QM9-gap-35k,GLOSS(2:3:3),61,13,0.5048,100.0,0.7215430736541748,1.1607392428996253
QM9-gap-35k,GLOSS(2:3:3),61,14,0.5048,100.0,0.743502140045166,1.1588719487235
QM9-gap-35k,GLOSS(2:3:3),61,15,0.5048,100.0,0.7563169002532959,1.1602530144878218
QM9-gap-35k,GLOSS(2:3:3),61,16,0.5048,100.0,0.7498400211334229,1.1699357941086594
QM9-gap-35k,GLOSS(2:3:3),61,17,0.5048,100.0,0.7676782608032227,1.1770177968807831
QM9-gap-35k,GLOSS(2:3:3),61,18,0.5048,100.0,0.7732150554656982,1.1733300663174082
QM9-gap-35k,GLOSS(2:3:3),61,19,0.5048,100.0,0.7850368022918701,1.170778835488446
QM9-gap-35k,GLOSS(4:2:2),61,-1,0.2098,36.25756266205703,0.0,0.0
QM9-gap-35k,GLOSS(4:2:2),61,0,0.2393,42.631806395851335,0.6981737613677979,0.580105550826042
QM9-gap-35k,GLOSS(4:2:2),61,1,0.2509,45.13828867761452,0.6612317562103271,0.6151630101119924
QM9-gap-35k,GLOSS(4:2:2),61,2,0.2528,45.548833189282625,0.7126290798187256,0.6086059624160967
QM9-gap-35k,GLOSS(4:2:2),61,3,0.2528,45.548833189282625,0.6936850547790527,0.5935523573542452
QM9-gap-35k,GLOSS(4:2:2),61,4,0.2617,47.47191011235954,0.7136552333831787,0.5778561736775615
QM9-gap-35k,GLOSS(4:2:2),61,5,0.2631,47.77441659464131,0.7357709407806396,0.5762241815591059
QM9-gap-35k,GLOSS(4:2:2),61,6,0.2631,47.77441659464131,0.7517712116241455,0.5935687265000026
QM9-gap-35k,GLOSS(4:2:2),61,7,0.2993,55.59636992221262,0.7257599830627441,0.611933899622844
QM9-gap-35k,GLOSS(4:2:2),61,8,0.3326,62.79170267934313,0.8574841022491455,0.679783840654196
QM9-gap-35k,GLOSS(4:2:2),61,9,0.3643,69.64131374243733,0.7557351589202881,0.7681314350977595
QM9-gap-35k,GLOSS(4:2:2),61,10,0.3824,73.55229040622298,0.7770428657531738,0.8747223042743183
QM9-gap-35k,GLOSS(4:2:2),61,11,0.3891,75.0,0.7699558734893799,0.9698841761141689
QM9-gap-35k,GLOSS(4:2:2),61,12,0.5048,100.0,0.7415988445281982,1.0609832497974685
QM9-gap-35k,GLOSS(4:2:2),61,13,0.5048,100.0,0.7521381378173828,1.1375791796219914
QM9-gap-35k,GLOSS(4:2:2),61,14,0.5048,100.0,0.7279410362243652,1.1787796385722384
QM9-gap-35k,GLOSS(4:2:2),61,15,0.5048,100.0,0.7568929195404053,1.1881024339611381
QM9-gap-35k,GLOSS(4:2:2),61,16,0.5048,100.0,0.7655596733093262,1.2095381674248946
QM9-gap-35k,GLOSS(4:2:2),61,17,0.5048,100.0,0.7854530811309814,1.2129145713688116
QM9-gap-35k,GLOSS(4:2:2),61,18,0.5048,100.0,0.796342134475708,1.21128408432068
QM9-gap-35k,GLOSS(4:2:2),61,19,0.5048,100.0,0.7927470207214355,1.215767971288084
QM9-gap-35k,GLOSS(6:1:1),61,-1,0.2098,36.25756266205703,0.0,0.0
QM9-gap-35k,GLOSS(6:1:1),61,0,0.2393,42.631806395851335,0.6823010444641113,0.503848978256935
QM9-gap-35k,GLOSS(6:1:1),61,1,0.2393,42.631806395851335,0.6678881645202637,0.5611489172171744
QM9-gap-35k,GLOSS(6:1:1),61,2,0.263,47.75280898876404,0.7576308250427246,0.5728173042435536
QM9-gap-35k,GLOSS(6:1:1),61,3,0.2736,50.043215211754536,0.7599349021911621,0.6248135308107879
QM9-gap-35k,GLOSS(6:1:1),61,4,0.2736,50.043215211754536,0.7520790100097656,0.6256825776987294
QM9-gap-35k,GLOSS(6:1:1),61,5,0.2736,50.043215211754536,0.7758159637451172,0.6479645067718981
QM9-gap-35k,GLOSS(6:1:1),61,6,0.364,69.57649092480553,0.7947380542755127,0.6879427512328489
QM9-gap-35k,GLOSS(6:1:1),61,7,0.4465,87.40276577355229,0.7414441108703613,0.8039803752623815
QM9-gap-35k,GLOSS(6:1:1),61,8,0.5048,100.0,0.7100343704223633,0.9515225922611021
QM9-gap-35k,GLOSS(6:1:1),61,9,0.5048,100.0,0.7195339202880859,1.0399988490356602
QM9-gap-35k,GLOSS(6:1:1),61,10,0.5048,100.0,0.7366659641265869,1.0836871521188263
QM9-gap-35k,GLOSS(6:1:1),61,11,0.5048,100.0,0.7431950569152832,1.0994606586708382
QM9-gap-35k,GLOSS(6:1:1),61,12,0.5048,100.0,0.7479958534240723,1.1190880589099763
QM9-gap-35k,GLOSS(6:1:1),61,13,0.5048,100.0,0.7464010715484619,1.1704541347667607
QM9-gap-35k,GLOSS(6:1:1),61,14,0.5048,100.0,0.7415280342102051,1.1802727953953847
QM9-gap-35k,GLOSS(6:1:1),61,15,0.5048,100.0,0.7826130390167236,1.1827884289866841
QM9-gap-35k,GLOSS(6:1:1),61,16,0.5048,100.0,0.7988481521606445,1.1845024897618572
QM9-gap-35k,GLOSS(6:1:1),61,17,0.5048,100.0,0.802142858505249,1.1817301710587957
QM9-gap-35k,GLOSS(6:1:1),61,18,0.5048,100.0,0.8074438571929932,1.1849449894925006
QM9-gap-35k,GLOSS(6:1:1),61,19,0.5048,100.0,0.8160831928253174,1.1874195367460842
QM9-gap-35k,GLOSS(2:3:3),67,-1,0.2056,35.35004321521175,0.0,0.0
QM9-gap-35k,GLOSS(2:3:3),67,0,0.3288,61.97061365600691,0.679966926574707,0.7402188371787466
QM9-gap-35k,GLOSS(2:3:3),67,1,0.3457,65.62229904926534,0.6713199615478516,0.7949264895798243
QM9-gap-35k,GLOSS(2:3:3),67,2,0.3824,73.55229040622298,0.6592779159545898,0.954815062294489
QM9-gap-35k,GLOSS(2:3:3),67,3,0.3824,73.55229040622298,0.6400997638702393,0.9323420898158113
QM9-gap-35k,GLOSS(2:3:3),67,4,0.5048,100.0,0.6314070224761963,1.0676125886594132
QM9-gap-35k,GLOSS(2:3:3),67,5,0.5048,100.0,0.6382119655609131,1.1147334846094732
QM9-gap-35k,GLOSS(2:3:3),67,6,0.5048,100.0,0.6612458229064941,1.1103646207993032
QM9-gap-35k,GLOSS(2:3:3),67,7,0.5048,100.0,0.6651630401611328,1.1169437024595692
QM9-gap-35k,GLOSS(2:3:3),67,8,0.5048,100.0,0.6697287559509277,1.1548974980114188
QM9-gap-35k,GLOSS(2:3:3),67,9,0.5048,100.0,0.6639952659606934,1.1489586490223151
QM9-gap-35k,GLOSS(2:3:3),67,10,0.5048,100.0,0.6769897937774658,1.1609354726133865
QM9-gap-35k,GLOSS(2:3:3),67,11,0.5048,100.0,0.7141411304473877,1.1666795911209242
QM9-gap-35k,GLOSS(2:3:3),67,12,0.5048,100.0,0.7339751720428467,1.1794700589658598
QM9-gap-35k,GLOSS(2:3:3),67,13,0.5048,100.0,0.7706429958343506,1.1846682620163942
QM9-gap-35k,GLOSS(2:3:3),67,14,0.5048,100.0,0.7734179496765137,1.1882656868610393
QM9-gap-35k,GLOSS(2:3:3),67,15,0.5048,100.0,0.7686378955841064,1.1749727170703068
QM9-gap-35k,GLOSS(2:3:3),67,16,0.5048,100.0,0.7995748519897461,1.166863799952748
QM9-gap-35k,GLOSS(2:3:3),67,17,0.5048,100.0,0.7689132690429688,1.1669407399214529
QM9-gap-35k,GLOSS(2:3:3),67,18,0.5048,100.0,0.7711129188537598,1.1894076608822055
QM9-gap-35k,GLOSS(2:3:3),67,19,0.5048,100.0,0.769805908203125,1.1936432111876936
QM9-gap-35k,GLOSS(4:2:2),67,-1,0.2056,35.35004321521175,0.0,0.0
QM9-gap-35k,GLOSS(4:2:2),67,0,0.3288,61.97061365600691,0.7275702953338623,0.6170220441652322
QM9-gap-35k,GLOSS(4:2:2),67,1,0.3546,67.54537597234227,0.6905736923217773,0.8513838337372369
QM9-gap-35k,GLOSS(4:2:2),67,2,0.3824,73.55229040622298,0.7179610729217529,0.902707953139723
QM9-gap-35k,GLOSS(4:2:2),67,3,0.3891,75.0,0.694638729095459,0.9238599884886977
QM9-gap-35k,GLOSS(4:2:2),67,4,0.5048,100.0,0.6624319553375244,1.0394394905868607
QM9-gap-35k,GLOSS(4:2:2),67,5,0.5048,100.0,0.6633131504058838,1.1914581552199819
QM9-gap-35k,GLOSS(4:2:2),67,6,0.5048,100.0,0.6679909229278564,1.1708626345085071
QM9-gap-35k,GLOSS(4:2:2),67,7,0.5048,100.0,0.6926982402801514,1.1707038230443818
QM9-gap-35k,GLOSS(4:2:2),67,8,0.5048,100.0,0.6879348754882812,1.181361689108827
QM9-gap-35k,GLOSS(4:2:2),67,9,0.5048,100.0,0.7026829719543457,1.177044351524316
QM9-gap-35k,GLOSS(4:2:2),67,10,0.5048,100.0,0.7160818576812744,1.1665198242177504
QM9-gap-35k,GLOSS(4:2:2),67,11,0.5048,100.0,0.7350902557373047,1.1742743664475335
QM9-gap-35k,GLOSS(4:2:2),67,12,0.5048,100.0,0.7144968509674072,1.167059647106904
QM9-gap-35k,GLOSS(4:2:2),67,13,0.5048,100.0,0.745168924331665,1.1775762331335107
QM9-gap-35k,GLOSS(4:2:2),67,14,0.5048,100.0,0.7422139644622803,1.1771405034000257
QM9-gap-35k,GLOSS(4:2:2),67,15,0.5048,100.0,0.7450442314147949,1.1821761570468203
QM9-gap-35k,GLOSS(4:2:2),67,16,0.5048,100.0,0.756662130355835,1.2060803535737536
QM9-gap-35k,GLOSS(4:2:2),67,17,0.5048,100.0,0.7479751110076904,1.2001062536142615
QM9-gap-35k,GLOSS(4:2:2),67,18,0.5048,100.0,0.7850408554077148,1.194982923641912
QM9-gap-35k,GLOSS(4:2:2),67,19,0.5048,100.0,0.8025672435760498,1.1850715596885018
QM9-gap-35k,GLOSS(6:1:1),67,-1,0.2056,35.35004321521175,0.0,0.0
QM9-gap-35k,GLOSS(6:1:1),67,0,0.3211,60.30682800345721,0.7176177501678467,0.3525853067041294
QM9-gap-35k,GLOSS(6:1:1),67,1,0.3211,60.30682800345721,0.6974360942840576,0.7269598967932799
QM9-gap-35k,GLOSS(6:1:1),67,2,0.3211,60.30682800345721,0.8328819274902344,0.8533961481207684
QM9-gap-35k,GLOSS(6:1:1),67,3,0.3211,60.30682800345721,0.7594690322875977,0.8165519802765397
QM9-gap-35k,GLOSS(6:1:1),67,4,0.3211,60.30682800345721,0.7649857997894287,0.7747910002523363
QM9-gap-35k,GLOSS(6:1:1),67,5,0.3394,64.2610198789974,0.7662127017974854,0.7962118571296781
QM9-gap-35k,GLOSS(6:1:1),67,6,0.3551,67.6534140017286,0.7466139793395996,0.8370943109209125
QM9-gap-35k,GLOSS(6:1:1),67,7,0.3599,68.6905790838375,0.7304558753967285,0.8694236951916812
QM9-gap-35k,GLOSS(6:1:1),67,8,0.3664,70.09507346585998,0.7339627742767334,0.8863559497021927
QM9-gap-35k,GLOSS(6:1:1),67,9,0.3664,70.09507346585998,0.7594633102416992,0.8789711424823402
QM9-gap-35k,GLOSS(6:1:1),67,10,0.3664,70.09507346585998,0.7838380336761475,0.8784934648021498
QM9-gap-35k,GLOSS(6:1:1),67,11,0.462,90.75194468452895,0.7879469394683838,0.9168757270670909
QM9-gap-35k,GLOSS(6:1:1),67,12,0.4802,94.68452895419188,0.7636468410491943,0.9476598380835739
QM9-gap-35k,GLOSS(6:1:1),67,13,0.5048,100.0,0.7706670761108398,1.0067032308957329
QM9-gap-35k,GLOSS(6:1:1),67,14,0.5048,100.0,0.7976758480072021,1.0441654178104236
QM9-gap-35k,GLOSS(6:1:1),67,15,0.5048,100.0,0.7951221466064453,1.0746689757747214
QM9-gap-35k,GLOSS(6:1:1),67,16,0.5048,100.0,0.8216748237609863,1.0958831703652057
QM9-gap-35k,GLOSS(6:1:1),67,17,0.5048,100.0,0.808758020401001,1.1169648276685855
QM9-gap-35k,GLOSS(6:1:1),67,18,0.5048,100.0,0.8102810382843018,1.1362686134087618
QM9-gap-35k,GLOSS(6:1:1),67,19,0.5048,100.0,0.8283431529998779,1.1528011418558028
QM9-gap-40k,GLOSS(2:3:3),47,-1,0.2078,35.82541054451166,0.0,0.0
QM9-gap-40k,GLOSS(2:3:3),47,0,0.3126,58.470181503889364,0.7494430541992188,0.9172636233474262
QM9-gap-40k,GLOSS(2:3:3),47,1,0.3566,67.97752808988763,0.7610909938812256,0.9151372050931859
QM9-gap-40k,GLOSS(2:3:3),47,2,0.3824,73.55229040622298,0.740001916885376,0.9977959294614128
QM9-gap-40k,GLOSS(2:3:3),47,3,0.3824,73.55229040622298,0.7336602210998535,0.960281812551319
QM9-gap-40k,GLOSS(2:3:3),47,4,0.4128,80.1210025929127,0.7364110946655273,0.980312780423899
QM9-gap-40k,GLOSS(2:3:3),47,5,0.5048,100.0,0.7183611392974854,1.0576603361671935
QM9-gap-40k,GLOSS(2:3:3),47,6,0.5048,100.0,0.757253885269165,1.1133072830116333
QM9-gap-40k,GLOSS(2:3:3),47,7,0.5048,100.0,0.7699029445648193,1.1175732324532335
QM9-gap-40k,GLOSS(2:3:3),47,8,0.5048,100.0,0.7797350883483887,1.1428168251797206
QM9-gap-40k,GLOSS(2:3:3),47,9,0.5048,100.0,0.7717740535736084,1.1385705133211106
QM9-gap-40k,GLOSS(2:3:3),47,10,0.5048,100.0,0.7879307270050049,1.1512835981873686
QM9-gap-40k,GLOSS(2:3:3),47,11,0.5048,100.0,0.7839548587799072,1.142337072958028
QM9-gap-40k,GLOSS(2:3:3),47,12,0.5048,100.0,0.820781946182251,1.1504981716257126
QM9-gap-40k,GLOSS(2:3:3),47,13,0.5048,100.0,0.8264279365539551,1.1471628906565479
QM9-gap-40k,GLOSS(2:3:3),47,14,0.5048,100.0,0.8212511539459229,1.1561043375300308
QM9-gap-40k,GLOSS(2:3:3),47,15,0.5048,100.0,0.8478331565856934,1.161168199381019
QM9-gap-40k,GLOSS(2:3:3),47,16,0.5048,100.0,0.8807392120361328,1.1694135703011648
QM9-gap-40k,GLOSS(2:3:3),47,17,0.5048,100.0,0.8809061050415039,1.1657427213936262
QM9-gap-40k,GLOSS(2:3:3),47,18,0.5048,100.0,0.8824348449707031,1.1622927030117343
QM9-gap-40k,GLOSS(2:3:3),47,19,0.5048,100.0,0.9565730094909668,1.1613050500347077
QM9-gap-40k,GLOSS(4:2:2),47,-1,0.2078,35.82541054451166,0.0,0.0
QM9-gap-40k,GLOSS(4:2:2),47,0,0.2515,45.267934312878126,0.7633709907531738,0.7876930469808452
QM9-gap-40k,GLOSS(4:2:2),47,1,0.3291,62.03543647363872,0.7925739288330078,0.8667836077756826
QM9-gap-40k,GLOSS(4:2:2),47,2,0.3702,70.91616248919618,0.7926890850067139,0.973885477210008
QM9-gap-40k,GLOSS(4:2:2),47,3,0.3824,73.55229040622298,0.765294075012207,1.0852191192448246
QM9-gap-40k,GLOSS(4:2:2),47,4,0.3891,75.0,0.7218019962310791,1.1554520425313504
QM9-gap-40k,GLOSS(4:2:2),47,5,0.4298,83.7942955920484,0.7513659000396729,1.1607072016551112
QM9-gap-40k,GLOSS(4:2:2),47,6,0.4802,94.68452895419188,0.769629955291748,1.1717586275942873
QM9-gap-40k,GLOSS(4:2:2),47,7,0.4802,94.68452895419188,0.7943379878997803,1.180954185140994
QM9-gap-40k,GLOSS(4:2:2),47,8,0.5048,100.0,0.7851989269256592,1.22487907898283
QM9-gap-40k,GLOSS(4:2:2),47,9,0.5048,100.0,0.7985391616821289,1.2547951297104254
QM9-gap-40k,GLOSS(4:2:2),47,10,0.5048,100.0,0.8071238994598389,1.2844311774120134
QM9-gap-40k,GLOSS(4:2:2),47,11,0.5048,100.0,0.8278510570526123,1.2829765915473963
QM9-gap-40k,GLOSS(4:2:2),47,12,0.5048,100.0,0.83563232421875,1.2767266886785316
QM9-gap-40k,GLOSS(4:2:2),47,13,0.5048,100.0,0.8709721565246582,1.2715355650457643
QM9-gap-40k,GLOSS(4:2:2),47,14,0.5048,100.0,0.8721339702606201,1.2776745208109457
QM9-gap-40k,GLOSS(4:2:2),47,15,0.5048,100.0,0.8898110389709473,1.2656955922692052
QM9-gap-40k,GLOSS(4:2:2),47,16,0.5048,100.0,0.9083530902862549,1.2514684287774507
QM9-gap-40k,GLOSS(4:2:2),47,17,0.5048,100.0,0.9281561374664307,1.2363141965685085
QM9-gap-40k,GLOSS(4:2:2),47,18,0.5048,100.0,0.9228639602661133,1.2404326090707614
QM9-gap-40k,GLOSS(4:2:2),47,19,0.5048,100.0,0.9487588405609131,1.2299389098912075
QM9-gap-40k,GLOSS(6:1:1),47,-1,0.2078,35.82541054451166,0.0,0.0
QM9-gap-40k,GLOSS(6:1:1),47,0,0.2468,44.25237683664649,0.7710211277008057,0.42641916496379245
QM9-gap-40k,GLOSS(6:1:1),47,1,0.3247,61.08470181503889,0.8100731372833252,0.8845238976267046
QM9-gap-40k,GLOSS(6:1:1),47,2,0.3411,64.62834917891098,0.7121939659118652,1.0102634312833665
QM9-gap-40k,GLOSS(6:1:1),47,3,0.375,71.9533275713051,0.7175009250640869,1.0326817739545082
QM9-gap-40k,GLOSS(6:1:1),47,4,0.4128,80.1210025929127,0.7440388202667236,1.0128106038446738
QM9-gap-40k,GLOSS(6:1:1),47,5,0.4298,83.7942955920484,0.7783288955688477,1.0079791621119087
QM9-gap-40k,GLOSS(6:1:1),47,6,0.4465,87.40276577355229,0.8045477867126465,1.017902775922842
QM9-gap-40k,GLOSS(6:1:1),47,7,0.5048,100.0,0.7851986885070801,1.1082431770700425
QM9-gap-40k,GLOSS(6:1:1),47,8,0.5048,100.0,0.8408851623535156,1.132596221157935
QM9-gap-40k,GLOSS(6:1:1),47,9,0.5048,100.0,0.7851271629333496,1.1170505299179787
QM9-gap-40k,GLOSS(6:1:1),47,10,0.5048,100.0,0.8144068717956543,1.141791727803309
QM9-gap-40k,GLOSS(6:1:1),47,11,0.5048,100.0,0.8594949245452881,1.1612938423024899
QM9-gap-40k,GLOSS(6:1:1),47,12,0.5048,100.0,0.8535737991333008,1.1493607198384201
QM9-gap-40k,GLOSS(6:1:1),47,13,0.5048,100.0,0.8302168846130371,1.1621277236710348
QM9-gap-40k,GLOSS(6:1:1),47,14,0.5048,100.0,0.8794229030609131,1.1616242213584935
QM9-gap-40k,GLOSS(6:1:1),47,15,0.5048,100.0,0.8815679550170898,1.1591253560886783
QM9-gap-40k,GLOSS(6:1:1),47,16,0.5048,100.0,0.8841800689697266,1.1681570829082908
QM9-gap-40k,GLOSS(6:1:1),47,17,0.5048,100.0,0.8957991600036621,1.1700421359309428
QM9-gap-40k,GLOSS(6:1:1),47,18,0.5048,100.0,0.920600175857544,1.1487505463505063
QM9-gap-40k,GLOSS(6:1:1),47,19,0.5048,100.0,0.9238672256469727,1.1392619655205962
QM9-gap-40k,GLOSS(2:3:3),53,-1,0.2064,35.5229040622299,0.0,0.0
QM9-gap-40k,GLOSS(2:3:3),53,0,0.3145,58.88072601555747,0.8692102432250977,0.5024383034153689
QM9-gap-40k,GLOSS(2:3:3),53,1,0.3348,63.26707000864303,0.9681248664855957,0.5297279457111147
QM9-gap-40k,GLOSS(2:3:3),53,2,0.462,90.75194468452895,0.8403289318084717,0.7634674335853285
QM9-gap-40k,GLOSS(2:3:3),53,3,0.4802,94.68452895419188,0.7500081062316895,0.9635096548668504
QM9-gap-40k,GLOSS(2:3:3),53,4,0.5048,100.0,0.7802278995513916,1.0797609401344603
QM9-gap-40k,GLOSS(2:3:3),53,5,0.5048,100.0,0.7875702381134033,1.1655120245996695
QM9-gap-40k,GLOSS(2:3:3),53,6,0.5048,100.0,0.7571680545806885,1.1554052487408222
QM9-gap-40k,GLOSS(2:3:3),53,7,0.5048,100.0,0.8136320114135742,1.122410836767234
QM9-gap-40k,GLOSS(2:3:3),53,8,0.5048,100.0,0.7907960414886475,1.1139965787578496
QM9-gap-40k,GLOSS(2:3:3),53,9,0.5048,100.0,0.7845211029052734,1.1409745759886245
QM9-gap-40k,GLOSS(2:3:3),53,10,0.5048,100.0,0.7966642379760742,1.1622972109400826
QM9-gap-40k,GLOSS(2:3:3),53,11,0.5048,100.0,0.8022210597991943,1.1739655507279976
QM9-gap-40k,GLOSS(2:3:3),53,12,0.5048,100.0,0.8332748413085938,1.1777891931236648
QM9-gap-40k,GLOSS(2:3:3),53,13,0.5048,100.0,0.8445408344268799,1.1683693324353024
QM9-gap-40k,GLOSS(2:3:3),53,14,0.5048,100.0,0.8099839687347412,1.1568150289510992
QM9-gap-40k,GLOSS(2:3:3),53,15,0.5048,100.0,0.8399038314819336,1.1560368516625361
QM9-gap-40k,GLOSS(2:3:3),53,16,0.5048,100.0,0.8415107727050781,1.1454824237407593
QM9-gap-40k,GLOSS(2:3:3),53,17,0.5048,100.0,0.8515169620513916,1.1506729931001525
QM9-gap-40k,GLOSS(2:3:3),53,18,0.5048,100.0,0.8965730667114258,1.1576819653429193
QM9-gap-40k,GLOSS(2:3:3),53,19,0.5048,100.0,0.8795530796051025,1.1622546990181555
QM9-gap-40k,GLOSS(4:2:2),53,-1,0.2064,35.5229040622299,0.0,0.0
QM9-gap-40k,GLOSS(4:2:2),53,0,0.3059,57.02247191011236,0.8368320465087891,0.5509363548355328
QM9-gap-40k,GLOSS(4:2:2),53,1,0.3446,65.38461538461539,0.8520467281341553,0.8180267723374246
QM9-gap-40k,GLOSS(4:2:2),53,2,0.373,71.52117545375972,0.7149932384490967,0.9663420849562138
QM9-gap-40k,GLOSS(4:2:2),53,3,0.4117,79.88331892826275,0.7329061031341553,0.9966612492829074
QM9-gap-40k,GLOSS(4:2:2),53,4,0.4128,80.1210025929127,0.7351357936859131,0.9979488854786327
QM9-gap-40k,GLOSS(4:2:2),53,5,0.4298,83.7942955920484,0.7454509735107422,0.9950871558504533
QM9-gap-40k,GLOSS(4:2:2),53,6,0.5048,100.0,0.7334339618682861,1.065692780317506
QM9-gap-40k,GLOSS(4:2:2),53,7,0.5048,100.0,0.7482540607452393,1.111959017289536
QM9-gap-40k,GLOSS(4:2:2),53,8,0.5048,100.0,0.7798292636871338,1.1081332474323051
QM9-gap-40k,GLOSS(4:2:2),53,9,0.5048,100.0,0.7736749649047852,1.1417324894275191
QM9-gap-40k,GLOSS(4:2:2),53,10,0.5048,100.0,0.7764980792999268,1.1785023809099964
QM9-gap-40k,GLOSS(4:2:2),53,11,0.5048,100.0,0.7628128528594971,1.1849895173877916
QM9-gap-40k,GLOSS(4:2:2),53,12,0.5048,100.0,0.8066151142120361,1.171525477355481
QM9-gap-40k,GLOSS(4:2:2),53,13,0.5048,100.0,0.830531120300293,1.1657448474539052
QM9-gap-40k,GLOSS(4:2:2),53,14,0.5048,100.0,0.8570520877838135,1.1495250155841785
QM9-gap-40k,GLOSS(4:2:2),53,15,0.5048,100.0,0.8190600872039795,1.1434622272928245
QM9-gap-40k,GLOSS(4:2:2),53,16,0.5048,100.0,0.8437809944152832,1.156170311321979
QM9-gap-40k,GLOSS(4:2:2),53,17,0.5048,100.0,0.8809568881988525,1.1588863641296387
QM9-gap-40k,GLOSS(4:2:2),53,18,0.5048,100.0,0.8834788799285889,1.1508336714983396
QM9-gap-40k,GLOSS(4:2:2),53,19,0.5048,100.0,0.8769440650939941,1.1477292123761256
QM9-gap-40k,GLOSS(6:1:1),53,-1,0.2064,35.5229040622299,0.0,0.0
QM9-gap-40k,GLOSS(6:1:1),53,0,0.3075,57.36819360414865,0.8962180614471436,0.5113443442345835
QM9-gap-40k,GLOSS(6:1:1),53,1,0.3371,63.76404494382022,0.8073818683624268,0.7684982054051404
QM9-gap-40k,GLOSS(6:1:1),53,2,0.3548,67.5885911840968,0.7337641716003418,0.9384386140093286
QM9-gap-40k,GLOSS(6:1:1),53,3,0.4802,94.68452895419188,0.7321131229400635,0.9707762473134731
QM9-gap-40k,GLOSS(6:1:1),53,4,0.4802,94.68452895419188,0.7155399322509766,1.0479467389731865
QM9-gap-40k,GLOSS(6:1:1),53,5,0.4802,94.68452895419188,0.759620189666748,1.074501301258989
QM9-gap-40k,GLOSS(6:1:1),53,6,0.4802,94.68452895419188,0.7403371334075928,1.0671671811439751
QM9-gap-40k,GLOSS(6:1:1),53,7,0.5048,100.0,0.7643630504608154,1.0865624540840177
QM9-gap-40k,GLOSS(6:1:1),53,8,0.5048,100.0,0.783599853515625,1.1609823742028789
QM9-gap-40k,GLOSS(6:1:1),53,9,0.5048,100.0,0.78767991065979,1.1855900724762334
QM9-gap-40k,GLOSS(6:1:1),53,10,0.5048,100.0,0.8043568134307861,1.1660164540094666
QM9-gap-40k,GLOSS(6:1:1),53,11,0.5048,100.0,0.8566031455993652,1.175951960155652
QM9-gap-40k,GLOSS(6:1:1),53,12,0.5048,100.0,0.8008770942687988,1.164276494343779
QM9-gap-40k,GLOSS(6:1:1),53,13,0.5048,100.0,0.8688740730285645,1.1406931131992093
QM9-gap-40k,GLOSS(6:1:1),53,14,0.5048,100.0,0.843825101852417,1.1304020243861324
QM9-gap-40k,GLOSS(6:1:1),53,15,0.5048,100.0,0.8257262706756592,1.129112078252422
QM9-gap-40k,GLOSS(6:1:1),53,16,0.5048,100.0,0.8675110340118408,1.1276582523766039
QM9-gap-40k,GLOSS(6:1:1),53,17,0.5048,100.0,0.8559648990631104,1.1326555577528001
QM9-gap-40k,GLOSS(6:1:1),53,18,0.5048,100.0,0.8869922161102295,1.1281560815298737
QM9-gap-40k,GLOSS(6:1:1),53,19,0.5048,100.0,0.8802728652954102,1.116615280762719
QM9-gap-40k,GLOSS(2:3:3),59,-1,0.2081,35.89023336214347,0.0,0.0
QM9-gap-40k,GLOSS(2:3:3),59,0,0.2774,50.86430423509074,0.7787997722625732,0.5555064743547143
QM9-gap-40k,GLOSS(2:3:3),59,1,0.3347,63.245462402765774,0.8468320369720459,0.8249098925687958
QM9-gap-40k,GLOSS(2:3:3),59,2,0.3824,73.55229040622298,0.7803030014038086,1.0277335017912743
QM9-gap-40k,GLOSS(2:3:3),59,3,0.3891,75.0,0.7558181285858154,1.088350240038933
QM9-gap-40k,GLOSS(2:3:3),59,4,0.4802,94.68452895419188,0.7441298961639404,1.1327093439468985
QM9-gap-40k,GLOSS(2:3:3),59,5,0.4802,94.68452895419188,0.7730517387390137,1.1562958485988541
QM9-gap-40k,GLOSS(2:3:3),59,6,0.5048,100.0,0.7767951488494873,1.2215377403656364
QM9-gap-40k,GLOSS(2:3:3),59,7,0.5048,100.0,0.752871036529541,1.2610669844330196
QM9-gap-40k,GLOSS(2:3:3),59,8,0.5048,100.0,0.8175842761993408,1.232369163758245
QM9-gap-40k,GLOSS(2:3:3),59,9,0.5048,100.0,0.7854609489440918,1.240274922405777
QM9-gap-40k,GLOSS(2:3:3),59,10,0.5048,100.0,0.8186070919036865,1.2225729185112735
QM9-gap-40k,GLOSS(2:3:3),59,11,0.5048,100.0,0.8535370826721191,1.2159238867668516
QM9-gap-40k,GLOSS(2:3:3),59,12,0.5048,100.0,0.8181648254394531,1.2352221377437487
QM9-gap-40k,GLOSS(2:3:3),59,13,0.5048,100.0,0.8231451511383057,1.235045585429446
QM9-gap-40k,GLOSS(2:3:3),59,14,0.5048,100.0,0.8746201992034912,1.2336854905611465
QM9-gap-40k,GLOSS(2:3:3),59,15,0.5048,100.0,0.8716249465942383,1.2338605680465526
QM9-gap-40k,GLOSS(2:3:3),59,16,0.5048,100.0,0.8962869644165039,1.226126328260925
QM9-gap-40k,GLOSS(2:3:3),59,17,0.5048,100.0,0.9068319797515869,1.2185833292091517
QM9-gap-40k,GLOSS(2:3:3),59,18,0.5048,100.0,0.8965189456939697,1.2172416645233763
QM9-gap-40k,GLOSS(2:3:3),59,19,0.5048,100.0,0.9234480857849121,1.2114029492872012
QM9-gap-40k,GLOSS(4:2:2),59,-1,0.2081,35.89023336214347,0.0,0.0
QM9-gap-40k,GLOSS(4:2:2),59,0,0.3054,56.91443388072601,0.7795200347900391,0.599416892313001
QM9-gap-40k,GLOSS(4:2:2),59,1,0.338,63.958513396715645,0.8075821399688721,0.8303309205925588
QM9-gap-40k,GLOSS(4:2:2),59,2,0.338,63.958513396715645,0.7805676460266113,0.8677001577365624
QM9-gap-40k,GLOSS(4:2:2),59,3,0.3511,66.78910976663785,0.797558069229126,0.8590839691375687
QM9-gap-40k,GLOSS(4:2:2),59,4,0.3824,73.55229040622298,0.7446069717407227,0.9832570221097879
QM9-gap-40k,GLOSS(4:2:2),59,5,0.3824,73.55229040622298,0.8015809059143066,1.0211149698662205
QM9-gap-40k,GLOSS(4:2:2),59,6,0.4465,87.40276577355229,0.8024499416351318,1.0578737793045834
QM9-gap-40k,GLOSS(4:2:2),59,7,0.4802,94.68452895419188,0.7801682949066162,1.0561047758150643
QM9-gap-40k,GLOSS(4:2:2),59,8,0.4802,94.68452895419188,0.8033699989318848,1.0930396616528837
QM9-gap-40k,GLOSS(4:2:2),59,9,0.5048,100.0,0.9028708934783936,1.1823986126115065
QM9-gap-40k,GLOSS(4:2:2),59,10,0.5048,100.0,0.8423149585723877,1.1640362304354304
QM9-gap-40k,GLOSS(4:2:2),59,11,0.5048,100.0,0.845372200012207,1.2067512335751407
QM9-gap-40k,GLOSS(4:2:2),59,12,0.5048,100.0,0.8494689464569092,1.1924344317836268
QM9-gap-40k,GLOSS(4:2:2),59,13,0.5048,100.0,0.8666059970855713,1.201131089396911
QM9-gap-40k,GLOSS(4:2:2),59,14,0.5048,100.0,0.8765621185302734,1.1967535678681376
QM9-gap-40k,GLOSS(4:2:2),59,15,0.5048,100.0,0.8789818286895752,1.1883255063989107
QM9-gap-40k,GLOSS(4:2:2),59,16,0.5048,100.0,0.8714249134063721,1.1766143655102053
QM9-gap-40k,GLOSS(4:2:2),59,17,0.5048,100.0,0.9176740646362305,1.1654529242919895
QM9-gap-40k,GLOSS(4:2:2),59,18,0.5048,100.0,0.8954911231994629,1.1559484890337548
QM9-gap-40k,GLOSS(4:2:2),59,19,0.5048,100.0,0.8863730430603027,1.1507601929151168
QM9-gap-40k,GLOSS(6:1:1),59,-1,0.2081,35.89023336214347,0.0,0.0
QM9-gap-40k,GLOSS(6:1:1),59,0,0.3054,56.91443388072601,0.7870657444000244,0.5474977137337327
QM9-gap-40k,GLOSS(6:1:1),59,1,0.3247,61.08470181503889,0.8682880401611328,0.754869259932092
QM9-gap-40k,GLOSS(6:1:1),59,2,0.3345,63.20224719101124,0.812157154083252,0.7403860940337171
QM9-gap-40k,GLOSS(6:1:1),59,3,0.3345,63.20224719101124,0.8548538684844971,0.7321607765531849
QM9-gap-40k,GLOSS(6:1:1),59,4,0.3403,64.45548833189282,0.8532581329345703,0.748203859708968
QM9-gap-40k,GLOSS(6:1:1),59,5,0.3588,68.45289541918756,0.8393542766571045,0.7613520543748193
QM9-gap-40k,GLOSS(6:1:1),59,6,0.3882,74.80553154710458,0.8741598129272461,0.8462346940618097
QM9-gap-40k,GLOSS(6:1:1),59,7,0.5048,100.0,0.8330919742584229,0.9973518530816565
QM9-gap-40k,GLOSS(6:1:1),59,8,0.5048,100.0,0.8149828910827637,1.00624005683818
QM9-gap-40k,GLOSS(6:1:1),59,9,0.5048,100.0,0.8378419876098633,1.0374058768938326
QM9-gap-40k,GLOSS(6:1:1),59,10,0.5048,100.0,0.8356227874755859,1.0689149571913497
QM9-gap-40k,GLOSS(6:1:1),59,11,0.5048,100.0,0.8387079238891602,1.1054144352921822
QM9-gap-40k,GLOSS(6:1:1),59,12,0.5048,100.0,0.8707160949707031,1.0948847652936013
QM9-gap-40k,GLOSS(6:1:1),59,13,0.5048,100.0,0.892122745513916,1.086458193555965
QM9-gap-40k,GLOSS(6:1:1),59,14,0.5048,100.0,0.8627710342407227,1.0787167171884824
QM9-gap-40k,GLOSS(6:1:1),59,15,0.5048,100.0,0.8877828121185303,1.1083267447843297
QM9-gap-40k,GLOSS(6:1:1),59,16,0.5048,100.0,0.9226279258728027,1.1062448861162144
QM9-gap-40k,GLOSS(6:1:1),59,17,0.5048,100.0,0.9105818271636963,1.1344893126137154
QM9-gap-40k,GLOSS(6:1:1),59,18,0.5048,100.0,0.9564111232757568,1.1400773359224468
QM9-gap-40k,GLOSS(6:1:1),59,19,0.5048,100.0,0.9647140502929688,1.1324787678418509
QM9-gap-40k,GLOSS(2:3:3),61,-1,0.2096,36.214347450302505,0.0,0.0
QM9-gap-40k,GLOSS(2:3:3),61,0,0.3194,59.93949870354365,0.7937209606170654,0.6714342060186221
QM9-gap-40k,GLOSS(2:3:3),61,1,0.3613,68.99308556611928,0.7715981006622314,0.6970256051309959
QM9-gap-40k,GLOSS(2:3:3),61,2,0.5048,100.0,0.781754732131958,1.0189999618361274
QM9-gap-40k,GLOSS(2:3:3),61,3,0.5048,100.0,0.7484526634216309,1.1880052214766146
QM9-gap-40k,GLOSS(2:3:3),61,4,0.5048,100.0,0.7325282096862793,1.2146054549144332
QM9-gap-40k,GLOSS(2:3:3),61,5,0.5048,100.0,0.8169589042663574,1.1907420883549287
QM9-gap-40k,GLOSS(2:3:3),61,6,0.5048,100.0,0.8166930675506592,1.1754427787899537
QM9-gap-40k,GLOSS(2:3:3),61,7,0.5048,100.0,0.831671953201294,1.1781417662431128
QM9-gap-40k,GLOSS(2:3:3),61,8,0.5048,100.0,0.7905800342559814,1.1950108628907512
QM9-gap-40k,GLOSS(2:3:3),61,9,0.5048,100.0,0.7971620559692383,1.197942549032242
QM9-gap-40k,GLOSS(2:3:3),61,10,0.5048,100.0,0.8202481269836426,1.2197894489200756
QM9-gap-40k,GLOSS(2:3:3),61,11,0.5048,100.0,0.8384389877319336,1.2112116013785847
QM9-gap-40k,GLOSS(2:3:3),61,12,0.5048,100.0,0.8363471031188965,1.2058614625239563
QM9-gap-40k,GLOSS(2:3:3),61,13,0.5048,100.0,0.8220720291137695,1.216203953569733
QM9-gap-40k,GLOSS(2:3:3),61,14,0.5048,100.0,0.8584520816802979,1.2249375571506564
QM9-gap-40k,GLOSS(2:3:3),61,15,0.5048,100.0,0.8520970344543457,1.2224948729870182
QM9-gap-40k,GLOSS(2:3:3),61,16,0.5048,100.0,0.8802790641784668,1.2210535588264138
QM9-gap-40k,GLOSS(2:3:3),61,17,0.5048,100.0,0.8939070701599121,1.2198796944399555
QM9-gap-40k,GLOSS(2:3:3),61,18,0.5048,100.0,0.9065680503845215,1.2206044494119974
QM9-gap-40k,GLOSS(2:3:3),61,19,0.5048,100.0,0.9156222343444824,1.2311689308053775
QM9-gap-40k,GLOSS(4:2:2),61,-1,0.2096,36.214347450302505,0.0,0.0
QM9-gap-40k,GLOSS(4:2:2),61,0,0.3194,59.93949870354365,0.8146758079528809,0.6687541443728632
QM9-gap-40k,GLOSS(4:2:2),61,1,0.3578,68.23681936041487,0.8165073394775391,0.7665293407283624
QM9-gap-40k,GLOSS(4:2:2),61,2,0.5048,100.0,0.7981579303741455,1.012778933177353
QM9-gap-40k,GLOSS(4:2:2),61,3,0.5048,100.0,0.7500851154327393,1.2147848966243562
QM9-gap-40k,GLOSS(4:2:2),61,4,0.5048,100.0,0.7786500453948975,1.24725457121218
QM9-gap-40k,GLOSS(4:2:2),61,5,0.5048,100.0,0.7815947532653809,1.2408464129168169
QM9-gap-40k,GLOSS(4:2:2),61,6,0.5048,100.0,0.7844018936157227,1.2211126742387062
QM9-gap-40k,GLOSS(4:2:2),61,7,0.5048,100.0,0.8077318668365479,1.203205658766748
QM9-gap-40k,GLOSS(4:2:2),61,8,0.5048,100.0,0.8063969612121582,1.1834316197545143
QM9-gap-40k,GLOSS(4:2:2),61,9,0.5048,100.0,0.7891550064086914,1.199590384676895
QM9-gap-40k,GLOSS(4:2:2),61,10,0.5048,100.0,0.8158001899719238,1.225040412725734
QM9-gap-40k,GLOSS(4:2:2),61,11,0.5048,100.0,0.8330512046813965,1.2096280559114077
QM9-gap-40k,GLOSS(4:2:2),61,12,0.5048,100.0,0.8278570175170898,1.2086801907517537
QM9-gap-40k,GLOSS(4:2:2),61,13,0.5048,100.0,0.8803749084472656,1.2048657892864583
QM9-gap-40k,GLOSS(4:2:2),61,14,0.5048,100.0,0.8876359462738037,1.1877644500627746
QM9-gap-40k,GLOSS(4:2:2),61,15,0.5048,100.0,0.868319034576416,1.175579029585468
QM9-gap-40k,GLOSS(4:2:2),61,16,0.5048,100.0,0.9034502506256104,1.16606755595295
QM9-gap-40k,GLOSS(4:2:2),61,17,0.5048,100.0,0.8698549270629883,1.1735977778035387
QM9-gap-40k,GLOSS(4:2:2),61,18,0.5048,100.0,0.9118890762329102,1.1795390667027255
QM9-gap-40k,GLOSS(4:2:2),61,19,0.5048,100.0,0.8965151309967041,1.180197633031536
QM9-gap-40k,GLOSS(6:1:1),61,-1,0.2096,36.214347450302505,0.0,0.0
QM9-gap-40k,GLOSS(6:1:1),61,0,0.3194,59.93949870354365,0.8409407138824463,0.6599439413829326
QM9-gap-40k,GLOSS(6:1:1),61,1,0.3279,61.7761452031115,0.8041679859161377,0.8071770697024204
QM9-gap-40k,GLOSS(6:1:1),61,2,0.3506,66.68107173725151,0.867222785949707,0.8082932754546299
QM9-gap-40k,GLOSS(6:1:1),61,3,0.3675,70.33275713050993,0.8602120876312256,0.7711523332435759
QM9-gap-40k,GLOSS(6:1:1),61,4,0.3801,73.0553154710458,0.8233287334442139,0.769223702831559
QM9-gap-40k,GLOSS(6:1:1),61,5,0.3801,73.0553154710458,0.8288257122039795,0.7449249525595201
QM9-gap-40k,GLOSS(6:1:1),61,6,0.4465,87.40276577355229,0.7669589519500732,0.8107192043488294
QM9-gap-40k,GLOSS(6:1:1),61,7,0.4802,94.68452895419188,0.7971470355987549,0.8846033449195161
QM9-gap-40k,GLOSS(6:1:1),61,8,0.4802,94.68452895419188,0.8253309726715088,0.9448449449931927
QM9-gap-40k,GLOSS(6:1:1),61,9,0.4802,94.68452895419188,0.8030800819396973,0.9718263060517555
QM9-gap-40k,GLOSS(6:1:1),61,10,0.4802,94.68452895419188,0.8004839420318604,1.002562332498477
QM9-gap-40k,GLOSS(6:1:1),61,11,0.4802,94.68452895419188,0.8620810508728027,1.01057317942835
QM9-gap-40k,GLOSS(6:1:1),61,12,0.4802,94.68452895419188,0.8297910690307617,1.0145969804920494
QM9-gap-40k,GLOSS(6:1:1),61,13,0.5048,100.0,0.8597991466522217,1.0361323831291098
QM9-gap-40k,GLOSS(6:1:1),61,14,0.5048,100.0,0.8734028339385986,1.0958765488740672
QM9-gap-40k,GLOSS(6:1:1),61,15,0.5048,100.0,0.9110479354858398,1.1104995371963968
QM9-gap-40k,GLOSS(6:1:1),61,16,0.5048,100.0,0.89375901222229,1.1198946456471037
QM9-gap-40k,GLOSS(6:1:1),61,17,0.5048,100.0,0.929732084274292,1.1192726090431013
QM9-gap-40k,GLOSS(6:1:1),61,18,0.5048,100.0,0.9240326881408691,1.1297984545408284
QM9-gap-40k,GLOSS(6:1:1),61,19,0.5048,100.0,0.9507901668548584,1.1212679259427811
QM9-gap-40k,GLOSS(2:3:3),67,-1,0.2068,35.60933448573898,0.0,0.0
QM9-gap-40k,GLOSS(2:3:3),67,0,0.3331,62.89974070872947,0.7372028827667236,0.815805987515183
QM9-gap-40k,GLOSS(2:3:3),67,1,0.3363,63.59118409680207,0.82322096824646,0.904921520798701
QM9-gap-40k,GLOSS(2:3:3),67,2,0.3399,64.36905790838374,0.7645139694213867,1.05034097686107
QM9-gap-40k,GLOSS(2:3:3),67,3,0.3824,73.55229040622298,0.732450008392334,1.0236318319823934
QM9-gap-40k,GLOSS(2:3:3),67,4,0.5048,100.0,0.7622771263122559,1.1343080462363784
QM9-gap-40k,GLOSS(2:3:3),67,5,0.5048,100.0,0.7760531902313232,1.192432412004952
QM9-gap-40k,GLOSS(2:3:3),67,6,0.5048,100.0,0.7478699684143066,1.2016992575089807
QM9-gap-40k,GLOSS(2:3:3),67,7,0.5048,100.0,0.7582919597625732,1.1829886103791754
QM9-gap-40k,GLOSS(2:3:3),67,8,0.5048,100.0,0.7905158996582031,1.1724834591552205
QM9-gap-40k,GLOSS(2:3:3),67,9,0.5048,100.0,0.7888357639312744,1.2100187541074543
QM9-gap-40k,GLOSS(2:3:3),67,10,0.5048,100.0,0.7727038860321045,1.222009900288476
QM9-gap-40k,GLOSS(2:3:3),67,11,0.5048,100.0,0.8039801120758057,1.2133964259117043
QM9-gap-40k,GLOSS(2:3:3),67,12,0.5048,100.0,0.8221650123596191,1.2036368595963665
QM9-gap-40k,GLOSS(2:3:3),67,13,0.5048,100.0,0.8087978363037109,1.2127228005142892
QM9-gap-40k,GLOSS(2:3:3),67,14,0.5048,100.0,0.8516130447387695,1.2089805621739382
QM9-gap-40k,GLOSS(2:3:3),67,15,0.5048,100.0,0.878328800201416,1.210228416153937
QM9-gap-40k,GLOSS(2:3:3),67,16,0.5048,100.0,0.8670008182525635,1.2128626643338127
QM9-gap-40k,GLOSS(2:3:3),67,17,0.5048,100.0,0.8604390621185303,1.2007489838045553
QM9-gap-40k,GLOSS(2:3:3),67,18,0.5048,100.0,0.9156029224395752,1.1982505678710174
QM9-gap-40k,GLOSS(2:3:3),67,19,0.5048,100.0,0.9152169227600098,1.2017789000109718
QM9-gap-40k,GLOSS(4:2:2),67,-1,0.2068,35.60933448573898,0.0,0.0
QM9-gap-40k,GLOSS(4:2:2),67,0,0.3259,61.34399308556612,0.7724883556365967,0.8129420335768138
QM9-gap-40k,GLOSS(4:2:2),67,1,0.5048,100.0,0.755742073059082,1.0042041409662448
QM9-gap-40k,GLOSS(4:2:2),67,2,0.5048,100.0,0.7323741912841797,1.2256725007761857
QM9-gap-40k,GLOSS(4:2:2),67,3,0.5048,100.0,0.7402653694152832,1.3006515586851994
QM9-gap-40k,GLOSS(4:2:2),67,4,0.5048,100.0,0.7208948135375977,1.2837528537638112
QM9-gap-40k,GLOSS(4:2:2),67,5,0.5048,100.0,0.8669381141662598,1.2642041795037378
QM9-gap-40k,GLOSS(4:2:2),67,6,0.5048,100.0,0.7542521953582764,1.242578273258209
QM9-gap-40k,GLOSS(4:2:2),67,7,0.5048,100.0,0.7667746543884277,1.2083999914433905
QM9-gap-40k,GLOSS(4:2:2),67,8,0.5048,100.0,0.773618221282959,1.203385179668777
QM9-gap-40k,GLOSS(4:2:2),67,9,0.5048,100.0,0.8023910522460938,1.2210747781256865
QM9-gap-40k,GLOSS(4:2:2),67,10,0.5048,100.0,0.8017861843109131,1.223788139816655
QM9-gap-40k,GLOSS(4:2:2),67,11,0.5048,100.0,0.8224403858184814,1.2421640538203151
QM9-gap-40k,GLOSS(4:2:2),67,12,0.5048,100.0,0.8260061740875244,1.2196324054207797
QM9-gap-40k,GLOSS(4:2:2),67,13,0.5048,100.0,0.8421399593353271,1.198652269369086
QM9-gap-40k,GLOSS(4:2:2),67,14,0.5048,100.0,0.8431549072265625,1.195373160114134
QM9-gap-40k,GLOSS(4:2:2),67,15,0.5048,100.0,0.8616530895233154,1.189991866430435
QM9-gap-40k,GLOSS(4:2:2),67,16,0.5048,100.0,0.9050259590148926,1.1863451971225485
QM9-gap-40k,GLOSS(4:2:2),67,17,0.5048,100.0,0.8708159923553467,1.1808163306359698
QM9-gap-40k,GLOSS(4:2:2),67,18,0.5048,100.0,0.8910930156707764,1.177998581571839
QM9-gap-40k,GLOSS(4:2:2),67,19,0.5048,100.0,0.9251410961151123,1.1679205511419148
QM9-gap-40k,GLOSS(6:1:1),67,-1,0.2068,35.60933448573898,0.0,0.0
QM9-gap-40k,GLOSS(6:1:1),67,0,0.3302,62.273120138288675,0.7405829429626465,0.9007527284264105
QM9-gap-40k,GLOSS(6:1:1),67,1,0.5048,100.0,0.745136022567749,1.0948485643045927
QM9-gap-40k,GLOSS(6:1:1),67,2,0.5048,100.0,0.7342000007629395,1.3441315534921767
QM9-gap-40k,GLOSS(6:1:1),67,3,0.5048,100.0,0.780214786529541,1.3497049654924593
QM9-gap-40k,GLOSS(6:1:1),67,4,0.5048,100.0,0.7367010116577148,1.2748020642889846
QM9-gap-40k,GLOSS(6:1:1),67,5,0.5048,100.0,0.746783971786499,1.2216100219881034
QM9-gap-40k,GLOSS(6:1:1),67,6,0.5048,100.0,0.759253978729248,1.2846251398952582
QM9-gap-40k,GLOSS(6:1:1),67,7,0.5048,100.0,0.7679429054260254,1.2657867752474266
QM9-gap-40k,GLOSS(6:1:1),67,8,0.5048,100.0,0.7657930850982666,1.2440494816764325
QM9-gap-40k,GLOSS(6:1:1),67,9,0.5048,100.0,0.7869119644165039,1.2073811541200963
QM9-gap-40k,GLOSS(6:1:1),67,10,0.5048,100.0,0.7908248901367188,1.2115051406122135
QM9-gap-40k,GLOSS(6:1:1),67,11,0.5048,100.0,0.7700059413909912,1.1892199830204893
QM9-gap-40k,GLOSS(6:1:1),67,12,0.5048,100.0,0.8365809917449951,1.1824568110706448
QM9-gap-40k,GLOSS(6:1:1),67,13,0.5048,100.0,0.851898193359375,1.158446917945668
QM9-gap-40k,GLOSS(6:1:1),67,14,0.5048,100.0,0.8610820770263672,1.1312383932818286
QM9-gap-40k,GLOSS(6:1:1),67,15,0.5048,100.0,0.8737809658050537,1.113409703782642
QM9-gap-40k,GLOSS(6:1:1),67,16,0.5048,100.0,0.8293380737304688,1.100411810264768
QM9-gap-40k,GLOSS(6:1:1),67,17,0.5048,100.0,0.8363137245178223,1.0870711188994657
QM9-gap-40k,GLOSS(6:1:1),67,18,0.5048,100.0,0.8552939891815186,1.0830493409428517
QM9-gap-40k,GLOSS(6:1:1),67,19,0.5048,100.0,0.8757040500640869,1.0724857792565345
QM9-gap-45k,GLOSS(2:3:3),47,-1,0.2066,35.566119273984434,0.0,0.0
QM9-gap-45k,GLOSS(2:3:3),47,0,0.3083,57.541054451166815,0.8192958831787109,0.5854641807280901
QM9-gap-45k,GLOSS(2:3:3),47,1,0.3197,60.004321521175456,0.8379080295562744,0.7565505620612918
QM9-gap-45k,GLOSS(2:3:3),47,2,0.3242,60.97666378565254,0.8251621723175049,0.8882310708224993
QM9-gap-45k,GLOSS(2:3:3),47,3,0.3824,73.55229040622298,0.845207929611206,1.085622027103731
QM9-gap-45k,GLOSS(2:3:3),47,4,0.3824,73.55229040622298,0.8239367008209229,1.1690890748386817
QM9-gap-45k,GLOSS(2:3:3),47,5,0.3824,73.55229040622298,0.8260691165924072,1.1897256332581583
QM9-gap-45k,GLOSS(2:3:3),47,6,0.5048,100.0,0.8341169357299805,1.2647666673724127
QM9-gap-45k,GLOSS(2:3:3),47,7,0.5048,100.0,0.8556571006774902,1.2731959090716494
QM9-gap-45k,GLOSS(2:3:3),47,8,0.5048,100.0,0.8323729038238525,1.2639754046900729
QM9-gap-45k,GLOSS(2:3:3),47,9,0.5048,100.0,0.8720188140869141,1.3047306724992198
QM9-gap-45k,GLOSS(2:3:3),47,10,0.5048,100.0,0.8448748588562012,1.320801435881093
QM9-gap-45k,GLOSS(2:3:3),47,11,0.5048,100.0,0.8683741092681885,1.353368213326373
QM9-gap-45k,GLOSS(2:3:3),47,12,0.5048,100.0,0.8848888874053955,1.347530425311686
QM9-gap-45k,GLOSS(2:3:3),47,13,0.5048,100.0,0.9138689041137695,1.3449106216977575
QM9-gap-45k,GLOSS(2:3:3),47,14,0.5048,100.0,0.8973479270935059,1.3493030698734514
QM9-gap-45k,GLOSS(2:3:3),47,15,0.5048,100.0,0.9426751136779785,1.3368485700328911
QM9-gap-45k,GLOSS(2:3:3),47,16,0.5048,100.0,0.9306249618530273,1.3326950209072077
QM9-gap-45k,GLOSS(2:3:3),47,17,0.5048,100.0,0.9336800575256348,1.3298530459429472
QM9-gap-45k,GLOSS(2:3:3),47,18,0.5048,100.0,0.9951140880584717,1.3244700455780627
QM9-gap-45k,GLOSS(2:3:3),47,19,0.5048,100.0,0.989311933517456,1.3350118264994502
QM9-gap-45k,GLOSS(4:2:2),47,-1,0.2066,35.566119273984434,0.0,0.0
QM9-gap-45k,GLOSS(4:2:2),47,0,0.3083,57.541054451166815,0.832909107208252,0.5447499579079056
QM9-gap-45k,GLOSS(4:2:2),47,1,0.3083,57.541054451166815,0.8006861209869385,0.8263322682997877
QM9-gap-45k,GLOSS(4:2:2),47,2,0.3312,62.48919619706136,0.8198151588439941,0.7987144699079146
QM9-gap-45k,GLOSS(4:2:2),47,3,0.3422,64.86603284356093,0.8092441558837891,0.9443429432296139
QM9-gap-45k,GLOSS(4:2:2),47,4,0.3427,64.97407087294728,0.7798347473144531,0.9902526539587266
QM9-gap-45k,GLOSS(4:2:2),47,5,0.3548,67.5885911840968,0.8229150772094727,1.0296624009182225
QM9-gap-45k,GLOSS(4:2:2),47,6,0.4802,94.68452895419188,0.9080579280853271,1.04306710892277
QM9-gap-45k,GLOSS(4:2:2),47,7,0.4802,94.68452895419188,0.8942251205444336,1.0627407741720951
QM9-gap-45k,GLOSS(4:2:2),47,8,0.5048,100.0,0.8990058898925781,1.1227697594597803
QM9-gap-45k,GLOSS(4:2:2),47,9,0.5048,100.0,0.8695459365844727,1.1189230143736901
QM9-gap-45k,GLOSS(4:2:2),47,10,0.5048,100.0,0.8708949089050293,1.1417519317305145
QM9-gap-45k,GLOSS(4:2:2),47,11,0.5048,100.0,0.8673319816589355,1.1518676716978347
QM9-gap-45k,GLOSS(4:2:2),47,12,0.5048,100.0,0.8989760875701904,1.1865347831426
QM9-gap-45k,GLOSS(4:2:2),47,13,0.5048,100.0,0.9205842018127441,1.2168368621828591
QM9-gap-45k,GLOSS(4:2:2),47,14,0.5048,100.0,0.9523749351501465,1.2411726109261167
QM9-gap-45k,GLOSS(4:2:2),47,15,0.5048,100.0,0.9303171634674072,1.2261242248259725
QM9-gap-45k,GLOSS(4:2:2),47,16,0.5048,100.0,0.9561741352081299,1.211498623522156
QM9-gap-45k,GLOSS(4:2:2),47,17,0.5048,100.0,0.9601149559020996,1.2012361785248404
QM9-gap-45k,GLOSS(4:2:2),47,18,0.5048,100.0,1.0043818950653076,1.191307660518318
QM9-gap-45k,GLOSS(4:2:2),47,19,0.5048,100.0,1.0164401531219482,1.1803692390558436
QM9-gap-45k,GLOSS(6:1:1),47,-1,0.2066,35.566119273984434,0.0,0.0
QM9-gap-45k,GLOSS(6:1:1),47,0,0.3083,57.541054451166815,0.8940718173980713,0.3429764083806313
QM9-gap-45k,GLOSS(6:1:1),47,1,0.3388,64.13137424373379,0.8627510070800781,0.796946662598988
QM9-gap-45k,GLOSS(6:1:1),47,2,0.3582,68.32324978392394,0.8547759056091309,1.0530926551898234
QM9-gap-45k,GLOSS(6:1:1),47,3,0.3752,71.99654278305962,0.7954120635986328,1.0373260967874542
QM9-gap-45k,GLOSS(6:1:1),47,4,0.3882,74.80553154710458,0.8431496620178223,1.045690123100066
QM9-gap-45k,GLOSS(6:1:1),47,5,0.5048,100.0,0.9853010177612305,1.0950466547348892
QM9-gap-45k,GLOSS(6:1:1),47,6,0.5048,100.0,0.8464040756225586,1.0899035728133324
QM9-gap-45k,GLOSS(6:1:1),47,7,0.5048,100.0,0.8639218807220459,1.1039833679244955
QM9-gap-45k,GLOSS(6:1:1),47,8,0.5048,100.0,0.835176944732666,1.1541108901195
QM9-gap-45k,GLOSS(6:1:1),47,9,0.5048,100.0,0.8577537536621094,1.1366067639127195
QM9-gap-45k,GLOSS(6:1:1),47,10,0.5048,100.0,0.8914120197296143,1.1211731319697256
QM9-gap-45k,GLOSS(6:1:1),47,11,0.5048,100.0,0.8847029209136963,1.1184723317063872
QM9-gap-45k,GLOSS(6:1:1),47,12,0.5048,100.0,0.8773157596588135,1.1152316773036217
QM9-gap-45k,GLOSS(6:1:1),47,13,0.5048,100.0,0.8902630805969238,1.1119159853228786
QM9-gap-45k,GLOSS(6:1:1),47,14,0.5048,100.0,0.9071409702301025,1.1050591714845295
QM9-gap-45k,GLOSS(6:1:1),47,15,0.5048,100.0,0.9578602313995361,1.1301849754558786
QM9-gap-45k,GLOSS(6:1:1),47,16,0.5048,100.0,0.9412312507629395,1.134190181475205
QM9-gap-45k,GLOSS(6:1:1),47,17,0.5048,100.0,0.9478390216827393,1.1933659833127996
QM9-gap-45k,GLOSS(6:1:1),47,18,0.5048,100.0,0.9760949611663818,1.22868357710649
QM9-gap-45k,GLOSS(6:1:1),47,19,0.5048,100.0,0.9989330768585205,1.222325828333598
QM9-gap-45k,GLOSS(2:3:3),53,-1,0.2077,35.80380293863439,0.0,0.0
QM9-gap-45k,GLOSS(2:3:3),53,0,0.2423,43.2800345721694,0.7322843074798584,0.7350597480547778
QM9-gap-45k,GLOSS(2:3:3),53,1,0.2478,44.46845289541918,0.749086856842041,0.7787700352957112
QM9-gap-45k,GLOSS(2:3:3),53,2,0.2664,48.48746758859118,0.7452640533447266,0.7416948482977482
QM9-gap-45k,GLOSS(2:3:3),53,3,0.329,62.013828867761454,0.7762408256530762,0.9141660306831103
QM9-gap-45k,GLOSS(2:3:3),53,4,0.5048,100.0,0.7557933330535889,1.259201458129478
QM9-gap-45k,GLOSS(2:3:3),53,5,0.5048,100.0,0.7774012088775635,1.4905989110190712
QM9-gap-45k,GLOSS(2:3:3),53,6,0.5048,100.0,0.7889337539672852,1.5667546674037862
QM9-gap-45k,GLOSS(2:3:3),53,7,0.5048,100.0,0.8163328170776367,1.5804816537154807
QM9-gap-45k,GLOSS(2:3:3),53,8,0.5048,100.0,0.8165991306304932,1.567632328639958
QM9-gap-45k,GLOSS(2:3:3),53,9,0.5048,100.0,0.8414568901062012,1.5587638299564197
QM9-gap-45k,GLOSS(2:3:3),53,10,0.5048,100.0,0.8526577949523926,1.5460881419991919
QM9-gap-45k,GLOSS(2:3:3),53,11,0.5048,100.0,0.8715767860412598,1.5352979648361649
QM9-gap-45k,GLOSS(2:3:3),53,12,0.5048,100.0,0.8805837631225586,1.5108951140928981
QM9-gap-45k,GLOSS(2:3:3),53,13,0.5048,100.0,0.9068343639373779,1.4890674884335935
QM9-gap-45k,GLOSS(2:3:3),53,14,0.5048,100.0,0.9315540790557861,1.487799602560261
QM9-gap-45k,GLOSS(2:3:3),53,15,0.5048,100.0,0.9472360610961914,1.4741329730923696
QM9-gap-45k,GLOSS(2:3:3),53,16,0.5048,100.0,0.9253742694854736,1.4651085987351946
QM9-gap-45k,GLOSS(2:3:3),53,17,0.5048,100.0,0.9449741840362549,1.453108072633216
QM9-gap-45k,GLOSS(2:3:3),53,18,0.5048,100.0,1.0096042156219482,1.4432306131702293
QM9-gap-45k,GLOSS(2:3:3),53,19,0.5048,100.0,0.9915201663970947,1.440398716690168
QM9-gap-45k,GLOSS(4:2:2),53,-1,0.2077,35.80380293863439,0.0,0.0
QM9-gap-45k,GLOSS(4:2:2),53,0,0.2423,43.2800345721694,0.7242140769958496,0.688007338665439
QM9-gap-45k,GLOSS(4:2:2),53,1,0.2426,43.344857389801206,0.7341272830963135,0.8275208966125434
QM9-gap-45k,GLOSS(4:2:2),53,2,0.2482,44.554883318928255,0.737703800201416,0.7780545292464018
QM9-gap-45k,GLOSS(4:2:2),53,3,0.3249,61.12791702679343,0.7842192649841309,0.8439187641005271
QM9-gap-45k,GLOSS(4:2:2),53,4,0.3249,61.12791702679343,0.776533842086792,1.0007000405083488
QM9-gap-45k,GLOSS(4:2:2),53,5,0.462,90.75194468452895,0.817939043045044,1.1035017727529146
QM9-gap-45k,GLOSS(4:2:2),53,6,0.462,90.75194468452895,0.8060600757598877,1.3308747250890955
QM9-gap-45k,GLOSS(4:2:2),53,7,0.4802,94.68452895419188,0.8183910846710205,1.4106789971616143
QM9-gap-45k,GLOSS(4:2:2),53,8,0.5048,100.0,0.8650541305541992,1.502889825172359
QM9-gap-45k,GLOSS(4:2:2),53,9,0.5048,100.0,0.8563172817230225,1.5649401230571665
QM9-gap-45k,GLOSS(4:2:2),53,10,0.5048,100.0,0.9032859802246094,1.546290460776088
QM9-gap-45k,GLOSS(4:2:2),53,11,0.5048,100.0,0.885897159576416,1.5299068560465297
QM9-gap-45k,GLOSS(4:2:2),53,12,0.5048,100.0,0.8998448848724365,1.548045285162696
QM9-gap-45k,GLOSS(4:2:2),53,13,0.5048,100.0,0.9461112022399902,1.553268232500445
QM9-gap-45k,GLOSS(4:2:2),53,14,0.5048,100.0,0.9246342182159424,1.5463129981689065
QM9-gap-45k,GLOSS(4:2:2),53,15,0.5048,100.0,0.9538130760192871,1.532531523847477
QM9-gap-45k,GLOSS(4:2:2),53,16,0.5048,100.0,0.9618349075317383,1.5219172838182267
QM9-gap-45k,GLOSS(4:2:2),53,17,0.5048,100.0,0.9870431423187256,1.500940439570265
QM9-gap-45k,GLOSS(4:2:2),53,18,0.5048,100.0,1.17159104347229,1.4829669788676498
QM9-gap-45k,GLOSS(4:2:2),53,19,0.5048,100.0,1.0062568187713623,1.4690423694200945
QM9-gap-45k,GLOSS(6:1:1),53,-1,0.2077,35.80380293863439,0.0,0.0
QM9-gap-45k,GLOSS(6:1:1),53,0,0.2573,46.52117545375971,0.7436020374298096,0.4648927149404087
QM9-gap-45k,GLOSS(6:1:1),53,1,0.2672,48.66032843560932,0.7386631965637207,0.7347420431071187
QM9-gap-45k,GLOSS(6:1:1),53,2,0.2672,48.66032843560932,0.8156900405883789,0.7506705071880677
QM9-gap-45k,GLOSS(6:1:1),53,3,0.3796,72.94727744165947,0.8031589984893799,1.0059638840389522
QM9-gap-45k,GLOSS(6:1:1),53,4,0.5048,100.0,0.7795982360839844,1.263271912155267
QM9-gap-45k,GLOSS(6:1:1),53,5,0.5048,100.0,0.7755331993103027,1.420966402268564
QM9-gap-45k,GLOSS(6:1:1),53,6,0.5048,100.0,0.8043389320373535,1.5084541857475222
QM9-gap-45k,GLOSS(6:1:1),53,7,0.5048,100.0,0.8036880493164062,1.5349080076596122
QM9-gap-45k,GLOSS(6:1:1),53,8,0.5048,100.0,0.8288779258728027,1.5428320854459163
QM9-gap-45k,GLOSS(6:1:1),53,9,0.5048,100.0,0.83744215965271,1.5216725215687348
QM9-gap-45k,GLOSS(6:1:1),53,10,0.5048,100.0,0.9186770915985107,1.502772548259777
QM9-gap-45k,GLOSS(6:1:1),53,11,0.5048,100.0,0.8951759338378906,1.477151996503593
QM9-gap-45k,GLOSS(6:1:1),53,12,0.5048,100.0,0.879342794418335,1.4615882178262316
QM9-gap-45k,GLOSS(6:1:1),53,13,0.5048,100.0,0.8974840641021729,1.448324012897088
QM9-gap-45k,GLOSS(6:1:1),53,14,0.5048,100.0,0.9001679420471191,1.4447496568648763
QM9-gap-45k,GLOSS(6:1:1),53,15,0.5048,100.0,0.9570181369781494,1.4180764308461729
QM9-gap-45k,GLOSS(6:1:1),53,16,0.5048,100.0,0.9769141674041748,1.4121044297128307
QM9-gap-45k,GLOSS(6:1:1),53,17,0.5048,100.0,0.9931750297546387,1.3987133020376348
QM9-gap-45k,GLOSS(6:1:1),53,18,0.5048,100.0,0.9975249767303467,1.3880272481996165
QM9-gap-45k,GLOSS(6:1:1),53,19,0.5048,100.0,1.0199000835418701,1.3955111550860313
QM9-gap-45k,GLOSS(2:3:3),59,-1,0.2082,35.911840968020734,0.0,0.0
QM9-gap-45k,GLOSS(2:3:3),59,0,0.3205,60.177182368193606,1.036712884902954,0.6473179640276797
QM9-gap-45k,GLOSS(2:3:3),59,1,0.353,67.19965427830596,0.9617588520050049,0.7780366602584246
QM9-gap-45k,GLOSS(2:3:3),59,2,0.3824,73.55229040622298,0.9495360851287842,0.9447196363049409
QM9-gap-45k,GLOSS(2:3:3),59,3,0.4051,78.45721694036301,0.8630969524383545,0.9735302236767276
QM9-gap-45k,GLOSS(2:3:3),59,4,0.4063,78.71650821089023,0.8713033199310303,0.9270813084534723
QM9-gap-45k,GLOSS(2:3:3),59,5,0.4128,80.1210025929127,0.8668038845062256,0.9263362544653643
QM9-gap-45k,GLOSS(2:3:3),59,6,0.4465,87.40276577355229,0.8558690547943115,0.9219999227764126
QM9-gap-45k,GLOSS(2:3:3),59,7,0.5048,100.0,0.8681862354278564,1.0171372511298957
QM9-gap-45k,GLOSS(2:3:3),59,8,0.5048,100.0,0.8800759315490723,1.0622797305243648
QM9-gap-45k,GLOSS(2:3:3),59,9,0.5048,100.0,0.8876159191131592,1.0743189596922775
QM9-gap-45k,GLOSS(2:3:3),59,10,0.5048,100.0,0.9144308567047119,1.0551217198859808
QM9-gap-45k,GLOSS(2:3:3),59,11,0.5048,100.0,0.9258499145507812,1.0510680817463487
QM9-gap-45k,GLOSS(2:3:3),59,12,0.5048,100.0,0.9085299968719482,1.0584450414383537
QM9-gap-45k,GLOSS(2:3:3),59,13,0.5048,100.0,0.9116318225860596,1.0705108998575554
QM9-gap-45k,GLOSS(2:3:3),59,14,0.5048,100.0,0.9270329475402832,1.0718483775358867
QM9-gap-45k,GLOSS(2:3:3),59,15,0.5048,100.0,0.9210338592529297,1.0721521832685972
QM9-gap-45k,GLOSS(2:3:3),59,16,0.5048,100.0,0.9492988586425781,1.0805062292052854
QM9-gap-45k,GLOSS(2:3:3),59,17,0.5048,100.0,0.9491820335388184,1.0913319056074444
QM9-gap-45k,GLOSS(2:3:3),59,18,0.5048,100.0,1.0074400901794434,1.114412909609602
QM9-gap-45k,GLOSS(2:3:3),59,19,0.5048,100.0,1.0102899074554443,1.1196588371000789
QM9-gap-45k,GLOSS(4:2:2),59,-1,0.2082,35.911840968020734,0.0,0.0
QM9-gap-45k,GLOSS(4:2:2),59,0,0.3205,60.177182368193606,0.9398369789123535,0.6145753861841345
QM9-gap-45k,GLOSS(4:2:2),59,1,0.4128,80.1210025929127,0.9494259357452393,0.9298852485195775
QM9-gap-45k,GLOSS(4:2:2),59,2,0.4802,94.68452895419188,0.8251199722290039,1.0297551873683493
QM9-gap-45k,GLOSS(4:2:2),59,3,0.4802,94.68452895419188,0.7912571430206299,1.2307225323961415
QM9-gap-45k,GLOSS(4:2:2),59,4,0.4802,94.68452895419188,0.8376531600952148,1.198638004003846
QM9-gap-45k,GLOSS(4:2:2),59,5,0.4802,94.68452895419188,0.8314361572265625,1.186328750381872
QM9-gap-45k,GLOSS(4:2:2),59,6,0.5048,100.0,0.8548767566680908,1.2068251933932028
QM9-gap-45k,GLOSS(4:2:2),59,7,0.5048,100.0,0.8271839618682861,1.2084330305940805
QM9-gap-45k,GLOSS(4:2:2),59,8,0.5048,100.0,0.8646228313446045,1.2007523781176634
QM9-gap-45k,GLOSS(4:2:2),59,9,0.5048,100.0,0.8669428825378418,1.1794886157479687
QM9-gap-45k,GLOSS(4:2:2),59,10,0.5048,100.0,0.9062912464141846,1.1734359828021763
QM9-gap-45k,GLOSS(4:2:2),59,11,0.5048,100.0,0.9083881378173828,1.1914223878483963
QM9-gap-45k,GLOSS(4:2:2),59,12,0.5048,100.0,0.9201068878173828,1.1961791288069488
QM9-gap-45k,GLOSS(4:2:2),59,13,0.5048,100.0,0.9567830562591553,1.1790439102144534
QM9-gap-45k,GLOSS(4:2:2),59,14,0.5048,100.0,0.9440732002258301,1.1743282037745246
QM9-gap-45k,GLOSS(4:2:2),59,15,0.5048,100.0,0.9364931583404541,1.174838871113685
QM9-gap-45k,GLOSS(4:2:2),59,16,0.5048,100.0,0.9407918453216553,1.163758009399437
QM9-gap-45k,GLOSS(4:2:2),59,17,0.5048,100.0,0.968066930770874,1.1685432134974147
QM9-gap-45k,GLOSS(4:2:2),59,18,0.5048,100.0,0.9977421760559082,1.1774969622699816
QM9-gap-45k,GLOSS(4:2:2),59,19,0.5048,100.0,0.992377758026123,1.1722141535348591
QM9-gap-45k,GLOSS(6:1:1),59,-1,0.2082,35.911840968020734,0.0,0.0
QM9-gap-45k,GLOSS(6:1:1),59,0,0.256,46.240276577355225,0.9513599872589111,0.4029217802702885
QM9-gap-45k,GLOSS(6:1:1),59,1,0.2842,52.33362143474503,0.8502311706542969,0.8092257412391963
QM9-gap-45k,GLOSS(6:1:1),59,2,0.3149,58.96715643906655,0.8834080696105957,0.9309096101871288
QM9-gap-45k,GLOSS(6:1:1),59,3,0.5048,100.0,0.87034010887146,1.2052488685743759
QM9-gap-45k,GLOSS(6:1:1),59,4,0.5048,100.0,0.8388087749481201,1.3465550318091388
QM9-gap-45k,GLOSS(6:1:1),59,5,0.5048,100.0,0.8429510593414307,1.4253582016121973
QM9-gap-45k,GLOSS(6:1:1),59,6,0.5048,100.0,0.839728832244873,1.4087015915011005
QM9-gap-45k,GLOSS(6:1:1),59,7,0.5048,100.0,0.8246607780456543,1.4457674892072505
QM9-gap-45k,GLOSS(6:1:1),59,8,0.5048,100.0,0.86313796043396,1.429952081053753
QM9-gap-45k,GLOSS(6:1:1),59,9,0.5048,100.0,0.8976280689239502,1.4048146277008717
QM9-gap-45k,GLOSS(6:1:1),59,10,0.5048,100.0,0.9056389331817627,1.3867595135548596
QM9-gap-45k,GLOSS(6:1:1),59,11,0.5048,100.0,0.8911890983581543,1.3692289512289155
QM9-gap-45k,GLOSS(6:1:1),59,12,0.5048,100.0,0.9030382633209229,1.3499514608823913
QM9-gap-45k,GLOSS(6:1:1),59,13,0.5048,100.0,0.9373528957366943,1.3386881818016252
QM9-gap-45k,GLOSS(6:1:1),59,14,0.5048,100.0,0.9872071743011475,1.3233805732380481
QM9-gap-45k,GLOSS(6:1:1),59,15,0.5048,100.0,0.9730300903320312,1.3180114819946167
QM9-gap-45k,GLOSS(6:1:1),59,16,0.5048,100.0,0.9846241474151611,1.3205338426997268
QM9-gap-45k,GLOSS(6:1:1),59,17,0.5048,100.0,0.9654579162597656,1.3269058695073304
QM9-gap-45k,GLOSS(6:1:1),59,18,0.5048,100.0,0.9860737323760986,1.3171734860066693
QM9-gap-45k,GLOSS(6:1:1),59,19,0.5048,100.0,1.007112979888916,1.2981894292653433
QM9-gap-45k,GLOSS(2:3:3),61,-1,0.2051,35.242005185825406,0.0,0.0
QM9-gap-45k,GLOSS(2:3:3),61,0,0.2494,44.81417458945548,0.8667519092559814,0.7047535207205399
QM9-gap-45k,GLOSS(2:3:3),61,1,0.2494,44.81417458945548,0.929436206817627,0.5820433819727704
QM9-gap-45k,GLOSS(2:3:3),61,2,0.2833,52.1391529818496,0.9807858467102051,0.5904043195974409
QM9-gap-45k,GLOSS(2:3:3),61,3,0.3057,56.97925669835783,0.9626762866973877,0.7649312146368129
QM9-gap-45k,GLOSS(2:3:3),61,4,0.3192,59.896283491789106,0.9159998893737793,0.9122015658777611
QM9-gap-45k,GLOSS(2:3:3),61,5,0.3246,61.063094209161626,0.8915131092071533,0.9828783737236135
QM9-gap-45k,GLOSS(2:3:3),61,6,0.342,64.8228176318064,0.8950462341308594,1.0217028408641975
QM9-gap-45k,GLOSS(2:3:3),61,7,0.3752,71.99654278305962,0.8532719612121582,1.0611233392308204
QM9-gap-45k,GLOSS(2:3:3),61,8,0.5048,100.0,0.8730359077453613,1.1646410276594044
QM9-gap-45k,GLOSS(2:3:3),61,9,0.5048,100.0,0.8991150856018066,1.1733271997959211
QM9-gap-45k,GLOSS(2:3:3),61,10,0.5048,100.0,0.9222829341888428,1.1750748786716498
QM9-gap-45k,GLOSS(2:3:3),61,11,0.5048,100.0,0.9400980472564697,1.1847310475485522
QM9-gap-45k,GLOSS(2:3:3),61,12,0.5048,100.0,0.9248142242431641,1.1982989775042947
QM9-gap-45k,GLOSS(2:3:3),61,13,0.5048,100.0,0.9513180255889893,1.202516426945665
QM9-gap-45k,GLOSS(2:3:3),61,14,0.5048,100.0,0.9575109481811523,1.2317677724682965
QM9-gap-45k,GLOSS(2:3:3),61,15,0.5048,100.0,0.9805560111999512,1.2366636291907986
QM9-gap-45k,GLOSS(2:3:3),61,16,0.5048,100.0,0.9636530876159668,1.2442462002259895
QM9-gap-45k,GLOSS(2:3:3),61,17,0.5048,100.0,0.9656848907470703,1.2442866294002894
QM9-gap-45k,GLOSS(2:3:3),61,18,0.5048,100.0,0.9920477867126465,1.2467023938937045
QM9-gap-45k,GLOSS(2:3:3),61,19,0.5048,100.0,0.9984860420227051,1.2557696017726472
QM9-gap-45k,GLOSS(4:2:2),61,-1,0.2051,35.242005185825406,0.0,0.0
QM9-gap-45k,GLOSS(4:2:2),61,0,0.2494,44.81417458945548,0.8253729343414307,0.673093919796482
QM9-gap-45k,GLOSS(4:2:2),61,1,0.3734,71.6076058772688,0.8426849842071533,0.7960343962984834
QM9-gap-45k,GLOSS(4:2:2),61,2,0.3891,75.0,0.8176300525665283,1.0232681403507686
QM9-gap-45k,GLOSS(4:2:2),61,3,0.3891,75.0,0.8225250244140625,1.049881979067958
QM9-gap-45k,GLOSS(4:2:2),61,4,0.5048,100.0,0.7960598468780518,1.1487988821974326
QM9-gap-45k,GLOSS(4:2:2),61,5,0.5048,100.0,0.8443329334259033,1.1506225368951208
QM9-gap-45k,GLOSS(4:2:2),61,6,0.5048,100.0,0.8201718330383301,1.1542638127936622
QM9-gap-45k,GLOSS(4:2:2),61,7,0.5048,100.0,0.8519909381866455,1.1860593547075062
QM9-gap-45k,GLOSS(4:2:2),61,8,0.5048,100.0,0.9035260677337646,1.2426004714223384
QM9-gap-45k,GLOSS(4:2:2),61,9,0.5048,100.0,0.901055097579956,1.2395074110096072
QM9-gap-45k,GLOSS(4:2:2),61,10,0.5048,100.0,0.902705192565918,1.2233537267793784
QM9-gap-45k,GLOSS(4:2:2),61,11,0.5048,100.0,0.9210941791534424,1.2074896325558269
QM9-gap-45k,GLOSS(4:2:2),61,12,0.5048,100.0,0.9330432415008545,1.227777752769759
QM9-gap-45k,GLOSS(4:2:2),61,13,0.5048,100.0,0.9225471019744873,1.2159290622919916
QM9-gap-45k,GLOSS(4:2:2),61,14,0.5048,100.0,0.9178712368011475,1.211501771481218
QM9-gap-45k,GLOSS(4:2:2),61,15,0.5048,100.0,0.9085409641265869,1.199244073483574
QM9-gap-45k,GLOSS(4:2:2),61,16,0.5048,100.0,0.9579288959503174,1.2000771825278649
QM9-gap-45k,GLOSS(4:2:2),61,17,0.5048,100.0,0.9608383178710938,1.1934391012912808
QM9-gap-45k,GLOSS(4:2:2),61,18,0.5048,100.0,0.9840788841247559,1.1813544168860757
QM9-gap-45k,GLOSS(4:2:2),61,19,0.5048,100.0,0.9896509647369385,1.1718666849284782
QM9-gap-45k,GLOSS(6:1:1),61,-1,0.2051,35.242005185825406,0.0,0.0
QM9-gap-45k,GLOSS(6:1:1),61,0,0.2494,44.81417458945548,0.8826208114624023,0.5415503869824765
QM9-gap-45k,GLOSS(6:1:1),61,1,0.297,55.09939498703543,1.0126581192016602,0.5728450131360545
QM9-gap-45k,GLOSS(6:1:1),61,2,0.3378,63.9152981849611,0.9463422298431396,0.8373113622755805
QM9-gap-45k,GLOSS(6:1:1),61,3,0.3482,66.16248919619706,0.8811640739440918,1.0209416260723256
QM9-gap-45k,GLOSS(6:1:1),61,4,0.3482,66.16248919619706,0.915571928024292,0.9958775729174171
QM9-gap-45k,GLOSS(6:1:1),61,5,0.3482,66.16248919619706,0.9261319637298584,1.0036029787141876
QM9-gap-45k,GLOSS(6:1:1),61,6,0.3602,68.75540190146931,0.8631589412689209,1.0032611890561107
QM9-gap-45k,GLOSS(6:1:1),61,7,0.3752,71.99654278305962,0.9003520011901855,1.0153019289991527
QM9-gap-45k,GLOSS(6:1:1),61,8,0.3882,74.80553154710458,0.877410888671875,1.0653386834724017
QM9-gap-45k,GLOSS(6:1:1),61,9,0.5048,100.0,0.8774459362030029,1.096380053661729
QM9-gap-45k,GLOSS(6:1:1),61,10,0.5048,100.0,0.90743088722229,1.1336111775831752
QM9-gap-45k,GLOSS(6:1:1),61,11,0.5048,100.0,0.9091331958770752,1.1310044697972041
QM9-gap-45k,GLOSS(6:1:1),61,12,0.5048,100.0,0.9106109142303467,1.143860668897372
QM9-gap-45k,GLOSS(6:1:1),61,13,0.5048,100.0,0.9466109275817871,1.14435939087606
QM9-gap-45k,GLOSS(6:1:1),61,14,0.5048,100.0,0.934852123260498,1.1225438456744254
QM9-gap-45k,GLOSS(6:1:1),61,15,0.5048,100.0,0.9430460929870605,1.1325579358904418
QM9-gap-45k,GLOSS(6:1:1),61,16,0.5048,100.0,0.9497480392456055,1.1530000326990812
QM9-gap-45k,GLOSS(6:1:1),61,17,0.5048,100.0,0.9756369590759277,1.1595917117495298
QM9-gap-45k,GLOSS(6:1:1),61,18,0.5048,100.0,0.9829249382019043,1.1521601787678486
QM9-gap-45k,GLOSS(6:1:1),61,19,0.5048,100.0,0.9807648658752441,1.182381988870824
QM9-gap-45k,GLOSS(2:3:3),67,-1,0.2028,34.74503025064822,0.0,0.0
QM9-gap-45k,GLOSS(2:3:3),67,0,0.2929,54.21348314606741,0.814521074295044,0.6433132677686395
QM9-gap-45k,GLOSS(2:3:3),67,1,0.5048,100.0,0.7473390102386475,1.2677842577480694
QM9-gap-45k,GLOSS(2:3:3),67,2,0.5048,100.0,0.7461118698120117,1.2288259522604215
QM9-gap-45k,GLOSS(2:3:3),67,3,0.5048,100.0,0.8213069438934326,1.3140640134343817
QM9-gap-45k,GLOSS(2:3:3),67,4,0.5048,100.0,0.8092770576477051,1.340877512558827
QM9-gap-45k,GLOSS(2:3:3),67,5,0.5048,100.0,0.7777450084686279,1.3560046909789314
QM9-gap-45k,GLOSS(2:3:3),67,6,0.5048,100.0,0.8150200843811035,1.3407787302323466
QM9-gap-45k,GLOSS(2:3:3),67,7,0.5048,100.0,0.8087632656097412,1.3411775040948137
QM9-gap-45k,GLOSS(2:3:3),67,8,0.5048,100.0,0.8365879058837891,1.3373945395415834
QM9-gap-45k,GLOSS(2:3:3),67,9,0.5048,100.0,0.857781171798706,1.3043203166433346
QM9-gap-45k,GLOSS(2:3:3),67,10,0.5048,100.0,0.88059401512146,1.293589198215934
QM9-gap-45k,GLOSS(2:3:3),67,11,0.5048,100.0,0.8463430404663086,1.2958574476848697
QM9-gap-45k,GLOSS(2:3:3),67,12,0.5048,100.0,0.9833939075469971,1.2866921797718958
QM9-gap-45k,GLOSS(2:3:3),67,13,0.5048,100.0,0.8762869834899902,1.2706646887777948
QM9-gap-45k,GLOSS(2:3:3),67,14,0.5048,100.0,0.9194023609161377,1.267755688681423
QM9-gap-45k,GLOSS(2:3:3),67,15,0.5048,100.0,0.9120819568634033,1.2680712599072155
QM9-gap-45k,GLOSS(2:3:3),67,16,0.5048,100.0,0.9130101203918457,1.2647230865958308
QM9-gap-45k,GLOSS(2:3:3),67,17,0.5048,100.0,0.9556443691253662,1.2697504179447359
QM9-gap-45k,GLOSS(2:3:3),67,18,0.5048,100.0,0.9559922218322754,1.2614691433689316
QM9-gap-45k,GLOSS(2:3:3),67,19,0.5048,100.0,0.9464070796966553,1.2592398258752615
QM9-gap-45k,GLOSS(4:2:2),67,-1,0.2028,34.74503025064822,0.0,0.0
QM9-gap-45k,GLOSS(4:2:2),67,0,0.2929,54.21348314606741,0.8053991794586182,0.5275053674512253
QM9-gap-45k,GLOSS(4:2:2),67,1,0.5048,100.0,0.7633469104766846,0.9067356127151293
QM9-gap-45k,GLOSS(4:2:2),67,2,0.5048,100.0,0.7833089828491211,1.1155420100277862
QM9-gap-45k,GLOSS(4:2:2),67,3,0.5048,100.0,0.7534279823303223,1.1485306453206572
QM9-gap-45k,GLOSS(4:2:2),67,4,0.5048,100.0,0.7757079601287842,1.2118120634881504
QM9-gap-45k,GLOSS(4:2:2),67,5,0.5048,100.0,0.7772800922393799,1.272846601709162
QM9-gap-45k,GLOSS(4:2:2),67,6,0.5048,100.0,0.7725260257720947,1.269942505555721
QM9-gap-45k,GLOSS(4:2:2),67,7,0.5048,100.0,0.7679600715637207,1.262588249995387
QM9-gap-45k,GLOSS(4:2:2),67,8,0.5048,100.0,0.80926513671875,1.2627438780740496
QM9-gap-45k,GLOSS(4:2:2),67,9,0.5048,100.0,0.8163399696350098,1.2601848577966475
QM9-gap-45k,GLOSS(4:2:2),67,10,0.5048,100.0,0.8689026832580566,1.2502875993142444
QM9-gap-45k,GLOSS(4:2:2),67,11,0.5048,100.0,0.8803482055664062,1.2467556604824108
QM9-gap-45k,GLOSS(4:2:2),67,12,0.5048,100.0,0.9203250408172607,1.2265880073656976
QM9-gap-45k,GLOSS(4:2:2),67,13,0.5048,100.0,0.9265100955963135,1.213582160055207
QM9-gap-45k,GLOSS(4:2:2),67,14,0.5048,100.0,0.9423601627349854,1.2071755771057122
QM9-gap-45k,GLOSS(4:2:2),67,15,0.5048,100.0,0.9335370063781738,1.2021320720086974
QM9-gap-45k,GLOSS(4:2:2),67,16,0.5048,100.0,0.9610602855682373,1.1877681450685118
QM9-gap-45k,GLOSS(4:2:2),67,17,0.5048,100.0,0.9459738731384277,1.1741302662743647
QM9-gap-45k,GLOSS(4:2:2),67,18,0.5048,100.0,0.97068190574646,1.1630736812278235
QM9-gap-45k,GLOSS(4:2:2),67,19,0.5048,100.0,0.9725518226623535,1.1671008522567485
QM9-gap-45k,GLOSS(6:1:1),67,-1,0.2028,34.74503025064822,0.0,0.0
QM9-gap-45k,GLOSS(6:1:1),67,0,0.2852,52.54969749351771,0.8413166999816895,0.38911768408125397
QM9-gap-45k,GLOSS(6:1:1),67,1,0.3369,63.720829732065674,0.7935171127319336,0.8307843690330504
QM9-gap-45k,GLOSS(6:1:1),67,2,0.3441,65.27657735522904,0.7455999851226807,1.0339964603115637
QM9-gap-45k,GLOSS(6:1:1),67,3,0.3891,75.0,0.7498159408569336,1.0102997108188005
QM9-gap-45k,GLOSS(6:1:1),67,4,0.3891,75.0,0.7812070846557617,1.0328135939115137
QM9-gap-45k,GLOSS(6:1:1),67,5,0.3922,75.66983578219532,0.8192276954650879,1.0398321270819757
QM9-gap-45k,GLOSS(6:1:1),67,6,0.5048,100.0,0.8333837985992432,1.083401904589986
QM9-gap-45k,GLOSS(6:1:1),67,7,0.5048,100.0,0.8702471256256104,1.1696311204741476
QM9-gap-45k,GLOSS(6:1:1),67,8,0.5048,100.0,0.9049909114837646,1.139598681002704
QM9-gap-45k,GLOSS(6:1:1),67,9,0.5048,100.0,0.8552939891815186,1.1186705706262503
QM9-gap-45k,GLOSS(6:1:1),67,10,0.5048,100.0,0.9407570362091064,1.1118185299054368
QM9-gap-45k,GLOSS(6:1:1),67,11,0.5048,100.0,0.9101121425628662,1.1466044170705678
QM9-gap-45k,GLOSS(6:1:1),67,12,0.5048,100.0,0.9363460540771484,1.1388037153767372
QM9-gap-45k,GLOSS(6:1:1),67,13,0.5048,100.0,0.906029224395752,1.1543508405243612
QM9-gap-45k,GLOSS(6:1:1),67,14,0.5048,100.0,0.9277610778808594,1.1538944022125202
QM9-gap-45k,GLOSS(6:1:1),67,15,0.5048,100.0,0.9492008686065674,1.164458144303229
QM9-gap-45k,GLOSS(6:1:1),67,16,0.5048,100.0,0.9616811275482178,1.1617526208934883
QM9-gap-45k,GLOSS(6:1:1),67,17,0.5048,100.0,0.9680559635162354,1.1703438667422454
QM9-gap-45k,GLOSS(6:1:1),67,18,0.5048,100.0,0.9689409732818604,1.1841253718696416
QM9-gap-45k,GLOSS(6:1:1),67,19,0.5048,100.0,0.9977750778198242,1.1733212806693976
QM9-gap-50k,GLOSS(2:3:3),47,-1,0.2089,36.06309420916162,0.0,0.0
QM9-gap-50k,GLOSS(2:3:3),47,0,0.2539,45.78651685393258,0.98130202293396,0.48036816898789025
QM9-gap-50k,GLOSS(2:3:3),47,1,0.3525,67.09161624891962,0.9100170135498047,0.8005418103166954
QM9-gap-50k,GLOSS(2:3:3),47,2,0.3824,73.55229040622298,0.8921949863433838,0.8375229418429381
QM9-gap-50k,GLOSS(2:3:3),47,3,0.3824,73.55229040622298,0.8965368270874023,0.8385242605024592
QM9-gap-50k,GLOSS(2:3:3),47,4,0.3824,73.55229040622298,0.9075391292572021,0.8668725633025142
QM9-gap-50k,GLOSS(2:3:3),47,5,0.3824,73.55229040622298,0.9233012199401855,0.8563320598223031
QM9-gap-50k,GLOSS(2:3:3),47,6,0.3824,73.55229040622298,0.9024810791015625,0.8649400177403891
QM9-gap-50k,GLOSS(2:3:3),47,7,0.3824,73.55229040622298,0.9370121955871582,0.8643567102957199
QM9-gap-50k,GLOSS(2:3:3),47,8,0.4128,80.1210025929127,0.9512450695037842,0.8932405844038892
QM9-gap-50k,GLOSS(2:3:3),47,9,0.5048,100.0,0.9308850765228271,0.9677089206322982
QM9-gap-50k,GLOSS(2:3:3),47,10,0.5048,100.0,0.9602391719818115,1.0207901783260198
QM9-gap-50k,GLOSS(2:3:3),47,11,0.5048,100.0,0.961637020111084,1.0608745356975156
QM9-gap-50k,GLOSS(2:3:3),47,12,0.5048,100.0,1.0057079792022705,1.0819463368785451
QM9-gap-50k,GLOSS(2:3:3),47,13,0.5048,100.0,0.9901301860809326,1.0825137277499028
QM9-gap-50k,GLOSS(2:3:3),47,14,0.5048,100.0,1.0294036865234375,1.0745742587545375
QM9-gap-50k,GLOSS(2:3:3),47,15,0.5048,100.0,1.0661578178405762,1.1000034488572208
QM9-gap-50k,GLOSS(2:3:3),47,16,0.5048,100.0,1.0480527877807617,1.1247927658405066
QM9-gap-50k,GLOSS(2:3:3),47,17,0.5048,100.0,1.062288761138916,1.131432759902466
QM9-gap-50k,GLOSS(2:3:3),47,18,0.5048,100.0,1.0817818641662598,1.142850237927379
QM9-gap-50k,GLOSS(2:3:3),47,19,0.5048,100.0,1.11285400390625,1.1423859008084605
QM9-gap-50k,GLOSS(4:2:2),47,-1,0.2089,36.06309420916162,0.0,0.0
QM9-gap-50k,GLOSS(4:2:2),47,0,0.2539,45.78651685393258,1.0590977668762207,0.5079488331339415
QM9-gap-50k,GLOSS(4:2:2),47,1,0.3824,73.55229040622298,1.0083661079406738,0.6495692446455661
QM9-gap-50k,GLOSS(4:2:2),47,2,0.3824,73.55229040622298,0.8894410133361816,0.9376951213209681
QM9-gap-50k,GLOSS(4:2:2),47,3,0.4128,80.1210025929127,0.90553879737854,0.943351921397538
QM9-gap-50k,GLOSS(4:2:2),47,4,0.418,81.24459809853067,0.8887960910797119,0.954682728843449
QM9-gap-50k,GLOSS(4:2:2),47,5,0.462,90.75194468452895,0.9226799011230469,0.9743546621972714
QM9-gap-50k,GLOSS(4:2:2),47,6,0.4802,94.68452895419188,0.9486038684844971,0.9847707456662609
QM9-gap-50k,GLOSS(4:2:2),47,7,0.5048,100.0,0.9775230884552002,1.1392623107840125
QM9-gap-50k,GLOSS(4:2:2),47,8,0.5048,100.0,0.9570159912109375,1.229683699493324
QM9-gap-50k,GLOSS(4:2:2),47,9,0.5048,100.0,0.9913418292999268,1.208909158341308
QM9-gap-50k,GLOSS(4:2:2),47,10,0.5048,100.0,1.0055968761444092,1.1933173103152421
QM9-gap-50k,GLOSS(4:2:2),47,11,0.5048,100.0,0.992811918258667,1.1892570332248242
QM9-gap-50k,GLOSS(4:2:2),47,12,0.5048,100.0,1.0439798831939697,1.191505283223497
QM9-gap-50k,GLOSS(4:2:2),47,13,0.5048,100.0,1.1048579216003418,1.1986717959343387
QM9-gap-50k,GLOSS(4:2:2),47,14,0.5048,100.0,1.1157588958740234,1.2206947105634387
QM9-gap-50k,GLOSS(4:2:2),47,15,0.5048,100.0,1.0757298469543457,1.2190247915682906
QM9-gap-50k,GLOSS(4:2:2),47,16,0.5048,100.0,1.048475742340088,1.208593769483383
QM9-gap-50k,GLOSS(4:2:2),47,17,0.5048,100.0,1.073084831237793,1.2050107145434998
QM9-gap-50k,GLOSS(4:2:2),47,18,0.5048,100.0,1.0587670803070068,1.2224160585057695
QM9-gap-50k,GLOSS(4:2:2),47,19,0.5048,100.0,1.0841059684753418,1.2089495973632174
QM9-gap-50k,GLOSS(6:1:1),47,-1,0.2089,36.06309420916162,0.0,0.0
QM9-gap-50k,GLOSS(6:1:1),47,0,0.2449,43.841832324978384,0.9674298763275146,0.3971846744679309
QM9-gap-50k,GLOSS(6:1:1),47,1,0.3056,56.957649092480544,1.0049982070922852,0.5697322051511946
QM9-gap-50k,GLOSS(6:1:1),47,2,0.4298,83.7942955920484,1.001852035522461,0.7006321381156821
QM9-gap-50k,GLOSS(6:1:1),47,3,0.4802,94.68452895419188,0.9174201488494873,0.9979564605605193
QM9-gap-50k,GLOSS(6:1:1),47,4,0.4802,94.68452895419188,0.9111828804016113,1.0114182716639375
QM9-gap-50k,GLOSS(6:1:1),47,5,0.5048,100.0,0.9443392753601074,1.1008248794503326
QM9-gap-50k,GLOSS(6:1:1),47,6,0.5048,100.0,0.9560389518737793,1.1993062981053444
QM9-gap-50k,GLOSS(6:1:1),47,7,0.5048,100.0,0.949038028717041,1.170464968414905
QM9-gap-50k,GLOSS(6:1:1),47,8,0.5048,100.0,0.9561767578125,1.1950005187713775
QM9-gap-50k,GLOSS(6:1:1),47,9,0.5048,100.0,1.0147781372070312,1.1723778869176829
QM9-gap-50k,GLOSS(6:1:1),47,10,0.5048,100.0,1.0135290622711182,1.1791080395151718
QM9-gap-50k,GLOSS(6:1:1),47,11,0.5048,100.0,0.9983429908752441,1.1712576773847123
QM9-gap-50k,GLOSS(6:1:1),47,12,0.5048,100.0,1.017091989517212,1.1642033885250467
QM9-gap-50k,GLOSS(6:1:1),47,13,0.5048,100.0,1.04166579246521,1.2025571461009896
QM9-gap-50k,GLOSS(6:1:1),47,14,0.5048,100.0,1.0480060577392578,1.1942690234482072
QM9-gap-50k,GLOSS(6:1:1),47,15,0.5048,100.0,1.0797228813171387,1.1770305327235349
QM9-gap-50k,GLOSS(6:1:1),47,16,0.5048,100.0,1.0997512340545654,1.173924186566003
QM9-gap-50k,GLOSS(6:1:1),47,17,0.5048,100.0,1.0884559154510498,1.1611707054053901
QM9-gap-50k,GLOSS(6:1:1),47,18,0.5048,100.0,1.124284267425537,1.1668298474466576
QM9-gap-50k,GLOSS(6:1:1),47,19,0.5048,100.0,1.1412630081176758,1.1620834463675416
QM9-gap-50k,GLOSS(2:3:3),53,-1,0.2063,35.501296456352634,0.0,0.0
QM9-gap-50k,GLOSS(2:3:3),53,0,0.258,46.672428694900596,0.8140919208526611,1.0429035199888073
QM9-gap-50k,GLOSS(2:3:3),53,1,0.3796,72.94727744165947,0.799731969833374,1.2942909803801805
QM9-gap-50k,GLOSS(2:3:3),53,2,0.5048,100.0,0.7989981174468994,1.4109902728495818
QM9-gap-50k,GLOSS(2:3:3),53,3,0.5048,100.0,0.8170690536499023,1.4476067812069462
QM9-gap-50k,GLOSS(2:3:3),53,4,0.5048,100.0,0.8597581386566162,1.4556187629414403
QM9-gap-50k,GLOSS(2:3:3),53,5,0.5048,100.0,0.9058749675750732,1.4427538957919142
QM9-gap-50k,GLOSS(2:3:3),53,6,0.5048,100.0,0.9366700649261475,1.419768229745588
QM9-gap-50k,GLOSS(2:3:3),53,7,0.5048,100.0,0.9087917804718018,1.3804712136600545
QM9-gap-50k,GLOSS(2:3:3),53,8,0.5048,100.0,0.9069089889526367,1.3912237538603227
QM9-gap-50k,GLOSS(2:3:3),53,9,0.5048,100.0,0.9152908325195312,1.3809393607676588
QM9-gap-50k,GLOSS(2:3:3),53,10,0.5048,100.0,0.9834771156311035,1.377614531883017
QM9-gap-50k,GLOSS(2:3:3),53,11,0.5048,100.0,0.9841830730438232,1.3542244114868074
QM9-gap-50k,GLOSS(2:3:3),53,12,0.5048,100.0,1.034578800201416,1.3387139421338414
QM9-gap-50k,GLOSS(2:3:3),53,13,0.5048,100.0,0.9915399551391602,1.3156554226670054
QM9-gap-50k,GLOSS(2:3:3),53,14,0.5048,100.0,1.0200302600860596,1.3059352870325096
QM9-gap-50k,GLOSS(2:3:3),53,15,0.5048,100.0,1.0436451435089111,1.2970374420663278
QM9-gap-50k,GLOSS(2:3:3),53,16,0.5048,100.0,1.0602169036865234,1.2952371974412846
QM9-gap-50k,GLOSS(2:3:3),53,17,0.5048,100.0,1.0774168968200684,1.2837939060325367
QM9-gap-50k,GLOSS(2:3:3),53,18,0.5048,100.0,1.1135039329528809,1.2737406450626014
QM9-gap-50k,GLOSS(2:3:3),53,19,0.5048,100.0,1.128962755203247,1.2627650279916312
QM9-gap-50k,GLOSS(4:2:2),53,-1,0.2063,35.501296456352634,0.0,0.0
QM9-gap-50k,GLOSS(4:2:2),53,0,0.2846,52.420051858254105,0.8378078937530518,1.1015176914570712
QM9-gap-50k,GLOSS(4:2:2),53,1,0.317,59.42091616248919,0.8734188079833984,1.0096043915239952
QM9-gap-50k,GLOSS(4:2:2),53,2,0.3392,64.21780466724287,0.9109270572662354,1.0648985642913247
QM9-gap-50k,GLOSS(4:2:2),53,3,0.3661,70.03025064822816,0.870419979095459,1.1473572340404004
QM9-gap-50k,GLOSS(4:2:2),53,4,0.3661,70.03025064822816,0.9971320629119873,1.1866831285504278
QM9-gap-50k,GLOSS(4:2:2),53,5,0.3882,74.80553154710458,0.9382967948913574,1.1930378177809002
QM9-gap-50k,GLOSS(4:2:2),53,6,0.4802,94.68452895419188,0.9268648624420166,1.2155966546797063
QM9-gap-50k,GLOSS(4:2:2),53,7,0.4802,94.68452895419188,0.9285356998443604,1.1996410840612288
QM9-gap-50k,GLOSS(4:2:2),53,8,0.5048,100.0,0.9254162311553955,1.2731641574844517
QM9-gap-50k,GLOSS(4:2:2),53,9,0.5048,100.0,0.9738438129425049,1.3035583950383256
QM9-gap-50k,GLOSS(4:2:2),53,10,0.5048,100.0,0.9795670509338379,1.29173706736476
QM9-gap-50k,GLOSS(4:2:2),53,11,0.5048,100.0,0.9943981170654297,1.2688189066070228
QM9-gap-50k,GLOSS(4:2:2),53,12,0.5048,100.0,1.0035922527313232,1.2560193110104079
QM9-gap-50k,GLOSS(4:2:2),53,13,0.5048,100.0,1.0241062641143799,1.2406301172676049
QM9-gap-50k,GLOSS(4:2:2),53,14,0.5048,100.0,1.043942928314209,1.215114535228962
QM9-gap-50k,GLOSS(4:2:2),53,15,0.5048,100.0,1.0311009883880615,1.2066700399167234
QM9-gap-50k,GLOSS(4:2:2),53,16,0.5048,100.0,1.0202670097351074,1.2031828182301436
QM9-gap-50k,GLOSS(4:2:2),53,17,0.5048,100.0,1.038923978805542,1.1872668678149387
QM9-gap-50k,GLOSS(4:2:2),53,18,0.5048,100.0,1.055023193359375,1.1945318708028914
QM9-gap-50k,GLOSS(4:2:2),53,19,0.5048,100.0,1.0737760066986084,1.1962412737748922
QM9-gap-50k,GLOSS(6:1:1),53,-1,0.2063,35.501296456352634,0.0,0.0
QM9-gap-50k,GLOSS(6:1:1),53,0,0.2846,52.420051858254105,0.8035080432891846,0.9539081955379902
QM9-gap-50k,GLOSS(6:1:1),53,1,0.3022,56.222990492653416,0.8452169895172119,0.9374989198820889
QM9-gap-50k,GLOSS(6:1:1),53,2,0.316,59.204840103716506,0.9672021865844727,0.8606339017255883
QM9-gap-50k,GLOSS(6:1:1),53,3,0.316,59.204840103716506,1.0469539165496826,0.8143595771411082
QM9-gap-50k,GLOSS(6:1:1),53,4,0.3637,69.51166810717373,1.121955156326294,0.8669033870115256
QM9-gap-50k,GLOSS(6:1:1),53,5,0.373,71.52117545375972,1.1417322158813477,0.8653143428985572
QM9-gap-50k,GLOSS(6:1:1),53,6,0.3737,71.67242869490059,1.051098108291626,0.8763652190712246
QM9-gap-50k,GLOSS(6:1:1),53,7,0.3737,71.67242869490059,1.0349876880645752,0.8692182101628281
QM9-gap-50k,GLOSS(6:1:1),53,8,0.3882,74.80553154710458,1.0293831825256348,0.874285482942859
QM9-gap-50k,GLOSS(6:1:1),53,9,0.4465,87.40276577355229,1.0258550643920898,0.9150629423783844
QM9-gap-50k,GLOSS(6:1:1),53,10,0.4802,94.68452895419188,1.0395162105560303,0.9560944928141605
QM9-gap-50k,GLOSS(6:1:1),53,11,0.4802,94.68452895419188,1.0492908954620361,0.9801078950109575
QM9-gap-50k,GLOSS(6:1:1),53,12,0.4802,94.68452895419188,1.08431077003479,0.9862487330178721
QM9-gap-50k,GLOSS(6:1:1),53,13,0.4802,94.68452895419188,1.0467331409454346,1.015839858403659
QM9-gap-50k,GLOSS(6:1:1),53,14,0.4802,94.68452895419188,1.0873539447784424,1.0234661016559554
QM9-gap-50k,GLOSS(6:1:1),53,15,0.5048,100.0,1.168977975845337,1.069484781228764
QM9-gap-50k,GLOSS(6:1:1),53,16,0.5048,100.0,1.0901978015899658,1.0840290734497808
QM9-gap-50k,GLOSS(6:1:1),53,17,0.5048,100.0,1.1125080585479736,1.0771195839614764
QM9-gap-50k,GLOSS(6:1:1),53,18,0.5048,100.0,1.1074509620666504,1.054803343735433
QM9-gap-50k,GLOSS(6:1:1),53,19,0.5048,100.0,1.1085801124572754,1.0491283371432725
QM9-gap-50k,GLOSS(2:3:3),59,-1,0.2056,35.35004321521175,0.0,0.0
QM9-gap-50k,GLOSS(2:3:3),59,0,0.2965,54.99135695764908,0.915363073348999,0.7468114482189703
QM9-gap-50k,GLOSS(2:3:3),59,1,0.3137,58.70786516853932,1.022974967956543,0.6714959251510467
QM9-gap-50k,GLOSS(2:3:3),59,2,0.3702,70.91616248919618,0.9557521343231201,0.743232698872496
QM9-gap-50k,GLOSS(2:3:3),59,3,0.3824,73.55229040622298,1.0174901485443115,0.807190667814015
QM9-gap-50k,GLOSS(2:3:3),59,4,0.3824,73.55229040622298,0.9335658550262451,0.8851743776485802
QM9-gap-50k,GLOSS(2:3:3),59,5,0.3824,73.55229040622298,0.9306161403656006,0.949277025094637
QM9-gap-50k,GLOSS(2:3:3),59,6,0.3824,73.55229040622298,0.906005859375,0.9367720670309287
QM9-gap-50k,GLOSS(2:3:3),59,7,0.3824,73.55229040622298,0.931809663772583,0.9238402628495623
QM9-gap-50k,GLOSS(2:3:3),59,8,0.3824,73.55229040622298,0.9377708435058594,0.901403467337505
QM9-gap-50k,GLOSS(2:3:3),59,9,0.3824,73.55229040622298,0.9916739463806152,0.9100620688633744
QM9-gap-50k,GLOSS(2:3:3),59,10,0.3824,73.55229040622298,1.0013048648834229,0.9125245674363902
QM9-gap-50k,GLOSS(2:3:3),59,11,0.3824,73.55229040622298,0.9835991859436035,0.9276964276383589
QM9-gap-50k,GLOSS(2:3:3),59,12,0.3891,75.0,0.998708963394165,0.9341488671896906
QM9-gap-50k,GLOSS(2:3:3),59,13,0.5048,100.0,1.035325050354004,0.9886297652737243
QM9-gap-50k,GLOSS(2:3:3),59,14,0.5048,100.0,1.0040907859802246,1.0526677237535156
QM9-gap-50k,GLOSS(2:3:3),59,15,0.5048,100.0,1.034864902496338,1.0526692249064742
QM9-gap-50k,GLOSS(2:3:3),59,16,0.5048,100.0,1.015753984451294,1.0782818144712332
QM9-gap-50k,GLOSS(2:3:3),59,17,0.5048,100.0,1.0585269927978516,1.1008017617091426
QM9-gap-50k,GLOSS(2:3:3),59,18,0.5048,100.0,1.0955018997192383,1.0956292358385393
QM9-gap-50k,GLOSS(2:3:3),59,19,0.5048,100.0,1.0975708961486816,1.1234445901774
QM9-gap-50k,GLOSS(4:2:2),59,-1,0.2056,35.35004321521175,0.0,0.0
QM9-gap-50k,GLOSS(4:2:2),59,0,0.2819,51.83664649956784,0.9346799850463867,0.5659274151782896
QM9-gap-50k,GLOSS(4:2:2),59,1,0.355,67.63180639585133,1.0171940326690674,0.8614837680699216
QM9-gap-50k,GLOSS(4:2:2),59,2,0.3796,72.94727744165947,0.9302599430084229,1.184436982255612
QM9-gap-50k,GLOSS(4:2:2),59,3,0.5048,100.0,0.9435651302337646,1.2541181752781227
QM9-gap-50k,GLOSS(4:2:2),59,4,0.5048,100.0,0.9052078723907471,1.2399610588740682
QM9-gap-50k,GLOSS(4:2:2),59,5,0.5048,100.0,0.9314150810241699,1.2365641241746799
QM9-gap-50k,GLOSS(4:2:2),59,6,0.5048,100.0,0.9475269317626953,1.258950945528379
QM9-gap-50k,GLOSS(4:2:2),59,7,0.5048,100.0,0.9686660766601562,1.2635495064665254
QM9-gap-50k,GLOSS(4:2:2),59,8,0.5048,100.0,0.950934886932373,1.3051880649439316
QM9-gap-50k,GLOSS(4:2:2),59,9,0.5048,100.0,0.9451639652252197,1.283021281540438
QM9-gap-50k,GLOSS(4:2:2),59,10,0.5048,100.0,0.9325399398803711,1.2861634999845382
QM9-gap-50k,GLOSS(4:2:2),59,11,0.5048,100.0,0.9896059036254883,1.2765804908241312
QM9-gap-50k,GLOSS(4:2:2),59,12,0.5048,100.0,0.9953410625457764,1.2597378710075338
QM9-gap-50k,GLOSS(4:2:2),59,13,0.5048,100.0,1.0144712924957275,1.2575533421615257
QM9-gap-50k,GLOSS(4:2:2),59,14,0.5048,100.0,1.0160996913909912,1.2490286874494596
QM9-gap-50k,GLOSS(4:2:2),59,15,0.5048,100.0,1.0232698917388916,1.2339056770724997
QM9-gap-50k,GLOSS(4:2:2),59,16,0.5048,100.0,1.0498361587524414,1.2249694052709936
QM9-gap-50k,GLOSS(4:2:2),59,17,0.5048,100.0,1.0595529079437256,1.218750122329622
QM9-gap-50k,GLOSS(4:2:2),59,18,0.5048,100.0,1.0911509990692139,1.2167306388571342
QM9-gap-50k,GLOSS(4:2:2),59,19,0.5048,100.0,1.1117329597473145,1.2088085200666279
QM9-gap-50k,GLOSS(6:1:1),59,-1,0.2056,35.35004321521175,0.0,0.0
QM9-gap-50k,GLOSS(6:1:1),59,0,0.2819,51.83664649956784,0.9687190055847168,0.35004377878851595
QM9-gap-50k,GLOSS(6:1:1),59,1,0.2982,55.35868625756266,0.9832768440246582,0.5862405909153166
QM9-gap-50k,GLOSS(6:1:1),59,2,0.351,66.76750216076059,0.9773702621459961,0.6508954734994196
QM9-gap-50k,GLOSS(6:1:1),59,3,0.3661,70.03025064822816,0.9810519218444824,0.7251296232438591
QM9-gap-50k,GLOSS(6:1:1),59,4,0.3755,72.06136560069145,0.9719908237457275,0.868934747830051
QM9-gap-50k,GLOSS(6:1:1),59,5,0.4051,78.45721694036301,1.0168499946594238,0.9254995220722981
QM9-gap-50k,GLOSS(6:1:1),59,6,0.4128,80.1210025929127,1.002701997756958,0.9352533082655841
QM9-gap-50k,GLOSS(6:1:1),59,7,0.462,90.75194468452895,0.933509111404419,1.013275169296466
QM9-gap-50k,GLOSS(6:1:1),59,8,0.4802,94.68452895419188,0.9337470531463623,1.0217431372007024
QM9-gap-50k,GLOSS(6:1:1),59,9,0.4802,94.68452895419188,0.9719510078430176,1.0990868101345301
QM9-gap-50k,GLOSS(6:1:1),59,10,0.5048,100.0,1.0053682327270508,1.1328572784239026
QM9-gap-50k,GLOSS(6:1:1),59,11,0.5048,100.0,1.0055477619171143,1.1862244702920586
QM9-gap-50k,GLOSS(6:1:1),59,12,0.5048,100.0,1.0076580047607422,1.1681778118962898
QM9-gap-50k,GLOSS(6:1:1),59,13,0.5048,100.0,1.0269289016723633,1.1616739404566354
QM9-gap-50k,GLOSS(6:1:1),59,14,0.5048,100.0,1.056755781173706,1.16946559529369
QM9-gap-50k,GLOSS(6:1:1),59,15,0.5048,100.0,1.0528159141540527,1.1864676560839207
QM9-gap-50k,GLOSS(6:1:1),59,16,0.5048,100.0,1.0691988468170166,1.1806606767325132
QM9-gap-50k,GLOSS(6:1:1),59,17,0.5048,100.0,1.0581820011138916,1.164708808070494
QM9-gap-50k,GLOSS(6:1:1),59,18,0.5048,100.0,1.1114981174468994,1.1752217394217503
QM9-gap-50k,GLOSS(6:1:1),59,19,0.5048,100.0,1.1178908348083496,1.1738521621320863
QM9-gap-50k,GLOSS(2:3:3),61,-1,0.2064,35.5229040622299,0.0,0.0
QM9-gap-50k,GLOSS(2:3:3),61,0,0.2975,55.20743301642178,0.9058651924133301,0.7419038290775501
QM9-gap-50k,GLOSS(2:3:3),61,1,0.2975,55.20743301642178,0.8460571765899658,0.8543784973145568
QM9-gap-50k,GLOSS(2:3:3),61,2,0.2975,55.20743301642178,0.8600342273712158,0.8411729190820352
QM9-gap-50k,GLOSS(2:3:3),61,3,0.3052,56.87121866897148,0.8911540508270264,0.8411159826465385
QM9-gap-50k,GLOSS(2:3:3),61,4,0.3168,59.377700950734656,0.9423010349273682,0.8897301680673902
QM9-gap-50k,GLOSS(2:3:3),61,5,0.3452,65.514261019879,0.9276759624481201,0.9557855170330537
QM9-gap-50k,GLOSS(2:3:3),61,6,0.3824,73.55229040622298,0.9743309020996094,1.0617558869100587
QM9-gap-50k,GLOSS(2:3:3),61,7,0.3922,75.66983578219532,0.9268941879272461,1.1380292955219646
QM9-gap-50k,GLOSS(2:3:3),61,8,0.5048,100.0,0.9850270748138428,1.2138124656951341
QM9-gap-50k,GLOSS(2:3:3),61,9,0.5048,100.0,0.939457893371582,1.2414363606895462
QM9-gap-50k,GLOSS(2:3:3),61,10,0.5048,100.0,0.9684641361236572,1.2368011281398095
QM9-gap-50k,GLOSS(2:3:3),61,11,0.5048,100.0,0.9824340343475342,1.2141812877843396
QM9-gap-50k,GLOSS(2:3:3),61,12,0.5048,100.0,0.9978740215301514,1.211058594018786
QM9-gap-50k,GLOSS(2:3:3),61,13,0.5048,100.0,0.995323896408081,1.217189365289714
QM9-gap-50k,GLOSS(2:3:3),61,14,0.5048,100.0,1.0341546535491943,1.2446882965165256
QM9-gap-50k,GLOSS(2:3:3),61,15,0.5048,100.0,1.0371198654174805,1.242388680949702
QM9-gap-50k,GLOSS(2:3:3),61,16,0.5048,100.0,1.0711612701416016,1.2441574805770244
QM9-gap-50k,GLOSS(2:3:3),61,17,0.5048,100.0,1.0636100769042969,1.2541082935041779
QM9-gap-50k,GLOSS(2:3:3),61,18,0.5048,100.0,1.0889708995819092,1.2449177421586641
QM9-gap-50k,GLOSS(2:3:3),61,19,0.5048,100.0,1.077578067779541,1.2506335262836323
QM9-gap-50k,GLOSS(4:2:2),61,-1,0.2064,35.5229040622299,0.0,0.0
QM9-gap-50k,GLOSS(4:2:2),61,0,0.2975,55.20743301642178,0.8766028881072998,0.7320753842856276
QM9-gap-50k,GLOSS(4:2:2),61,1,0.3152,59.03197925669835,0.8647019863128662,0.8511377710885044
QM9-gap-50k,GLOSS(4:2:2),61,2,0.3152,59.03197925669835,0.9186019897460938,0.8213348545857712
QM9-gap-50k,GLOSS(4:2:2),61,3,0.3152,59.03197925669835,0.909552812576294,0.842194646748256
QM9-gap-50k,GLOSS(4:2:2),61,4,0.3799,73.01210025929127,0.9257509708404541,0.9196506171317185
QM9-gap-50k,GLOSS(4:2:2),61,5,0.4051,78.45721694036301,0.9112770557403564,1.0086728500287407
QM9-gap-50k,GLOSS(4:2:2),61,6,0.4051,78.45721694036301,0.9375288486480713,1.0692264751137988
QM9-gap-50k,GLOSS(4:2:2),61,7,0.4298,83.7942955920484,0.9510090351104736,1.0954210476573796
QM9-gap-50k,GLOSS(4:2:2),61,8,0.5048,100.0,0.9645929336547852,1.169160895886284
QM9-gap-50k,GLOSS(4:2:2),61,9,0.5048,100.0,1.003129005432129,1.2202657324692296
QM9-gap-50k,GLOSS(4:2:2),61,10,0.5048,100.0,0.9939219951629639,1.2423176863851355
QM9-gap-50k,GLOSS(4:2:2),61,11,0.5048,100.0,1.0315887928009033,1.2486888124461317
QM9-gap-50k,GLOSS(4:2:2),61,12,0.5048,100.0,1.0732252597808838,1.2660222936541181
QM9-gap-50k,GLOSS(4:2:2),61,13,0.5048,100.0,1.0592949390411377,1.2532541462656506
QM9-gap-50k,GLOSS(4:2:2),61,14,0.5048,100.0,1.0662519931793213,1.2511782780153715
QM9-gap-50k,GLOSS(4:2:2),61,15,0.5048,100.0,1.0678458213806152,1.2476547958847402
QM9-gap-50k,GLOSS(4:2:2),61,16,0.5048,100.0,1.0725951194763184,1.2524626210281753
QM9-gap-50k,GLOSS(4:2:2),61,17,0.5048,100.0,1.0833988189697266,1.2527778513175263
QM9-gap-50k,GLOSS(4:2:2),61,18,0.5048,100.0,1.0978927612304688,1.2526013079384188
QM9-gap-50k,GLOSS(4:2:2),61,19,0.5048,100.0,1.1025190353393555,1.2451331925768019
QM9-gap-50k,GLOSS(6:1:1),61,-1,0.2064,35.5229040622299,0.0,0.0
QM9-gap-50k,GLOSS(6:1:1),61,0,0.2713,49.54624027657735,0.9397180080413818,0.5124068868169739
QM9-gap-50k,GLOSS(6:1:1),61,1,0.2713,49.54624027657735,0.8867061138153076,0.9451781969455496
QM9-gap-50k,GLOSS(6:1:1),61,2,0.2713,49.54624027657735,0.9711508750915527,0.8515872877489867
QM9-gap-50k,GLOSS(6:1:1),61,3,0.2713,49.54624027657735,1.0547518730163574,0.7730353444803137
QM9-gap-50k,GLOSS(6:1:1),61,4,0.2713,49.54624027657735,1.0217859745025635,0.7235695075183017
QM9-gap-50k,GLOSS(6:1:1),61,5,0.2772,50.82108902333621,1.0263428688049316,0.6793316590518308
QM9-gap-50k,GLOSS(6:1:1),61,6,0.2984,55.401901469317195,1.0562620162963867,0.6705384378231511
QM9-gap-50k,GLOSS(6:1:1),61,7,0.3205,60.177182368193606,1.0549120903015137,0.7079435608260455
QM9-gap-50k,GLOSS(6:1:1),61,8,0.3246,61.063094209161626,1.0424561500549316,0.7644015767471198
QM9-gap-50k,GLOSS(6:1:1),61,9,0.361,68.92826274848747,1.0209078788757324,0.8820695315272162
QM9-gap-50k,GLOSS(6:1:1),61,10,0.3824,73.55229040622298,1.0213489532470703,0.982202774317869
QM9-gap-50k,GLOSS(6:1:1),61,11,0.3824,73.55229040622298,0.978043794631958,1.0280831556311472
QM9-gap-50k,GLOSS(6:1:1),61,12,0.5048,100.0,1.0262739658355713,1.0979060289338516
QM9-gap-50k,GLOSS(6:1:1),61,13,0.5048,100.0,1.0208518505096436,1.1590211588251962
QM9-gap-50k,GLOSS(6:1:1),61,14,0.5048,100.0,1.0607171058654785,1.1909408514545206
QM9-gap-50k,GLOSS(6:1:1),61,15,0.5048,100.0,1.0591938495635986,1.189876236824054
QM9-gap-50k,GLOSS(6:1:1),61,16,0.5048,100.0,1.0776119232177734,1.1985139913531424
QM9-gap-50k,GLOSS(6:1:1),61,17,0.5048,100.0,1.0774221420288086,1.2043914173732762
QM9-gap-50k,GLOSS(6:1:1),61,18,0.5048,100.0,1.1348769664764404,1.2057596855227561
QM9-gap-50k,GLOSS(6:1:1),61,19,0.5048,100.0,1.1312520503997803,1.203115036833523
QM9-gap-50k,GLOSS(2:3:3),67,-1,0.2095,36.19273984442523,0.0,0.0
QM9-gap-50k,GLOSS(2:3:3),67,0,0.3105,58.01642178046672,0.9651641845703125,0.8212785766235126
QM9-gap-50k,GLOSS(2:3:3),67,1,0.3434,65.12532411408816,0.8314540386199951,1.0605202813518417
QM9-gap-50k,GLOSS(2:3:3),67,2,0.3434,65.12532411408816,0.8364810943603516,1.0804681833727727
QM9-gap-50k,GLOSS(2:3:3),67,3,0.3824,73.55229040622298,0.9075860977172852,1.0859357749104035
QM9-gap-50k,GLOSS(2:3:3),67,4,0.3824,73.55229040622298,0.8553500175476074,1.0816329563443734
QM9-gap-50k,GLOSS(2:3:3),67,5,0.3879,74.74070872947277,0.9194622039794922,1.1116615097203912
QM9-gap-50k,GLOSS(2:3:3),67,6,0.5048,100.0,0.938370943069458,1.1952386001445312
QM9-gap-50k,GLOSS(2:3:3),67,7,0.5048,100.0,0.9278652667999268,1.2013932986784612
QM9-gap-50k,GLOSS(2:3:3),67,8,0.5048,100.0,0.9635481834411621,1.2313486678145507
QM9-gap-50k,GLOSS(2:3:3),67,9,0.5048,100.0,0.9765350818634033,1.259679566887193
QM9-gap-50k,GLOSS(2:3:3),67,10,0.5048,100.0,0.9946308135986328,1.2594702782052165
QM9-gap-50k,GLOSS(2:3:3),67,11,0.5048,100.0,1.0004479885101318,1.2477949210528148
QM9-gap-50k,GLOSS(2:3:3),67,12,0.5048,100.0,1.0111849308013916,1.2467263750985367
QM9-gap-50k,GLOSS(2:3:3),67,13,0.5048,100.0,1.0330567359924316,1.2444715761393086
QM9-gap-50k,GLOSS(2:3:3),67,14,0.5048,100.0,1.0118231773376465,1.2485121686609981
QM9-gap-50k,GLOSS(2:3:3),67,15,0.5048,100.0,1.0421900749206543,1.239588865625671
QM9-gap-50k,GLOSS(2:3:3),67,16,0.5048,100.0,1.0791831016540527,1.2473132403341085
QM9-gap-50k,GLOSS(2:3:3),67,17,0.5048,100.0,1.0486640930175781,1.2623961644197184
QM9-gap-50k,GLOSS(2:3:3),67,18,0.5048,100.0,1.0539209842681885,1.254940259311748
QM9-gap-50k,GLOSS(2:3:3),67,19,0.5048,100.0,1.0471842288970947,1.2769275475600395
QM9-gap-50k,GLOSS(4:2:2),67,-1,0.2095,36.19273984442523,0.0,0.0
QM9-gap-50k,GLOSS(4:2:2),67,0,0.3105,58.01642178046672,0.9225990772247314,0.9816181567008143
QM9-gap-50k,GLOSS(4:2:2),67,1,0.3395,64.28262748487468,0.8584609031677246,0.9305243722797549
QM9-gap-50k,GLOSS(4:2:2),67,2,0.3879,74.74070872947277,0.863419771194458,1.0289689300481053
QM9-gap-50k,GLOSS(4:2:2),67,3,0.5048,100.0,0.89870285987854,1.13641457642978
QM9-gap-50k,GLOSS(4:2:2),67,4,0.5048,100.0,0.9200940132141113,1.1861493027285157
QM9-gap-50k,GLOSS(4:2:2),67,5,0.5048,100.0,0.9310081005096436,1.179887390674702
QM9-gap-50k,GLOSS(4:2:2),67,6,0.5048,100.0,0.9692659378051758,1.26570477670399
QM9-gap-50k,GLOSS(4:2:2),67,7,0.5048,100.0,0.9621930122375488,1.2681676009892393
QM9-gap-50k,GLOSS(4:2:2),67,8,0.5048,100.0,0.9928810596466064,1.234162836821171
QM9-gap-50k,GLOSS(4:2:2),67,9,0.5048,100.0,0.949531078338623,1.2256739434642383
QM9-gap-50k,GLOSS(4:2:2),67,10,0.5048,100.0,1.0160300731658936,1.2387892768208524
QM9-gap-50k,GLOSS(4:2:2),67,11,0.5048,100.0,1.0310070514678955,1.2290883656560183
QM9-gap-50k,GLOSS(4:2:2),67,12,0.5048,100.0,1.0371289253234863,1.217928123057823
QM9-gap-50k,GLOSS(4:2:2),67,13,0.5048,100.0,1.0230381488800049,1.2266060234817238
QM9-gap-50k,GLOSS(4:2:2),67,14,0.5048,100.0,1.05454421043396,1.2220044454499543
QM9-gap-50k,GLOSS(4:2:2),67,15,0.5048,100.0,1.0707550048828125,1.220751309791572
QM9-gap-50k,GLOSS(4:2:2),67,16,0.5048,100.0,1.0993142127990723,1.22739442969187
QM9-gap-50k,GLOSS(4:2:2),67,17,0.5048,100.0,1.0894198417663574,1.2144945024431335
QM9-gap-50k,GLOSS(4:2:2),67,18,0.5048,100.0,1.1414251327514648,1.2219936509407796
QM9-gap-50k,GLOSS(4:2:2),67,19,0.5048,100.0,1.1074130535125732,1.2161314259904008
QM9-gap-50k,GLOSS(6:1:1),67,-1,0.2095,36.19273984442523,0.0,0.0
QM9-gap-50k,GLOSS(6:1:1),67,0,0.3105,58.01642178046672,0.9262218475341797,0.8379783842259184
QM9-gap-50k,GLOSS(6:1:1),67,1,0.3395,64.28262748487468,0.858461856842041,0.8317746314917972
QM9-gap-50k,GLOSS(6:1:1),67,2,0.3824,73.55229040622298,0.8429768085479736,0.9057952156552783
QM9-gap-50k,GLOSS(6:1:1),67,3,0.3824,73.55229040622298,0.859018087387085,0.9051309009792056
QM9-gap-50k,GLOSS(6:1:1),67,4,0.3824,73.55229040622298,0.831834077835083,0.9083361448195141
QM9-gap-50k,GLOSS(6:1:1),67,5,0.3824,73.55229040622298,0.899709939956665,0.9650360053878172
QM9-gap-50k,GLOSS(6:1:1),67,6,0.3882,74.80553154710458,0.9190659523010254,1.0094185551230135
QM9-gap-50k,GLOSS(6:1:1),67,7,0.5048,100.0,0.921299934387207,1.1429343041425157
QM9-gap-50k,GLOSS(6:1:1),67,8,0.5048,100.0,0.9332778453826904,1.1606149994534347
QM9-gap-50k,GLOSS(6:1:1),67,9,0.5048,100.0,0.9488539695739746,1.194388520816353
QM9-gap-50k,GLOSS(6:1:1),67,10,0.5048,100.0,0.9809436798095703,1.227033059680833
QM9-gap-50k,GLOSS(6:1:1),67,11,0.5048,100.0,1.029726266860962,1.2476945970094688
QM9-gap-50k,GLOSS(6:1:1),67,12,0.5048,100.0,1.0499041080474854,1.231364554277508
QM9-gap-50k,GLOSS(6:1:1),67,13,0.5048,100.0,1.0363430976867676,1.2082158911391352
QM9-gap-50k,GLOSS(6:1:1),67,14,0.5048,100.0,1.0845210552215576,1.2040215209778553
QM9-gap-50k,GLOSS(6:1:1),67,15,0.5048,100.0,1.0562078952789307,1.19740125946857
QM9-gap-50k,GLOSS(6:1:1),67,16,0.5048,100.0,1.0968551635742188,1.1795461583034368
QM9-gap-50k,GLOSS(6:1:1),67,17,0.5048,100.0,1.0636417865753174,1.167153917119195
QM9-gap-50k,GLOSS(6:1:1),67,18,0.5048,100.0,1.0761849880218506,1.153270791792432
QM9-gap-50k,GLOSS(6:1:1),67,19,0.5048,100.0,1.0919978618621826,1.1415109560145764
QM9-gap-55k,GLOSS(2:3:3),47,-1,0.2091,36.10630942091616,0.0,0.0
QM9-gap-55k,GLOSS(2:3:3),47,0,0.2698,49.222126188418315,1.1216809749603271,0.6838944652856416
QM9-gap-55k,GLOSS(2:3:3),47,1,0.3339,63.07260155574762,0.8896000385284424,0.9291052460224807
QM9-gap-55k,GLOSS(2:3:3),47,2,0.3824,73.55229040622298,0.901512861251831,0.9868127151599795
QM9-gap-55k,GLOSS(2:3:3),47,3,0.3824,73.55229040622298,0.901817798614502,1.0210492455918014
QM9-gap-55k,GLOSS(2:3:3),47,4,0.3824,73.55229040622298,0.8890752792358398,1.0358623280470654
QM9-gap-55k,GLOSS(2:3:3),47,5,0.3824,73.55229040622298,0.9095818996429443,1.027527664113166
QM9-gap-55k,GLOSS(2:3:3),47,6,0.3901,75.21607605877269,0.9684710502624512,1.042841859956131
QM9-gap-55k,GLOSS(2:3:3),47,7,0.5048,100.0,0.9770936965942383,1.1584807675252904
QM9-gap-55k,GLOSS(2:3:3),47,8,0.5048,100.0,1.0004589557647705,1.1997408502129434
QM9-gap-55k,GLOSS(2:3:3),47,9,0.5048,100.0,1.0571849346160889,1.221675059931781
QM9-gap-55k,GLOSS(2:3:3),47,10,0.5048,100.0,1.0525100231170654,1.2204861279187482
QM9-gap-55k,GLOSS(2:3:3),47,11,0.5048,100.0,1.07899808883667,1.228197452279873
QM9-gap-55k,GLOSS(2:3:3),47,12,0.5048,100.0,1.0524938106536865,1.2178807468272268
QM9-gap-55k,GLOSS(2:3:3),47,13,0.5048,100.0,1.0736911296844482,1.2199060342995138
QM9-gap-55k,GLOSS(2:3:3),47,14,0.5048,100.0,1.1095600128173828,1.2192235911715505
QM9-gap-55k,GLOSS(2:3:3),47,15,0.5048,100.0,1.1062560081481934,1.2352202165183785
QM9-gap-55k,GLOSS(2:3:3),47,16,0.5048,100.0,1.1567962169647217,1.238595013830972
QM9-gap-55k,GLOSS(2:3:3),47,17,0.5048,100.0,1.1463351249694824,1.2268079362373936
QM9-gap-55k,GLOSS(2:3:3),47,18,0.5048,100.0,1.1242780685424805,1.2334200203060994
QM9-gap-55k,GLOSS(2:3:3),47,19,0.5048,100.0,1.1529982089996338,1.257345759236923
QM9-gap-55k,GLOSS(4:2:2),47,-1,0.2091,36.10630942091616,0.0,0.0
QM9-gap-55k,GLOSS(4:2:2),47,0,0.271,49.48141745894555,1.1111218929290771,0.6248794494327209
QM9-gap-55k,GLOSS(4:2:2),47,1,0.314,58.772687986171135,0.9979550838470459,0.851810764537996
QM9-gap-55k,GLOSS(4:2:2),47,2,0.3481,66.1408815903198,0.9908809661865234,0.8341886734447425
QM9-gap-55k,GLOSS(4:2:2),47,3,0.3481,66.1408815903198,1.0152721405029297,0.8710800513949991
QM9-gap-55k,GLOSS(4:2:2),47,4,0.3698,70.82973206568712,1.0334820747375488,0.8672572973971122
QM9-gap-55k,GLOSS(4:2:2),47,5,0.3824,73.55229040622298,1.0137269496917725,0.9544950298578906
QM9-gap-55k,GLOSS(4:2:2),47,6,0.4298,83.7942955920484,1.0269110202789307,0.9939204169138811
QM9-gap-55k,GLOSS(4:2:2),47,7,0.4802,94.68452895419188,1.0516102313995361,1.0495641265390467
QM9-gap-55k,GLOSS(4:2:2),47,8,0.5048,100.0,1.0601341724395752,1.0876174860296028
QM9-gap-55k,GLOSS(4:2:2),47,9,0.5048,100.0,1.0853641033172607,1.1251695029422122
QM9-gap-55k,GLOSS(4:2:2),47,10,0.5048,100.0,1.0870211124420166,1.124111312367549
QM9-gap-55k,GLOSS(4:2:2),47,11,0.5048,100.0,1.1100530624389648,1.1128473500175116
QM9-gap-55k,GLOSS(4:2:2),47,12,0.5048,100.0,1.099134922027588,1.1104249549680367
QM9-gap-55k,GLOSS(4:2:2),47,13,0.5048,100.0,1.0981059074401855,1.1077559057693278
QM9-gap-55k,GLOSS(4:2:2),47,14,0.5048,100.0,1.1357800960540771,1.1087010712822112
QM9-gap-55k,GLOSS(4:2:2),47,15,0.5048,100.0,1.1186740398406982,1.1150344606983067
QM9-gap-55k,GLOSS(4:2:2),47,16,0.5048,100.0,1.1469779014587402,1.1109456023591524
QM9-gap-55k,GLOSS(4:2:2),47,17,0.5048,100.0,1.1692609786987305,1.106529001492777
QM9-gap-55k,GLOSS(4:2:2),47,18,0.5048,100.0,1.1753411293029785,1.093329055330055
QM9-gap-55k,GLOSS(4:2:2),47,19,0.5048,100.0,1.1797950267791748,1.0905141523761133
QM9-gap-55k,GLOSS(6:1:1),47,-1,0.2091,36.10630942091616,0.0,0.0
QM9-gap-55k,GLOSS(6:1:1),47,0,0.271,49.48141745894555,1.1372270584106445,0.4848295173000647
QM9-gap-55k,GLOSS(6:1:1),47,1,0.274,50.12964563526361,0.9654049873352051,0.8667119302473353
QM9-gap-55k,GLOSS(6:1:1),47,2,0.2987,55.46672428694901,0.9511663913726807,0.8423858676461848
QM9-gap-55k,GLOSS(6:1:1),47,3,0.3104,57.99481417458946,0.9683458805084229,0.8219998070590426
QM9-gap-55k,GLOSS(6:1:1),47,4,0.3242,60.97666378565254,0.9620342254638672,0.8644365238794349
QM9-gap-55k,GLOSS(6:1:1),47,5,0.3352,63.35350043215211,0.9806840419769287,0.911961069041655
QM9-gap-55k,GLOSS(6:1:1),47,6,0.3824,73.55229040622298,0.9687941074371338,1.0169559696376091
QM9-gap-55k,GLOSS(6:1:1),47,7,0.3824,73.55229040622298,1.0268051624298096,1.0929706506958479
QM9-gap-55k,GLOSS(6:1:1),47,8,0.3824,73.55229040622298,1.0324280261993408,1.1434560910347897
QM9-gap-55k,GLOSS(6:1:1),47,9,0.4802,94.68452895419188,1.015676736831665,1.1760907810639598
QM9-gap-55k,GLOSS(6:1:1),47,10,0.4802,94.68452895419188,1.0533502101898193,1.176496680151284
QM9-gap-55k,GLOSS(6:1:1),47,11,0.5048,100.0,1.023261308670044,1.2285564827517486
QM9-gap-55k,GLOSS(6:1:1),47,12,0.5048,100.0,1.0527300834655762,1.2688811231665105
QM9-gap-55k,GLOSS(6:1:1),47,13,0.5048,100.0,1.0718839168548584,1.253545192271431
QM9-gap-55k,GLOSS(6:1:1),47,14,0.5048,100.0,1.0666399002075195,1.2566466502104654
QM9-gap-55k,GLOSS(6:1:1),47,15,0.5048,100.0,1.0935239791870117,1.2457772995841434
QM9-gap-55k,GLOSS(6:1:1),47,16,0.5048,100.0,1.1556808948516846,1.2326230510899892
QM9-gap-55k,GLOSS(6:1:1),47,17,0.5048,100.0,1.216033935546875,1.220603317495999
QM9-gap-55k,GLOSS(6:1:1),47,18,0.5048,100.0,1.2320890426635742,1.2069143496388848
QM9-gap-55k,GLOSS(6:1:1),47,19,0.5048,100.0,1.2278406620025635,1.1942253016063986
QM9-gap-55k,GLOSS(2:3:3),53,-1,0.2053,35.28522039757995,0.0,0.0
QM9-gap-55k,GLOSS(2:3:3),53,0,0.2948,54.62402765773552,1.0441930294036865,0.552921764332478
QM9-gap-55k,GLOSS(2:3:3),53,1,0.3138,58.7294727744166,1.0435330867767334,0.5398101676863905
QM9-gap-55k,GLOSS(2:3:3),53,2,0.3226,60.63094209161625,1.0650980472564697,0.5910580630561663
QM9-gap-55k,GLOSS(2:3:3),53,3,0.5048,100.0,1.0158579349517822,0.84691773207015
QM9-gap-55k,GLOSS(2:3:3),53,4,0.5048,100.0,0.9359087944030762,1.0520456475986444
QM9-gap-55k,GLOSS(2:3:3),53,5,0.5048,100.0,0.9981021881103516,1.1214695089666968
QM9-gap-55k,GLOSS(2:3:3),53,6,0.5048,100.0,0.9586360454559326,1.1465357697407832
QM9-gap-55k,GLOSS(2:3:3),53,7,0.5048,100.0,0.9615237712860107,1.1469185212621382
QM9-gap-55k,GLOSS(2:3:3),53,8,0.5048,100.0,1.0119268894195557,1.1672233195743218
QM9-gap-55k,GLOSS(2:3:3),53,9,0.5048,100.0,1.0267717838287354,1.1529764151698456
QM9-gap-55k,GLOSS(2:3:3),53,10,0.5048,100.0,1.0817298889160156,1.149292909185059
QM9-gap-55k,GLOSS(2:3:3),53,11,0.5048,100.0,1.0885100364685059,1.1569839565701312
QM9-gap-55k,GLOSS(2:3:3),53,12,0.5048,100.0,1.1302540302276611,1.13860002046807
QM9-gap-55k,GLOSS(2:3:3),53,13,0.5048,100.0,1.15382981300354,1.1552164162030643
QM9-gap-55k,GLOSS(2:3:3),53,14,0.5048,100.0,1.1528751850128174,1.1551331622619698
QM9-gap-55k,GLOSS(2:3:3),53,15,0.5048,100.0,1.1178019046783447,1.169953288916966
QM9-gap-55k,GLOSS(2:3:3),53,16,0.5048,100.0,1.1518349647521973,1.1787135427073925
QM9-gap-55k,GLOSS(2:3:3),53,17,0.5048,100.0,1.138960838317871,1.1769712619884283
QM9-gap-55k,GLOSS(2:3:3),53,18,0.5048,100.0,1.1965718269348145,1.1844112165023182
QM9-gap-55k,GLOSS(2:3:3),53,19,0.5048,100.0,1.1766119003295898,1.1858160051295603
QM9-gap-55k,GLOSS(4:2:2),53,-1,0.2053,35.28522039757995,0.0,0.0
QM9-gap-55k,GLOSS(4:2:2),53,0,0.2612,47.363872082973195,1.0684328079223633,0.49923105879569957
QM9-gap-55k,GLOSS(4:2:2),53,1,0.3143,58.83751080380294,1.0283739566802979,0.605834917773105
QM9-gap-55k,GLOSS(4:2:2),53,2,0.3428,64.99567847882454,1.1634302139282227,0.6367484939395575
QM9-gap-55k,GLOSS(4:2:2),53,3,0.3446,65.38461538461539,1.1379168033599854,0.7788942550653986
QM9-gap-55k,GLOSS(4:2:2),53,4,0.3725,71.41313742437337,1.062680959701538,0.863943744356203
QM9-gap-55k,GLOSS(4:2:2),53,5,0.4802,94.68452895419188,1.132591962814331,0.884041096354036
QM9-gap-55k,GLOSS(4:2:2),53,6,0.4802,94.68452895419188,1.0297448635101318,0.9988936128040362
QM9-gap-55k,GLOSS(4:2:2),53,7,0.4802,94.68452895419188,1.0360019207000732,1.0588686201003998
QM9-gap-55k,GLOSS(4:2:2),53,8,0.5048,100.0,1.0655579566955566,1.1273276893148914
QM9-gap-55k,GLOSS(4:2:2),53,9,0.5048,100.0,1.0810997486114502,1.2152344903396657
QM9-gap-55k,GLOSS(4:2:2),53,10,0.5048,100.0,1.1120507717132568,1.1945456730894213
QM9-gap-55k,GLOSS(4:2:2),53,11,0.5048,100.0,1.1462690830230713,1.1841983509288065
QM9-gap-55k,GLOSS(4:2:2),53,12,0.5048,100.0,1.1399250030517578,1.1824705203734558
QM9-gap-55k,GLOSS(4:2:2),53,13,0.5048,100.0,1.1234540939331055,1.1838119982919426
QM9-gap-55k,GLOSS(4:2:2),53,14,0.5048,100.0,1.1348061561584473,1.1756708135665603
QM9-gap-55k,GLOSS(4:2:2),53,15,0.5048,100.0,1.1827800273895264,1.1626676784975456
QM9-gap-55k,GLOSS(4:2:2),53,16,0.5048,100.0,1.16457200050354,1.1543981722744365
QM9-gap-55k,GLOSS(4:2:2),53,17,0.5048,100.0,1.2333829402923584,1.1638363463198802
QM9-gap-55k,GLOSS(4:2:2),53,18,0.5048,100.0,1.1763477325439453,1.172977920116234
QM9-gap-55k,GLOSS(4:2:2),53,19,0.5048,100.0,1.2381398677825928,1.1682123452031152
QM9-gap-55k,GLOSS(6:1:1),53,-1,0.2053,35.28522039757995,0.0,0.0
QM9-gap-55k,GLOSS(6:1:1),53,0,0.2612,47.363872082973195,1.1094770431518555,0.37101729726618815
QM9-gap-55k,GLOSS(6:1:1),53,1,0.3109,58.1028522039758,1.144500970840454,0.6745083200720239
QM9-gap-55k,GLOSS(6:1:1),53,2,0.3171,59.44252376836646,1.1616089344024658,0.6233405379884046
QM9-gap-55k,GLOSS(6:1:1),53,3,0.3171,59.44252376836646,1.2174577713012695,0.575278363455739
QM9-gap-55k,GLOSS(6:1:1),53,4,0.349,66.3353500432152,1.1603469848632812,0.6127898552995484
QM9-gap-55k,GLOSS(6:1:1),53,5,0.3725,71.41313742437337,1.1411499977111816,0.6593385595710424
QM9-gap-55k,GLOSS(6:1:1),53,6,0.3824,73.55229040622298,1.1043169498443604,0.7920748671897264
QM9-gap-55k,GLOSS(6:1:1),53,7,0.3891,75.0,1.078726053237915,0.8583465480779991
QM9-gap-55k,GLOSS(6:1:1),53,8,0.3922,75.66983578219532,1.0772099494934082,0.8849778094373006
QM9-gap-55k,GLOSS(6:1:1),53,9,0.5048,100.0,1.1043660640716553,0.9762049828648774
QM9-gap-55k,GLOSS(6:1:1),53,10,0.5048,100.0,1.087195873260498,1.0007752812540376
QM9-gap-55k,GLOSS(6:1:1),53,11,0.5048,100.0,1.1025440692901611,1.0124526566895127
QM9-gap-55k,GLOSS(6:1:1),53,12,0.5048,100.0,1.151494026184082,1.028131251677425
QM9-gap-55k,GLOSS(6:1:1),53,13,0.5048,100.0,1.1875271797180176,1.0358009006006275
QM9-gap-55k,GLOSS(6:1:1),53,14,0.5048,100.0,1.1476020812988281,1.027125711544827
QM9-gap-55k,GLOSS(6:1:1),53,15,0.5048,100.0,1.1790788173675537,1.0277260405264343
QM9-gap-55k,GLOSS(6:1:1),53,16,0.5048,100.0,1.1867341995239258,1.0296651313743406
QM9-gap-55k,GLOSS(6:1:1),53,17,0.5048,100.0,1.1583340167999268,1.0257108203634508
QM9-gap-55k,GLOSS(6:1:1),53,18,0.5048,100.0,1.1762340068817139,1.0252175512385935
QM9-gap-55k,GLOSS(6:1:1),53,19,0.5048,100.0,1.1746537685394287,1.0129558388934121
QM9-gap-55k,GLOSS(2:3:3),59,-1,0.2061,35.45808124459809,0.0,0.0
QM9-gap-55k,GLOSS(2:3:3),59,0,0.3191,59.87467588591184,1.0256597995758057,0.7042058295264811
QM9-gap-55k,GLOSS(2:3:3),59,1,0.3191,59.87467588591184,0.9380481243133545,0.784016613081139
QM9-gap-55k,GLOSS(2:3:3),59,2,0.3207,60.220397579948134,0.9596428871154785,0.803437321781108
QM9-gap-55k,GLOSS(2:3:3),59,3,0.3301,62.25151253241141,1.0062446594238281,0.839856561480519
QM9-gap-55k,GLOSS(2:3:3),59,4,0.3322,62.70527225583405,1.0083591938018799,0.920590185200662
QM9-gap-55k,GLOSS(2:3:3),59,5,0.3736,71.65082108902332,1.0236520767211914,0.9866974507341003
QM9-gap-55k,GLOSS(2:3:3),59,6,0.5048,100.0,0.967756986618042,1.121964295579753
QM9-gap-55k,GLOSS(2:3:3),59,7,0.5048,100.0,1.0448250770568848,1.180927929015078
QM9-gap-55k,GLOSS(2:3:3),59,8,0.5048,100.0,1.0248119831085205,1.1995864398482676
QM9-gap-55k,GLOSS(2:3:3),59,9,0.5048,100.0,1.0390729904174805,1.1979403161163436
QM9-gap-55k,GLOSS(2:3:3),59,10,0.5048,100.0,1.037510871887207,1.1876935078494444
QM9-gap-55k,GLOSS(2:3:3),59,11,0.5048,100.0,1.0508639812469482,1.1799317207495201
QM9-gap-55k,GLOSS(2:3:3),59,12,0.5048,100.0,1.0532448291778564,1.181796355114645
QM9-gap-55k,GLOSS(2:3:3),59,13,0.5048,100.0,1.0763719081878662,1.2153639768476827
QM9-gap-55k,GLOSS(2:3:3),59,14,0.5048,100.0,1.071986198425293,1.229763066513498
QM9-gap-55k,GLOSS(2:3:3),59,15,0.5048,100.0,1.1062347888946533,1.2396324183520764
QM9-gap-55k,GLOSS(2:3:3),59,16,0.5048,100.0,1.125089168548584,1.2300478999217916
QM9-gap-55k,GLOSS(2:3:3),59,17,0.5048,100.0,1.14457106590271,1.2257250810715092
QM9-gap-55k,GLOSS(2:3:3),59,18,0.5048,100.0,1.1659021377563477,1.2151235759108465
QM9-gap-55k,GLOSS(2:3:3),59,19,0.5048,100.0,1.1668012142181396,1.2155348065146807
QM9-gap-55k,GLOSS(4:2:2),59,-1,0.2061,35.45808124459809,0.0,0.0
QM9-gap-55k,GLOSS(4:2:2),59,0,0.3191,59.87467588591184,1.0171539783477783,0.7198827334054002
QM9-gap-55k,GLOSS(4:2:2),59,1,0.3358,63.48314606741573,0.9216928482055664,0.7371313857214459
QM9-gap-55k,GLOSS(4:2:2),59,2,0.3358,63.48314606741573,0.9831621646881104,0.9314258800088198
QM9-gap-55k,GLOSS(4:2:2),59,3,0.3358,63.48314606741573,0.9716951847076416,1.0038868809119332
QM9-gap-55k,GLOSS(4:2:2),59,4,0.3358,63.48314606741573,0.9965419769287109,0.975230757305001
QM9-gap-55k,GLOSS(4:2:2),59,5,0.3369,63.720829732065674,1.053966999053955,0.9677893575720616
QM9-gap-55k,GLOSS(4:2:2),59,6,0.3386,64.08815903197926,1.0393478870391846,0.9688805785855078
QM9-gap-55k,GLOSS(4:2:2),59,7,0.3386,64.08815903197926,1.0609540939331055,0.9472773668414538
QM9-gap-55k,GLOSS(4:2:2),59,8,0.3386,64.08815903197926,1.018862009048462,0.9342525218439939
QM9-gap-55k,GLOSS(4:2:2),59,9,0.3386,64.08815903197926,1.0558197498321533,0.945416892403985
QM9-gap-55k,GLOSS(4:2:2),59,10,0.3414,64.69317199654277,1.1923856735229492,0.9762308155349414
QM9-gap-55k,GLOSS(4:2:2),59,11,0.3824,73.55229040622298,1.0534050464630127,1.0265363411370545
QM9-gap-55k,GLOSS(4:2:2),59,12,0.4465,87.40276577355229,1.0527679920196533,1.0732222920108807
QM9-gap-55k,GLOSS(4:2:2),59,13,0.4465,87.40276577355229,1.1273281574249268,1.0945987416719296
QM9-gap-55k,GLOSS(4:2:2),59,14,0.5048,100.0,1.1159191131591797,1.1449703571377765
QM9-gap-55k,GLOSS(4:2:2),59,15,0.5048,100.0,1.188244342803955,1.1535099232961066
QM9-gap-55k,GLOSS(4:2:2),59,16,0.5048,100.0,1.171090841293335,1.1575708618138054
QM9-gap-55k,GLOSS(4:2:2),59,17,0.5048,100.0,1.1270780563354492,1.1565602035868856
QM9-gap-55k,GLOSS(4:2:2),59,18,0.5048,100.0,1.1549556255340576,1.1610599542150744
QM9-gap-55k,GLOSS(4:2:2),59,19,0.5048,100.0,1.1517798900604248,1.1624286498104186
QM9-gap-55k,GLOSS(6:1:1),59,-1,0.2061,35.45808124459809,0.0,0.0
QM9-gap-55k,GLOSS(6:1:1),59,0,0.2712,49.52463267070008,1.027230978012085,0.6863090506339337
QM9-gap-55k,GLOSS(6:1:1),59,1,0.2793,51.27484874675885,1.0113639831542969,0.76023391207813
QM9-gap-55k,GLOSS(6:1:1),59,2,0.283,52.0743301642178,1.0185840129852295,0.8243037897274945
QM9-gap-55k,GLOSS(6:1:1),59,3,0.283,52.0743301642178,1.085319995880127,0.7909754603603942
QM9-gap-55k,GLOSS(6:1:1),59,4,0.3013,56.028522039758,1.0903239250183105,0.7885048091857992
QM9-gap-55k,GLOSS(6:1:1),59,5,0.3013,56.028522039758,1.1005651950836182,0.7751483578681511
QM9-gap-55k,GLOSS(6:1:1),59,6,0.3103,57.973206568712186,1.0977940559387207,0.7493245084756077
QM9-gap-55k,GLOSS(6:1:1),59,7,0.3114,58.21089023336214,1.1355400085449219,0.745819431781822
QM9-gap-55k,GLOSS(6:1:1),59,8,0.3197,60.004321521175456,1.130788803100586,0.7337722445222608
QM9-gap-55k,GLOSS(6:1:1),59,9,0.3213,60.35004321521175,1.1757392883300781,0.7401145600142548
QM9-gap-55k,GLOSS(6:1:1),59,10,0.3235,60.82541054451167,1.1622247695922852,0.7462351461116968
QM9-gap-55k,GLOSS(6:1:1),59,11,0.3235,60.82541054451167,1.1574561595916748,0.7593865599766139
QM9-gap-55k,GLOSS(6:1:1),59,12,0.3235,60.82541054451167,1.1518549919128418,0.7663808315230486
QM9-gap-55k,GLOSS(6:1:1),59,13,0.3235,60.82541054451167,1.2138681411743164,0.7882431813283115
QM9-gap-55k,GLOSS(6:1:1),59,14,0.3235,60.82541054451167,1.1647469997406006,0.786638964695973
QM9-gap-55k,GLOSS(6:1:1),59,15,0.3235,60.82541054451167,1.2122981548309326,0.7870391270800745
QM9-gap-55k,GLOSS(6:1:1),59,16,0.3336,63.00777873811582,1.2428622245788574,0.8107799174294347
QM9-gap-55k,GLOSS(6:1:1),59,17,0.3336,63.00777873811582,1.366344928741455,0.8239902056850096
QM9-gap-55k,GLOSS(6:1:1),59,18,0.3336,63.00777873811582,1.288214921951294,0.8360702112179409
QM9-gap-55k,GLOSS(6:1:1),59,19,0.336,63.526361279170274,1.305994987487793,0.8491581271809536
QM9-gap-55k,GLOSS(2:3:3),61,-1,0.209,36.08470181503889,0.0,0.0
QM9-gap-55k,GLOSS(2:3:3),61,0,0.3058,57.00086430423509,1.1215271949768066,0.6490163534525135
QM9-gap-55k,GLOSS(2:3:3),61,1,0.327,61.581676750216076,1.0599989891052246,0.885546874305074
QM9-gap-55k,GLOSS(2:3:3),61,2,0.5048,100.0,0.9771482944488525,1.1619900834830865
QM9-gap-55k,GLOSS(2:3:3),61,3,0.5048,100.0,1.0217220783233643,1.2662771713695862
QM9-gap-55k,GLOSS(2:3:3),61,4,0.5048,100.0,0.9664599895477295,1.2994654913334345
QM9-gap-55k,GLOSS(2:3:3),61,5,0.5048,100.0,0.9994120597839355,1.2959765769055749
QM9-gap-55k,GLOSS(2:3:3),61,6,0.5048,100.0,0.96392822265625,1.2631593084092338
QM9-gap-55k,GLOSS(2:3:3),61,7,0.5048,100.0,1.0479888916015625,1.255443261830151
QM9-gap-55k,GLOSS(2:3:3),61,8,0.5048,100.0,1.063809871673584,1.238351720373269
QM9-gap-55k,GLOSS(2:3:3),61,9,0.5048,100.0,1.0459010601043701,1.2534083862827874
QM9-gap-55k,GLOSS(2:3:3),61,10,0.5048,100.0,1.0444071292877197,1.2372230065548244
QM9-gap-55k,GLOSS(2:3:3),61,11,0.5048,100.0,1.071526050567627,1.2310936254592173
QM9-gap-55k,GLOSS(2:3:3),61,12,0.5048,100.0,1.0633811950683594,1.2400185352848019
QM9-gap-55k,GLOSS(2:3:3),61,13,0.5048,100.0,1.1007671356201172,1.2456784471280136
QM9-gap-55k,GLOSS(2:3:3),61,14,0.5048,100.0,1.1009879112243652,1.2430672291969895
QM9-gap-55k,GLOSS(2:3:3),61,15,0.5048,100.0,1.1102778911590576,1.2405621896071926
QM9-gap-55k,GLOSS(2:3:3),61,16,0.5048,100.0,1.126615047454834,1.2324836103001715
QM9-gap-55k,GLOSS(2:3:3),61,17,0.5048,100.0,1.1425929069519043,1.2462132987627963
QM9-gap-55k,GLOSS(2:3:3),61,18,0.5048,100.0,1.1548268795013428,1.2432773904934589
QM9-gap-55k,GLOSS(2:3:3),61,19,0.5048,100.0,1.1984949111938477,1.234164636857284
QM9-gap-55k,GLOSS(4:2:2),61,-1,0.209,36.08470181503889,0.0,0.0
QM9-gap-55k,GLOSS(4:2:2),61,0,0.3065,57.15211754537597,1.103896141052246,0.6949508455494684
QM9-gap-55k,GLOSS(4:2:2),61,1,0.3401,64.41227312013828,1.0503780841827393,0.7728437792815623
QM9-gap-55k,GLOSS(4:2:2),61,2,0.3922,75.66983578219532,0.9687600135803223,0.9162691360995766
QM9-gap-55k,GLOSS(4:2:2),61,3,0.5048,100.0,0.9557440280914307,1.0398355440658522
QM9-gap-55k,GLOSS(4:2:2),61,4,0.5048,100.0,1.0006909370422363,1.1837003476447836
QM9-gap-55k,GLOSS(4:2:2),61,5,0.5048,100.0,0.9720358848571777,1.1885326679416448
QM9-gap-55k,GLOSS(4:2:2),61,6,0.5048,100.0,1.0034101009368896,1.1886562784270893
QM9-gap-55k,GLOSS(4:2:2),61,7,0.5048,100.0,0.9958710670471191,1.1572056245701172
QM9-gap-55k,GLOSS(4:2:2),61,8,0.5048,100.0,1.0425751209259033,1.1711116434788695
QM9-gap-55k,GLOSS(4:2:2),61,9,0.5048,100.0,1.0439438819885254,1.1679475558872043
QM9-gap-55k,GLOSS(4:2:2),61,10,0.5048,100.0,1.0230751037597656,1.1781080263230979
QM9-gap-55k,GLOSS(4:2:2),61,11,0.5048,100.0,1.0838420391082764,1.1856068026190834
QM9-gap-55k,GLOSS(4:2:2),61,12,0.5048,100.0,1.1216351985931396,1.2013408247501765
QM9-gap-55k,GLOSS(4:2:2),61,13,0.5048,100.0,1.1386101245880127,1.1851015450849451
QM9-gap-55k,GLOSS(4:2:2),61,14,0.5048,100.0,1.1275291442871094,1.1785624918321547
QM9-gap-55k,GLOSS(4:2:2),61,15,0.5048,100.0,1.1127748489379883,1.1824546073023159
QM9-gap-55k,GLOSS(4:2:2),61,16,0.5048,100.0,1.1673238277435303,1.1850584553307122
QM9-gap-55k,GLOSS(4:2:2),61,17,0.5048,100.0,1.1570172309875488,1.1800572448937205
QM9-gap-55k,GLOSS(4:2:2),61,18,0.5048,100.0,1.1808960437774658,1.168976311540496
QM9-gap-55k,GLOSS(4:2:2),61,19,0.5048,100.0,1.2456440925598145,1.1690842906530197
QM9-gap-55k,GLOSS(6:1:1),61,-1,0.209,36.08470181503889,0.0,0.0
QM9-gap-55k,GLOSS(6:1:1),61,0,0.3065,57.15211754537597,1.1606090068817139,0.5853169744240584
QM9-gap-55k,GLOSS(6:1:1),61,1,0.3353,63.37510803802938,1.078808069229126,0.5926728751775825
QM9-gap-55k,GLOSS(6:1:1),61,2,0.3353,63.37510803802938,1.0639240741729736,0.7224697260120901
QM9-gap-55k,GLOSS(6:1:1),61,3,0.3353,63.37510803802938,1.0850369930267334,0.6893643085806356
QM9-gap-55k,GLOSS(6:1:1),61,4,0.336,63.526361279170274,1.1666910648345947,0.6784198056022319
QM9-gap-55k,GLOSS(6:1:1),61,5,0.3484,66.2057044079516,1.1618549823760986,0.6544537565290394
QM9-gap-55k,GLOSS(6:1:1),61,6,0.4802,94.68452895419188,1.1104488372802734,0.7145884753668316
QM9-gap-55k,GLOSS(6:1:1),61,7,0.4802,94.68452895419188,1.0143060684204102,0.8407710597710019
QM9-gap-55k,GLOSS(6:1:1),61,8,0.4802,94.68452895419188,1.0491998195648193,0.9515951178517094
QM9-gap-55k,GLOSS(6:1:1),61,9,0.4802,94.68452895419188,1.0702970027923584,1.0270660748339644
QM9-gap-55k,GLOSS(6:1:1),61,10,0.5048,100.0,1.0880000591278076,1.0703195372360308
QM9-gap-55k,GLOSS(6:1:1),61,11,0.5048,100.0,1.0939929485321045,1.101224450343151
QM9-gap-55k,GLOSS(6:1:1),61,12,0.5048,100.0,1.118096113204956,1.0930830178205437
QM9-gap-55k,GLOSS(6:1:1),61,13,0.5048,100.0,1.1477158069610596,1.1190171106349411
QM9-gap-55k,GLOSS(6:1:1),61,14,0.5048,100.0,1.1853950023651123,1.1193715848109456
QM9-gap-55k,GLOSS(6:1:1),61,15,0.5048,100.0,1.1424670219421387,1.1378573891988621
QM9-gap-55k,GLOSS(6:1:1),61,16,0.5048,100.0,1.209306240081787,1.135929928424921
QM9-gap-55k,GLOSS(6:1:1),61,17,0.5048,100.0,1.1701347827911377,1.1300242961268605
QM9-gap-55k,GLOSS(6:1:1),61,18,0.5048,100.0,1.2125849723815918,1.1224047718554515
QM9-gap-55k,GLOSS(6:1:1),61,19,0.5048,100.0,1.2016868591308594,1.1132898635581947
QM9-gap-55k,GLOSS(2:3:3),67,-1,0.2096,36.214347450302505,0.0,0.0
QM9-gap-55k,GLOSS(2:3:3),67,0,0.3445,65.36300777873811,0.8754611015319824,0.9403981829440321
QM9-gap-55k,GLOSS(2:3:3),67,1,0.5048,100.0,0.8700649738311768,0.9713165697219153
QM9-gap-55k,GLOSS(2:3:3),67,2,0.5048,100.0,0.9500536918640137,1.0562050106650471
QM9-gap-55k,GLOSS(2:3:3),67,3,0.5048,100.0,0.921367883682251,1.1055834835477483
QM9-gap-55k,GLOSS(2:3:3),67,4,0.5048,100.0,0.9789578914642334,1.1577996586391581
QM9-gap-55k,GLOSS(2:3:3),67,5,0.5048,100.0,0.9385478496551514,1.1823961804724776
QM9-gap-55k,GLOSS(2:3:3),67,6,0.5048,100.0,0.9718849658966064,1.235093800839018
QM9-gap-55k,GLOSS(2:3:3),67,7,0.5048,100.0,0.9930820465087891,1.2240102428447244
QM9-gap-55k,GLOSS(2:3:3),67,8,0.5048,100.0,1.0115571022033691,1.2265519285293647
QM9-gap-55k,GLOSS(2:3:3),67,9,0.5048,100.0,1.0593838691711426,1.2147593143495008
QM9-gap-55k,GLOSS(2:3:3),67,10,0.5048,100.0,1.0468649864196777,1.2046795043721585
QM9-gap-55k,GLOSS(2:3:3),67,11,0.5048,100.0,1.1334960460662842,1.210814210008261
QM9-gap-55k,GLOSS(2:3:3),67,12,0.5048,100.0,1.0774400234222412,1.1994917377516963
QM9-gap-55k,GLOSS(2:3:3),67,13,0.5048,100.0,1.0946416854858398,1.2078809534488744
QM9-gap-55k,GLOSS(2:3:3),67,14,0.5048,100.0,1.0879120826721191,1.2280221916332261
QM9-gap-55k,GLOSS(2:3:3),67,15,0.5048,100.0,1.1191718578338623,1.227829918189182
QM9-gap-55k,GLOSS(2:3:3),67,16,0.5048,100.0,1.1233489513397217,1.2271188438732732
QM9-gap-55k,GLOSS(2:3:3),67,17,0.5048,100.0,1.1767847537994385,1.234675900384304
QM9-gap-55k,GLOSS(2:3:3),67,18,0.5048,100.0,1.1561598777770996,1.2250099050840677
QM9-gap-55k,GLOSS(2:3:3),67,19,0.5048,100.0,1.1541142463684082,1.2448512088463501
QM9-gap-55k,GLOSS(4:2:2),67,-1,0.2096,36.214347450302505,0.0,0.0
QM9-gap-55k,GLOSS(4:2:2),67,0,0.3468,65.8599827139153,0.9136288166046143,0.8417476724198201
QM9-gap-55k,GLOSS(4:2:2),67,1,0.5048,100.0,0.8667230606079102,0.9783484248833265
QM9-gap-55k,GLOSS(4:2:2),67,2,0.5048,100.0,0.8936221599578857,1.095594866442676
QM9-gap-55k,GLOSS(4:2:2),67,3,0.5048,100.0,0.8826351165771484,1.1815871422373718
QM9-gap-55k,GLOSS(4:2:2),67,4,0.5048,100.0,0.9508981704711914,1.2092389289622314
QM9-gap-55k,GLOSS(4:2:2),67,5,0.5048,100.0,0.9878158569335938,1.200302445010456
QM9-gap-55k,GLOSS(4:2:2),67,6,0.5048,100.0,0.988288164138794,1.2489114843148064
QM9-gap-55k,GLOSS(4:2:2),67,7,0.5048,100.0,1.0137848854064941,1.2415595806469937
QM9-gap-55k,GLOSS(4:2:2),67,8,0.5048,100.0,1.0758419036865234,1.2119254070422347
QM9-gap-55k,GLOSS(4:2:2),67,9,0.5048,100.0,1.1222691535949707,1.1976461022085094
QM9-gap-55k,GLOSS(4:2:2),67,10,0.5048,100.0,1.0606589317321777,1.175659824499321
QM9-gap-55k,GLOSS(4:2:2),67,11,0.5048,100.0,1.077847957611084,1.2155911979745684
QM9-gap-55k,GLOSS(4:2:2),67,12,0.5048,100.0,1.1204867362976074,1.2044050877182706
QM9-gap-55k,GLOSS(4:2:2),67,13,0.5048,100.0,1.2544949054718018,1.1963091601740863
QM9-gap-55k,GLOSS(4:2:2),67,14,0.5048,100.0,1.2417049407958984,1.1826831505495614
QM9-gap-55k,GLOSS(4:2:2),67,15,0.5048,100.0,1.1872940063476562,1.182106092112361
QM9-gap-55k,GLOSS(4:2:2),67,16,0.5048,100.0,1.144481897354126,1.1749610478919406
QM9-gap-55k,GLOSS(4:2:2),67,17,0.5048,100.0,1.1604230403900146,1.1642653733952417
QM9-gap-55k,GLOSS(4:2:2),67,18,0.5048,100.0,1.1874339580535889,1.1555545769799342
QM9-gap-55k,GLOSS(4:2:2),67,19,0.5048,100.0,1.264995813369751,1.1465988833392968
QM9-gap-55k,GLOSS(6:1:1),67,-1,0.2096,36.214347450302505,0.0,0.0
QM9-gap-55k,GLOSS(6:1:1),67,0,0.3468,65.8599827139153,0.9202210903167725,0.7942054576453605
QM9-gap-55k,GLOSS(6:1:1),67,1,0.5048,100.0,0.8691949844360352,1.012069592576767
QM9-gap-55k,GLOSS(6:1:1),67,2,0.5048,100.0,0.8862719535827637,1.0829267521122772
QM9-gap-55k,GLOSS(6:1:1),67,3,0.5048,100.0,0.9136860370635986,1.2393570425304317
QM9-gap-55k,GLOSS(6:1:1),67,4,0.5048,100.0,0.9799981117248535,1.2477480214572598
QM9-gap-55k,GLOSS(6:1:1),67,5,0.5048,100.0,0.9821839332580566,1.203121927155185
QM9-gap-55k,GLOSS(6:1:1),67,6,0.5048,100.0,1.0815269947052002,1.187471624184936
QM9-gap-55k,GLOSS(6:1:1),67,7,0.5048,100.0,0.9909250736236572,1.178300909450597
QM9-gap-55k,GLOSS(6:1:1),67,8,0.5048,100.0,1.0253899097442627,1.2567663719264701
QM9-gap-55k,GLOSS(6:1:1),67,9,0.5048,100.0,1.052328109741211,1.2277669151218091
QM9-gap-55k,GLOSS(6:1:1),67,10,0.5048,100.0,1.0921680927276611,1.2316250465607994
QM9-gap-55k,GLOSS(6:1:1),67,11,0.5048,100.0,1.097433090209961,1.214115477194495
QM9-gap-55k,GLOSS(6:1:1),67,12,0.5048,100.0,1.1126141548156738,1.185372536087953
QM9-gap-55k,GLOSS(6:1:1),67,13,0.5048,100.0,1.1132841110229492,1.1622421592643803
QM9-gap-55k,GLOSS(6:1:1),67,14,0.5048,100.0,1.1276609897613525,1.157632799353024
QM9-gap-55k,GLOSS(6:1:1),67,15,0.5048,100.0,1.1602261066436768,1.1345092292587426
QM9-gap-55k,GLOSS(6:1:1),67,16,0.5048,100.0,1.182689905166626,1.127083726128455
QM9-gap-55k,GLOSS(6:1:1),67,17,0.5048,100.0,1.1324520111083984,1.1105565480646717
QM9-gap-55k,GLOSS(6:1:1),67,18,0.5048,100.0,1.1432077884674072,1.1012607911052266
QM9-gap-55k,GLOSS(6:1:1),67,19,0.5048,100.0,1.1641054153442383,1.0911797470917095
QM9-gap-60k,GLOSS(2:3:3),47,-1,0.2004,34.22644770959377,0.0,0.0
QM9-gap-60k,GLOSS(2:3:3),47,0,0.227,39.97407087294727,1.0661201477050781,0.6872074184337672
QM9-gap-60k,GLOSS(2:3:3),47,1,0.3371,63.76404494382022,0.9781420230865479,0.9259528060891185
QM9-gap-60k,GLOSS(2:3:3),47,2,0.3824,73.55229040622298,1.0398828983306885,0.9982321502148983
QM9-gap-60k,GLOSS(2:3:3),47,3,0.3824,73.55229040622298,1.0562520027160645,0.9900593978166092
QM9-gap-60k,GLOSS(2:3:3),47,4,0.3824,73.55229040622298,1.0152490139007568,0.9812849418953543
QM9-gap-60k,GLOSS(2:3:3),47,5,0.3824,73.55229040622298,1.0594918727874756,0.9648830228884524
QM9-gap-60k,GLOSS(2:3:3),47,6,0.3824,73.55229040622298,1.121047019958496,0.9812557517784902
QM9-gap-60k,GLOSS(2:3:3),47,7,0.3901,75.21607605877269,1.148813247680664,0.9933833582472229
QM9-gap-60k,GLOSS(2:3:3),47,8,0.5048,100.0,1.101280927658081,1.0652279433964251
QM9-gap-60k,GLOSS(2:3:3),47,9,0.5048,100.0,1.1133649349212646,1.1400882221806956
QM9-gap-60k,GLOSS(2:3:3),47,10,0.5048,100.0,1.0987589359283447,1.1566720304482787
QM9-gap-60k,GLOSS(2:3:3),47,11,0.5048,100.0,1.1619830131530762,1.1680737698996293
QM9-gap-60k,GLOSS(2:3:3),47,12,0.5048,100.0,1.2524771690368652,1.1886738023090808
QM9-gap-60k,GLOSS(2:3:3),47,13,0.5048,100.0,1.2246451377868652,1.173778003290805
QM9-gap-60k,GLOSS(2:3:3),47,14,0.5048,100.0,1.2133843898773193,1.2065472679415086
QM9-gap-60k,GLOSS(2:3:3),47,15,0.5048,100.0,1.2324109077453613,1.2072239710745907
QM9-gap-60k,GLOSS(2:3:3),47,16,0.5048,100.0,1.2355871200561523,1.198575135384152
QM9-gap-60k,GLOSS(2:3:3),47,17,0.5048,100.0,1.259286880493164,1.2061474969431565
QM9-gap-60k,GLOSS(2:3:3),47,18,0.5048,100.0,1.2959671020507812,1.212381080749276
QM9-gap-60k,GLOSS(2:3:3),47,19,0.5048,100.0,1.3019702434539795,1.2053150165916477
QM9-gap-60k,GLOSS(4:2:2),47,-1,0.2004,34.22644770959377,0.0,0.0
QM9-gap-60k,GLOSS(4:2:2),47,0,0.2213,38.742437337942945,1.1045360565185547,0.5687397175709159
QM9-gap-60k,GLOSS(4:2:2),47,1,0.2441,43.66897147796024,1.0569484233856201,0.677395531772738
QM9-gap-60k,GLOSS(4:2:2),47,2,0.2787,51.14520311149524,1.144516944885254,0.6983916547346782
QM9-gap-60k,GLOSS(4:2:2),47,3,0.2859,52.70095073465859,1.0797009468078613,0.8216594195400468
QM9-gap-60k,GLOSS(4:2:2),47,4,0.3341,63.11581676750217,1.1121230125427246,0.8489394030080154
QM9-gap-60k,GLOSS(4:2:2),47,5,0.3341,63.11581676750217,1.122732162475586,0.9361167005237501
QM9-gap-60k,GLOSS(4:2:2),47,6,0.352,66.98357821953327,1.136775016784668,1.0175184167230453
QM9-gap-60k,GLOSS(4:2:2),47,7,0.378,72.60155574762315,1.1237261295318604,1.0900744389830848
QM9-gap-60k,GLOSS(4:2:2),47,8,0.3901,75.21607605877269,1.1158990859985352,1.1402563356143243
QM9-gap-60k,GLOSS(4:2:2),47,9,0.4306,83.96715643906654,1.2087268829345703,1.1675157669648732
QM9-gap-60k,GLOSS(4:2:2),47,10,0.5048,100.0,1.2317149639129639,1.2294753273908203
QM9-gap-60k,GLOSS(4:2:2),47,11,0.5048,100.0,1.1622772216796875,1.2797464969771097
QM9-gap-60k,GLOSS(4:2:2),47,12,0.5048,100.0,1.1852450370788574,1.2662906001591738
QM9-gap-60k,GLOSS(4:2:2),47,13,0.5048,100.0,1.2012150287628174,1.2857199208469736
QM9-gap-60k,GLOSS(4:2:2),47,14,0.5048,100.0,1.2309539318084717,1.3029668904055103
QM9-gap-60k,GLOSS(4:2:2),47,15,0.5048,100.0,1.242034912109375,1.2937242436681737
QM9-gap-60k,GLOSS(4:2:2),47,16,0.5048,100.0,1.2861859798431396,1.293756329634085
QM9-gap-60k,GLOSS(4:2:2),47,17,0.5048,100.0,1.293639898300171,1.289305676028335
QM9-gap-60k,GLOSS(4:2:2),47,18,0.5048,100.0,1.2707791328430176,1.2915547445326174
QM9-gap-60k,GLOSS(4:2:2),47,19,0.5048,100.0,1.3173251152038574,1.2890386429712086
QM9-gap-60k,GLOSS(6:1:1),47,-1,0.2004,34.22644770959377,0.0,0.0
QM9-gap-60k,GLOSS(6:1:1),47,0,0.2213,38.742437337942945,1.2075960636138916,0.48209516176919925
QM9-gap-60k,GLOSS(6:1:1),47,1,0.2675,48.72515125324114,1.3498671054840088,0.5579043909968384
QM9-gap-60k,GLOSS(6:1:1),47,2,0.2829,52.05272255834053,1.147209882736206,0.5618613580628393
QM9-gap-60k,GLOSS(6:1:1),47,3,0.2861,52.74416594641313,1.1334762573242188,0.7624679775621209
QM9-gap-60k,GLOSS(6:1:1),47,4,0.2861,52.74416594641313,1.059380054473877,0.8548560092760625
QM9-gap-60k,GLOSS(6:1:1),47,5,0.2861,52.74416594641313,1.0709147453308105,0.8705795388828794
QM9-gap-60k,GLOSS(6:1:1),47,6,0.287,52.93863439930855,1.1051099300384521,0.9006434632525049
QM9-gap-60k,GLOSS(6:1:1),47,7,0.2907,53.7381158167675,1.1105167865753174,0.9371655200217438
QM9-gap-60k,GLOSS(6:1:1),47,8,0.3163,59.26966292134832,1.1186580657958984,0.9204474363931
QM9-gap-60k,GLOSS(6:1:1),47,9,0.3325,62.77009507346586,1.192420244216919,0.9311984079932782
QM9-gap-60k,GLOSS(6:1:1),47,10,0.3411,64.62834917891098,1.2364411354064941,0.9703793905953433
QM9-gap-60k,GLOSS(6:1:1),47,11,0.3698,70.82973206568712,1.2115070819854736,1.0074210828316925
QM9-gap-60k,GLOSS(6:1:1),47,12,0.3698,70.82973206568712,1.2274870872497559,1.0531047811138867
QM9-gap-60k,GLOSS(6:1:1),47,13,0.379,72.81763180639584,1.3085477352142334,1.0854251095417007
QM9-gap-60k,GLOSS(6:1:1),47,14,0.3901,75.21607605877269,1.2761929035186768,1.1154759251412463
QM9-gap-60k,GLOSS(6:1:1),47,15,0.4128,80.1210025929127,1.223207950592041,1.1353152357854066
QM9-gap-60k,GLOSS(6:1:1),47,16,0.462,90.75194468452895,1.2733268737792969,1.155127565666807
QM9-gap-60k,GLOSS(6:1:1),47,17,0.5048,100.0,1.2424561977386475,1.1793672068231915
QM9-gap-60k,GLOSS(6:1:1),47,18,0.5048,100.0,1.2656030654907227,1.2153858461219336
QM9-gap-60k,GLOSS(6:1:1),47,19,0.5048,100.0,1.2463171482086182,1.2314905066227502
QM9-gap-60k,GLOSS(2:3:3),53,-1,0.2049,35.19878997407086,0.0,0.0
QM9-gap-60k,GLOSS(2:3:3),53,0,0.292,54.01901469317198,1.0839753150939941,0.8495365864328457
QM9-gap-60k,GLOSS(2:3:3),53,1,0.3444,65.34140017286084,1.0845990180969238,0.8405078194063444
QM9-gap-60k,GLOSS(2:3:3),53,2,0.3444,65.34140017286084,1.0323748588562012,0.9110926312462599
QM9-gap-60k,GLOSS(2:3:3),53,3,0.3595,68.60414866032843,1.0683188438415527,0.9614797095140254
QM9-gap-60k,GLOSS(2:3:3),53,4,0.4306,83.96715643906654,1.10506010055542,1.0371176480849287
QM9-gap-60k,GLOSS(2:3:3),53,5,0.5048,100.0,1.0849709510803223,1.153807619725364
QM9-gap-60k,GLOSS(2:3:3),53,6,0.5048,100.0,1.102140188217163,1.24986651298783
QM9-gap-60k,GLOSS(2:3:3),53,7,0.5048,100.0,1.1388359069824219,1.2543540923083158
QM9-gap-60k,GLOSS(2:3:3),53,8,0.5048,100.0,1.1262669563293457,1.229567209910632
QM9-gap-60k,GLOSS(2:3:3),53,9,0.5048,100.0,1.1371150016784668,1.2113413507651496
QM9-gap-60k,GLOSS(2:3:3),53,10,0.5048,100.0,1.2026870250701904,1.189151599361175
QM9-gap-60k,GLOSS(2:3:3),53,11,0.5048,100.0,1.1811902523040771,1.196400789432478
QM9-gap-60k,GLOSS(2:3:3),53,12,0.5048,100.0,1.2307078838348389,1.1935231695786828
QM9-gap-60k,GLOSS(2:3:3),53,13,0.5048,100.0,1.2307178974151611,1.1960633301572048
QM9-gap-60k,GLOSS(2:3:3),53,14,0.5048,100.0,1.2450311183929443,1.2124976273266466
QM9-gap-60k,GLOSS(2:3:3),53,15,0.5048,100.0,1.2878050804138184,1.2079785138949655
QM9-gap-60k,GLOSS(2:3:3),53,16,0.5048,100.0,1.2658538818359375,1.198977279502195
QM9-gap-60k,GLOSS(2:3:3),53,17,0.5048,100.0,1.2858030796051025,1.2029100718531296
QM9-gap-60k,GLOSS(2:3:3),53,18,0.5048,100.0,1.2650818824768066,1.2154438486317396
QM9-gap-60k,GLOSS(2:3:3),53,19,0.5048,100.0,1.2983429431915283,1.2097912172905139
QM9-gap-60k,GLOSS(4:2:2),53,-1,0.2049,35.19878997407086,0.0,0.0
QM9-gap-60k,GLOSS(4:2:2),53,0,0.292,54.01901469317198,1.119459867477417,0.8928991337469684
QM9-gap-60k,GLOSS(4:2:2),53,1,0.462,90.75194468452895,1.0184731483459473,1.0146194063072072
QM9-gap-60k,GLOSS(4:2:2),53,2,0.4802,94.68452895419188,1.05029296875,1.0366957971375268
QM9-gap-60k,GLOSS(4:2:2),53,3,0.5048,100.0,1.043081283569336,1.2340164557491424
QM9-gap-60k,GLOSS(4:2:2),53,4,0.5048,100.0,1.022770881652832,1.3135443799255193
QM9-gap-60k,GLOSS(4:2:2),53,5,0.5048,100.0,1.0962731838226318,1.2391687465488799
QM9-gap-60k,GLOSS(4:2:2),53,6,0.5048,100.0,1.121419906616211,1.2439749375993276
QM9-gap-60k,GLOSS(4:2:2),53,7,0.5048,100.0,1.1538472175598145,1.2161614793605808
QM9-gap-60k,GLOSS(4:2:2),53,8,0.5048,100.0,1.1465551853179932,1.2278470807095931
QM9-gap-60k,GLOSS(4:2:2),53,9,0.5048,100.0,1.2280750274658203,1.215519930810759
QM9-gap-60k,GLOSS(4:2:2),53,10,0.5048,100.0,1.179506778717041,1.249897975544473
QM9-gap-60k,GLOSS(4:2:2),53,11,0.5048,100.0,1.177767038345337,1.2712272862036638
QM9-gap-60k,GLOSS(4:2:2),53,12,0.5048,100.0,1.2216501235961914,1.2613932945466777
QM9-gap-60k,GLOSS(4:2:2),53,13,0.5048,100.0,1.201267957687378,1.2491726890405244
QM9-gap-60k,GLOSS(4:2:2),53,14,0.5048,100.0,1.2445011138916016,1.2380929887170105
QM9-gap-60k,GLOSS(4:2:2),53,15,0.5048,100.0,1.2684009075164795,1.2436114426356526
QM9-gap-60k,GLOSS(4:2:2),53,16,0.5048,100.0,1.2332851886749268,1.2375262085781953
QM9-gap-60k,GLOSS(4:2:2),53,17,0.5048,100.0,1.23292875289917,1.235962187572436
QM9-gap-60k,GLOSS(4:2:2),53,18,0.5048,100.0,1.283322811126709,1.2266633136668912
QM9-gap-60k,GLOSS(4:2:2),53,19,0.5048,100.0,1.3001508712768555,1.2188363529288335
QM9-gap-60k,GLOSS(6:1:1),53,-1,0.2049,35.19878997407086,0.0,0.0
QM9-gap-60k,GLOSS(6:1:1),53,0,0.2674,48.70354364736387,1.1216320991516113,0.6201203642232892
QM9-gap-60k,GLOSS(6:1:1),53,1,0.3891,75.0,1.0056037902832031,1.0783075289910684
QM9-gap-60k,GLOSS(6:1:1),53,2,0.3922,75.66983578219532,1.0348269939422607,1.1722032296527625
QM9-gap-60k,GLOSS(6:1:1),53,3,0.5048,100.0,1.0519318580627441,1.2764356310292222
QM9-gap-60k,GLOSS(6:1:1),53,4,0.5048,100.0,1.0944387912750244,1.308287269959242
QM9-gap-60k,GLOSS(6:1:1),53,5,0.5048,100.0,1.123668909072876,1.3224520591168094
QM9-gap-60k,GLOSS(6:1:1),53,6,0.5048,100.0,1.0934209823608398,1.294964611672594
QM9-gap-60k,GLOSS(6:1:1),53,7,0.5048,100.0,1.1023428440093994,1.2879818397024299
QM9-gap-60k,GLOSS(6:1:1),53,8,0.5048,100.0,1.1345088481903076,1.255095771340536
QM9-gap-60k,GLOSS(6:1:1),53,9,0.5048,100.0,1.15932297706604,1.2416926151242158
QM9-gap-60k,GLOSS(6:1:1),53,10,0.5048,100.0,1.1819820404052734,1.2852664160940497
QM9-gap-60k,GLOSS(6:1:1),53,11,0.5048,100.0,1.198343276977539,1.2690044772565707
QM9-gap-60k,GLOSS(6:1:1),53,12,0.5048,100.0,1.189486026763916,1.2451721272653429
QM9-gap-60k,GLOSS(6:1:1),53,13,0.5048,100.0,1.2192833423614502,1.2418847715432915
QM9-gap-60k,GLOSS(6:1:1),53,14,0.5048,100.0,1.1981918811798096,1.2217127076362502
QM9-gap-60k,GLOSS(6:1:1),53,15,0.5048,100.0,1.2553861141204834,1.2305440498302946
QM9-gap-60k,GLOSS(6:1:1),53,16,0.5048,100.0,1.2632758617401123,1.2351300971704167
QM9-gap-60k,GLOSS(6:1:1),53,17,0.5048,100.0,1.2684717178344727,1.227736073241478
QM9-gap-60k,GLOSS(6:1:1),53,18,0.5048,100.0,1.244654893875122,1.2218567022914615
QM9-gap-60k,GLOSS(6:1:1),53,19,0.5048,100.0,1.2761738300323486,1.2240362029722043
QM9-gap-60k,GLOSS(2:3:3),59,-1,0.2091,36.10630942091616,0.0,0.0
QM9-gap-60k,GLOSS(2:3:3),59,0,0.2528,45.548833189282625,0.9964709281921387,0.6625814568467404
QM9-gap-60k,GLOSS(2:3:3),59,1,0.5048,100.0,1.0068788528442383,1.3487794748705682
QM9-gap-60k,GLOSS(2:3:3),59,2,0.5048,100.0,1.019737958908081,1.3806191520600302
QM9-gap-60k,GLOSS(2:3:3),59,3,0.5048,100.0,1.0606279373168945,1.3016978235635457
QM9-gap-60k,GLOSS(2:3:3),59,4,0.5048,100.0,1.0627529621124268,1.3196339826728027
QM9-gap-60k,GLOSS(2:3:3),59,5,0.5048,100.0,1.0555760860443115,1.3723666298208816
QM9-gap-60k,GLOSS(2:3:3),59,6,0.5048,100.0,1.0897982120513916,1.3687030615554368
QM9-gap-60k,GLOSS(2:3:3),59,7,0.5048,100.0,1.1385910511016846,1.3335670367766181
QM9-gap-60k,GLOSS(2:3:3),59,8,0.5048,100.0,1.156810998916626,1.3141756216968181
QM9-gap-60k,GLOSS(2:3:3),59,9,0.5048,100.0,1.140488862991333,1.3126072955570671
QM9-gap-60k,GLOSS(2:3:3),59,10,0.5048,100.0,1.1535029411315918,1.3129270506644275
QM9-gap-60k,GLOSS(2:3:3),59,11,0.5048,100.0,1.1564490795135498,1.3031149886612727
QM9-gap-60k,GLOSS(2:3:3),59,12,0.5048,100.0,1.193328857421875,1.3020351119244866
QM9-gap-60k,GLOSS(2:3:3),59,13,0.5048,100.0,1.233293056488037,1.2804886444359564
QM9-gap-60k,GLOSS(2:3:3),59,14,0.5048,100.0,1.2565560340881348,1.275636813135017
QM9-gap-60k,GLOSS(2:3:3),59,15,0.5048,100.0,1.2553808689117432,1.2740808339444984
QM9-gap-60k,GLOSS(2:3:3),59,16,0.5048,100.0,1.2367353439331055,1.261987947654201
QM9-gap-60k,GLOSS(2:3:3),59,17,0.5048,100.0,1.254302978515625,1.2485820569426251
QM9-gap-60k,GLOSS(2:3:3),59,18,0.5048,100.0,1.3053560256958008,1.2415835521662983
QM9-gap-60k,GLOSS(2:3:3),59,19,0.5048,100.0,1.3064641952514648,1.2386312366699777
QM9-gap-60k,GLOSS(4:2:2),59,-1,0.2091,36.10630942091616,0.0,0.0
QM9-gap-60k,GLOSS(4:2:2),59,0,0.2378,42.3076923076923,1.0284521579742432,0.4590312166517373
QM9-gap-60k,GLOSS(4:2:2),59,1,0.3782,72.6447709593777,1.0838730335235596,0.9101013669983434
QM9-gap-60k,GLOSS(4:2:2),59,2,0.3782,72.6447709593777,1.0629639625549316,1.128795066186573
QM9-gap-60k,GLOSS(4:2:2),59,3,0.3824,73.55229040622298,1.1085529327392578,1.2300481486750243
QM9-gap-60k,GLOSS(4:2:2),59,4,0.462,90.75194468452895,1.1054139137268066,1.1875343425539069
QM9-gap-60k,GLOSS(4:2:2),59,5,0.5048,100.0,1.1030890941619873,1.317548701899613
QM9-gap-60k,GLOSS(4:2:2),59,6,0.5048,100.0,1.0995850563049316,1.3728398222181648
QM9-gap-60k,GLOSS(4:2:2),59,7,0.5048,100.0,1.0912549495697021,1.3361506403003913
QM9-gap-60k,GLOSS(4:2:2),59,8,0.5048,100.0,1.0948522090911865,1.3200025638039776
QM9-gap-60k,GLOSS(4:2:2),59,9,0.5048,100.0,1.1543011665344238,1.2906975966575853
QM9-gap-60k,GLOSS(4:2:2),59,10,0.5048,100.0,1.191068172454834,1.2735227717084232
QM9-gap-60k,GLOSS(4:2:2),59,11,0.5048,100.0,1.1894211769104004,1.2627568800202082
QM9-gap-60k,GLOSS(4:2:2),59,12,0.5048,100.0,1.1744258403778076,1.2599102760983334
QM9-gap-60k,GLOSS(4:2:2),59,13,0.5048,100.0,1.215099811553955,1.2562943519672927
QM9-gap-60k,GLOSS(4:2:2),59,14,0.5048,100.0,1.213028907775879,1.2396949202337704
QM9-gap-60k,GLOSS(4:2:2),59,15,0.5048,100.0,1.2084400653839111,1.2399704611534665
QM9-gap-60k,GLOSS(4:2:2),59,16,0.5048,100.0,1.2492311000823975,1.2477935595449603
QM9-gap-60k,GLOSS(4:2:2),59,17,0.5048,100.0,1.2938568592071533,1.2418747404039097
QM9-gap-60k,GLOSS(4:2:2),59,18,0.5048,100.0,1.3048241138458252,1.2398313672837065
QM9-gap-60k,GLOSS(4:2:2),59,19,0.5048,100.0,1.2644908428192139,1.2283005419344395
QM9-gap-60k,GLOSS(6:1:1),59,-1,0.2091,36.10630942091616,0.0,0.0
QM9-gap-60k,GLOSS(6:1:1),59,0,0.2378,42.3076923076923,1.0257017612457275,0.40775242057341526
QM9-gap-60k,GLOSS(6:1:1),59,1,0.3755,72.06136560069145,1.0511369705200195,1.0209379770187132
QM9-gap-60k,GLOSS(6:1:1),59,2,0.3824,73.55229040622298,1.0025746822357178,1.2333212727147385
QM9-gap-60k,GLOSS(6:1:1),59,3,0.3824,73.55229040622298,1.0130009651184082,1.2117582466114667
QM9-gap-60k,GLOSS(6:1:1),59,4,0.5048,100.0,1.0803918838500977,1.2810884174293176
QM9-gap-60k,GLOSS(6:1:1),59,5,0.5048,100.0,1.0736429691314697,1.335129747314988
QM9-gap-60k,GLOSS(6:1:1),59,6,0.5048,100.0,1.0617311000823975,1.3914405404105115
QM9-gap-60k,GLOSS(6:1:1),59,7,0.5048,100.0,1.1339781284332275,1.4108033609955084
QM9-gap-60k,GLOSS(6:1:1),59,8,0.5048,100.0,1.1201579570770264,1.361208917049325
QM9-gap-60k,GLOSS(6:1:1),59,9,0.5048,100.0,1.134727954864502,1.3226168119878754
QM9-gap-60k,GLOSS(6:1:1),59,10,0.5048,100.0,1.1597118377685547,1.318880794774365
QM9-gap-60k,GLOSS(6:1:1),59,11,0.5048,100.0,1.173557996749878,1.299557974812328
QM9-gap-60k,GLOSS(6:1:1),59,12,0.5048,100.0,1.212169885635376,1.2815961421536517
QM9-gap-60k,GLOSS(6:1:1),59,13,0.5048,100.0,1.2253131866455078,1.265728100053756
QM9-gap-60k,GLOSS(6:1:1),59,14,0.5048,100.0,1.2431411743164062,1.251971608317047
QM9-gap-60k,GLOSS(6:1:1),59,15,0.5048,100.0,1.2191619873046875,1.239330094123108
QM9-gap-60k,GLOSS(6:1:1),59,16,0.5048,100.0,1.2759652137756348,1.2303924880811727
QM9-gap-60k,GLOSS(6:1:1),59,17,0.5048,100.0,1.2778480052947998,1.2259225604753097
QM9-gap-60k,GLOSS(6:1:1),59,18,0.5048,100.0,1.2846729755401611,1.2071538343328898
QM9-gap-60k,GLOSS(6:1:1),59,19,0.5048,100.0,1.2760603427886963,1.18970646409297
QM9-gap-60k,GLOSS(2:3:3),61,-1,0.2073,35.71737251512532,0.0,0.0
QM9-gap-60k,GLOSS(2:3:3),61,0,0.2902,53.63007778738116,0.9743850231170654,1.0121806851986184
QM9-gap-60k,GLOSS(2:3:3),61,1,0.3166,59.33448573898011,1.0186848640441895,1.020331839782116
QM9-gap-60k,GLOSS(2:3:3),61,2,0.3901,75.21607605877269,1.0065081119537354,1.0880477577292353
QM9-gap-60k,GLOSS(2:3:3),61,3,0.5048,100.0,1.008390188217163,1.270290209162375
QM9-gap-60k,GLOSS(2:3:3),61,4,0.5048,100.0,1.0477879047393799,1.3616195289574669
QM9-gap-60k,GLOSS(2:3:3),61,5,0.5048,100.0,1.1173028945922852,1.3191004555713859
QM9-gap-60k,GLOSS(2:3:3),61,6,0.5048,100.0,1.0362839698791504,1.3093023853936243
QM9-gap-60k,GLOSS(2:3:3),61,7,0.5048,100.0,1.0782949924468994,1.2805483953170986
QM9-gap-60k,GLOSS(2:3:3),61,8,0.5048,100.0,1.0751008987426758,1.30294942123566
QM9-gap-60k,GLOSS(2:3:3),61,9,0.5048,100.0,1.046220064163208,1.312241193222339
QM9-gap-60k,GLOSS(2:3:3),61,10,0.5048,100.0,1.0843467712402344,1.322252937319221
QM9-gap-60k,GLOSS(2:3:3),61,11,0.5048,100.0,1.1375579833984375,1.3085162947046411
QM9-gap-60k,GLOSS(2:3:3),61,12,0.5048,100.0,1.2008228302001953,1.2917558794135129
QM9-gap-60k,GLOSS(2:3:3),61,13,0.5048,100.0,1.1949880123138428,1.2833083984726372
QM9-gap-60k,GLOSS(2:3:3),61,14,0.5048,100.0,1.2134060859680176,1.2788539579982252
QM9-gap-60k,GLOSS(2:3:3),61,15,0.5048,100.0,1.229142665863037,1.2655332778090609
QM9-gap-60k,GLOSS(2:3:3),61,16,0.5048,100.0,1.2659811973571777,1.2768849289773883
QM9-gap-60k,GLOSS(2:3:3),61,17,0.5048,100.0,1.2571852207183838,1.272402340965794
QM9-gap-60k,GLOSS(2:3:3),61,18,0.5048,100.0,1.267930030822754,1.2668220407392576
QM9-gap-60k,GLOSS(2:3:3),61,19,0.5048,100.0,1.2889552116394043,1.2635278061352233
QM9-gap-60k,GLOSS(4:2:2),61,-1,0.2073,35.71737251512532,0.0,0.0
QM9-gap-60k,GLOSS(4:2:2),61,0,0.2902,53.63007778738116,0.991563081741333,0.9782842409677038
QM9-gap-60k,GLOSS(4:2:2),61,1,0.3891,75.0,0.9814658164978027,1.1251246679383513
QM9-gap-60k,GLOSS(4:2:2),61,2,0.4179,81.22299049265341,1.0033388137817383,1.2388190733131874
QM9-gap-60k,GLOSS(4:2:2),61,3,0.5048,100.0,1.0275261402130127,1.3305830505534497
QM9-gap-60k,GLOSS(4:2:2),61,4,0.5048,100.0,1.0257890224456787,1.4205694656430021
QM9-gap-60k,GLOSS(4:2:2),61,5,0.5048,100.0,1.0758388042449951,1.3855428534666054
QM9-gap-60k,GLOSS(4:2:2),61,6,0.5048,100.0,1.152480125427246,1.3280381939635093
QM9-gap-60k,GLOSS(4:2:2),61,7,0.5048,100.0,1.091966152191162,1.316412241707346
QM9-gap-60k,GLOSS(4:2:2),61,8,0.5048,100.0,1.1450998783111572,1.3026908648092388
QM9-gap-60k,GLOSS(4:2:2),61,9,0.5048,100.0,1.138272762298584,1.280781170147453
QM9-gap-60k,GLOSS(4:2:2),61,10,0.5048,100.0,1.1747379302978516,1.2547265132236312
QM9-gap-60k,GLOSS(4:2:2),61,11,0.5048,100.0,1.2015609741210938,1.243124476585592
QM9-gap-60k,GLOSS(4:2:2),61,12,0.5048,100.0,1.2591509819030762,1.2303478977431455
QM9-gap-60k,GLOSS(4:2:2),61,13,0.5048,100.0,1.2854561805725098,1.2160793451389107
QM9-gap-60k,GLOSS(4:2:2),61,14,0.5048,100.0,1.2823619842529297,1.2093917766905211
QM9-gap-60k,GLOSS(4:2:2),61,15,0.5048,100.0,1.2752799987792969,1.2075397480139753
QM9-gap-60k,GLOSS(4:2:2),61,16,0.5048,100.0,1.3042070865631104,1.206604288905117
QM9-gap-60k,GLOSS(4:2:2),61,17,0.5048,100.0,1.2564258575439453,1.2148213706256545
QM9-gap-60k,GLOSS(4:2:2),61,18,0.5048,100.0,1.2883548736572266,1.193180440709514
QM9-gap-60k,GLOSS(4:2:2),61,19,0.5048,100.0,1.3189470767974854,1.1855357530806994
QM9-gap-60k,GLOSS(6:1:1),61,-1,0.2073,35.71737251512532,0.0,0.0
QM9-gap-60k,GLOSS(6:1:1),61,0,0.291,53.8029386343993,1.0001599788665771,0.6520252610670394
QM9-gap-60k,GLOSS(6:1:1),61,1,0.291,53.8029386343993,1.031409740447998,0.9030011625791727
QM9-gap-60k,GLOSS(6:1:1),61,2,0.291,53.8029386343993,1.0572001934051514,0.8190277366762196
QM9-gap-60k,GLOSS(6:1:1),61,3,0.291,53.8029386343993,1.1011950969696045,0.809909054692623
QM9-gap-60k,GLOSS(6:1:1),61,4,0.3286,61.92739844425238,1.1235780715942383,0.7721840143587801
QM9-gap-60k,GLOSS(6:1:1),61,5,0.3354,63.396715643906646,1.1395227909088135,0.8589100784281715
QM9-gap-60k,GLOSS(6:1:1),61,6,0.3387,64.10976663785652,1.2148869037628174,0.8969957700587742
QM9-gap-60k,GLOSS(6:1:1),61,7,0.379,72.81763180639584,1.215440273284912,0.9418605366515586
QM9-gap-60k,GLOSS(6:1:1),61,8,0.3824,73.55229040622298,1.229241132736206,0.9860157490253887
QM9-gap-60k,GLOSS(6:1:1),61,9,0.3824,73.55229040622298,1.2133629322052002,0.989818904078818
QM9-gap-60k,GLOSS(6:1:1),61,10,0.3879,74.74070872947277,1.2204418182373047,1.0131210632238592
QM9-gap-60k,GLOSS(6:1:1),61,11,0.5048,100.0,1.200146198272705,1.1069592662416665
QM9-gap-60k,GLOSS(6:1:1),61,12,0.5048,100.0,1.1917939186096191,1.1683124852478595
QM9-gap-60k,GLOSS(6:1:1),61,13,0.5048,100.0,1.2166521549224854,1.173469089401637
QM9-gap-60k,GLOSS(6:1:1),61,14,0.5048,100.0,1.258589744567871,1.1734283371383856
QM9-gap-60k,GLOSS(6:1:1),61,15,0.5048,100.0,1.319695234298706,1.1892288874357346
QM9-gap-60k,GLOSS(6:1:1),61,16,0.5048,100.0,1.2867860794067383,1.2145889136204913
QM9-gap-60k,GLOSS(6:1:1),61,17,0.5048,100.0,1.3283812999725342,1.2134379499389134
QM9-gap-60k,GLOSS(6:1:1),61,18,0.5048,100.0,1.2924389839172363,1.2056495084385255
QM9-gap-60k,GLOSS(6:1:1),61,19,0.5048,100.0,1.3592808246612549,1.1989809037362933
QM9-gap-60k,GLOSS(2:3:3),67,-1,0.2089,36.06309420916162,0.0,0.0
QM9-gap-60k,GLOSS(2:3:3),67,0,0.308,57.476231633535,1.1255371570587158,0.4962802387878689
QM9-gap-60k,GLOSS(2:3:3),67,1,0.3167,59.356093344857385,1.181933879852295,0.7552192781573491
QM9-gap-60k,GLOSS(2:3:3),67,2,0.3183,59.70181503889369,1.1286680698394775,0.971742445078108
QM9-gap-60k,GLOSS(2:3:3),67,3,0.3297,62.165082108902325,1.0866000652313232,1.0022396858666498
QM9-gap-60k,GLOSS(2:3:3),67,4,0.3824,73.55229040622298,1.0410308837890625,1.0901383904747368
QM9-gap-60k,GLOSS(2:3:3),67,5,0.3824,73.55229040622298,1.1403090953826904,1.1398663479207332
QM9-gap-60k,GLOSS(2:3:3),67,6,0.3901,75.21607605877269,1.0926249027252197,1.1490632907472658
QM9-gap-60k,GLOSS(2:3:3),67,7,0.5048,100.0,1.0889389514923096,1.2370417029628284
QM9-gap-60k,GLOSS(2:3:3),67,8,0.5048,100.0,1.0847389698028564,1.2982833510182494
QM9-gap-60k,GLOSS(2:3:3),67,9,0.5048,100.0,1.106989860534668,1.3009015418312728
QM9-gap-60k,GLOSS(2:3:3),67,10,0.5048,100.0,1.1354727745056152,1.2811639805163428
QM9-gap-60k,GLOSS(2:3:3),67,11,0.5048,100.0,1.1189749240875244,1.2743458477201282
QM9-gap-60k,GLOSS(2:3:3),67,12,0.5048,100.0,1.1880228519439697,1.2514558245648062
QM9-gap-60k,GLOSS(2:3:3),67,13,0.5048,100.0,1.205183982849121,1.253794254627368
QM9-gap-60k,GLOSS(2:3:3),67,14,0.5048,100.0,1.209062099456787,1.253746348128082
QM9-gap-60k,GLOSS(2:3:3),67,15,0.5048,100.0,1.2074849605560303,1.2641215323106905
QM9-gap-60k,GLOSS(2:3:3),67,16,0.5048,100.0,1.2727711200714111,1.269037251513796
QM9-gap-60k,GLOSS(2:3:3),67,17,0.5048,100.0,1.2552318572998047,1.2687249105987792
QM9-gap-60k,GLOSS(2:3:3),67,18,0.5048,100.0,1.2970139980316162,1.2576167149163464
QM9-gap-60k,GLOSS(2:3:3),67,19,0.5048,100.0,1.3448009490966797,1.27263743373758
QM9-gap-60k,GLOSS(4:2:2),67,-1,0.2089,36.06309420916162,0.0,0.0
QM9-gap-60k,GLOSS(4:2:2),67,0,0.3111,58.14606741573033,1.0706062316894531,0.423376146323638
QM9-gap-60k,GLOSS(4:2:2),67,1,0.3111,58.14606741573033,1.1857600212097168,0.7932228016945685
QM9-gap-60k,GLOSS(4:2:2),67,2,0.3193,59.91789109766638,1.3227479457855225,0.7733853607862313
QM9-gap-60k,GLOSS(4:2:2),67,3,0.3254,61.23595505617978,1.2889511585235596,0.8996578268156552
QM9-gap-60k,GLOSS(4:2:2),67,4,0.3316,62.57562662057043,1.2089488506317139,0.9259481828959022
QM9-gap-60k,GLOSS(4:2:2),67,5,0.3349,63.2886776145203,1.2517740726470947,0.9700696874246997
QM9-gap-60k,GLOSS(4:2:2),67,6,0.3439,65.2333621434745,1.1879651546478271,0.9782442907671102
QM9-gap-60k,GLOSS(4:2:2),67,7,0.417,81.02852203975799,1.3619561195373535,1.0147819784947447
QM9-gap-60k,GLOSS(4:2:2),67,8,0.4306,83.96715643906654,1.1477267742156982,1.0726231705236113
QM9-gap-60k,GLOSS(4:2:2),67,9,0.5048,100.0,1.132782220840454,1.125289575359071
QM9-gap-60k,GLOSS(4:2:2),67,10,0.5048,100.0,1.1626620292663574,1.1689995047602688
QM9-gap-60k,GLOSS(4:2:2),67,11,0.5048,100.0,1.2263398170471191,1.1889267406106825
QM9-gap-60k,GLOSS(4:2:2),67,12,0.5048,100.0,1.1884150505065918,1.1806248676968436
QM9-gap-60k,GLOSS(4:2:2),67,13,0.5048,100.0,1.1963410377502441,1.191901884712886
QM9-gap-60k,GLOSS(4:2:2),67,14,0.5048,100.0,1.2221970558166504,1.2119127441074091
QM9-gap-60k,GLOSS(4:2:2),67,15,0.5048,100.0,1.2390680313110352,1.2102177062585844
QM9-gap-60k,GLOSS(4:2:2),67,16,0.5048,100.0,1.325857162475586,1.2201147409691968
QM9-gap-60k,GLOSS(4:2:2),67,17,0.5048,100.0,1.293914794921875,1.2095617542293824
QM9-gap-60k,GLOSS(4:2:2),67,18,0.5048,100.0,1.2629401683807373,1.2111897193600312
QM9-gap-60k,GLOSS(4:2:2),67,19,0.5048,100.0,1.2970590591430664,1.2153027020419285
QM9-gap-60k,GLOSS(6:1:1),67,-1,0.2089,36.06309420916162,0.0,0.0
QM9-gap-60k,GLOSS(6:1:1),67,0,0.3162,59.248055315471035,1.0991580486297607,0.36022851599370453
QM9-gap-60k,GLOSS(6:1:1),67,1,0.3242,60.97666378565254,1.3814959526062012,0.802985342976062
QM9-gap-60k,GLOSS(6:1:1),67,2,0.3259,61.34399308556612,1.1694579124450684,0.8844337710927898
QM9-gap-60k,GLOSS(6:1:1),67,3,0.3824,73.55229040622298,1.1410598754882812,0.9775086383432554
QM9-gap-60k,GLOSS(6:1:1),67,4,0.3901,75.21607605877269,1.0516669750213623,1.0890271200536636
QM9-gap-60k,GLOSS(6:1:1),67,5,0.3901,75.21607605877269,1.0988390445709229,1.1202980606536708
QM9-gap-60k,GLOSS(6:1:1),67,6,0.3922,75.66983578219532,1.128713846206665,1.1625080377829697
QM9-gap-60k,GLOSS(6:1:1),67,7,0.5048,100.0,1.1694281101226807,1.2869029191271937
QM9-gap-60k,GLOSS(6:1:1),67,8,0.5048,100.0,1.1835219860076904,1.2675195528252454
QM9-gap-60k,GLOSS(6:1:1),67,9,0.5048,100.0,1.1772029399871826,1.245770802634254
QM9-gap-60k,GLOSS(6:1:1),67,10,0.5048,100.0,1.1679730415344238,1.2234356747861403
QM9-gap-60k,GLOSS(6:1:1),67,11,0.5048,100.0,1.2131271362304688,1.2313925628320557
QM9-gap-60k,GLOSS(6:1:1),67,12,0.5048,100.0,1.2223191261291504,1.2114833806968828
QM9-gap-60k,GLOSS(6:1:1),67,13,0.5048,100.0,1.2308988571166992,1.1947413872647918
QM9-gap-60k,GLOSS(6:1:1),67,14,0.5048,100.0,1.2026097774505615,1.1863543041929734
QM9-gap-60k,GLOSS(6:1:1),67,15,0.5048,100.0,1.2316946983337402,1.1785221262471195
QM9-gap-60k,GLOSS(6:1:1),67,16,0.5048,100.0,1.2472269535064697,1.1745599571052192
QM9-gap-60k,GLOSS(6:1:1),67,17,0.5048,100.0,1.2387151718139648,1.1616266169599008
QM9-gap-60k,GLOSS(6:1:1),67,18,0.5048,100.0,1.2558789253234863,1.188241982724918
QM9-gap-60k,GLOSS(6:1:1),67,19,0.5048,100.0,1.2797107696533203,1.2157530245090409
QM9-gap-65k,GLOSS(2:3:3),47,-1,0.2049,35.19878997407086,0.0,0.0
QM9-gap-65k,GLOSS(2:3:3),47,0,0.3138,58.7294727744166,1.1661920547485352,0.8686863405623761
QM9-gap-65k,GLOSS(2:3:3),47,1,0.3322,62.70527225583405,1.0991342067718506,0.8073850799848465
QM9-gap-65k,GLOSS(2:3:3),47,2,0.3901,75.21607605877269,1.1389150619506836,0.875777379669333
QM9-gap-65k,GLOSS(2:3:3),47,3,0.462,90.75194468452895,1.1796791553497314,0.8734323436926678
QM9-gap-65k,GLOSS(2:3:3),47,4,0.4802,94.68452895419188,1.2053539752960205,0.8823397486518421
QM9-gap-65k,GLOSS(2:3:3),47,5,0.4802,94.68452895419188,1.185865879058838,0.9970316316585046
QM9-gap-65k,GLOSS(2:3:3),47,6,0.5048,100.0,1.214392900466919,1.079149886924725
QM9-gap-65k,GLOSS(2:3:3),47,7,0.5048,100.0,1.2872319221496582,1.1167912114334246
QM9-gap-65k,GLOSS(2:3:3),47,8,0.5048,100.0,1.293874979019165,1.1318923778555479
QM9-gap-65k,GLOSS(2:3:3),47,9,0.5048,100.0,1.2676019668579102,1.1543704170723519
QM9-gap-65k,GLOSS(2:3:3),47,10,0.5048,100.0,1.251067876815796,1.1426336247022104
QM9-gap-65k,GLOSS(2:3:3),47,11,0.5048,100.0,1.2562508583068848,1.1563625137045483
QM9-gap-65k,GLOSS(2:3:3),47,12,0.5048,100.0,1.3098502159118652,1.1474053625932243
QM9-gap-65k,GLOSS(2:3:3),47,13,0.5048,100.0,1.3134620189666748,1.1329664688220635
QM9-gap-65k,GLOSS(2:3:3),47,14,0.5048,100.0,1.3113689422607422,1.1432193220314404
QM9-gap-65k,GLOSS(2:3:3),47,15,0.5048,100.0,1.3481378555297852,1.156516143729767
QM9-gap-65k,GLOSS(2:3:3),47,16,0.5048,100.0,1.3724040985107422,1.161477698754381
QM9-gap-65k,GLOSS(2:3:3),47,17,0.5048,100.0,1.3515830039978027,1.159616248386083
QM9-gap-65k,GLOSS(2:3:3),47,18,0.5048,100.0,1.409142017364502,1.1614106958811181
QM9-gap-65k,GLOSS(2:3:3),47,19,0.5048,100.0,1.387702226638794,1.1538196830428682
QM9-gap-65k,GLOSS(4:2:2),47,-1,0.2049,35.19878997407086,0.0,0.0
QM9-gap-65k,GLOSS(4:2:2),47,0,0.3138,58.7294727744166,1.150305986404419,0.9332142677842411
QM9-gap-65k,GLOSS(4:2:2),47,1,0.3185,59.74503025064822,1.1445229053497314,0.9100343798363971
QM9-gap-65k,GLOSS(4:2:2),47,2,0.3426,64.95246326707,1.1490681171417236,0.8958960433464161
QM9-gap-65k,GLOSS(4:2:2),47,3,0.4179,81.22299049265341,1.1669790744781494,0.9932061559511824
QM9-gap-65k,GLOSS(4:2:2),47,4,0.5048,100.0,1.1973161697387695,1.1511529537766072
QM9-gap-65k,GLOSS(4:2:2),47,5,0.5048,100.0,1.1603858470916748,1.2685453390325858
QM9-gap-65k,GLOSS(4:2:2),47,6,0.5048,100.0,1.2314212322235107,1.2211753034917414
QM9-gap-65k,GLOSS(4:2:2),47,7,0.5048,100.0,1.2034258842468262,1.2209384851028242
QM9-gap-65k,GLOSS(4:2:2),47,8,0.5048,100.0,1.198882818222046,1.258809609770093
QM9-gap-65k,GLOSS(4:2:2),47,9,0.5048,100.0,1.2747561931610107,1.243834813662009
QM9-gap-65k,GLOSS(4:2:2),47,10,0.5048,100.0,1.2606830596923828,1.2241453607738868
QM9-gap-65k,GLOSS(4:2:2),47,11,0.5048,100.0,1.271286964416504,1.2030970405108548
QM9-gap-65k,GLOSS(4:2:2),47,12,0.5048,100.0,1.2901208400726318,1.1917750662362478
QM9-gap-65k,GLOSS(4:2:2),47,13,0.5048,100.0,1.28420090675354,1.1749907546977607
QM9-gap-65k,GLOSS(4:2:2),47,14,0.5048,100.0,1.3243470191955566,1.1634313965257708
QM9-gap-65k,GLOSS(4:2:2),47,15,0.5048,100.0,1.322171926498413,1.15712466511029
QM9-gap-65k,GLOSS(4:2:2),47,16,0.5048,100.0,1.3429560661315918,1.1498179289096286
QM9-gap-65k,GLOSS(4:2:2),47,17,0.5048,100.0,1.3278489112854004,1.147680659499352
QM9-gap-65k,GLOSS(4:2:2),47,18,0.5048,100.0,1.3704309463500977,1.1452546350398265
QM9-gap-65k,GLOSS(4:2:2),47,19,0.5048,100.0,1.3789451122283936,1.1393682735446835
QM9-gap-65k,GLOSS(6:1:1),47,-1,0.2049,35.19878997407086,0.0,0.0
QM9-gap-65k,GLOSS(6:1:1),47,0,0.3051,56.84961106309421,1.1288130283355713,0.7987060131413892
QM9-gap-65k,GLOSS(6:1:1),47,1,0.378,72.60155574762315,1.1471211910247803,1.019093426767576
QM9-gap-65k,GLOSS(6:1:1),47,2,0.3901,75.21607605877269,1.0979981422424316,1.0608214220844576
QM9-gap-65k,GLOSS(6:1:1),47,3,0.4802,94.68452895419188,1.1290078163146973,1.0615982330649154
QM9-gap-65k,GLOSS(6:1:1),47,4,0.4802,94.68452895419188,1.2638561725616455,1.0711800270302554
QM9-gap-65k,GLOSS(6:1:1),47,5,0.4802,94.68452895419188,1.2329509258270264,1.06171201803831
QM9-gap-65k,GLOSS(6:1:1),47,6,0.4802,94.68452895419188,1.2592661380767822,1.100420221566556
QM9-gap-65k,GLOSS(6:1:1),47,7,0.4802,94.68452895419188,1.2713098526000977,1.0833390806728982
QM9-gap-65k,GLOSS(6:1:1),47,8,0.5048,100.0,1.2401878833770752,1.1830724087983866
QM9-gap-65k,GLOSS(6:1:1),47,9,0.5048,100.0,1.2481389045715332,1.2272226486820692
QM9-gap-65k,GLOSS(6:1:1),47,10,0.5048,100.0,1.2539536952972412,1.2390885827196403
QM9-gap-65k,GLOSS(6:1:1),47,11,0.5048,100.0,1.2286770343780518,1.2210794396658788
QM9-gap-65k,GLOSS(6:1:1),47,12,0.5048,100.0,1.3109400272369385,1.2004534312286712
QM9-gap-65k,GLOSS(6:1:1),47,13,0.5048,100.0,1.3257520198822021,1.1997976164217856
QM9-gap-65k,GLOSS(6:1:1),47,14,0.5048,100.0,1.314305067062378,1.1939029347516243
QM9-gap-65k,GLOSS(6:1:1),47,15,0.5048,100.0,1.348848819732666,1.1998673123410888
QM9-gap-65k,GLOSS(6:1:1),47,16,0.5048,100.0,1.386338710784912,1.1904658695411798
QM9-gap-65k,GLOSS(6:1:1),47,17,0.5048,100.0,1.4346938133239746,1.1764158382343561
QM9-gap-65k,GLOSS(6:1:1),47,18,0.5048,100.0,1.4470598697662354,1.1770469706051097
QM9-gap-65k,GLOSS(6:1:1),47,19,0.5048,100.0,1.424905776977539,1.166967226642231
QM9-gap-65k,GLOSS(2:3:3),53,-1,0.2084,35.955056179775276,0.0,0.0
QM9-gap-65k,GLOSS(2:3:3),53,0,0.3228,60.67415730337078,1.3337957859039307,0.7576097152426422
QM9-gap-65k,GLOSS(2:3:3),53,1,0.3265,61.47363872082974,1.3844127655029297,0.7968982798966462
QM9-gap-65k,GLOSS(2:3:3),53,2,0.5048,100.0,1.235987901687622,1.0871388308724756
QM9-gap-65k,GLOSS(2:3:3),53,3,0.5048,100.0,1.1470839977264404,1.1678234181043055
QM9-gap-65k,GLOSS(2:3:3),53,4,0.5048,100.0,1.1224350929260254,1.2471737576566013
QM9-gap-65k,GLOSS(2:3:3),53,5,0.5048,100.0,1.1865160465240479,1.2113557027209834
QM9-gap-65k,GLOSS(2:3:3),53,6,0.5048,100.0,1.1912009716033936,1.2383091278397633
QM9-gap-65k,GLOSS(2:3:3),53,7,0.5048,100.0,1.2365140914916992,1.2257432443813552
QM9-gap-65k,GLOSS(2:3:3),53,8,0.5048,100.0,1.2074098587036133,1.2008836030158143
QM9-gap-65k,GLOSS(2:3:3),53,9,0.5048,100.0,1.263597011566162,1.17871563870537
QM9-gap-65k,GLOSS(2:3:3),53,10,0.5048,100.0,1.2700321674346924,1.193219873393237
QM9-gap-65k,GLOSS(2:3:3),53,11,0.5048,100.0,1.2965190410614014,1.1852917077386118
QM9-gap-65k,GLOSS(2:3:3),53,12,0.5048,100.0,1.2908852100372314,1.1986274250985067
QM9-gap-65k,GLOSS(2:3:3),53,13,0.5048,100.0,1.3642339706420898,1.2091491480950014
QM9-gap-65k,GLOSS(2:3:3),53,14,0.5048,100.0,1.3835430145263672,1.2203248630480992
QM9-gap-65k,GLOSS(2:3:3),53,15,0.5048,100.0,1.464587926864624,1.217958310155242
QM9-gap-65k,GLOSS(2:3:3),53,16,0.5048,100.0,1.4099371433258057,1.2064520133684935
QM9-gap-65k,GLOSS(2:3:3),53,17,0.5048,100.0,1.3651220798492432,1.1973320593660346
QM9-gap-65k,GLOSS(2:3:3),53,18,0.5048,100.0,1.4261760711669922,1.1822791296020143
QM9-gap-65k,GLOSS(2:3:3),53,19,0.5048,100.0,1.4031767845153809,1.1758244598216239
QM9-gap-65k,GLOSS(4:2:2),53,-1,0.2084,35.955056179775276,0.0,0.0
QM9-gap-65k,GLOSS(4:2:2),53,0,0.3191,59.87467588591184,1.3043031692504883,0.7508571812775097
QM9-gap-65k,GLOSS(4:2:2),53,1,0.3191,59.87467588591184,1.4502301216125488,0.7154944431310996
QM9-gap-65k,GLOSS(4:2:2),53,2,0.3599,68.6905790838375,1.2815361022949219,0.8388717476762321
QM9-gap-65k,GLOSS(4:2:2),53,3,0.3599,68.6905790838375,1.200843095779419,0.9586164813292488
QM9-gap-65k,GLOSS(4:2:2),53,4,0.5048,100.0,1.1946110725402832,1.082692796808343
QM9-gap-65k,GLOSS(4:2:2),53,5,0.5048,100.0,1.1816837787628174,1.136132240484309
QM9-gap-65k,GLOSS(4:2:2),53,6,0.5048,100.0,1.2154529094696045,1.182001187269932
QM9-gap-65k,GLOSS(4:2:2),53,7,0.5048,100.0,1.1895930767059326,1.2310498188128742
QM9-gap-65k,GLOSS(4:2:2),53,8,0.5048,100.0,1.2899401187896729,1.2083298817879995
QM9-gap-65k,GLOSS(4:2:2),53,9,0.5048,100.0,1.2423968315124512,1.2011103847143885
QM9-gap-65k,GLOSS(4:2:2),53,10,0.5048,100.0,1.2783229351043701,1.1700323876645937
QM9-gap-65k,GLOSS(4:2:2),53,11,0.5048,100.0,1.3222911357879639,1.1685042346615468
QM9-gap-65k,GLOSS(4:2:2),53,12,0.5048,100.0,1.3290619850158691,1.1532322061717952
QM9-gap-65k,GLOSS(4:2:2),53,13,0.5048,100.0,1.3147530555725098,1.1451483134083587
QM9-gap-65k,GLOSS(4:2:2),53,14,0.5048,100.0,1.3208739757537842,1.1564519370808342
QM9-gap-65k,GLOSS(4:2:2),53,15,0.5048,100.0,1.3228671550750732,1.1504410009066215
QM9-gap-65k,GLOSS(4:2:2),53,16,0.5048,100.0,1.3476388454437256,1.160690970594252
QM9-gap-65k,GLOSS(4:2:2),53,17,0.5048,100.0,1.3128612041473389,1.1602780615363253
QM9-gap-65k,GLOSS(4:2:2),53,18,0.5048,100.0,1.3589067459106445,1.1569483025901417
QM9-gap-65k,GLOSS(4:2:2),53,19,0.5048,100.0,1.4209470748901367,1.1485455528513144
QM9-gap-65k,GLOSS(6:1:1),53,-1,0.2084,35.955056179775276,0.0,0.0
QM9-gap-65k,GLOSS(6:1:1),53,0,0.3149,58.96715643906655,1.3729920387268066,0.6160736760281462
QM9-gap-65k,GLOSS(6:1:1),53,1,0.3301,62.25151253241141,1.4392492771148682,0.7091249390320368
QM9-gap-65k,GLOSS(6:1:1),53,2,0.3378,63.9152981849611,1.4222009181976318,0.8244029277707386
QM9-gap-65k,GLOSS(6:1:1),53,3,0.3378,63.9152981849611,1.258146047592163,0.7911314325877049
QM9-gap-65k,GLOSS(6:1:1),53,4,0.352,66.98357821953327,1.2520859241485596,0.9065723336141581
QM9-gap-65k,GLOSS(6:1:1),53,5,0.5048,100.0,1.2116641998291016,0.9756314887188605
QM9-gap-65k,GLOSS(6:1:1),53,6,0.5048,100.0,1.2672419548034668,1.0150375649182608
QM9-gap-65k,GLOSS(6:1:1),53,7,0.5048,100.0,1.2250049114227295,1.1003345444966268
QM9-gap-65k,GLOSS(6:1:1),53,8,0.5048,100.0,1.272373914718628,1.19002934532696
QM9-gap-65k,GLOSS(6:1:1),53,9,0.5048,100.0,1.2607429027557373,1.1761311297923915
QM9-gap-65k,GLOSS(6:1:1),53,10,0.5048,100.0,1.3369369506835938,1.171903194435009
QM9-gap-65k,GLOSS(6:1:1),53,11,0.5048,100.0,1.2956249713897705,1.172287297264227
QM9-gap-65k,GLOSS(6:1:1),53,12,0.5048,100.0,1.2923839092254639,1.1503558572216763
QM9-gap-65k,GLOSS(6:1:1),53,13,0.5048,100.0,1.3362140655517578,1.1431654524945056
QM9-gap-65k,GLOSS(6:1:1),53,14,0.5048,100.0,1.355241060256958,1.1452965122961762
QM9-gap-65k,GLOSS(6:1:1),53,15,0.5048,100.0,1.3635051250457764,1.125993459586494
QM9-gap-65k,GLOSS(6:1:1),53,16,0.5048,100.0,1.371492862701416,1.1250971012983486
QM9-gap-65k,GLOSS(6:1:1),53,17,0.5048,100.0,1.4015679359436035,1.1242271227107676
QM9-gap-65k,GLOSS(6:1:1),53,18,0.5048,100.0,1.3851768970489502,1.114549569734202
QM9-gap-65k,GLOSS(6:1:1),53,19,0.5048,100.0,1.39121413230896,1.1109366128515943
QM9-gap-65k,GLOSS(2:3:3),59,-1,0.208,35.8686257562662,0.0,0.0
QM9-gap-65k,GLOSS(2:3:3),59,0,0.2521,45.39757994814174,1.202712059020996,0.5662554353544953
QM9-gap-65k,GLOSS(2:3:3),59,1,0.2625,47.644770959377695,1.2309010028839111,0.5748803122159297
QM9-gap-65k,GLOSS(2:3:3),59,2,0.2731,49.93517718236819,1.2773692607879639,0.6144415041825706
QM9-gap-65k,GLOSS(2:3:3),59,3,0.2884,53.24114088159031,1.241683006286621,0.750771933758807
QM9-gap-65k,GLOSS(2:3:3),59,4,0.3191,59.87467588591184,1.2658209800720215,0.8217492548232493
QM9-gap-65k,GLOSS(2:3:3),59,5,0.3191,59.87467588591184,1.2739388942718506,0.8422467243109883
QM9-gap-65k,GLOSS(2:3:3),59,6,0.3569,68.04235090751945,1.2608389854431152,0.9096690990177457
QM9-gap-65k,GLOSS(2:3:3),59,7,0.3684,70.52722558340537,1.39609694480896,0.9870387433254626
QM9-gap-65k,GLOSS(2:3:3),59,8,0.462,90.75194468452895,1.3596947193145752,1.02932682597375
QM9-gap-65k,GLOSS(2:3:3),59,9,0.4802,94.68452895419188,1.2788307666778564,1.1203578009308275
QM9-gap-65k,GLOSS(2:3:3),59,10,0.5048,100.0,1.268763780593872,1.2519927119332477
QM9-gap-65k,GLOSS(2:3:3),59,11,0.5048,100.0,1.2948129177093506,1.2608687772468157
QM9-gap-65k,GLOSS(2:3:3),59,12,0.5048,100.0,1.3117387294769287,1.258168450004117
QM9-gap-65k,GLOSS(2:3:3),59,13,0.5048,100.0,1.3418900966644287,1.2864025678487938
QM9-gap-65k,GLOSS(2:3:3),59,14,0.5048,100.0,1.3844859600067139,1.2815498759882447
QM9-gap-65k,GLOSS(2:3:3),59,15,0.5048,100.0,1.3881950378417969,1.285763649680062
QM9-gap-65k,GLOSS(2:3:3),59,16,0.5048,100.0,1.3855690956115723,1.290701788430616
QM9-gap-65k,GLOSS(2:3:3),59,17,0.5048,100.0,1.3830080032348633,1.2925256358352082
QM9-gap-65k,GLOSS(2:3:3),59,18,0.5048,100.0,1.4193458557128906,1.2990952379162348
QM9-gap-65k,GLOSS(2:3:3),59,19,0.5048,100.0,1.4400110244750977,1.3096403310365363
QM9-gap-65k,GLOSS(4:2:2),59,-1,0.208,35.8686257562662,0.0,0.0
QM9-gap-65k,GLOSS(4:2:2),59,0,0.2821,51.879861711322384,1.2282371520996094,0.5505076701842958
QM9-gap-65k,GLOSS(4:2:2),59,1,0.2821,51.879861711322384,1.2165718078613281,0.8011854505187911
QM9-gap-65k,GLOSS(4:2:2),59,2,0.2919,53.997407087294725,1.246717929840088,0.7933812550813334
QM9-gap-65k,GLOSS(4:2:2),59,3,0.3048,56.7847882454624,1.1978778839111328,0.8562772312537275
QM9-gap-65k,GLOSS(4:2:2),59,4,0.3242,60.97666378565254,1.1643016338348389,0.9239822214797924
QM9-gap-65k,GLOSS(4:2:2),59,5,0.3352,63.35350043215211,1.2261040210723877,1.009448976062219
QM9-gap-65k,GLOSS(4:2:2),59,6,0.3782,72.6447709593777,1.3060150146484375,1.0645386722736598
QM9-gap-65k,GLOSS(4:2:2),59,7,0.3824,73.55229040622298,1.424375057220459,1.106436576490796
QM9-gap-65k,GLOSS(4:2:2),59,8,0.3891,75.0,1.3182709217071533,1.1385174464609205
QM9-gap-65k,GLOSS(4:2:2),59,9,0.4179,81.22299049265341,1.2527387142181396,1.188248191299241
QM9-gap-65k,GLOSS(4:2:2),59,10,0.5048,100.0,1.2727890014648438,1.2870143632701045
QM9-gap-65k,GLOSS(4:2:2),59,11,0.5048,100.0,1.2795329093933105,1.3476820452131992
QM9-gap-65k,GLOSS(4:2:2),59,12,0.5048,100.0,1.403517246246338,1.3364855213101574
QM9-gap-65k,GLOSS(4:2:2),59,13,0.5048,100.0,1.377166986465454,1.3224786278579113
QM9-gap-65k,GLOSS(4:2:2),59,14,0.5048,100.0,1.3527758121490479,1.3072061768841734
QM9-gap-65k,GLOSS(4:2:2),59,15,0.5048,100.0,1.3744971752166748,1.29161820479265
QM9-gap-65k,GLOSS(4:2:2),59,16,0.5048,100.0,1.360821008682251,1.2756877178732215
QM9-gap-65k,GLOSS(4:2:2),59,17,0.5048,100.0,1.360177993774414,1.2674731610013574
QM9-gap-65k,GLOSS(4:2:2),59,18,0.5048,100.0,1.4216430187225342,1.2581161622120776
QM9-gap-65k,GLOSS(4:2:2),59,19,0.5048,100.0,1.4101128578186035,1.2507741167119502
QM9-gap-65k,GLOSS(6:1:1),59,-1,0.208,35.8686257562662,0.0,0.0
QM9-gap-65k,GLOSS(6:1:1),59,0,0.2821,51.879861711322384,1.255195140838623,0.5370352730267185
QM9-gap-65k,GLOSS(6:1:1),59,1,0.2821,51.879861711322384,1.135551929473877,0.7727701983627842
QM9-gap-65k,GLOSS(6:1:1),59,2,0.2821,51.879861711322384,1.249291181564331,0.7679957775153791
QM9-gap-65k,GLOSS(6:1:1),59,3,0.2821,51.879861711322384,1.2267341613769531,0.764132393537981
QM9-gap-65k,GLOSS(6:1:1),59,4,0.2884,53.24114088159031,1.2659940719604492,0.7917493329999592
QM9-gap-65k,GLOSS(6:1:1),59,5,0.3094,57.778738115816765,1.3219919204711914,0.8296211426465311
QM9-gap-65k,GLOSS(6:1:1),59,6,0.3369,63.720829732065674,1.2912368774414062,0.8747172850283533
QM9-gap-65k,GLOSS(6:1:1),59,7,0.3369,63.720829732065674,1.252135992050171,0.9685994769296518
QM9-gap-65k,GLOSS(6:1:1),59,8,0.3441,65.27657735522904,1.2875568866729736,1.0354728112656144
QM9-gap-65k,GLOSS(6:1:1),59,9,0.4179,81.22299049265341,1.390861988067627,1.1330301499547424
QM9-gap-65k,GLOSS(6:1:1),59,10,0.5048,100.0,1.2986249923706055,1.2136023628080876
QM9-gap-65k,GLOSS(6:1:1),59,11,0.5048,100.0,1.3070530891418457,1.2624653323167438
QM9-gap-65k,GLOSS(6:1:1),59,12,0.5048,100.0,1.3201770782470703,1.2934716262963994
QM9-gap-65k,GLOSS(6:1:1),59,13,0.5048,100.0,1.3776040077209473,1.2862254700829907
QM9-gap-65k,GLOSS(6:1:1),59,14,0.5048,100.0,1.3979430198669434,1.2793633535068694
QM9-gap-65k,GLOSS(6:1:1),59,15,0.5048,100.0,1.4086658954620361,1.2754349268368699
QM9-gap-65k,GLOSS(6:1:1),59,16,0.5048,100.0,1.408752202987671,1.2748708225511758
QM9-gap-65k,GLOSS(6:1:1),59,17,0.5048,100.0,1.4051427841186523,1.2681252951788333
QM9-gap-65k,GLOSS(6:1:1),59,18,0.5048,100.0,1.437736988067627,1.2654889269123546
QM9-gap-65k,GLOSS(6:1:1),59,19,0.5048,100.0,1.4711737632751465,1.259561308255772
QM9-gap-65k,GLOSS(2:3:3),61,-1,0.2089,36.06309420916162,0.0,0.0
QM9-gap-65k,GLOSS(2:3:3),61,0,0.242,43.21521175453759,1.0822861194610596,0.6945380410391406
QM9-gap-65k,GLOSS(2:3:3),61,1,0.2596,47.018150388936895,1.1153409481048584,0.75267181270226
QM9-gap-65k,GLOSS(2:3:3),61,2,0.2596,47.018150388936895,1.2207872867584229,0.8076007140504101
QM9-gap-65k,GLOSS(2:3:3),61,3,0.2596,47.018150388936895,1.2351009845733643,0.845860608834124
QM9-gap-65k,GLOSS(2:3:3),61,4,0.2711,49.503025064822815,1.1856698989868164,0.8846248801437341
QM9-gap-65k,GLOSS(2:3:3),61,5,0.2755,50.45375972342264,1.1867179870605469,0.9341640839839624
QM9-gap-65k,GLOSS(2:3:3),61,6,0.3025,56.287813310285216,1.2522170543670654,0.9792836591475804
QM9-gap-65k,GLOSS(2:3:3),61,7,0.3239,60.91184096802075,1.3567719459533691,1.0475535126785236
QM9-gap-65k,GLOSS(2:3:3),61,8,0.3443,65.31979256698357,1.352588176727295,1.0978745528638798
QM9-gap-65k,GLOSS(2:3:3),61,9,0.4128,80.1210025929127,1.2430458068847656,1.1722237821718993
QM9-gap-65k,GLOSS(2:3:3),61,10,0.4128,80.1210025929127,1.2835371494293213,1.2361967595630434
QM9-gap-65k,GLOSS(2:3:3),61,11,0.5048,100.0,1.2481729984283447,1.2913399281767124
QM9-gap-65k,GLOSS(2:3:3),61,12,0.5048,100.0,1.2951481342315674,1.3601557829393711
QM9-gap-65k,GLOSS(2:3:3),61,13,0.5048,100.0,1.2925968170166016,1.3690759328206101
QM9-gap-65k,GLOSS(2:3:3),61,14,0.5048,100.0,1.2901041507720947,1.3677151489122414
QM9-gap-65k,GLOSS(2:3:3),61,15,0.5048,100.0,1.2937970161437988,1.3739195713314207
QM9-gap-65k,GLOSS(2:3:3),61,16,0.5048,100.0,1.2881977558135986,1.3801525552442473
QM9-gap-65k,GLOSS(2:3:3),61,17,0.5048,100.0,1.3468430042266846,1.388955194991072
QM9-gap-65k,GLOSS(2:3:3),61,18,0.5048,100.0,1.3770129680633545,1.3917546319865264
QM9-gap-65k,GLOSS(2:3:3),61,19,0.5048,100.0,1.373971939086914,1.3888838221748099
QM9-gap-65k,GLOSS(4:2:2),61,-1,0.2089,36.06309420916162,0.0,0.0
QM9-gap-65k,GLOSS(4:2:2),61,0,0.2514,45.24632670700086,1.0836811065673828,0.7403058062370805
QM9-gap-65k,GLOSS(4:2:2),61,1,0.2808,51.598962834917884,1.0997800827026367,0.7565222626505997
QM9-gap-65k,GLOSS(4:2:2),61,2,0.318,59.636992221261885,1.1513190269470215,0.8972932511627089
QM9-gap-65k,GLOSS(4:2:2),61,3,0.462,90.75194468452895,1.1153719425201416,1.0192578571808029
QM9-gap-65k,GLOSS(4:2:2),61,4,0.4802,94.68452895419188,1.1163220405578613,1.0825644833026236
QM9-gap-65k,GLOSS(4:2:2),61,5,0.5048,100.0,1.1441290378570557,1.2532940792279637
QM9-gap-65k,GLOSS(4:2:2),61,6,0.5048,100.0,1.1980128288269043,1.365779790089381
QM9-gap-65k,GLOSS(4:2:2),61,7,0.5048,100.0,1.2277498245239258,1.338656131113713
QM9-gap-65k,GLOSS(4:2:2),61,8,0.5048,100.0,1.2019848823547363,1.3286097149122162
QM9-gap-65k,GLOSS(4:2:2),61,9,0.5048,100.0,1.2709193229675293,1.3254751876074478
QM9-gap-65k,GLOSS(4:2:2),61,10,0.5048,100.0,1.2774322032928467,1.301355165878755
QM9-gap-65k,GLOSS(4:2:2),61,11,0.5048,100.0,1.2458209991455078,1.29143350544105
QM9-gap-65k,GLOSS(4:2:2),61,12,0.5048,100.0,1.2934401035308838,1.293030290120812
QM9-gap-65k,GLOSS(4:2:2),61,13,0.5048,100.0,1.314842939376831,1.2822373019422795
QM9-gap-65k,GLOSS(4:2:2),61,14,0.5048,100.0,1.2694599628448486,1.2708694668390135
QM9-gap-65k,GLOSS(4:2:2),61,15,0.5048,100.0,1.3245511054992676,1.2609859644520687
QM9-gap-65k,GLOSS(4:2:2),61,16,0.5048,100.0,1.3543100357055664,1.2545499413169396
QM9-gap-65k,GLOSS(4:2:2),61,17,0.5048,100.0,1.3698649406433105,1.2534202999253972
QM9-gap-65k,GLOSS(4:2:2),61,18,0.5048,100.0,1.3930282592773438,1.2519837980035133
QM9-gap-65k,GLOSS(4:2:2),61,19,0.5048,100.0,1.386390209197998,1.2421271771570608
QM9-gap-65k,GLOSS(6:1:1),61,-1,0.2089,36.06309420916162,0.0,0.0
QM9-gap-65k,GLOSS(6:1:1),61,0,0.2762,50.60501296456352,1.1383998394012451,0.5966083424169751
QM9-gap-65k,GLOSS(6:1:1),61,1,0.2762,50.60501296456352,1.0789248943328857,0.7407836541409953
QM9-gap-65k,GLOSS(6:1:1),61,2,0.2857,52.65773552290406,1.117630958557129,0.8085602845693679
QM9-gap-65k,GLOSS(6:1:1),61,3,0.3091,57.71391529818496,1.1478548049926758,0.7953285418923799
QM9-gap-65k,GLOSS(6:1:1),61,4,0.3824,73.55229040622298,1.1474318504333496,0.9263849616643484
QM9-gap-65k,GLOSS(6:1:1),61,5,0.4128,80.1210025929127,1.1810450553894043,1.0418443598054161
QM9-gap-65k,GLOSS(6:1:1),61,6,0.4128,80.1210025929127,1.1900229454040527,1.1238478834123846
QM9-gap-65k,GLOSS(6:1:1),61,7,0.4128,80.1210025929127,1.2264068126678467,1.1216299062358397
QM9-gap-65k,GLOSS(6:1:1),61,8,0.4128,80.1210025929127,1.2294299602508545,1.1066538505020194
QM9-gap-65k,GLOSS(6:1:1),61,9,0.4128,80.1210025929127,1.297377109527588,1.1052841194702934
QM9-gap-65k,GLOSS(6:1:1),61,10,0.462,90.75194468452895,1.2551729679107666,1.110341584126303
QM9-gap-65k,GLOSS(6:1:1),61,11,0.5048,100.0,1.2574958801269531,1.157475967473083
QM9-gap-65k,GLOSS(6:1:1),61,12,0.5048,100.0,1.2626352310180664,1.190816721426305
QM9-gap-65k,GLOSS(6:1:1),61,13,0.5048,100.0,1.276209831237793,1.2039684987865145
QM9-gap-65k,GLOSS(6:1:1),61,14,0.5048,100.0,1.2820641994476318,1.2024924328182924
QM9-gap-65k,GLOSS(6:1:1),61,15,0.5048,100.0,1.3136308193206787,1.1971660748927404
QM9-gap-65k,GLOSS(6:1:1),61,16,0.5048,100.0,1.3799622058868408,1.1799498582247494
QM9-gap-65k,GLOSS(6:1:1),61,17,0.5048,100.0,1.421271800994873,1.1845321473603552
QM9-gap-65k,GLOSS(6:1:1),61,18,0.5048,100.0,1.4629740715026855,1.2241084436635938
QM9-gap-65k,GLOSS(6:1:1),61,19,0.5048,100.0,1.3638288974761963,1.2150142853201684
QM9-gap-65k,GLOSS(2:3:3),67,-1,0.2066,35.566119273984434,0.0,0.0
QM9-gap-65k,GLOSS(2:3:3),67,0,0.2138,37.12186689714779,1.1265978813171387,0.587798412501739
QM9-gap-65k,GLOSS(2:3:3),67,1,0.2818,51.81503889369057,1.1001341342926025,0.8308903492482796
QM9-gap-65k,GLOSS(2:3:3),67,2,0.3478,66.07605877268799,1.1938798427581787,1.0476785435140354
QM9-gap-65k,GLOSS(2:3:3),67,3,0.3478,66.07605877268799,1.1342620849609375,1.1354940930814912
QM9-gap-65k,GLOSS(2:3:3),67,4,0.4802,94.68452895419188,1.1160948276519775,1.185760014075453
QM9-gap-65k,GLOSS(2:3:3),67,5,0.4802,94.68452895419188,1.1785919666290283,1.1863630308929227
QM9-gap-65k,GLOSS(2:3:3),67,6,0.4802,94.68452895419188,1.189453125,1.1621553250931191
QM9-gap-65k,GLOSS(2:3:3),67,7,0.4802,94.68452895419188,1.2094659805297852,1.1712950367716857
QM9-gap-65k,GLOSS(2:3:3),67,8,0.5048,100.0,1.2365870475769043,1.2263328939561267
QM9-gap-65k,GLOSS(2:3:3),67,9,0.5048,100.0,1.2398147583007812,1.2589863771222412
QM9-gap-65k,GLOSS(2:3:3),67,10,0.5048,100.0,1.2844700813293457,1.2472949503552213
QM9-gap-65k,GLOSS(2:3:3),67,11,0.5048,100.0,1.288651943206787,1.23583955332213
QM9-gap-65k,GLOSS(2:3:3),67,12,0.5048,100.0,1.3240270614624023,1.2656410154826523
QM9-gap-65k,GLOSS(2:3:3),67,13,0.5048,100.0,1.364495038986206,1.2733088025865127
QM9-gap-65k,GLOSS(2:3:3),67,14,0.5048,100.0,1.3618512153625488,1.2650569730565069
QM9-gap-65k,GLOSS(2:3:3),67,15,0.5048,100.0,1.3592157363891602,1.2712059967113365
QM9-gap-65k,GLOSS(2:3:3),67,16,0.5048,100.0,1.375939130783081,1.2687972278462787
QM9-gap-65k,GLOSS(2:3:3),67,17,0.5048,100.0,1.3601648807525635,1.2758293465447539
QM9-gap-65k,GLOSS(2:3:3),67,18,0.5048,100.0,1.3745200634002686,1.276548087559446
QM9-gap-65k,GLOSS(2:3:3),67,19,0.5048,100.0,1.3697001934051514,1.2795056903723592
QM9-gap-65k,GLOSS(4:2:2),67,-1,0.2066,35.566119273984434,0.0,0.0
QM9-gap-65k,GLOSS(4:2:2),67,0,0.2094,36.17113223854796,1.1303558349609375,0.4968075601987376
QM9-gap-65k,GLOSS(4:2:2),67,1,0.2552,46.06741573033707,1.1085257530212402,0.7378259677692273
QM9-gap-65k,GLOSS(4:2:2),67,2,0.2761,50.58340535868625,1.285088062286377,0.9019098019472989
QM9-gap-65k,GLOSS(4:2:2),67,3,0.2874,53.025064822817626,1.2791850566864014,0.932019833140823
QM9-gap-65k,GLOSS(4:2:2),67,4,0.317,59.42091616248919,1.2989797592163086,0.9327180873716124
QM9-gap-65k,GLOSS(4:2:2),67,5,0.3286,61.92739844425238,1.2474498748779297,0.9706699083255513
QM9-gap-65k,GLOSS(4:2:2),67,6,0.3361,63.54796888504753,1.1892461776733398,1.006957731746048
QM9-gap-65k,GLOSS(4:2:2),67,7,0.3478,66.07605877268799,1.2770991325378418,1.041014758370307
QM9-gap-65k,GLOSS(4:2:2),67,8,0.3824,73.55229040622298,1.4276702404022217,1.0721336943231046
QM9-gap-65k,GLOSS(4:2:2),67,9,0.4179,81.22299049265341,1.3367459774017334,1.1252224312721688
QM9-gap-65k,GLOSS(4:2:2),67,10,0.5048,100.0,1.2835769653320312,1.2108744188732996
QM9-gap-65k,GLOSS(4:2:2),67,11,0.5048,100.0,1.3101308345794678,1.324171690900524
QM9-gap-65k,GLOSS(4:2:2),67,12,0.5048,100.0,1.3608896732330322,1.347156755896071
QM9-gap-65k,GLOSS(4:2:2),67,13,0.5048,100.0,1.3369050025939941,1.3549791972598357
QM9-gap-65k,GLOSS(4:2:2),67,14,0.5048,100.0,1.300339937210083,1.3508747688976193
QM9-gap-65k,GLOSS(4:2:2),67,15,0.5048,100.0,1.3018009662628174,1.3560600453944556
QM9-gap-65k,GLOSS(4:2:2),67,16,0.5048,100.0,1.409271001815796,1.3454723703158034
QM9-gap-65k,GLOSS(4:2:2),67,17,0.5048,100.0,1.3904409408569336,1.3547035967677947
QM9-gap-65k,GLOSS(4:2:2),67,18,0.5048,100.0,1.370311975479126,1.3469206967701108
QM9-gap-65k,GLOSS(4:2:2),67,19,0.5048,100.0,1.4212050437927246,1.3371462351564234
QM9-gap-65k,GLOSS(6:1:1),67,-1,0.2066,35.566119273984434,0.0,0.0
QM9-gap-65k,GLOSS(6:1:1),67,0,0.255,46.02420051858254,1.1337120532989502,0.41947534345360177
QM9-gap-65k,GLOSS(6:1:1),67,1,0.269,49.04926534140017,1.1618239879608154,0.7827250227928434
QM9-gap-65k,GLOSS(6:1:1),67,2,0.2801,51.447709593777006,1.1913301944732666,0.8615822175294438
QM9-gap-65k,GLOSS(6:1:1),67,3,0.2801,51.447709593777006,1.1549208164215088,0.9259977999308163
QM9-gap-65k,GLOSS(6:1:1),67,4,0.2946,54.580812445980975,1.1472148895263672,0.9285728910894522
QM9-gap-65k,GLOSS(6:1:1),67,5,0.3164,59.29127052722558,1.1887578964233398,0.9799442170779631
QM9-gap-65k,GLOSS(6:1:1),67,6,0.3824,73.55229040622298,1.237955093383789,1.07614353615491
QM9-gap-65k,GLOSS(6:1:1),67,7,0.383,73.68193604148661,1.2546286582946777,1.1287502508326772
QM9-gap-65k,GLOSS(6:1:1),67,8,0.3891,75.0,1.2367651462554932,1.1563222843636138
QM9-gap-65k,GLOSS(6:1:1),67,9,0.3922,75.66983578219532,1.282721996307373,1.1892486514613412
QM9-gap-65k,GLOSS(6:1:1),67,10,0.4802,94.68452895419188,1.2729458808898926,1.1885923302287247
QM9-gap-65k,GLOSS(6:1:1),67,11,0.4802,94.68452895419188,1.2920429706573486,1.20617263990794
QM9-gap-65k,GLOSS(6:1:1),67,12,0.5048,100.0,1.305191993713379,1.2419554539006572
QM9-gap-65k,GLOSS(6:1:1),67,13,0.5048,100.0,1.3184120655059814,1.3156171758320037
QM9-gap-65k,GLOSS(6:1:1),67,14,0.5048,100.0,1.3416368961334229,1.3014563228664346
QM9-gap-65k,GLOSS(6:1:1),67,15,0.5048,100.0,1.3683760166168213,1.3054372403559837
QM9-gap-65k,GLOSS(6:1:1),67,16,0.5048,100.0,1.3495333194732666,1.2911853265055275
QM9-gap-65k,GLOSS(6:1:1),67,17,0.5048,100.0,1.4064602851867676,1.2776408604690825
QM9-gap-65k,GLOSS(6:1:1),67,18,0.5048,100.0,1.4261500835418701,1.2600225553436009
QM9-gap-65k,GLOSS(6:1:1),67,19,0.5048,100.0,1.4276258945465088,1.2640836013369061
QM9-gap-70k,GLOSS(2:3:3),47,-1,0.2056,35.35004321521175,0.0,0.0
QM9-gap-70k,GLOSS(2:3:3),47,0,0.2724,49.7839239412273,1.2763981819152832,0.8398232811198305
QM9-gap-70k,GLOSS(2:3:3),47,1,0.3209,60.263612791702684,1.2135510444641113,0.8567570463466563
QM9-gap-70k,GLOSS(2:3:3),47,2,0.3671,70.24632670700086,1.2060770988464355,0.9509615760030611
QM9-gap-70k,GLOSS(2:3:3),47,3,0.3671,70.24632670700086,1.197417974472046,0.9832504507550842
QM9-gap-70k,GLOSS(2:3:3),47,4,0.3906,75.32411408815904,1.239995002746582,1.0408446012070642
QM9-gap-70k,GLOSS(2:3:3),47,5,0.5048,100.0,1.2491891384124756,1.1769481195053546
QM9-gap-70k,GLOSS(2:3:3),47,6,0.5048,100.0,1.2650072574615479,1.297743638434057
QM9-gap-70k,GLOSS(2:3:3),47,7,0.5048,100.0,1.2865440845489502,1.29609646003748
QM9-gap-70k,GLOSS(2:3:3),47,8,0.5048,100.0,1.2955758571624756,1.2868388034769698
QM9-gap-70k,GLOSS(2:3:3),47,9,0.5048,100.0,1.3383209705352783,1.2526565118165784
QM9-gap-70k,GLOSS(2:3:3),47,10,0.5048,100.0,1.3401308059692383,1.2187840129718204
QM9-gap-70k,GLOSS(2:3:3),47,11,0.5048,100.0,1.4198501110076904,1.2050949601821848
QM9-gap-70k,GLOSS(2:3:3),47,12,0.5048,100.0,1.4243509769439697,1.2405891992426425
QM9-gap-70k,GLOSS(2:3:3),47,13,0.5048,100.0,1.4706079959869385,1.2439736516625783
QM9-gap-70k,GLOSS(2:3:3),47,14,0.5048,100.0,1.415856122970581,1.2425765911731956
QM9-gap-70k,GLOSS(2:3:3),47,15,0.5048,100.0,1.3816440105438232,1.2475944166456243
QM9-gap-70k,GLOSS(2:3:3),47,16,0.5048,100.0,1.4200739860534668,1.2489208451286278
QM9-gap-70k,GLOSS(2:3:3),47,17,0.5048,100.0,1.4167091846466064,1.242387727663784
QM9-gap-70k,GLOSS(2:3:3),47,18,0.5048,100.0,1.4492409229278564,1.2341908053330848
QM9-gap-70k,GLOSS(2:3:3),47,19,0.5048,100.0,1.4599850177764893,1.2447444345322978
QM9-gap-70k,GLOSS(4:2:2),47,-1,0.2056,35.35004321521175,0.0,0.0
QM9-gap-70k,GLOSS(4:2:2),47,0,0.2724,49.7839239412273,1.2387051582336426,0.8327535032772447
QM9-gap-70k,GLOSS(4:2:2),47,1,0.2828,52.03111495246326,1.1961660385131836,0.7994338308341256
QM9-gap-70k,GLOSS(4:2:2),47,2,0.3348,63.26707000864303,1.1634747982025146,0.8645874284634552
QM9-gap-70k,GLOSS(4:2:2),47,3,0.3694,70.74330164217805,1.1776890754699707,0.9800523837787737
QM9-gap-70k,GLOSS(4:2:2),47,4,0.418,81.24459809853067,1.2297642230987549,1.0621941955643717
QM9-gap-70k,GLOSS(4:2:2),47,5,0.418,81.24459809853067,1.2493529319763184,1.1458632865240796
QM9-gap-70k,GLOSS(4:2:2),47,6,0.5048,100.0,1.2742338180541992,1.271869189162861
QM9-gap-70k,GLOSS(4:2:2),47,7,0.5048,100.0,1.2899160385131836,1.3229892448534322
QM9-gap-70k,GLOSS(4:2:2),47,8,0.5048,100.0,1.3092701435089111,1.2986820787302504
QM9-gap-70k,GLOSS(4:2:2),47,9,0.5048,100.0,1.3300390243530273,1.293249207014148
QM9-gap-70k,GLOSS(4:2:2),47,10,0.5048,100.0,1.3395178318023682,1.2718816741593562
QM9-gap-70k,GLOSS(4:2:2),47,11,0.5048,100.0,1.3528468608856201,1.2481205651607745
QM9-gap-70k,GLOSS(4:2:2),47,12,0.5048,100.0,1.3561148643493652,1.2380044690663414
QM9-gap-70k,GLOSS(4:2:2),47,13,0.5048,100.0,1.401425838470459,1.230574262369291
QM9-gap-70k,GLOSS(4:2:2),47,14,0.5048,100.0,1.395714282989502,1.2187388856053938
QM9-gap-70k,GLOSS(4:2:2),47,15,0.5048,100.0,1.3878178596496582,1.23704135179049
QM9-gap-70k,GLOSS(4:2:2),47,16,0.5048,100.0,1.4233310222625732,1.2541844255579948
QM9-gap-70k,GLOSS(4:2:2),47,17,0.5048,100.0,1.4414939880371094,1.2420234965443675
QM9-gap-70k,GLOSS(4:2:2),47,18,0.5048,100.0,1.482375144958496,1.2320101997108135
QM9-gap-70k,GLOSS(4:2:2),47,19,0.5048,100.0,1.4919919967651367,1.2332094300283956
QM9-gap-70k,GLOSS(6:1:1),47,-1,0.2056,35.35004321521175,0.0,0.0
QM9-gap-70k,GLOSS(6:1:1),47,0,0.2724,49.7839239412273,1.2240328788757324,0.861827739064941
QM9-gap-70k,GLOSS(6:1:1),47,1,0.3339,63.07260155574762,1.1284022331237793,1.0386600684315168
QM9-gap-70k,GLOSS(6:1:1),47,2,0.3824,73.55229040622298,1.1816341876983643,1.1414256470434407
QM9-gap-70k,GLOSS(6:1:1),47,3,0.3957,76.42610198789974,1.2007050514221191,1.1217270196590174
QM9-gap-70k,GLOSS(6:1:1),47,4,0.3957,76.42610198789974,1.145887851715088,1.114473278759849
QM9-gap-70k,GLOSS(6:1:1),47,5,0.4426,86.5600691443388,1.2042810916900635,1.2424742858396147
QM9-gap-70k,GLOSS(6:1:1),47,6,0.5048,100.0,1.236954689025879,1.3426176328078905
QM9-gap-70k,GLOSS(6:1:1),47,7,0.5048,100.0,1.315528154373169,1.3163145963101441
QM9-gap-70k,GLOSS(6:1:1),47,8,0.5048,100.0,1.2458341121673584,1.2791648495738357
QM9-gap-70k,GLOSS(6:1:1),47,9,0.5048,100.0,1.2917981147766113,1.2510891474660453
QM9-gap-70k,GLOSS(6:1:1),47,10,0.5048,100.0,1.3777263164520264,1.237078204581473
QM9-gap-70k,GLOSS(6:1:1),47,11,0.5048,100.0,1.3256251811981201,1.2174697292005248
QM9-gap-70k,GLOSS(6:1:1),47,12,0.5048,100.0,1.3562631607055664,1.193000703312659
QM9-gap-70k,GLOSS(6:1:1),47,13,0.5048,100.0,1.3566930294036865,1.2148947814524411
QM9-gap-70k,GLOSS(6:1:1),47,14,0.5048,100.0,1.358144998550415,1.229416708180085
QM9-gap-70k,GLOSS(6:1:1),47,15,0.5048,100.0,1.4009852409362793,1.2417141782838406
QM9-gap-70k,GLOSS(6:1:1),47,16,0.5048,100.0,1.4293079376220703,1.2267635017157805
QM9-gap-70k,GLOSS(6:1:1),47,17,0.5048,100.0,1.4417622089385986,1.2164668688853832
QM9-gap-70k,GLOSS(6:1:1),47,18,0.5048,100.0,1.4498209953308105,1.1977653284577927
QM9-gap-70k,GLOSS(6:1:1),47,19,0.5048,100.0,1.477768898010254,1.1804797722752163
QM9-gap-70k,GLOSS(2:3:3),53,-1,0.2055,35.32843560933448,0.0,0.0
QM9-gap-70k,GLOSS(2:3:3),53,0,0.3361,63.54796888504753,1.2562217712402344,1.0700197534441425
QM9-gap-70k,GLOSS(2:3:3),53,1,0.5048,100.0,1.1067631244659424,1.2777600770070665
QM9-gap-70k,GLOSS(2:3:3),53,2,0.5048,100.0,1.1143531799316406,1.3001809563531435
QM9-gap-70k,GLOSS(2:3:3),53,3,0.5048,100.0,1.1270360946655273,1.3012707291464451
QM9-gap-70k,GLOSS(2:3:3),53,4,0.5048,100.0,1.1787610054016113,1.3336892795194797
QM9-gap-70k,GLOSS(2:3:3),53,5,0.5048,100.0,1.223691701889038,1.3548416424842393
QM9-gap-70k,GLOSS(2:3:3),53,6,0.5048,100.0,1.2542879581451416,1.3600978388901863
QM9-gap-70k,GLOSS(2:3:3),53,7,0.5048,100.0,1.2800650596618652,1.3401957015979744
QM9-gap-70k,GLOSS(2:3:3),53,8,0.5048,100.0,1.360551118850708,1.3160226313720875
QM9-gap-70k,GLOSS(2:3:3),53,9,0.5048,100.0,1.3789777755737305,1.310880428321398
QM9-gap-70k,GLOSS(2:3:3),53,10,0.5048,100.0,1.4049270153045654,1.3007587586420442
QM9-gap-70k,GLOSS(2:3:3),53,11,0.5048,100.0,1.3679020404815674,1.2913682105090905
QM9-gap-70k,GLOSS(2:3:3),53,12,0.5048,100.0,1.388273000717163,1.3006273805437545
QM9-gap-70k,GLOSS(2:3:3),53,13,0.5048,100.0,1.3718361854553223,1.2993002332013526
QM9-gap-70k,GLOSS(2:3:3),53,14,0.5048,100.0,1.4710781574249268,1.2886309655639052
QM9-gap-70k,GLOSS(2:3:3),53,15,0.5048,100.0,1.4522578716278076,1.2819486244033547
QM9-gap-70k,GLOSS(2:3:3),53,16,0.5048,100.0,1.4467220306396484,1.2727912958289604
QM9-gap-70k,GLOSS(2:3:3),53,17,0.5048,100.0,1.4649677276611328,1.2755338934699567
QM9-gap-70k,GLOSS(2:3:3),53,18,0.5048,100.0,1.4565248489379883,1.2649389144649446
QM9-gap-70k,GLOSS(2:3:3),53,19,0.5048,100.0,1.4460790157318115,1.2619136466996783
QM9-gap-70k,GLOSS(4:2:2),53,-1,0.2055,35.32843560933448,0.0,0.0
QM9-gap-70k,GLOSS(4:2:2),53,0,0.3361,63.54796888504753,1.2097289562225342,1.1536783510729547
QM9-gap-70k,GLOSS(4:2:2),53,1,0.3437,65.19014693171997,1.1635868549346924,1.2463742081117966
QM9-gap-70k,GLOSS(4:2:2),53,2,0.5048,100.0,1.186708927154541,1.3476910659961217
QM9-gap-70k,GLOSS(4:2:2),53,3,0.5048,100.0,1.2059330940246582,1.3442282497138598
QM9-gap-70k,GLOSS(4:2:2),53,4,0.5048,100.0,1.1923871040344238,1.359281027985389
QM9-gap-70k,GLOSS(4:2:2),53,5,0.5048,100.0,1.261768102645874,1.3556508683664714
QM9-gap-70k,GLOSS(4:2:2),53,6,0.5048,100.0,1.3021202087402344,1.3225698484816804
QM9-gap-70k,GLOSS(4:2:2),53,7,0.5048,100.0,1.293503999710083,1.284799457687137
QM9-gap-70k,GLOSS(4:2:2),53,8,0.5048,100.0,1.3347241878509521,1.2471188030738667
QM9-gap-70k,GLOSS(4:2:2),53,9,0.5048,100.0,1.3480398654937744,1.228050061588156
QM9-gap-70k,GLOSS(4:2:2),53,10,0.5048,100.0,1.4272477626800537,1.212179706218021
QM9-gap-70k,GLOSS(4:2:2),53,11,0.5048,100.0,1.3596270084381104,1.2041064532488288
QM9-gap-70k,GLOSS(4:2:2),53,12,0.5048,100.0,1.3446307182312012,1.2001536687472483
QM9-gap-70k,GLOSS(4:2:2),53,13,0.5048,100.0,1.3673310279846191,1.1952255025256695
QM9-gap-70k,GLOSS(4:2:2),53,14,0.5048,100.0,1.422940969467163,1.1801536910089232
QM9-gap-70k,GLOSS(4:2:2),53,15,0.5048,100.0,1.4428701400756836,1.1998584790287166
QM9-gap-70k,GLOSS(4:2:2),53,16,0.5048,100.0,1.4084208011627197,1.2186514274636302
QM9-gap-70k,GLOSS(4:2:2),53,17,0.5048,100.0,1.431386947631836,1.2098891828905034
QM9-gap-70k,GLOSS(4:2:2),53,18,0.5048,100.0,1.460895299911499,1.1923050614127997
QM9-gap-70k,GLOSS(4:2:2),53,19,0.5048,100.0,1.4394917488098145,1.1872467665016482
QM9-gap-70k,GLOSS(6:1:1),53,-1,0.2055,35.32843560933448,0.0,0.0
QM9-gap-70k,GLOSS(6:1:1),53,0,0.3273,61.646499567847876,1.211395025253296,1.0026861879690754
QM9-gap-70k,GLOSS(6:1:1),53,1,0.3472,65.94641313742437,1.1478278636932373,0.9373873454516557
QM9-gap-70k,GLOSS(6:1:1),53,2,0.3697,70.80812445980985,1.2091832160949707,1.1424128957303568
QM9-gap-70k,GLOSS(6:1:1),53,3,0.3725,71.41313742437337,1.223618745803833,1.1800723617109223
QM9-gap-70k,GLOSS(6:1:1),53,4,0.3725,71.41313742437337,1.4278302192687988,1.1061581574303838
QM9-gap-70k,GLOSS(6:1:1),53,5,0.3796,72.94727744165947,1.304960012435913,1.0513969552186297
QM9-gap-70k,GLOSS(6:1:1),53,6,0.418,81.24459809853067,1.2536251544952393,1.0408872337135668
QM9-gap-70k,GLOSS(6:1:1),53,7,0.4802,94.68452895419188,1.27958083152771,1.0722506080504335
QM9-gap-70k,GLOSS(6:1:1),53,8,0.5048,100.0,1.310032844543457,1.132989837832935
QM9-gap-70k,GLOSS(6:1:1),53,9,0.5048,100.0,1.3643219470977783,1.145418174232362
QM9-gap-70k,GLOSS(6:1:1),53,10,0.5048,100.0,1.3438069820404053,1.1407047643132693
QM9-gap-70k,GLOSS(6:1:1),53,11,0.5048,100.0,1.3993360996246338,1.1321685540584248
QM9-gap-70k,GLOSS(6:1:1),53,12,0.5048,100.0,1.3931331634521484,1.1112317798573248
QM9-gap-70k,GLOSS(6:1:1),53,13,0.5048,100.0,1.3820769786834717,1.094235731360405
QM9-gap-70k,GLOSS(6:1:1),53,14,0.5048,100.0,1.4302797317504883,1.081961943049619
QM9-gap-70k,GLOSS(6:1:1),53,15,0.5048,100.0,1.4453330039978027,1.080362911685564
QM9-gap-70k,GLOSS(6:1:1),53,16,0.5048,100.0,1.4487762451171875,1.0670387770262826
QM9-gap-70k,GLOSS(6:1:1),53,17,0.5048,100.0,1.464494228363037,1.0559549907977166
QM9-gap-70k,GLOSS(6:1:1),53,18,0.5048,100.0,1.4763188362121582,1.0459606048019172
QM9-gap-70k,GLOSS(6:1:1),53,19,0.5048,100.0,1.5035881996154785,1.0691497289070748
QM9-gap-70k,GLOSS(2:3:3),59,-1,0.2058,35.39325842696629,0.0,0.0
QM9-gap-70k,GLOSS(2:3:3),59,0,0.3192,59.896283491789106,1.837195873260498,0.49511998579663413
QM9-gap-70k,GLOSS(2:3:3),59,1,0.3192,59.896283491789106,1.4677057266235352,0.6921734325578951
QM9-gap-70k,GLOSS(2:3:3),59,2,0.3388,64.13137424373379,1.394901990890503,0.8347644579713573
QM9-gap-70k,GLOSS(2:3:3),59,3,0.3957,76.42610198789974,1.575307846069336,0.8957752194294082
QM9-gap-70k,GLOSS(2:3:3),59,4,0.5048,100.0,1.3218708038330078,1.0632379696331686
QM9-gap-70k,GLOSS(2:3:3),59,5,0.5048,100.0,1.310333013534546,1.1199028737550278
QM9-gap-70k,GLOSS(2:3:3),59,6,0.5048,100.0,1.3367669582366943,1.1892928195534016
QM9-gap-70k,GLOSS(2:3:3),59,7,0.5048,100.0,1.3590142726898193,1.1847352901865245
QM9-gap-70k,GLOSS(2:3:3),59,8,0.5048,100.0,1.3391129970550537,1.1686904617404543
QM9-gap-70k,GLOSS(2:3:3),59,9,0.5048,100.0,1.3985679149627686,1.1691248104554064
QM9-gap-70k,GLOSS(2:3:3),59,10,0.5048,100.0,1.4410161972045898,1.204585256282256
QM9-gap-70k,GLOSS(2:3:3),59,11,0.5048,100.0,1.4234778881072998,1.194288791660153
QM9-gap-70k,GLOSS(2:3:3),59,12,0.5048,100.0,1.4507009983062744,1.185152181081509
QM9-gap-70k,GLOSS(2:3:3),59,13,0.5048,100.0,1.4536657333374023,1.1954510701554721
QM9-gap-70k,GLOSS(2:3:3),59,14,0.5048,100.0,1.455024242401123,1.216012085959471
QM9-gap-70k,GLOSS(2:3:3),59,15,0.5048,100.0,1.5646650791168213,1.221740458502432
QM9-gap-70k,GLOSS(2:3:3),59,16,0.5048,100.0,1.5646989345550537,1.2233525873965683
QM9-gap-70k,GLOSS(2:3:3),59,17,0.5048,100.0,1.6061599254608154,1.2271489735678012
QM9-gap-70k,GLOSS(2:3:3),59,18,0.5048,100.0,1.586029052734375,1.2289885055418073
QM9-gap-70k,GLOSS(2:3:3),59,19,0.5048,100.0,1.6176319122314453,1.2287310347567986
QM9-gap-70k,GLOSS(4:2:2),59,-1,0.2058,35.39325842696629,0.0,0.0
QM9-gap-70k,GLOSS(4:2:2),59,0,0.3192,59.896283491789106,1.8967008590698242,0.46616254072386437
QM9-gap-70k,GLOSS(4:2:2),59,1,0.3215,60.39325842696629,1.5419697761535645,0.5613399150961456
QM9-gap-70k,GLOSS(4:2:2),59,2,0.3782,72.6447709593777,2.212286949157715,0.5909618740754087
QM9-gap-70k,GLOSS(4:2:2),59,3,0.3782,72.6447709593777,1.4696729183197021,0.72508795567681
QM9-gap-70k,GLOSS(4:2:2),59,4,0.383,73.68193604148661,1.386106014251709,0.8285864503122118
QM9-gap-70k,GLOSS(4:2:2),59,5,0.383,73.68193604148661,1.332247018814087,0.8355451453693437
QM9-gap-70k,GLOSS(4:2:2),59,6,0.4306,83.96715643906654,1.39143705368042,0.9138420804242589
QM9-gap-70k,GLOSS(4:2:2),59,7,0.5048,100.0,1.351151943206787,0.9867738962126819
QM9-gap-70k,GLOSS(4:2:2),59,8,0.5048,100.0,1.337824821472168,1.055874083065851
QM9-gap-70k,GLOSS(4:2:2),59,9,0.5048,100.0,1.3872270584106445,1.1134147057931485
QM9-gap-70k,GLOSS(4:2:2),59,10,0.5048,100.0,1.411444902420044,1.154454867194202
QM9-gap-70k,GLOSS(4:2:2),59,11,0.5048,100.0,1.4100799560546875,1.1457375310766937
QM9-gap-70k,GLOSS(4:2:2),59,12,0.5048,100.0,1.4176247119903564,1.1336997017277963
QM9-gap-70k,GLOSS(4:2:2),59,13,0.5048,100.0,1.4180688858032227,1.1240478486773493
QM9-gap-70k,GLOSS(4:2:2),59,14,0.5048,100.0,1.45517897605896,1.1167357191052243
QM9-gap-70k,GLOSS(4:2:2),59,15,0.5048,100.0,1.5344200134277344,1.1105696307284196
QM9-gap-70k,GLOSS(4:2:2),59,16,0.5048,100.0,1.5183238983154297,1.123192857795841
QM9-gap-70k,GLOSS(4:2:2),59,17,0.5048,100.0,1.5707330703735352,1.1433304261372645
QM9-gap-70k,GLOSS(4:2:2),59,18,0.5048,100.0,1.517604112625122,1.1695288807182382
QM9-gap-70k,GLOSS(4:2:2),59,19,0.5048,100.0,1.5338785648345947,1.1621896217198073
QM9-gap-70k,GLOSS(6:1:1),59,-1,0.2058,35.39325842696629,0.0,0.0
QM9-gap-70k,GLOSS(6:1:1),59,0,0.3192,59.896283491789106,1.8738949298858643,0.39647409977332737
QM9-gap-70k,GLOSS(6:1:1),59,1,0.3368,63.69922212618842,1.6284260749816895,0.42696736882638053
QM9-gap-70k,GLOSS(6:1:1),59,2,0.3793,72.88245462402766,1.9969971179962158,0.5669240941634142
QM9-gap-70k,GLOSS(6:1:1),59,3,0.3793,72.88245462402766,1.398979902267456,0.6712665035887744
QM9-gap-70k,GLOSS(6:1:1),59,4,0.3793,72.88245462402766,1.4072279930114746,0.6733263848021174
QM9-gap-70k,GLOSS(6:1:1),59,5,0.3824,73.55229040622298,1.3995320796966553,0.6940770132947144
QM9-gap-70k,GLOSS(6:1:1),59,6,0.3824,73.55229040622298,1.4720041751861572,0.7092113259915653
QM9-gap-70k,GLOSS(6:1:1),59,7,0.5048,100.0,1.4418261051177979,0.8759743716480507
QM9-gap-70k,GLOSS(6:1:1),59,8,0.5048,100.0,1.3731739521026611,1.0976803792785308
QM9-gap-70k,GLOSS(6:1:1),59,9,0.5048,100.0,1.4263389110565186,1.1420789234380027
QM9-gap-70k,GLOSS(6:1:1),59,10,0.5048,100.0,1.3906497955322266,1.1508798163063898
QM9-gap-70k,GLOSS(6:1:1),59,11,0.5048,100.0,1.5092778205871582,1.1550929665079614
QM9-gap-70k,GLOSS(6:1:1),59,12,0.5048,100.0,1.4600729942321777,1.1532844135107736
QM9-gap-70k,GLOSS(6:1:1),59,13,0.5048,100.0,1.4936871528625488,1.1390308420283715
QM9-gap-70k,GLOSS(6:1:1),59,14,0.5048,100.0,1.4664630889892578,1.1418510579994332
QM9-gap-70k,GLOSS(6:1:1),59,15,0.5048,100.0,1.4912819862365723,1.135834212679202
QM9-gap-70k,GLOSS(6:1:1),59,16,0.5048,100.0,1.5801150798797607,1.1764027890804627
QM9-gap-70k,GLOSS(6:1:1),59,17,0.5048,100.0,1.6040370464324951,1.1798755153657272
QM9-gap-70k,GLOSS(6:1:1),59,18,0.5048,100.0,1.5831940174102783,1.1806079779466128
QM9-gap-70k,GLOSS(6:1:1),59,19,0.5048,100.0,1.5921661853790283,1.175726794880641
QM9-gap-70k,GLOSS(2:3:3),61,-1,0.2083,35.933448573898005,0.0,0.0
QM9-gap-70k,GLOSS(2:3:3),61,0,0.2901,53.60847018150389,1.2851519584655762,0.7516617765213461
QM9-gap-70k,GLOSS(2:3:3),61,1,0.3296,62.14347450302506,1.4931340217590332,0.9618593590983938
QM9-gap-70k,GLOSS(2:3:3),61,2,0.3361,63.54796888504753,1.5726721286773682,0.8984072822598607
QM9-gap-70k,GLOSS(2:3:3),61,3,0.3541,67.43733794295592,1.4462380409240723,1.002472576483997
QM9-gap-70k,GLOSS(2:3:3),61,4,0.3736,71.65082108902332,1.4326508045196533,1.0878718472991251
QM9-gap-70k,GLOSS(2:3:3),61,5,0.4179,81.22299049265341,1.3196980953216553,1.1522563285012302
QM9-gap-70k,GLOSS(2:3:3),61,6,0.5048,100.0,1.3012909889221191,1.2651999669746778
QM9-gap-70k,GLOSS(2:3:3),61,7,0.5048,100.0,1.2843561172485352,1.3217929387429772
QM9-gap-70k,GLOSS(2:3:3),61,8,0.5048,100.0,1.3470649719238281,1.3060372644546652
QM9-gap-70k,GLOSS(2:3:3),61,9,0.5048,100.0,1.3431386947631836,1.3232034255166927
QM9-gap-70k,GLOSS(2:3:3),61,10,0.5048,100.0,1.3548970222473145,1.3130309691726052
QM9-gap-70k,GLOSS(2:3:3),61,11,0.5048,100.0,1.390152931213379,1.321637473313085
QM9-gap-70k,GLOSS(2:3:3),61,12,0.5048,100.0,1.3785209655761719,1.3073625584852644
QM9-gap-70k,GLOSS(2:3:3),61,13,0.5048,100.0,1.4300518035888672,1.3017913687010798
QM9-gap-70k,GLOSS(2:3:3),61,14,0.5048,100.0,1.4685120582580566,1.2875802383972503
QM9-gap-70k,GLOSS(2:3:3),61,15,0.5048,100.0,1.4968149662017822,1.280860343223406
QM9-gap-70k,GLOSS(2:3:3),61,16,0.5048,100.0,1.4916179180145264,1.2745725728869777
QM9-gap-70k,GLOSS(2:3:3),61,17,0.5048,100.0,1.4789471626281738,1.2781791329188477
QM9-gap-70k,GLOSS(2:3:3),61,18,0.5048,100.0,1.5280005931854248,1.2708766710855426
QM9-gap-70k,GLOSS(2:3:3),61,19,0.5048,100.0,1.560811996459961,1.2633487150018077
QM9-gap-70k,GLOSS(4:2:2),61,-1,0.2083,35.933448573898005,0.0,0.0
QM9-gap-70k,GLOSS(4:2:2),61,0,0.2709,49.459809853068265,1.2802679538726807,0.7542770712617909
QM9-gap-70k,GLOSS(4:2:2),61,1,0.3252,61.19273984442523,1.4392449855804443,1.051159897234236
QM9-gap-70k,GLOSS(4:2:2),61,2,0.3646,69.70613656006913,1.269780158996582,1.1728780825345748
QM9-gap-70k,GLOSS(4:2:2),61,3,0.462,90.75194468452895,1.2613542079925537,1.1997097397520247
QM9-gap-70k,GLOSS(4:2:2),61,4,0.4802,94.68452895419188,1.3552219867706299,1.2250720883638695
QM9-gap-70k,GLOSS(4:2:2),61,5,0.4802,94.68452895419188,1.3637640476226807,1.3017819717830958
QM9-gap-70k,GLOSS(4:2:2),61,6,0.5048,100.0,1.337690830230713,1.3902365626563398
QM9-gap-70k,GLOSS(4:2:2),61,7,0.5048,100.0,1.4099829196929932,1.3803673006481667
QM9-gap-70k,GLOSS(4:2:2),61,8,0.5048,100.0,1.3451180458068848,1.3319985941095165
QM9-gap-70k,GLOSS(4:2:2),61,9,0.5048,100.0,1.3549561500549316,1.3022155153360646
QM9-gap-70k,GLOSS(4:2:2),61,10,0.5048,100.0,1.393611192703247,1.2905661366016006
QM9-gap-70k,GLOSS(4:2:2),61,11,0.5048,100.0,1.4206840991973877,1.2805821362539695
QM9-gap-70k,GLOSS(4:2:2),61,12,0.5048,100.0,1.4357950687408447,1.2639863640037214
QM9-gap-70k,GLOSS(4:2:2),61,13,0.5048,100.0,1.448538064956665,1.265845788117248
QM9-gap-70k,GLOSS(4:2:2),61,14,0.5048,100.0,1.466271162033081,1.2613735886114366
QM9-gap-70k,GLOSS(4:2:2),61,15,0.5048,100.0,1.4777798652648926,1.2700145916060634
QM9-gap-70k,GLOSS(4:2:2),61,16,0.5048,100.0,1.4923970699310303,1.2804316524064976
QM9-gap-70k,GLOSS(4:2:2),61,17,0.5048,100.0,1.468095064163208,1.274601530552073
QM9-gap-70k,GLOSS(4:2:2),61,18,0.5048,100.0,1.5006577968597412,1.2686728734285735
QM9-gap-70k,GLOSS(4:2:2),61,19,0.5048,100.0,1.5032789707183838,1.2568856625727771
QM9-gap-70k,GLOSS(6:1:1),61,-1,0.2083,35.933448573898005,0.0,0.0
QM9-gap-70k,GLOSS(6:1:1),61,0,0.2709,49.459809853068265,1.27577805519104,0.8444354727100652
QM9-gap-70k,GLOSS(6:1:1),61,1,0.2731,49.93517718236819,1.3325238227844238,1.04383323309754
QM9-gap-70k,GLOSS(6:1:1),61,2,0.2925,54.12705272255833,1.2909200191497803,0.9696264616150906
QM9-gap-70k,GLOSS(6:1:1),61,3,0.3113,58.18928262748487,1.4575939178466797,0.9309967921329135
QM9-gap-70k,GLOSS(6:1:1),61,4,0.3237,60.868625756266205,1.4895870685577393,0.9842715373034939
QM9-gap-70k,GLOSS(6:1:1),61,5,0.4802,94.68452895419188,2.0227441787719727,1.0917837007803535
QM9-gap-70k,GLOSS(6:1:1),61,6,0.4802,94.68452895419188,1.544501781463623,1.1692753815483088
QM9-gap-70k,GLOSS(6:1:1),61,7,0.4802,94.68452895419188,2.2138640880584717,1.1881920854812222
QM9-gap-70k,GLOSS(6:1:1),61,8,0.4802,94.68452895419188,1.999018907546997,1.181852905621003
QM9-gap-70k,GLOSS(6:1:1),61,9,0.5048,100.0,2.0079166889190674,1.2416361179372015
QM9-gap-70k,GLOSS(6:1:1),61,10,0.5048,100.0,2.0827348232269287,1.3081938924042538
QM9-gap-70k,GLOSS(6:1:1),61,11,0.5048,100.0,2.080137252807617,1.3249689027114098
QM9-gap-70k,GLOSS(6:1:1),61,12,0.5048,100.0,2.0533082485198975,1.3005276137577897
QM9-gap-70k,GLOSS(6:1:1),61,13,0.5048,100.0,2.1011290550231934,1.2874892608497026
QM9-gap-70k,GLOSS(6:1:1),61,14,0.5048,100.0,2.0777928829193115,1.285489406932043
QM9-gap-70k,GLOSS(6:1:1),61,15,0.5048,100.0,2.166517734527588,1.2831192238067932
QM9-gap-70k,GLOSS(6:1:1),61,16,0.5048,100.0,2.170851945877075,1.2909524894071225
QM9-gap-70k,GLOSS(6:1:1),61,17,0.5048,100.0,2.216379165649414,1.310158901849313
QM9-gap-70k,GLOSS(6:1:1),61,18,0.5048,100.0,2.2403829097747803,1.3031201348804144
QM9-gap-70k,GLOSS(6:1:1),61,19,0.5048,100.0,2.28460693359375,1.288784304367107
QM9-gap-70k,GLOSS(2:3:3),67,-1,0.2081,35.89023336214347,0.0,0.0
QM9-gap-70k,GLOSS(2:3:3),67,0,0.2677,48.76836646499567,1.7345170974731445,0.7076809221104486
QM9-gap-70k,GLOSS(2:3:3),67,1,0.272,49.697493517718236,1.7143642902374268,0.8131471392780387
QM9-gap-70k,GLOSS(2:3:3),67,2,0.2758,50.51858254105445,1.7478389739990234,0.8566084818401385
QM9-gap-70k,GLOSS(2:3:3),67,3,0.3694,70.74330164217805,1.9249889850616455,0.9433417000665795
QM9-gap-70k,GLOSS(2:3:3),67,4,0.3782,72.6447709593777,1.8504071235656738,1.069492751917081
QM9-gap-70k,GLOSS(2:3:3),67,5,0.3957,76.42610198789974,1.9206840991973877,1.1338924837307975
QM9-gap-70k,GLOSS(2:3:3),67,6,0.5048,100.0,1.8375003337860107,1.2848715496495595
QM9-gap-70k,GLOSS(2:3:3),67,7,0.5048,100.0,1.8864519596099854,1.3547291284566
QM9-gap-70k,GLOSS(2:3:3),67,8,0.5048,100.0,1.9322168827056885,1.3604438826716962
QM9-gap-70k,GLOSS(2:3:3),67,9,0.5048,100.0,1.9569237232208252,1.3467438215699343
QM9-gap-70k,GLOSS(2:3:3),67,10,0.5048,100.0,1.988893985748291,1.3323777249219315
QM9-gap-70k,GLOSS(2:3:3),67,11,0.5048,100.0,1.9609270095825195,1.3082811286263543
QM9-gap-70k,GLOSS(2:3:3),67,12,0.5048,100.0,2.0077149868011475,1.295424438529803
QM9-gap-70k,GLOSS(2:3:3),67,13,0.5048,100.0,2.0506198406219482,1.2742480208780413
QM9-gap-70k,GLOSS(2:3:3),67,14,0.5048,100.0,2.1262619495391846,1.2630338734144824
QM9-gap-70k,GLOSS(2:3:3),67,15,0.5048,100.0,2.1425976753234863,1.2848862806043626
QM9-gap-70k,GLOSS(2:3:3),67,16,0.5048,100.0,2.1895668506622314,1.2733595276010168
QM9-gap-70k,GLOSS(2:3:3),67,17,0.5048,100.0,2.1784000396728516,1.2772137592709334
QM9-gap-70k,GLOSS(2:3:3),67,18,0.5048,100.0,2.2231392860412598,1.2810442516562361
QM9-gap-70k,GLOSS(2:3:3),67,19,0.5048,100.0,2.2366878986358643,1.2741169468766078
QM9-gap-70k,GLOSS(4:2:2),67,-1,0.2081,35.89023336214347,0.0,0.0
QM9-gap-70k,GLOSS(4:2:2),67,0,0.2689,49.02765773552289,1.715649127960205,0.7328864102231412
QM9-gap-70k,GLOSS(4:2:2),67,1,0.2871,52.96024200518582,1.755237102508545,0.7739888727197377
QM9-gap-70k,GLOSS(4:2:2),67,2,0.3394,64.2610198789974,2.127124071121216,0.8243468635070293
QM9-gap-70k,GLOSS(4:2:2),67,3,0.3637,69.51166810717373,2.1540729999542236,0.9128316196497096
QM9-gap-70k,GLOSS(4:2:2),67,4,0.3637,69.51166810717373,2.0145211219787598,1.0168048355238282
QM9-gap-70k,GLOSS(4:2:2),67,5,0.4802,94.68452895419188,2.0759048461914062,1.026058207598348
QM9-gap-70k,GLOSS(4:2:2),67,6,0.4802,94.68452895419188,1.9554502964019775,1.0577503680011242
QM9-gap-70k,GLOSS(4:2:2),67,7,0.5048,100.0,1.9538581371307373,1.1612322466549045
QM9-gap-70k,GLOSS(4:2:2),67,8,0.5048,100.0,2.0069539546966553,1.2656960033544424
QM9-gap-70k,GLOSS(4:2:2),67,9,0.5048,100.0,1.9298279285430908,1.306539387740369
QM9-gap-70k,GLOSS(4:2:2),67,10,0.5048,100.0,1.975111961364746,1.2775276414007002
QM9-gap-70k,GLOSS(4:2:2),67,11,0.5048,100.0,2.023557186126709,1.2795232224238777
QM9-gap-70k,GLOSS(4:2:2),67,12,0.5048,100.0,2.0679619312286377,1.272296944893195
QM9-gap-70k,GLOSS(4:2:2),67,13,0.5048,100.0,2.0790860652923584,1.2571354249236417
QM9-gap-70k,GLOSS(4:2:2),67,14,0.5048,100.0,2.083907127380371,1.2677809422825184
QM9-gap-70k,GLOSS(4:2:2),67,15,0.5048,100.0,2.127912998199463,1.2791673431049786
QM9-gap-70k,GLOSS(4:2:2),67,16,0.5048,100.0,2.191534996032715,1.267180975620119
QM9-gap-70k,GLOSS(4:2:2),67,17,0.5048,100.0,2.233374834060669,1.2648980330464608
QM9-gap-70k,GLOSS(4:2:2),67,18,0.5048,100.0,2.2161827087402344,1.2606543915650408
QM9-gap-70k,GLOSS(4:2:2),67,19,0.5048,100.0,2.271082878112793,1.2555604204048605
QM9-gap-70k,GLOSS(6:1:1),67,-1,0.2081,35.89023336214347,0.0,0.0
QM9-gap-70k,GLOSS(6:1:1),67,0,0.2702,49.308556611927386,1.725081205368042,0.5890449470066176
QM9-gap-70k,GLOSS(6:1:1),67,1,0.3308,62.40276577355228,1.7259068489074707,0.7329304525017636
QM9-gap-70k,GLOSS(6:1:1),67,2,0.3725,71.41313742437337,1.8703250885009766,0.8376740048711002
QM9-gap-70k,GLOSS(6:1:1),67,3,0.3762,72.21261884183232,1.9095051288604736,0.8975305302312112
QM9-gap-70k,GLOSS(6:1:1),67,4,0.3771,72.40708729472773,1.8507559299468994,0.9425151454358958
QM9-gap-70k,GLOSS(6:1:1),67,5,0.3957,76.42610198789974,1.9258918762207031,0.9307513280428297
QM9-gap-70k,GLOSS(6:1:1),67,6,0.4179,81.22299049265341,1.9335427284240723,0.9855764548039366
QM9-gap-70k,GLOSS(6:1:1),67,7,0.5048,100.0,1.9926159381866455,1.080263908392548
QM9-gap-70k,GLOSS(6:1:1),67,8,0.5048,100.0,1.9492380619049072,1.160157488973178
QM9-gap-70k,GLOSS(6:1:1),67,9,0.5048,100.0,1.9778947830200195,1.1505659522681684
QM9-gap-70k,GLOSS(6:1:1),67,10,0.5048,100.0,2.0108959674835205,1.1416907767594395
QM9-gap-70k,GLOSS(6:1:1),67,11,0.5048,100.0,2.0363240242004395,1.1282572872447165
QM9-gap-70k,GLOSS(6:1:1),67,12,0.5048,100.0,2.0550332069396973,1.1150009450814866
QM9-gap-70k,GLOSS(6:1:1),67,13,0.5048,100.0,2.019310235977173,1.097560296617216
QM9-gap-70k,GLOSS(6:1:1),67,14,0.5048,100.0,2.026569128036499,1.0928712800553517
QM9-gap-70k,GLOSS(6:1:1),67,15,0.5048,100.0,2.1122488975524902,1.0954885753249306
QM9-gap-70k,GLOSS(6:1:1),67,16,0.5048,100.0,2.1339621543884277,1.083414777424148
QM9-gap-70k,GLOSS(6:1:1),67,17,0.5048,100.0,2.1364617347717285,1.0775493258154467
QM9-gap-70k,GLOSS(6:1:1),67,18,0.5048,100.0,2.1989986896514893,1.0717675414375534
QM9-gap-70k,GLOSS(6:1:1),67,19,0.5048,100.0,2.197047233581543,1.064782794265931
QM9-gap-75k,GLOSS(2:3:3),47,-1,0.2075,35.760587726879855,0.0,0.0
QM9-gap-75k,GLOSS(2:3:3),47,0,0.2757,50.49697493517718,2.4881389141082764,0.3421283370947116
QM9-gap-75k,GLOSS(2:3:3),47,1,0.3019,56.15816767502161,2.6196510791778564,0.4236671735028628
QM9-gap-75k,GLOSS(2:3:3),47,2,0.3019,56.15816767502161,3.0506651401519775,0.439476261877768
QM9-gap-75k,GLOSS(2:3:3),47,3,0.3019,56.15816767502161,3.1502442359924316,0.4871778664546109
QM9-gap-75k,GLOSS(2:3:3),47,4,0.3316,62.57562662057043,2.655503034591675,0.5078818172542802
QM9-gap-75k,GLOSS(2:3:3),47,5,0.355,67.63180639585133,2.5638251304626465,0.634888318682878
QM9-gap-75k,GLOSS(2:3:3),47,6,0.4426,86.5600691443388,2.0703678131103516,0.8827022576767097
QM9-gap-75k,GLOSS(2:3:3),47,7,0.5048,100.0,2.061389923095703,1.10984497499422
QM9-gap-75k,GLOSS(2:3:3),47,8,0.5048,100.0,2.1859917640686035,1.1627914374402346
QM9-gap-75k,GLOSS(2:3:3),47,9,0.5048,100.0,2.190272092819214,1.1711251814132861
QM9-gap-75k,GLOSS(2:3:3),47,10,0.5048,100.0,2.152517080307007,1.2015690090835518
QM9-gap-75k,GLOSS(2:3:3),47,11,0.5048,100.0,2.2142181396484375,1.206230974021556
QM9-gap-75k,GLOSS(2:3:3),47,12,0.5048,100.0,2.271448850631714,1.2023685264173378
QM9-gap-75k,GLOSS(2:3:3),47,13,0.5048,100.0,2.3758602142333984,1.19929269198708
QM9-gap-75k,GLOSS(2:3:3),47,14,0.5048,100.0,2.329167127609253,1.185307368654702
QM9-gap-75k,GLOSS(2:3:3),47,15,0.5048,100.0,2.3209331035614014,1.1839069866364844
QM9-gap-75k,GLOSS(2:3:3),47,16,0.5048,100.0,2.390349864959717,1.180075900624622
QM9-gap-75k,GLOSS(2:3:3),47,17,0.5048,100.0,2.3686652183532715,1.1800471814952818
QM9-gap-75k,GLOSS(2:3:3),47,18,0.5048,100.0,2.415066957473755,1.179136626067752
QM9-gap-75k,GLOSS(2:3:3),47,19,0.5048,100.0,2.4902360439300537,1.1804888059197958
QM9-gap-75k,GLOSS(4:2:2),47,-1,0.2075,35.760587726879855,0.0,0.0
QM9-gap-75k,GLOSS(4:2:2),47,0,0.2962,54.92653414001729,2.5963010787963867,0.3171642347634962
QM9-gap-75k,GLOSS(4:2:2),47,1,0.3123,58.40535868625757,2.722316026687622,0.4876454385218045
QM9-gap-75k,GLOSS(4:2:2),47,2,0.3411,64.62834917891098,2.7185935974121094,0.5650147381390276
QM9-gap-75k,GLOSS(4:2:2),47,3,0.3411,64.62834917891098,2.6548259258270264,0.5944704807360646
QM9-gap-75k,GLOSS(4:2:2),47,4,0.3501,66.57303370786516,2.508362054824829,0.6599444871792421
QM9-gap-75k,GLOSS(4:2:2),47,5,0.3628,69.31719965427831,2.5295732021331787,0.6665440914685917
QM9-gap-75k,GLOSS(4:2:2),47,6,0.3824,73.55229040622298,2.2887532711029053,0.758731396652366
QM9-gap-75k,GLOSS(4:2:2),47,7,0.4177,81.17977528089888,2.179051160812378,0.8439837032053884
QM9-gap-75k,GLOSS(4:2:2),47,8,0.4465,87.40276577355229,2.148792028427124,0.9055921583993358
QM9-gap-75k,GLOSS(4:2:2),47,9,0.4802,94.68452895419188,2.1061549186706543,0.9329928341545423
QM9-gap-75k,GLOSS(4:2:2),47,10,0.4802,94.68452895419188,2.2458198070526123,0.956950503970896
QM9-gap-75k,GLOSS(4:2:2),47,11,0.4802,94.68452895419188,2.329477071762085,1.0037892891009643
QM9-gap-75k,GLOSS(4:2:2),47,12,0.5048,100.0,2.321094036102295,1.048460587836835
QM9-gap-75k,GLOSS(4:2:2),47,13,0.5048,100.0,2.3916218280792236,1.0919732952530394
QM9-gap-75k,GLOSS(4:2:2),47,14,0.5048,100.0,2.3614180088043213,1.1220462752430425
QM9-gap-75k,GLOSS(4:2:2),47,15,0.5048,100.0,2.3325297832489014,1.1271328370400862
QM9-gap-75k,GLOSS(4:2:2),47,16,0.5048,100.0,2.456490993499756,1.1244389475101204
QM9-gap-75k,GLOSS(4:2:2),47,17,0.5048,100.0,2.4579577445983887,1.1215826483744207
QM9-gap-75k,GLOSS(4:2:2),47,18,0.5048,100.0,2.4629018306732178,1.1185285860097915
QM9-gap-75k,GLOSS(4:2:2),47,19,0.5048,100.0,2.4765758514404297,1.1171649153390202
QM9-gap-75k,GLOSS(6:1:1),47,-1,0.2075,35.760587726879855,0.0,0.0
QM9-gap-75k,GLOSS(6:1:1),47,0,0.2781,51.015557476231635,2.689393997192383,0.24574119018953944
QM9-gap-75k,GLOSS(6:1:1),47,1,0.281,51.64217804667243,2.8439300060272217,0.2737813312507332
QM9-gap-75k,GLOSS(6:1:1),47,2,0.2962,54.92653414001729,2.7894630432128906,0.3596048642849613
QM9-gap-75k,GLOSS(6:1:1),47,3,0.3202,60.11235955056179,2.7679290771484375,0.39811934364311835
QM9-gap-75k,GLOSS(6:1:1),47,4,0.3202,60.11235955056179,2.6217620372772217,0.4049997002135196
QM9-gap-75k,GLOSS(6:1:1),47,5,0.3207,60.220397579948134,2.5970659255981445,0.43248121971181464
QM9-gap-75k,GLOSS(6:1:1),47,6,0.3207,60.220397579948134,2.4113688468933105,0.4889154664172258
QM9-gap-75k,GLOSS(6:1:1),47,7,0.3316,62.57562662057043,2.5314018726348877,0.5945776138352272
QM9-gap-75k,GLOSS(6:1:1),47,8,0.3316,62.57562662057043,2.532058000564575,0.6395835907736661
QM9-gap-75k,GLOSS(6:1:1),47,9,0.3744,71.82368193604148,2.5646660327911377,0.6451282919557594
QM9-gap-75k,GLOSS(6:1:1),47,10,0.3882,74.80553154710458,2.536396026611328,0.6955098244810205
QM9-gap-75k,GLOSS(6:1:1),47,11,0.4465,87.40276577355229,2.4282758235931396,0.7707461928932368
QM9-gap-75k,GLOSS(6:1:1),47,12,0.4802,94.68452895419188,2.4259350299835205,0.811768854752669
QM9-gap-75k,GLOSS(6:1:1),47,13,0.4802,94.68452895419188,2.5024449825286865,0.8556647403020229
QM9-gap-75k,GLOSS(6:1:1),47,14,0.4802,94.68452895419188,2.4853451251983643,0.9145898935974214
QM9-gap-75k,GLOSS(6:1:1),47,15,0.4802,94.68452895419188,2.483971118927002,0.9477216993821909
QM9-gap-75k,GLOSS(6:1:1),47,16,0.4802,94.68452895419188,2.603538990020752,0.9650322071620558
QM9-gap-75k,GLOSS(6:1:1),47,17,0.4802,94.68452895419188,2.5332469940185547,0.96949323228794
QM9-gap-75k,GLOSS(6:1:1),47,18,0.4802,94.68452895419188,2.542239189147949,0.9919466563359964
QM9-gap-75k,GLOSS(6:1:1),47,19,0.5048,100.0,2.6191799640655518,1.0492796454343778
QM9-gap-75k,GLOSS(2:3:3),53,-1,0.2083,35.933448573898005,0.0,0.0
QM9-gap-75k,GLOSS(2:3:3),53,0,0.3594,68.58254105445116,1.9877679347991943,0.9207985342811902
QM9-gap-75k,GLOSS(2:3:3),53,1,0.4426,86.5600691443388,1.9628386497497559,1.0859186648682366
QM9-gap-75k,GLOSS(2:3:3),53,2,0.5048,100.0,1.8161091804504395,1.2726009739013464
QM9-gap-75k,GLOSS(2:3:3),53,3,0.5048,100.0,1.7973928451538086,1.2475611899323398
QM9-gap-75k,GLOSS(2:3:3),53,4,0.5048,100.0,1.8770508766174316,1.2232439989311166
QM9-gap-75k,GLOSS(2:3:3),53,5,0.5048,100.0,1.9552431106567383,1.2575978408188462
QM9-gap-75k,GLOSS(2:3:3),53,6,0.5048,100.0,1.981220006942749,1.2746319570175484
QM9-gap-75k,GLOSS(2:3:3),53,7,0.5048,100.0,2.043997049331665,1.2795007605147444
QM9-gap-75k,GLOSS(2:3:3),53,8,0.5048,100.0,2.108739137649536,1.2973747041946408
QM9-gap-75k,GLOSS(2:3:3),53,9,0.5048,100.0,2.0699520111083984,1.2737070551826244
QM9-gap-75k,GLOSS(2:3:3),53,10,0.5048,100.0,2.213290214538574,1.2659509638928483
QM9-gap-75k,GLOSS(2:3:3),53,11,0.5048,100.0,2.256631851196289,1.2507451440057182
QM9-gap-75k,GLOSS(2:3:3),53,12,0.5048,100.0,2.2872560024261475,1.2489139070719155
QM9-gap-75k,GLOSS(2:3:3),53,13,0.5048,100.0,2.241466760635376,1.2519908743705799
QM9-gap-75k,GLOSS(2:3:3),53,14,0.5048,100.0,2.298398017883301,1.255239087394511
QM9-gap-75k,GLOSS(2:3:3),53,15,0.5048,100.0,2.3116819858551025,1.2651345580064404
QM9-gap-75k,GLOSS(2:3:3),53,16,0.5048,100.0,2.2391951084136963,1.2698353332685148
QM9-gap-75k,GLOSS(2:3:3),53,17,0.5048,100.0,2.3454980850219727,1.260763178109828
QM9-gap-75k,GLOSS(2:3:3),53,18,0.5048,100.0,2.4749338626861572,1.2548039796867414
QM9-gap-75k,GLOSS(2:3:3),53,19,0.5048,100.0,2.5004448890686035,1.2426877896764852
QM9-gap-75k,GLOSS(4:2:2),53,-1,0.2083,35.933448573898005,0.0,0.0
QM9-gap-75k,GLOSS(4:2:2),53,0,0.3882,74.80553154710458,1.999298095703125,1.0595479595902546
QM9-gap-75k,GLOSS(4:2:2),53,1,0.5048,100.0,1.9884579181671143,1.1309778765707448
QM9-gap-75k,GLOSS(4:2:2),53,2,0.5048,100.0,2.060472011566162,1.23291811674318
QM9-gap-75k,GLOSS(4:2:2),53,3,0.5048,100.0,2.1122119426727295,1.2086815080562627
QM9-gap-75k,GLOSS(4:2:2),53,4,0.5048,100.0,1.9502320289611816,1.196052253085427
QM9-gap-75k,GLOSS(4:2:2),53,5,0.5048,100.0,1.9288740158081055,1.225165666574199
QM9-gap-75k,GLOSS(4:2:2),53,6,0.5048,100.0,1.9534718990325928,1.2527223929472262
QM9-gap-75k,GLOSS(4:2:2),53,7,0.5048,100.0,1.9959750175476074,1.214470488820295
QM9-gap-75k,GLOSS(4:2:2),53,8,0.5048,100.0,2.07031512260437,1.1742181025383536
QM9-gap-75k,GLOSS(4:2:2),53,9,0.5048,100.0,2.071096181869507,1.1631291784373237
QM9-gap-75k,GLOSS(4:2:2),53,10,0.5048,100.0,2.1597859859466553,1.1456758828111235
QM9-gap-75k,GLOSS(4:2:2),53,11,0.5048,100.0,2.183049201965332,1.1273750074306834
QM9-gap-75k,GLOSS(4:2:2),53,12,0.5048,100.0,2.2036139965057373,1.1134849493295667
QM9-gap-75k,GLOSS(4:2:2),53,13,0.5048,100.0,2.244961977005005,1.1290415839801629
QM9-gap-75k,GLOSS(4:2:2),53,14,0.5048,100.0,2.2710788249969482,1.1359606651029992
QM9-gap-75k,GLOSS(4:2:2),53,15,0.5048,100.0,2.2723991870880127,1.144973565261815
QM9-gap-75k,GLOSS(4:2:2),53,16,0.5048,100.0,2.3161652088165283,1.1505030748219376
QM9-gap-75k,GLOSS(4:2:2),53,17,0.5048,100.0,2.3900930881500244,1.1388910445283644
QM9-gap-75k,GLOSS(4:2:2),53,18,0.5048,100.0,2.414824962615967,1.1531813855596322
QM9-gap-75k,GLOSS(4:2:2),53,19,0.5048,100.0,2.4316837787628174,1.1615359901305444
QM9-gap-75k,GLOSS(6:1:1),53,-1,0.2083,35.933448573898005,0.0,0.0
QM9-gap-75k,GLOSS(6:1:1),53,0,0.5048,100.0,1.934704065322876,1.1592358933228157
QM9-gap-75k,GLOSS(6:1:1),53,1,0.5048,100.0,1.8734819889068604,1.3020957377829778
QM9-gap-75k,GLOSS(6:1:1),53,2,0.5048,100.0,1.8348040580749512,1.2342215518557436
QM9-gap-75k,GLOSS(6:1:1),53,3,0.5048,100.0,1.9051940441131592,1.2230249138973572
QM9-gap-75k,GLOSS(6:1:1),53,4,0.5048,100.0,1.926783800125122,1.2523077753624676
QM9-gap-75k,GLOSS(6:1:1),53,5,0.5048,100.0,1.9999847412109375,1.283956804243765
QM9-gap-75k,GLOSS(6:1:1),53,6,0.5048,100.0,2.099543809890747,1.3014855706140256
QM9-gap-75k,GLOSS(6:1:1),53,7,0.5048,100.0,2.039346933364868,1.2710092762235332
QM9-gap-75k,GLOSS(6:1:1),53,8,0.5048,100.0,2.091014862060547,1.2372662530468101
QM9-gap-75k,GLOSS(6:1:1),53,9,0.5048,100.0,2.0891571044921875,1.2111581523088126
QM9-gap-75k,GLOSS(6:1:1),53,10,0.5048,100.0,2.2039780616760254,1.187588701452485
QM9-gap-75k,GLOSS(6:1:1),53,11,0.5048,100.0,2.243533134460449,1.16268357880419
QM9-gap-75k,GLOSS(6:1:1),53,12,0.5048,100.0,2.278801202774048,1.1634263938970497
QM9-gap-75k,GLOSS(6:1:1),53,13,0.5048,100.0,2.2462379932403564,1.1477401602031712
QM9-gap-75k,GLOSS(6:1:1),53,14,0.5048,100.0,2.312253952026367,1.1385439931176116
QM9-gap-75k,GLOSS(6:1:1),53,15,0.5048,100.0,2.2522380352020264,1.1391145141679078
QM9-gap-75k,GLOSS(6:1:1),53,16,0.5048,100.0,2.3432812690734863,1.1358480859183318
QM9-gap-75k,GLOSS(6:1:1),53,17,0.5048,100.0,2.3201210498809814,1.1158978711340266
QM9-gap-75k,GLOSS(6:1:1),53,18,0.5048,100.0,2.3930611610412598,1.0972519588290985
QM9-gap-75k,GLOSS(6:1:1),53,19,0.5048,100.0,2.3567700386047363,1.078800513327823
QM9-gap-75k,GLOSS(2:3:3),59,-1,0.2085,35.97666378565254,0.0,0.0
QM9-gap-75k,GLOSS(2:3:3),59,0,0.2821,51.879861711322384,1.8186397552490234,0.7708090783106571
QM9-gap-75k,GLOSS(2:3:3),59,1,0.341,64.60674157303372,1.819955825805664,0.8718502934604794
QM9-gap-75k,GLOSS(2:3:3),59,2,0.3595,68.60414866032843,1.8947253227233887,0.8667971131899799
QM9-gap-75k,GLOSS(2:3:3),59,3,0.3771,72.40708729472773,2.0500099658966064,0.9222957623803356
QM9-gap-75k,GLOSS(2:3:3),59,4,0.3824,73.55229040622298,2.074144124984741,0.9409708664706634
QM9-gap-75k,GLOSS(2:3:3),59,5,0.3957,76.42610198789974,1.953028917312622,0.9393563013815946
QM9-gap-75k,GLOSS(2:3:3),59,6,0.4179,81.22299049265341,1.9468579292297363,1.0100608804715383
QM9-gap-75k,GLOSS(2:3:3),59,7,0.5048,100.0,2.0250461101531982,1.108851097290186
QM9-gap-75k,GLOSS(2:3:3),59,8,0.5048,100.0,2.125037908554077,1.1941039356400798
QM9-gap-75k,GLOSS(2:3:3),59,9,0.5048,100.0,2.1508829593658447,1.1793559052821843
QM9-gap-75k,GLOSS(2:3:3),59,10,0.5048,100.0,2.041390895843506,1.1618138925855868
QM9-gap-75k,GLOSS(2:3:3),59,11,0.5048,100.0,2.126641273498535,1.1677600791643281
QM9-gap-75k,GLOSS(2:3:3),59,12,0.5048,100.0,2.1882829666137695,1.1908633077894328
QM9-gap-75k,GLOSS(2:3:3),59,13,0.5048,100.0,2.2340588569641113,1.1933677772651603
QM9-gap-75k,GLOSS(2:3:3),59,14,0.5048,100.0,2.1985840797424316,1.1862245201627115
QM9-gap-75k,GLOSS(2:3:3),59,15,0.5048,100.0,2.186677932739258,1.1899923100280891
QM9-gap-75k,GLOSS(2:3:3),59,16,0.5048,100.0,2.203505039215088,1.1939028842040096
QM9-gap-75k,GLOSS(2:3:3),59,17,0.5048,100.0,2.300585985183716,1.2020457406867664
QM9-gap-75k,GLOSS(2:3:3),59,18,0.5048,100.0,2.344817876815796,1.194354309108615
QM9-gap-75k,GLOSS(2:3:3),59,19,0.5048,100.0,2.3853230476379395,1.2084852391202143
QM9-gap-75k,GLOSS(4:2:2),59,-1,0.2085,35.97666378565254,0.0,0.0
QM9-gap-75k,GLOSS(4:2:2),59,0,0.2538,45.76490924805531,1.8325912952423096,0.6712089891300803
QM9-gap-75k,GLOSS(4:2:2),59,1,0.3352,63.35350043215211,1.8854899406433105,0.8447120355871837
QM9-gap-75k,GLOSS(4:2:2),59,2,0.3824,73.55229040622298,1.9403140544891357,0.9044898440031344
QM9-gap-75k,GLOSS(4:2:2),59,3,0.3824,73.55229040622298,1.9304747581481934,0.9979130502546262
QM9-gap-75k,GLOSS(4:2:2),59,4,0.3824,73.55229040622298,2.069721221923828,0.9949674144290231
QM9-gap-75k,GLOSS(4:2:2),59,5,0.4128,80.1210025929127,2.1178979873657227,0.9871006472687955
QM9-gap-75k,GLOSS(4:2:2),59,6,0.4465,87.40276577355229,2.1881728172302246,0.9896313058115891
QM9-gap-75k,GLOSS(4:2:2),59,7,0.4802,94.68452895419188,2.142148971557617,1.0368593764334877
QM9-gap-75k,GLOSS(4:2:2),59,8,0.5048,100.0,2.086337089538574,1.135920687839435
QM9-gap-75k,GLOSS(4:2:2),59,9,0.5048,100.0,2.185884952545166,1.1189890464803383
QM9-gap-75k,GLOSS(4:2:2),59,10,0.5048,100.0,2.1993141174316406,1.1126917760307102
QM9-gap-75k,GLOSS(4:2:2),59,11,0.5048,100.0,2.1999709606170654,1.1204653434837653
QM9-gap-75k,GLOSS(4:2:2),59,12,0.5048,100.0,2.2297332286834717,1.121293883472952
QM9-gap-75k,GLOSS(4:2:2),59,13,0.5048,100.0,2.2612290382385254,1.1132232488439118
QM9-gap-75k,GLOSS(4:2:2),59,14,0.5048,100.0,2.2741940021514893,1.1023950374204594
QM9-gap-75k,GLOSS(4:2:2),59,15,0.5048,100.0,2.285114288330078,1.0960380710081215
QM9-gap-75k,GLOSS(4:2:2),59,16,0.5048,100.0,2.286670207977295,1.0987389581453932
QM9-gap-75k,GLOSS(4:2:2),59,17,0.5048,100.0,2.3281941413879395,1.1005012353872718
QM9-gap-75k,GLOSS(4:2:2),59,18,0.5048,100.0,2.4069859981536865,1.0978297939773147
QM9-gap-75k,GLOSS(4:2:2),59,19,0.5048,100.0,2.374260902404785,1.0935456705849966
QM9-gap-75k,GLOSS(6:1:1),59,-1,0.2085,35.97666378565254,0.0,0.0
QM9-gap-75k,GLOSS(6:1:1),59,0,0.2797,51.36127917026793,1.903778076171875,0.5926577055350164
QM9-gap-75k,GLOSS(6:1:1),59,1,0.2981,55.33707865168539,1.8938782215118408,0.7289063927629632
QM9-gap-75k,GLOSS(6:1:1),59,2,0.3161,59.22644770959378,1.9692552089691162,0.6765170320399291
QM9-gap-75k,GLOSS(6:1:1),59,3,0.3181,59.65859982713915,1.9772789478302002,0.7720490150388358
QM9-gap-75k,GLOSS(6:1:1),59,4,0.319,59.85306828003457,2.0433220863342285,0.8698700931952005
QM9-gap-75k,GLOSS(6:1:1),59,5,0.3371,63.76404494382022,2.0753819942474365,0.9386521995704623
QM9-gap-75k,GLOSS(6:1:1),59,6,0.3842,73.94122731201382,2.04154109954834,0.9712300240121499
QM9-gap-75k,GLOSS(6:1:1),59,7,0.3842,73.94122731201382,2.073481798171997,1.0374169799412876
QM9-gap-75k,GLOSS(6:1:1),59,8,0.3957,76.42610198789974,2.149683952331543,1.068765931307001
QM9-gap-75k,GLOSS(6:1:1),59,9,0.4179,81.22299049265341,2.140378952026367,1.1178811362224415
QM9-gap-75k,GLOSS(6:1:1),59,10,0.5048,100.0,2.2014389038085938,1.20540385273204
QM9-gap-75k,GLOSS(6:1:1),59,11,0.5048,100.0,2.211729049682617,1.2450057758061293
QM9-gap-75k,GLOSS(6:1:1),59,12,0.5048,100.0,2.262523889541626,1.2369223539350775
QM9-gap-75k,GLOSS(6:1:1),59,13,0.5048,100.0,2.2691118717193604,1.2289948228450354
QM9-gap-75k,GLOSS(6:1:1),59,14,0.5048,100.0,2.251481771469116,1.2409229555995644
QM9-gap-75k,GLOSS(6:1:1),59,15,0.5048,100.0,2.321187973022461,1.2374413282803685
QM9-gap-75k,GLOSS(6:1:1),59,16,0.5048,100.0,2.3617238998413086,1.2408432173331263
QM9-gap-75k,GLOSS(6:1:1),59,17,0.5048,100.0,2.396277904510498,1.238209525957
QM9-gap-75k,GLOSS(6:1:1),59,18,0.5048,100.0,2.4341189861297607,1.2248244868727896
QM9-gap-75k,GLOSS(6:1:1),59,19,0.5048,100.0,2.383039951324463,1.21771057945317
QM9-gap-75k,GLOSS(2:3:3),61,-1,0.2084,35.955056179775276,0.0,0.0
QM9-gap-75k,GLOSS(2:3:3),61,0,0.2904,53.67329299913569,2.298614740371704,0.5994661104484612
QM9-gap-75k,GLOSS(2:3:3),61,1,0.3369,63.720829732065674,2.255659818649292,0.9204471104295301
QM9-gap-75k,GLOSS(2:3:3),61,2,0.3433,65.10371650821088,3.1833300590515137,0.9314944424973066
QM9-gap-75k,GLOSS(2:3:3),61,3,0.379,72.81763180639584,2.687082052230835,0.9354116076729081
QM9-gap-75k,GLOSS(2:3:3),61,4,0.379,72.81763180639584,2.399501085281372,0.9639583555558836
QM9-gap-75k,GLOSS(2:3:3),61,5,0.3824,73.55229040622298,2.1970229148864746,0.9489669470092105
QM9-gap-75k,GLOSS(2:3:3),61,6,0.3891,75.0,2.220452070236206,0.9679026220062406
QM9-gap-75k,GLOSS(2:3:3),61,7,0.4426,86.5600691443388,2.1032638549804688,1.0609200328992507
QM9-gap-75k,GLOSS(2:3:3),61,8,0.5048,100.0,2.088721990585327,1.1283207806604425
QM9-gap-75k,GLOSS(2:3:3),61,9,0.5048,100.0,2.1314048767089844,1.158205882382757
QM9-gap-75k,GLOSS(2:3:3),61,10,0.5048,100.0,2.1506638526916504,1.1634848302414056
QM9-gap-75k,GLOSS(2:3:3),61,11,0.5048,100.0,2.2280447483062744,1.1486302524503675
QM9-gap-75k,GLOSS(2:3:3),61,12,0.5048,100.0,2.2663607597351074,1.1975657997971434
QM9-gap-75k,GLOSS(2:3:3),61,13,0.5048,100.0,2.2615630626678467,1.1988186648539638
QM9-gap-75k,GLOSS(2:3:3),61,14,0.5048,100.0,2.260770082473755,1.1943840949328992
QM9-gap-75k,GLOSS(2:3:3),61,15,0.5048,100.0,2.3089406490325928,1.1980856210305628
QM9-gap-75k,GLOSS(2:3:3),61,16,0.5048,100.0,2.314114809036255,1.221162314733919
QM9-gap-75k,GLOSS(2:3:3),61,17,0.5048,100.0,2.39154314994812,1.2143776409430014
QM9-gap-75k,GLOSS(2:3:3),61,18,0.5048,100.0,2.4252870082855225,1.2017056555057497
QM9-gap-75k,GLOSS(2:3:3),61,19,0.5048,100.0,2.4431419372558594,1.2036349179173418
QM9-gap-75k,GLOSS(4:2:2),61,-1,0.2084,35.955056179775276,0.0,0.0
QM9-gap-75k,GLOSS(4:2:2),61,0,0.2257,39.69317199654278,2.398120164871216,0.5370262627417338
QM9-gap-75k,GLOSS(4:2:2),61,1,0.2414,43.08556611927398,2.424614906311035,0.5853469967341962
QM9-gap-75k,GLOSS(4:2:2),61,2,0.2867,52.87381158167675,2.44724178314209,0.6370540308225353
QM9-gap-75k,GLOSS(4:2:2),61,3,0.3139,58.751080380293864,2.2970240116119385,0.6748709703104768
QM9-gap-75k,GLOSS(4:2:2),61,4,0.5048,100.0,2.349273920059204,0.9252318086866111
QM9-gap-75k,GLOSS(4:2:2),61,5,0.5048,100.0,2.0899651050567627,1.174845426626381
QM9-gap-75k,GLOSS(4:2:2),61,6,0.5048,100.0,2.06585693359375,1.241598066336917
QM9-gap-75k,GLOSS(4:2:2),61,7,0.5048,100.0,2.070594072341919,1.2445255310089123
QM9-gap-75k,GLOSS(4:2:2),61,8,0.5048,100.0,2.1494300365448,1.220561879843152
QM9-gap-75k,GLOSS(4:2:2),61,9,0.5048,100.0,2.1476128101348877,1.2250621975113387
QM9-gap-75k,GLOSS(4:2:2),61,10,0.5048,100.0,2.142291784286499,1.2407889335476407
QM9-gap-75k,GLOSS(4:2:2),61,11,0.5048,100.0,2.2285079956054688,1.2163413590165422
QM9-gap-75k,GLOSS(4:2:2),61,12,0.5048,100.0,2.2285220623016357,1.197757446298754
QM9-gap-75k,GLOSS(4:2:2),61,13,0.5048,100.0,2.3559019565582275,1.2058833283520842
QM9-gap-75k,GLOSS(4:2:2),61,14,0.5048,100.0,2.3643910884857178,1.2143627497476186
QM9-gap-75k,GLOSS(4:2:2),61,15,0.5048,100.0,2.338513135910034,1.2150866598641692
QM9-gap-75k,GLOSS(4:2:2),61,16,0.5048,100.0,2.3978612422943115,1.20677571712253
QM9-gap-75k,GLOSS(4:2:2),61,17,0.5048,100.0,2.407506227493286,1.1952844030382095
QM9-gap-75k,GLOSS(4:2:2),61,18,0.5048,100.0,2.4682531356811523,1.1887454100437174
QM9-gap-75k,GLOSS(4:2:2),61,19,0.5048,100.0,2.4912667274475098,1.1830262653691734
QM9-gap-75k,GLOSS(6:1:1),61,-1,0.2084,35.955056179775276,0.0,0.0
QM9-gap-75k,GLOSS(6:1:1),61,0,0.2393,42.631806395851335,2.312372922897339,0.4811894875119923
QM9-gap-75k,GLOSS(6:1:1),61,1,0.2661,48.42264477095937,2.0668201446533203,0.8278154073008476
QM9-gap-75k,GLOSS(6:1:1),61,2,0.2984,55.401901469317195,2.208083152770996,0.8289734438403251
QM9-gap-75k,GLOSS(6:1:1),61,3,0.3003,55.8124459809853,2.399505138397217,0.8513441122846165
QM9-gap-75k,GLOSS(6:1:1),61,4,0.3003,55.8124459809853,2.3600428104400635,0.8001269312509831
QM9-gap-75k,GLOSS(6:1:1),61,5,0.3112,58.1676750216076,2.5036110877990723,0.7903239699668888
QM9-gap-75k,GLOSS(6:1:1),61,6,0.3296,62.14347450302506,2.4914307594299316,0.8061239678004087
QM9-gap-75k,GLOSS(6:1:1),61,7,0.373,71.52117545375972,2.465301990509033,0.821140694787906
QM9-gap-75k,GLOSS(6:1:1),61,8,0.4426,86.5600691443388,2.263155937194824,0.8536661963424427
QM9-gap-75k,GLOSS(6:1:1),61,9,0.5048,100.0,2.457023859024048,0.9713428054907643
QM9-gap-75k,GLOSS(6:1:1),61,10,0.5048,100.0,2.365004062652588,1.0630939763632095
QM9-gap-75k,GLOSS(6:1:1),61,11,0.5048,100.0,2.266986131668091,1.1012820166856778
QM9-gap-75k,GLOSS(6:1:1),61,12,0.5048,100.0,2.281655788421631,1.0967850142420343
QM9-gap-75k,GLOSS(6:1:1),61,13,0.5048,100.0,2.31667423248291,1.0893612951153808
QM9-gap-75k,GLOSS(6:1:1),61,14,0.5048,100.0,2.2931389808654785,1.0764609572184238
QM9-gap-75k,GLOSS(6:1:1),61,15,0.5048,100.0,2.261129856109619,1.0626169280278825
QM9-gap-75k,GLOSS(6:1:1),61,16,0.5048,100.0,2.2674622535705566,1.0516377789763989
QM9-gap-75k,GLOSS(6:1:1),61,17,0.5048,100.0,2.3439481258392334,1.037949867989885
QM9-gap-75k,GLOSS(6:1:1),61,18,0.5048,100.0,2.3183608055114746,1.025984436712278
QM9-gap-75k,GLOSS(6:1:1),61,19,0.5048,100.0,2.327353000640869,1.0246320555065125
QM9-gap-75k,GLOSS(2:3:3),67,-1,0.2096,36.214347450302505,0.0,0.0
QM9-gap-75k,GLOSS(2:3:3),67,0,0.3502,66.59464131374244,2.019144058227539,1.0569878421340397
QM9-gap-75k,GLOSS(2:3:3),67,1,0.3957,76.42610198789974,1.7577908039093018,1.1178067146891086
QM9-gap-75k,GLOSS(2:3:3),67,2,0.3957,76.42610198789974,1.8295960426330566,1.0484385405378458
QM9-gap-75k,GLOSS(2:3:3),67,3,0.5048,100.0,1.8688499927520752,1.2829299229040596
QM9-gap-75k,GLOSS(2:3:3),67,4,0.5048,100.0,1.8830628395080566,1.3569714506730606
QM9-gap-75k,GLOSS(2:3:3),67,5,0.5048,100.0,1.9629430770874023,1.2984335536833285
QM9-gap-75k,GLOSS(2:3:3),67,6,0.5048,100.0,1.9717769622802734,1.2743795393805826
QM9-gap-75k,GLOSS(2:3:3),67,7,0.5048,100.0,1.9817500114440918,1.2608545305192307
QM9-gap-75k,GLOSS(2:3:3),67,8,0.5048,100.0,2.0760669708251953,1.2404244859385976
QM9-gap-75k,GLOSS(2:3:3),67,9,0.5048,100.0,2.1190457344055176,1.2531440503765985
QM9-gap-75k,GLOSS(2:3:3),67,10,0.5048,100.0,2.15413498878479,1.2364034396465198
QM9-gap-75k,GLOSS(2:3:3),67,11,0.5048,100.0,2.1750311851501465,1.2193754263464824
QM9-gap-75k,GLOSS(2:3:3),67,12,0.5048,100.0,2.296231985092163,1.2027537393405998
QM9-gap-75k,GLOSS(2:3:3),67,13,0.5048,100.0,2.2706398963928223,1.1995748800370654
QM9-gap-75k,GLOSS(2:3:3),67,14,0.5048,100.0,2.2837061882019043,1.2006002136025085
QM9-gap-75k,GLOSS(2:3:3),67,15,0.5048,100.0,2.3470590114593506,1.1892420174325251
QM9-gap-75k,GLOSS(2:3:3),67,16,0.5048,100.0,2.3299362659454346,1.1911667699964146
QM9-gap-75k,GLOSS(2:3:3),67,17,0.5048,100.0,2.44331693649292,1.1862652250461037
QM9-gap-75k,GLOSS(2:3:3),67,18,0.5048,100.0,2.4122750759124756,1.1873994343490586
QM9-gap-75k,GLOSS(2:3:3),67,19,0.5048,100.0,2.4578192234039307,1.1880622420150921
QM9-gap-75k,GLOSS(4:2:2),67,-1,0.2096,36.214347450302505,0.0,0.0
QM9-gap-75k,GLOSS(4:2:2),67,0,0.3502,66.59464131374244,2.031615972518921,1.0235097869674534
QM9-gap-75k,GLOSS(4:2:2),67,1,0.352,66.98357821953327,1.809361219406128,1.2001313121799853
QM9-gap-75k,GLOSS(4:2:2),67,2,0.3565,67.95592048401036,1.8854529857635498,1.0834526901904498
QM9-gap-75k,GLOSS(4:2:2),67,3,0.3565,67.95592048401036,2.7699310779571533,1.0334955407709197
QM9-gap-75k,GLOSS(4:2:2),67,4,0.3668,70.18150388936905,2.415498971939087,0.9775668508685272
QM9-gap-75k,GLOSS(4:2:2),67,5,0.3668,70.18150388936905,2.1733391284942627,0.9984893491673932
QM9-gap-75k,GLOSS(4:2:2),67,6,0.3901,75.21607605877269,2.1941850185394287,0.9933806352311864
QM9-gap-75k,GLOSS(4:2:2),67,7,0.462,90.75194468452895,2.1139791011810303,1.045911785762764
QM9-gap-75k,GLOSS(4:2:2),67,8,0.5048,100.0,2.1658380031585693,1.1764354190368462
QM9-gap-75k,GLOSS(4:2:2),67,9,0.5048,100.0,2.1649279594421387,1.2060981653650027
QM9-gap-75k,GLOSS(4:2:2),67,10,0.5048,100.0,2.234280824661255,1.2726271505465498
QM9-gap-75k,GLOSS(4:2:2),67,11,0.5048,100.0,2.261810064315796,1.253945645863482
QM9-gap-75k,GLOSS(4:2:2),67,12,0.5048,100.0,2.2811100482940674,1.248833542817609
QM9-gap-75k,GLOSS(4:2:2),67,13,0.5048,100.0,2.3261852264404297,1.2314221458360761
QM9-gap-75k,GLOSS(4:2:2),67,14,0.5048,100.0,2.3440909385681152,1.222538372560148
QM9-gap-75k,GLOSS(4:2:2),67,15,0.5048,100.0,2.3534739017486572,1.218701437533693
QM9-gap-75k,GLOSS(4:2:2),67,16,0.5048,100.0,2.3932650089263916,1.2188715848858616
QM9-gap-75k,GLOSS(4:2:2),67,17,0.5048,100.0,2.380596160888672,1.2267961670580192
QM9-gap-75k,GLOSS(4:2:2),67,18,0.5048,100.0,2.4293291568756104,1.2387345724734091
QM9-gap-75k,GLOSS(4:2:2),67,19,0.5048,100.0,2.4541311264038086,1.2281116778453867
QM9-gap-75k,GLOSS(6:1:1),67,-1,0.2096,36.214347450302505,0.0,0.0
QM9-gap-75k,GLOSS(6:1:1),67,0,0.3461,65.70872947277442,1.9699358940124512,0.7471508250134004
QM9-gap-75k,GLOSS(6:1:1),67,1,0.3957,76.42610198789974,1.8663790225982666,1.1488637988585653
QM9-gap-75k,GLOSS(6:1:1),67,2,0.3957,76.42610198789974,1.886336088180542,1.2109677087991215
QM9-gap-75k,GLOSS(6:1:1),67,3,0.5048,100.0,1.93959379196167,1.362479030960627
QM9-gap-75k,GLOSS(6:1:1),67,4,0.5048,100.0,1.9965949058532715,1.4574422143015733
QM9-gap-75k,GLOSS(6:1:1),67,5,0.5048,100.0,2.058763027191162,1.377866366996768
QM9-gap-75k,GLOSS(6:1:1),67,6,0.5048,100.0,2.050657033920288,1.3664368082937401
QM9-gap-75k,GLOSS(6:1:1),67,7,0.5048,100.0,2.082186222076416,1.3784050997408652
QM9-gap-75k,GLOSS(6:1:1),67,8,0.5048,100.0,2.191098928451538,1.3430499408985428
QM9-gap-75k,GLOSS(6:1:1),67,9,0.5048,100.0,2.2510807514190674,1.3078902377537114
QM9-gap-75k,GLOSS(6:1:1),67,10,0.5048,100.0,2.2788660526275635,1.2805089631796935
QM9-gap-75k,GLOSS(6:1:1),67,11,0.5048,100.0,2.283888101577759,1.2498205358731123
QM9-gap-75k,GLOSS(6:1:1),67,12,0.5048,100.0,2.280914306640625,1.225342558790451
QM9-gap-75k,GLOSS(6:1:1),67,13,0.5048,100.0,2.2761521339416504,1.2145015333106497
QM9-gap-75k,GLOSS(6:1:1),67,14,0.5048,100.0,2.3965189456939697,1.2077939455941291
QM9-gap-75k,GLOSS(6:1:1),67,15,0.5048,100.0,2.431230068206787,1.1919652193257135
QM9-gap-75k,GLOSS(6:1:1),67,16,0.5048,100.0,2.4597108364105225,1.181215708100881
QM9-gap-75k,GLOSS(6:1:1),67,17,0.5048,100.0,2.4042181968688965,1.1970687214570748
QM9-gap-75k,GLOSS(6:1:1),67,18,0.5048,100.0,2.3866631984710693,1.1867694827696176
QM9-gap-75k,GLOSS(6:1:1),67,19,0.5048,100.0,2.421935796737671,1.1691283345638892
QM9-gap-80k,GLOSS(2:3:3),47,-1,0.2039,34.98271391529818,0.0,0.0
QM9-gap-80k,GLOSS(2:3:3),47,0,0.3328,62.83491789109766,2.0090219974517822,0.6034290754159659
QM9-gap-80k,GLOSS(2:3:3),47,1,0.3368,63.69922212618842,2.2741940021514893,0.669836664943199
QM9-gap-80k,GLOSS(2:3:3),47,2,0.3368,63.69922212618842,2.354320764541626,0.7987536316135819
QM9-gap-80k,GLOSS(2:3:3),47,3,0.3368,63.69922212618842,2.3226308822631836,0.8096286266219613
QM9-gap-80k,GLOSS(2:3:3),47,4,0.3409,64.58513396715642,2.2972779273986816,0.8414954648087626
QM9-gap-80k,GLOSS(2:3:3),47,5,0.3433,65.10371650821088,2.2157557010650635,0.8475655706670676
QM9-gap-80k,GLOSS(2:3:3),47,6,0.4037,78.15471045808124,2.322585105895996,0.8599742202779379
QM9-gap-80k,GLOSS(2:3:3),47,7,0.4802,94.68452895419188,2.413506031036377,0.9046479550335277
QM9-gap-80k,GLOSS(2:3:3),47,8,0.4802,94.68452895419188,2.2331628799438477,1.0265526192585095
QM9-gap-80k,GLOSS(2:3:3),47,9,0.5048,100.0,2.2288639545440674,1.1431459755587705
QM9-gap-80k,GLOSS(2:3:3),47,10,0.5048,100.0,2.2900631427764893,1.1901652185952105
QM9-gap-80k,GLOSS(2:3:3),47,11,0.5048,100.0,2.302138090133667,1.1925709644181561
QM9-gap-80k,GLOSS(2:3:3),47,12,0.5048,100.0,2.4107019901275635,1.2115085046738703
QM9-gap-80k,GLOSS(2:3:3),47,13,0.5048,100.0,2.354728937149048,1.1914400452255025
QM9-gap-80k,GLOSS(2:3:3),47,14,0.5048,100.0,2.344438076019287,1.1945539295721532
QM9-gap-80k,GLOSS(2:3:3),47,15,0.5048,100.0,2.4272561073303223,1.1949961423365314
QM9-gap-80k,GLOSS(2:3:3),47,16,0.5048,100.0,2.3881618976593018,1.189719671364248
QM9-gap-80k,GLOSS(2:3:3),47,17,0.5048,100.0,2.4640138149261475,1.2041026262558607
QM9-gap-80k,GLOSS(2:3:3),47,18,0.5048,100.0,2.4505341053009033,1.2135688147251722
QM9-gap-80k,GLOSS(2:3:3),47,19,0.5048,100.0,2.4715471267700195,1.220830508579367
QM9-gap-80k,GLOSS(4:2:2),47,-1,0.2039,34.98271391529818,0.0,0.0
QM9-gap-80k,GLOSS(4:2:2),47,0,0.3205,60.177182368193606,1.946504831314087,0.6301270552529027
QM9-gap-80k,GLOSS(4:2:2),47,1,0.3371,63.76404494382022,1.995244026184082,0.751165600349642
QM9-gap-80k,GLOSS(4:2:2),47,2,0.3824,73.55229040622298,2.0430328845977783,0.8491991364104007
QM9-gap-80k,GLOSS(4:2:2),47,3,0.3824,73.55229040622298,2.092050790786743,0.8841500061677567
QM9-gap-80k,GLOSS(4:2:2),47,4,0.3891,75.0,2.05796217918396,0.8998574054308202
QM9-gap-80k,GLOSS(4:2:2),47,5,0.4179,81.22299049265341,2.096069097518921,1.0031554936094098
QM9-gap-80k,GLOSS(4:2:2),47,6,0.5048,100.0,2.024372100830078,1.2450204525847595
QM9-gap-80k,GLOSS(4:2:2),47,7,0.5048,100.0,2.176100015640259,1.277384551637116
QM9-gap-80k,GLOSS(4:2:2),47,8,0.5048,100.0,2.165861129760742,1.261007240762524
QM9-gap-80k,GLOSS(4:2:2),47,9,0.5048,100.0,2.2885050773620605,1.2435578228135082
QM9-gap-80k,GLOSS(4:2:2),47,10,0.5048,100.0,2.243462085723877,1.219179684011694
QM9-gap-80k,GLOSS(4:2:2),47,11,0.5048,100.0,2.265183925628662,1.202647760933151
QM9-gap-80k,GLOSS(4:2:2),47,12,0.5048,100.0,2.2523210048675537,1.2016404688856368
QM9-gap-80k,GLOSS(4:2:2),47,13,0.5048,100.0,2.345710039138794,1.2143798447258716
QM9-gap-80k,GLOSS(4:2:2),47,14,0.5048,100.0,2.342784881591797,1.2091933211444952
QM9-gap-80k,GLOSS(4:2:2),47,15,0.5048,100.0,2.4256420135498047,1.2128005122422345
QM9-gap-80k,GLOSS(4:2:2),47,16,0.5048,100.0,2.4563262462615967,1.2093875637473994
QM9-gap-80k,GLOSS(4:2:2),47,17,0.5048,100.0,2.52121901512146,1.2080041685494975
QM9-gap-80k,GLOSS(4:2:2),47,18,0.5048,100.0,2.507695198059082,1.209044782133434
QM9-gap-80k,GLOSS(4:2:2),47,19,0.5048,100.0,2.4964520931243896,1.1992445683031843
QM9-gap-80k,GLOSS(6:1:1),47,-1,0.2039,34.98271391529818,0.0,0.0
QM9-gap-80k,GLOSS(6:1:1),47,0,0.3096,57.82195332757129,2.0015618801116943,0.49100181512228686
QM9-gap-80k,GLOSS(6:1:1),47,1,0.3096,57.82195332757129,2.214743137359619,0.7390796706672909
QM9-gap-80k,GLOSS(6:1:1),47,2,0.3096,57.82195332757129,2.2845540046691895,0.6685018041230457
QM9-gap-80k,GLOSS(6:1:1),47,3,0.3261,61.38720829732065,2.4704270362854004,0.7107015026843305
QM9-gap-80k,GLOSS(6:1:1),47,4,0.3344,63.18063958513396,2.474940776824951,0.7200406509935061
QM9-gap-80k,GLOSS(6:1:1),47,5,0.3361,63.54796888504753,2.561668872833252,0.7548691011110251
QM9-gap-80k,GLOSS(6:1:1),47,6,0.3361,63.54796888504753,2.5749881267547607,0.7900039617100942
QM9-gap-80k,GLOSS(6:1:1),47,7,0.3361,63.54796888504753,2.552187919616699,0.7966343172752697
QM9-gap-80k,GLOSS(6:1:1),47,8,0.338,63.958513396715645,2.4081192016601562,0.7922609137341157
QM9-gap-80k,GLOSS(6:1:1),47,9,0.3485,66.22731201382886,2.4144749641418457,0.8219798203502291
QM9-gap-80k,GLOSS(6:1:1),47,10,0.4802,94.68452895419188,2.4556541442871094,0.8541949539958094
QM9-gap-80k,GLOSS(6:1:1),47,11,0.4802,94.68452895419188,2.514665126800537,0.8968811382849219
QM9-gap-80k,GLOSS(6:1:1),47,12,0.4802,94.68452895419188,2.4533631801605225,0.9506023682452157
QM9-gap-80k,GLOSS(6:1:1),47,13,0.4802,94.68452895419188,2.3763210773468018,0.9721351216675939
QM9-gap-80k,GLOSS(6:1:1),47,14,0.4802,94.68452895419188,2.406214952468872,1.0723708371834386
QM9-gap-80k,GLOSS(6:1:1),47,15,0.5048,100.0,2.5256168842315674,1.1443991734639058
QM9-gap-80k,GLOSS(6:1:1),47,16,0.5048,100.0,2.504448175430298,1.1688360464657885
QM9-gap-80k,GLOSS(6:1:1),47,17,0.5048,100.0,2.5144739151000977,1.1682836123784304
QM9-gap-80k,GLOSS(6:1:1),47,18,0.5048,100.0,2.561464786529541,1.1684830025335646
QM9-gap-80k,GLOSS(6:1:1),47,19,0.5048,100.0,2.574096918106079,1.1700214438475767
QM9-gap-80k,GLOSS(2:3:3),53,-1,0.2048,35.1771823681936,0.0,0.0
QM9-gap-80k,GLOSS(2:3:3),53,0,0.3824,73.55229040622298,1.8787238597869873,0.8708211164737776
QM9-gap-80k,GLOSS(2:3:3),53,1,0.4128,80.1210025929127,1.9042150974273682,0.9491975799884155
QM9-gap-80k,GLOSS(2:3:3),53,2,0.4128,80.1210025929127,2.036567211151123,0.933912780448055
QM9-gap-80k,GLOSS(2:3:3),53,3,0.4128,80.1210025929127,2.004157066345215,0.9258900256292099
QM9-gap-80k,GLOSS(2:3:3),53,4,0.462,90.75194468452895,2.0782370567321777,0.9976056820756345
QM9-gap-80k,GLOSS(2:3:3),53,5,0.4802,94.68452895419188,2.1082706451416016,1.082637702342205
QM9-gap-80k,GLOSS(2:3:3),53,6,0.5048,100.0,2.0728111267089844,1.177986981425502
QM9-gap-80k,GLOSS(2:3:3),53,7,0.5048,100.0,2.085103988647461,1.171554881315777
QM9-gap-80k,GLOSS(2:3:3),53,8,0.5048,100.0,2.1369071006774902,1.1305672747696112
QM9-gap-80k,GLOSS(2:3:3),53,9,0.5048,100.0,2.171731948852539,1.1589844860258611
QM9-gap-80k,GLOSS(2:3:3),53,10,0.5048,100.0,2.2227530479431152,1.143429045031802
QM9-gap-80k,GLOSS(2:3:3),53,11,0.5048,100.0,2.29099702835083,1.158984063068173
QM9-gap-80k,GLOSS(2:3:3),53,12,0.5048,100.0,2.281761884689331,1.1537278950510377
QM9-gap-80k,GLOSS(2:3:3),53,13,0.5048,100.0,2.313178062438965,1.1594236788732786
QM9-gap-80k,GLOSS(2:3:3),53,14,0.5048,100.0,2.3526830673217773,1.1593436818413856
QM9-gap-80k,GLOSS(2:3:3),53,15,0.5048,100.0,2.335014820098877,1.1505063133810445
QM9-gap-80k,GLOSS(2:3:3),53,16,0.5048,100.0,2.4349491596221924,1.1468573507603532
QM9-gap-80k,GLOSS(2:3:3),53,17,0.5048,100.0,2.408050298690796,1.1662609249739166
QM9-gap-80k,GLOSS(2:3:3),53,18,0.5048,100.0,2.49324369430542,1.1819899013728967
QM9-gap-80k,GLOSS(2:3:3),53,19,0.5048,100.0,2.468363046646118,1.1823152786542326
QM9-gap-80k,GLOSS(4:2:2),53,-1,0.2048,35.1771823681936,0.0,0.0
QM9-gap-80k,GLOSS(4:2:2),53,0,0.3478,66.07605877268799,1.8647480010986328,0.6281449853753391
QM9-gap-80k,GLOSS(4:2:2),53,1,0.462,90.75194468452895,1.8902027606964111,0.7822101138928178
QM9-gap-80k,GLOSS(4:2:2),53,2,0.4802,94.68452895419188,1.9948248863220215,0.8482958439258578
QM9-gap-80k,GLOSS(4:2:2),53,3,0.5048,100.0,2.0591418743133545,1.182050107236965
QM9-gap-80k,GLOSS(4:2:2),53,4,0.5048,100.0,1.9922070503234863,1.2550121128556486
QM9-gap-80k,GLOSS(4:2:2),53,5,0.5048,100.0,2.1053569316864014,1.2943561546888906
QM9-gap-80k,GLOSS(4:2:2),53,6,0.5048,100.0,2.0870449542999268,1.307625239064749
QM9-gap-80k,GLOSS(4:2:2),53,7,0.5048,100.0,2.0903971195220947,1.2782070257659564
QM9-gap-80k,GLOSS(4:2:2),53,8,0.5048,100.0,2.146743059158325,1.2550415599448197
QM9-gap-80k,GLOSS(4:2:2),53,9,0.5048,100.0,2.201796770095825,1.225385696726842
QM9-gap-80k,GLOSS(4:2:2),53,10,0.5048,100.0,2.2236008644104004,1.2260302191174821
QM9-gap-80k,GLOSS(4:2:2),53,11,0.5048,100.0,2.2428300380706787,1.228382337823347
QM9-gap-80k,GLOSS(4:2:2),53,12,0.5048,100.0,2.317633867263794,1.2128133077498047
QM9-gap-80k,GLOSS(4:2:2),53,13,0.5048,100.0,2.33988881111145,1.1959600210345773
QM9-gap-80k,GLOSS(4:2:2),53,14,0.5048,100.0,2.3485310077667236,1.1963626104182175
QM9-gap-80k,GLOSS(4:2:2),53,15,0.5048,100.0,2.377556085586548,1.2105901156722512
QM9-gap-80k,GLOSS(4:2:2),53,16,0.5048,100.0,2.381286144256592,1.20649632400701
QM9-gap-80k,GLOSS(4:2:2),53,17,0.5048,100.0,2.405874013900757,1.203029859457865
QM9-gap-80k,GLOSS(4:2:2),53,18,0.5048,100.0,2.480919122695923,1.2005959170376628
QM9-gap-80k,GLOSS(4:2:2),53,19,0.5048,100.0,2.5769307613372803,1.2002110925098122
QM9-gap-80k,GLOSS(6:1:1),53,-1,0.2048,35.1771823681936,0.0,0.0
QM9-gap-80k,GLOSS(6:1:1),53,0,0.3477,66.05445116681071,1.8774199485778809,0.49462822185623845
QM9-gap-80k,GLOSS(6:1:1),53,1,0.3654,69.8789974070873,1.970668077468872,0.7502670897165651
QM9-gap-80k,GLOSS(6:1:1),53,2,0.3891,75.0,1.8971900939941406,0.8155032649747384
QM9-gap-80k,GLOSS(6:1:1),53,3,0.3891,75.0,2.0677261352539062,0.9069379108767457
QM9-gap-80k,GLOSS(6:1:1),53,4,0.4179,81.22299049265341,2.0508151054382324,0.9892023671964343
QM9-gap-80k,GLOSS(6:1:1),53,5,0.5048,100.0,2.0792930126190186,1.20243376673949
QM9-gap-80k,GLOSS(6:1:1),53,6,0.5048,100.0,2.2460148334503174,1.2054998840763893
QM9-gap-80k,GLOSS(6:1:1),53,7,0.5048,100.0,2.20607590675354,1.2226715908896237
QM9-gap-80k,GLOSS(6:1:1),53,8,0.5048,100.0,2.2166121006011963,1.2906135687889686
QM9-gap-80k,GLOSS(6:1:1),53,9,0.5048,100.0,2.3122169971466064,1.268562136160755
QM9-gap-80k,GLOSS(6:1:1),53,10,0.5048,100.0,2.3707690238952637,1.2789856910264568
QM9-gap-80k,GLOSS(6:1:1),53,11,0.5048,100.0,2.341099977493286,1.2614040971004414
QM9-gap-80k,GLOSS(6:1:1),53,12,0.5048,100.0,2.3341732025146484,1.233437033120477
QM9-gap-80k,GLOSS(6:1:1),53,13,0.5048,100.0,2.3717169761657715,1.218365903300867
QM9-gap-80k,GLOSS(6:1:1),53,14,0.5048,100.0,2.380216121673584,1.19654530339429
QM9-gap-80k,GLOSS(6:1:1),53,15,0.5048,100.0,2.4862260818481445,1.199026441863284
QM9-gap-80k,GLOSS(6:1:1),53,16,0.5048,100.0,2.7394371032714844,1.183372501500528
QM9-gap-80k,GLOSS(6:1:1),53,17,0.5048,100.0,2.490647077560425,1.1756876427172478
QM9-gap-80k,GLOSS(6:1:1),53,18,0.5048,100.0,2.4912140369415283,1.1687422127677083
QM9-gap-80k,GLOSS(6:1:1),53,19,0.5048,100.0,2.5551421642303467,1.161352531611596
QM9-gap-80k,GLOSS(2:3:3),59,-1,0.2085,35.97666378565254,0.0,0.0
QM9-gap-80k,GLOSS(2:3:3),59,0,0.3358,63.48314606741573,2.3158230781555176,0.809539486098734
QM9-gap-80k,GLOSS(2:3:3),59,1,0.3613,68.99308556611928,2.232640027999878,0.8217625756853988
QM9-gap-80k,GLOSS(2:3:3),59,2,0.4426,86.5600691443388,2.192707061767578,1.0014593109842085
QM9-gap-80k,GLOSS(2:3:3),59,3,0.5048,100.0,2.1703717708587646,1.1209650971214005
QM9-gap-80k,GLOSS(2:3:3),59,4,0.5048,100.0,2.2083029747009277,1.2422772988863175
QM9-gap-80k,GLOSS(2:3:3),59,5,0.5048,100.0,2.170236825942993,1.2331204891058332
QM9-gap-80k,GLOSS(2:3:3),59,6,0.5048,100.0,2.1989052295684814,1.2120742482929674
QM9-gap-80k,GLOSS(2:3:3),59,7,0.5048,100.0,2.23911714553833,1.208754704556262
QM9-gap-80k,GLOSS(2:3:3),59,8,0.5048,100.0,2.2883918285369873,1.208432654817459
QM9-gap-80k,GLOSS(2:3:3),59,9,0.5048,100.0,2.326066017150879,1.2257860834041538
QM9-gap-80k,GLOSS(2:3:3),59,10,0.5048,100.0,2.277787923812866,1.2176681253842707
QM9-gap-80k,GLOSS(2:3:3),59,11,0.5048,100.0,2.3217790126800537,1.2187948897748033
QM9-gap-80k,GLOSS(2:3:3),59,12,0.5048,100.0,2.337286949157715,1.2002800667537614
QM9-gap-80k,GLOSS(2:3:3),59,13,0.5048,100.0,2.3222599029541016,1.192414602822492
QM9-gap-80k,GLOSS(2:3:3),59,14,0.5048,100.0,2.321303129196167,1.1916921183152165
QM9-gap-80k,GLOSS(2:3:3),59,15,0.5048,100.0,2.417085886001587,1.182381945668746
QM9-gap-80k,GLOSS(2:3:3),59,16,0.5048,100.0,2.4863181114196777,1.1946684029422592
QM9-gap-80k,GLOSS(2:3:3),59,17,0.5048,100.0,2.501671075820923,1.1988807764310743
QM9-gap-80k,GLOSS(2:3:3),59,18,0.5048,100.0,2.510589122772217,1.1948293250396982
QM9-gap-80k,GLOSS(2:3:3),59,19,0.5048,100.0,2.52046799659729,1.1976926853232048
QM9-gap-80k,GLOSS(4:2:2),59,-1,0.2085,35.97666378565254,0.0,0.0
QM9-gap-80k,GLOSS(4:2:2),59,0,0.3358,63.48314606741573,2.3329737186431885,0.8417092148712173
QM9-gap-80k,GLOSS(4:2:2),59,1,0.3473,65.96802074330164,2.2179057598114014,0.9107238993428876
QM9-gap-80k,GLOSS(4:2:2),59,2,0.3501,66.57303370786516,2.2365219593048096,0.8879296088033952
QM9-gap-80k,GLOSS(4:2:2),59,3,0.4426,86.5600691443388,2.2682418823242188,1.0289552568324074
QM9-gap-80k,GLOSS(4:2:2),59,4,0.5048,100.0,2.198406934738159,1.269352939809439
QM9-gap-80k,GLOSS(4:2:2),59,5,0.5048,100.0,1.5851929187774658,1.2618530560936791
QM9-gap-80k,GLOSS(4:2:2),59,6,0.5048,100.0,1.4504969120025635,1.2390362026433221
QM9-gap-80k,GLOSS(4:2:2),59,7,0.5048,100.0,1.4310870170593262,1.2020388399333415
QM9-gap-80k,GLOSS(4:2:2),59,8,0.5048,100.0,1.4184839725494385,1.1899661273832136
QM9-gap-80k,GLOSS(4:2:2),59,9,0.5048,100.0,1.4714250564575195,1.1600464619881476
QM9-gap-80k,GLOSS(4:2:2),59,10,0.5048,100.0,1.5252342224121094,1.1556483757618294
QM9-gap-80k,GLOSS(4:2:2),59,11,0.5048,100.0,1.503891944885254,1.158420820256466
QM9-gap-80k,GLOSS(4:2:2),59,12,0.5048,100.0,1.5119760036468506,1.141902206818472
QM9-gap-80k,GLOSS(4:2:2),59,13,0.5048,100.0,1.5337271690368652,1.1289462078143662
QM9-gap-80k,GLOSS(4:2:2),59,14,0.5048,100.0,1.5458109378814697,1.1148203930864051
QM9-gap-80k,GLOSS(4:2:2),59,15,0.5048,100.0,1.5609080791473389,1.1009006393216911
QM9-gap-80k,GLOSS(4:2:2),59,16,0.5048,100.0,1.6019630432128906,1.0907809975695233
QM9-gap-80k,GLOSS(4:2:2),59,17,0.5048,100.0,1.6561789512634277,1.0829037284070817
QM9-gap-80k,GLOSS(4:2:2),59,18,0.5048,100.0,1.6187372207641602,1.0866219013698715
QM9-gap-80k,GLOSS(4:2:2),59,19,0.5048,100.0,1.6429193019866943,1.0885420364962752
QM9-gap-80k,GLOSS(6:1:1),59,-1,0.2085,35.97666378565254,0.0,0.0
QM9-gap-80k,GLOSS(6:1:1),59,0,0.3194,59.93949870354365,1.562013864517212,0.7252755968852759
QM9-gap-80k,GLOSS(6:1:1),59,1,0.3549,67.61019878997406,1.5496630668640137,0.9005580803501009
QM9-gap-80k,GLOSS(6:1:1),59,2,0.3897,75.12964563526361,1.5495319366455078,1.0036065449812341
QM9-gap-80k,GLOSS(6:1:1),59,3,0.3957,76.42610198789974,1.3802440166473389,1.0483149568004873
QM9-gap-80k,GLOSS(6:1:1),59,4,0.4802,94.68452895419188,1.393631935119629,1.141233565563196
QM9-gap-80k,GLOSS(6:1:1),59,5,0.4802,94.68452895419188,1.3903448581695557,1.1740315427803458
QM9-gap-80k,GLOSS(6:1:1),59,6,0.5048,100.0,1.4369699954986572,1.1829216551828603
QM9-gap-80k,GLOSS(6:1:1),59,7,0.5048,100.0,1.4641430377960205,1.2388383926428632
QM9-gap-80k,GLOSS(6:1:1),59,8,0.5048,100.0,1.5074481964111328,1.2181315121189984
QM9-gap-80k,GLOSS(6:1:1),59,9,0.5048,100.0,1.5244381427764893,1.1866436831746396
QM9-gap-80k,GLOSS(6:1:1),59,10,0.5048,100.0,1.5171961784362793,1.1687625544430091
QM9-gap-80k,GLOSS(6:1:1),59,11,0.5048,100.0,1.517793893814087,1.1580331575729361
QM9-gap-80k,GLOSS(6:1:1),59,12,0.5048,100.0,1.570969820022583,1.135458301016239
QM9-gap-80k,GLOSS(6:1:1),59,13,0.5048,100.0,1.5596880912780762,1.1553763194877362
QM9-gap-80k,GLOSS(6:1:1),59,14,0.5048,100.0,1.6875081062316895,1.1444953002703269
QM9-gap-80k,GLOSS(6:1:1),59,15,0.5048,100.0,1.6505358219146729,1.1509200839520264
QM9-gap-80k,GLOSS(6:1:1),59,16,0.5048,100.0,1.7062656879425049,1.1290943293120903
QM9-gap-80k,GLOSS(6:1:1),59,17,0.5048,100.0,1.668694019317627,1.1647814827514074
QM9-gap-80k,GLOSS(6:1:1),59,18,0.5048,100.0,1.741537094116211,1.1898248987461906
QM9-gap-80k,GLOSS(6:1:1),59,19,0.5048,100.0,1.7413780689239502,1.1736472447961912
QM9-gap-80k,GLOSS(2:3:3),61,-1,0.209,36.08470181503889,0.0,0.0
QM9-gap-80k,GLOSS(2:3:3),61,0,0.237,42.13483146067415,1.2738490104675293,0.5121648739455491
QM9-gap-80k,GLOSS(2:3:3),61,1,0.237,42.13483146067415,1.3876559734344482,0.6077120530216092
QM9-gap-80k,GLOSS(2:3:3),61,2,0.2557,46.17545375972341,1.4528231620788574,0.8144876188127417
QM9-gap-80k,GLOSS(2:3:3),61,3,0.3271,61.60328435609335,1.3931198120117188,1.089465822784252
QM9-gap-80k,GLOSS(2:3:3),61,4,0.5048,100.0,1.3446550369262695,1.400623302107094
QM9-gap-80k,GLOSS(2:3:3),61,5,0.5048,100.0,1.3776850700378418,1.4510363338618315
QM9-gap-80k,GLOSS(2:3:3),61,6,0.5048,100.0,1.3686470985412598,1.481469423226721
QM9-gap-80k,GLOSS(2:3:3),61,7,0.5048,100.0,1.4462957382202148,1.511413290162253
QM9-gap-80k,GLOSS(2:3:3),61,8,0.5048,100.0,1.4232330322265625,1.5224567107697
QM9-gap-80k,GLOSS(2:3:3),61,9,0.5048,100.0,1.4770290851593018,1.500862920015207
QM9-gap-80k,GLOSS(2:3:3),61,10,0.5048,100.0,1.4643888473510742,1.499762471802625
QM9-gap-80k,GLOSS(2:3:3),61,11,0.5048,100.0,1.4921200275421143,1.4820083556487074
QM9-gap-80k,GLOSS(2:3:3),61,12,0.5048,100.0,1.5206680297851562,1.4786880630501833
QM9-gap-80k,GLOSS(2:3:3),61,13,0.5048,100.0,1.5345489978790283,1.4764419961450204
QM9-gap-80k,GLOSS(2:3:3),61,14,0.5048,100.0,1.5222978591918945,1.474688486559064
QM9-gap-80k,GLOSS(2:3:3),61,15,0.5048,100.0,1.6042649745941162,1.465299512521259
QM9-gap-80k,GLOSS(2:3:3),61,16,0.5048,100.0,1.6708192825317383,1.4637017790059217
QM9-gap-80k,GLOSS(2:3:3),61,17,0.5048,100.0,1.66762113571167,1.4570427572252462
QM9-gap-80k,GLOSS(2:3:3),61,18,0.5048,100.0,1.7374258041381836,1.4661855287723884
QM9-gap-80k,GLOSS(2:3:3),61,19,0.5048,100.0,1.8161251544952393,1.4586696675865396
QM9-gap-80k,GLOSS(4:2:2),61,-1,0.209,36.08470181503889,0.0,0.0
QM9-gap-80k,GLOSS(4:2:2),61,0,0.2202,38.504753673292996,1.341432809829712,0.5306208193010749
QM9-gap-80k,GLOSS(4:2:2),61,1,0.3194,59.93949870354365,1.5039899349212646,0.6910563520316613
QM9-gap-80k,GLOSS(4:2:2),61,2,0.3805,73.14174589455487,1.4993298053741455,1.0058812236138337
QM9-gap-80k,GLOSS(4:2:2),61,3,0.3805,73.14174589455487,1.4943690299987793,1.147675479921828
QM9-gap-80k,GLOSS(4:2:2),61,4,0.3805,73.14174589455487,1.4842281341552734,1.1488568326711923
QM9-gap-80k,GLOSS(4:2:2),61,5,0.3824,73.55229040622298,1.5359148979187012,1.1380985705344344
QM9-gap-80k,GLOSS(4:2:2),61,6,0.4179,81.22299049265341,1.560241937637329,1.1428007487773417
QM9-gap-80k,GLOSS(4:2:2),61,7,0.5048,100.0,1.5378611087799072,1.24243509390283
QM9-gap-80k,GLOSS(4:2:2),61,8,0.5048,100.0,1.6355781555175781,1.3110098337453193
QM9-gap-80k,GLOSS(4:2:2),61,9,0.5048,100.0,1.5727612972259521,1.3169892034211665
QM9-gap-80k,GLOSS(4:2:2),61,10,0.5048,100.0,1.6227829456329346,1.3048809025994577
QM9-gap-80k,GLOSS(4:2:2),61,11,0.5048,100.0,1.6435530185699463,1.301727215688898
QM9-gap-80k,GLOSS(4:2:2),61,12,0.5048,100.0,1.6566729545593262,1.2790502961422368
QM9-gap-80k,GLOSS(4:2:2),61,13,0.5048,100.0,1.6615450382232666,1.2614350798030975
QM9-gap-80k,GLOSS(4:2:2),61,14,0.5048,100.0,1.5770080089569092,1.2505818025232636
QM9-gap-80k,GLOSS(4:2:2),61,15,0.5048,100.0,1.6078789234161377,1.2408390320485123
QM9-gap-80k,GLOSS(4:2:2),61,16,0.5048,100.0,1.6193830966949463,1.2297066315583645
QM9-gap-80k,GLOSS(4:2:2),61,17,0.5048,100.0,1.6626520156860352,1.227945337831261
QM9-gap-80k,GLOSS(4:2:2),61,18,0.5048,100.0,1.6723568439483643,1.2284628138210298
QM9-gap-80k,GLOSS(4:2:2),61,19,0.5048,100.0,1.65055513381958,1.2138812176022578
QM9-gap-80k,GLOSS(6:1:1),61,-1,0.209,36.08470181503889,0.0,0.0
QM9-gap-80k,GLOSS(6:1:1),61,0,0.2261,39.77960242005185,1.3219289779663086,0.48285291265415575
QM9-gap-80k,GLOSS(6:1:1),61,1,0.27,49.26534140017286,1.3970947265625,0.856626706669448
QM9-gap-80k,GLOSS(6:1:1),61,2,0.339,64.17458945548834,1.40421724319458,0.9894572262449411
QM9-gap-80k,GLOSS(6:1:1),61,3,0.5048,100.0,1.3483920097351074,1.3536747030910017
QM9-gap-80k,GLOSS(6:1:1),61,4,0.5048,100.0,1.4179449081420898,1.3852692542760405
QM9-gap-80k,GLOSS(6:1:1),61,5,0.5048,100.0,1.416862964630127,1.3572268349695826
QM9-gap-80k,GLOSS(6:1:1),61,6,0.5048,100.0,1.481020212173462,1.4437417151346033
QM9-gap-80k,GLOSS(6:1:1),61,7,0.5048,100.0,1.4597198963165283,1.4343427370633106
QM9-gap-80k,GLOSS(6:1:1),61,8,0.5048,100.0,1.5631380081176758,1.407899926961857
QM9-gap-80k,GLOSS(6:1:1),61,9,0.5048,100.0,1.561129093170166,1.4088860843408415
QM9-gap-80k,GLOSS(6:1:1),61,10,0.5048,100.0,1.5376191139221191,1.3972958755248883
QM9-gap-80k,GLOSS(6:1:1),61,11,0.5048,100.0,1.5754780769348145,1.3870850353303998
QM9-gap-80k,GLOSS(6:1:1),61,12,0.5048,100.0,1.5761022567749023,1.3679437459453934
QM9-gap-80k,GLOSS(6:1:1),61,13,0.5048,100.0,1.6223177909851074,1.365362237520463
QM9-gap-80k,GLOSS(6:1:1),61,14,0.5048,100.0,1.6281909942626953,1.3505988410397771
QM9-gap-80k,GLOSS(6:1:1),61,15,0.5048,100.0,1.6426448822021484,1.3337188636629942
QM9-gap-80k,GLOSS(6:1:1),61,16,0.5048,100.0,1.6391668319702148,1.3135263909466295
QM9-gap-80k,GLOSS(6:1:1),61,17,0.5048,100.0,1.6151211261749268,1.30470737321184
QM9-gap-80k,GLOSS(6:1:1),61,18,0.5048,100.0,1.7183239459991455,1.2884082911063193
QM9-gap-80k,GLOSS(6:1:1),61,19,0.5048,100.0,1.8441410064697266,1.2778482443116728
QM9-gap-80k,GLOSS(2:3:3),67,-1,0.2078,35.82541054451166,0.0,0.0
QM9-gap-80k,GLOSS(2:3:3),67,0,0.3203,60.13396715643906,1.6548008918762207,0.7727146589131305
QM9-gap-80k,GLOSS(2:3:3),67,1,0.3783,72.66637856525497,1.402122974395752,1.0232553615273607
QM9-gap-80k,GLOSS(2:3:3),67,2,0.5048,100.0,1.4408340454101562,1.094578360678382
QM9-gap-80k,GLOSS(2:3:3),67,3,0.5048,100.0,1.4168288707733154,1.2015226519668485
QM9-gap-80k,GLOSS(2:3:3),67,4,0.5048,100.0,1.4135277271270752,1.2410599438753511
QM9-gap-80k,GLOSS(2:3:3),67,5,0.5048,100.0,1.4181950092315674,1.2656070525668581
QM9-gap-80k,GLOSS(2:3:3),67,6,0.5048,100.0,1.4594910144805908,1.25790026272893
QM9-gap-80k,GLOSS(2:3:3),67,7,0.5048,100.0,1.4337048530578613,1.2500172745241016
QM9-gap-80k,GLOSS(2:3:3),67,8,0.5048,100.0,1.5736210346221924,1.2405785882193159
QM9-gap-80k,GLOSS(2:3:3),67,9,0.5048,100.0,1.4646761417388916,1.2513640378776576
QM9-gap-80k,GLOSS(2:3:3),67,10,0.5048,100.0,1.5789501667022705,1.2332802665435718
QM9-gap-80k,GLOSS(2:3:3),67,11,0.5048,100.0,1.6074953079223633,1.223970698213011
QM9-gap-80k,GLOSS(2:3:3),67,12,0.5048,100.0,1.5845980644226074,1.2125387653028914
QM9-gap-80k,GLOSS(2:3:3),67,13,0.5048,100.0,1.6330459117889404,1.1990581510441098
QM9-gap-80k,GLOSS(2:3:3),67,14,0.5048,100.0,1.6397428512573242,1.2116693337162294
QM9-gap-80k,GLOSS(2:3:3),67,15,0.5048,100.0,1.6046578884124756,1.221457041724693
QM9-gap-80k,GLOSS(2:3:3),67,16,0.5048,100.0,1.6153740882873535,1.2295970290664031
QM9-gap-80k,GLOSS(2:3:3),67,17,0.5048,100.0,1.6823761463165283,1.2319414664466903
QM9-gap-80k,GLOSS(2:3:3),67,18,0.5048,100.0,1.6374661922454834,1.2380765264600435
QM9-gap-80k,GLOSS(2:3:3),67,19,0.5048,100.0,1.746507167816162,1.2333616336536035
QM9-gap-80k,GLOSS(4:2:2),67,-1,0.2078,35.82541054451166,0.0,0.0
QM9-gap-80k,GLOSS(4:2:2),67,0,0.27,49.26534140017286,1.628277063369751,0.7186326677450697
QM9-gap-80k,GLOSS(4:2:2),67,1,0.462,90.75194468452895,1.6405470371246338,0.9746901983950228
QM9-gap-80k,GLOSS(4:2:2),67,2,0.4802,94.68452895419188,1.4266250133514404,1.0342061493614183
QM9-gap-80k,GLOSS(4:2:2),67,3,0.4802,94.68452895419188,1.418962001800537,1.1481314713090096
QM9-gap-80k,GLOSS(4:2:2),67,4,0.4802,94.68452895419188,1.399224042892456,1.2488048988118634
QM9-gap-80k,GLOSS(4:2:2),67,5,0.4802,94.68452895419188,1.46641206741333,1.193446125828721
QM9-gap-80k,GLOSS(4:2:2),67,6,0.4802,94.68452895419188,1.4975638389587402,1.1625207964888509
QM9-gap-80k,GLOSS(4:2:2),67,7,0.5048,100.0,1.4811038970947266,1.2223311039719966
QM9-gap-80k,GLOSS(4:2:2),67,8,0.5048,100.0,1.5066931247711182,1.264185864102169
QM9-gap-80k,GLOSS(4:2:2),67,9,0.5048,100.0,1.5617811679840088,1.2529407250215885
QM9-gap-80k,GLOSS(4:2:2),67,10,0.5048,100.0,1.514158010482788,1.2325746604180345
QM9-gap-80k,GLOSS(4:2:2),67,11,0.5048,100.0,1.5744261741638184,1.2225122208083732
QM9-gap-80k,GLOSS(4:2:2),67,12,0.5048,100.0,1.7247848510742188,1.2095216876999946
QM9-gap-80k,GLOSS(4:2:2),67,13,0.5048,100.0,1.664222002029419,1.2027803252142668
QM9-gap-80k,GLOSS(4:2:2),67,14,0.5048,100.0,1.766646146774292,1.184763869434663
QM9-gap-80k,GLOSS(4:2:2),67,15,0.5048,100.0,1.7241730690002441,1.1862573467230575
QM9-gap-80k,GLOSS(4:2:2),67,16,0.5048,100.0,1.7367820739746094,1.175582339665023
QM9-gap-80k,GLOSS(4:2:2),67,17,0.5048,100.0,1.7979159355163574,1.1669363487084607
QM9-gap-80k,GLOSS(4:2:2),67,18,0.5048,100.0,1.762294054031372,1.1752610940941213
QM9-gap-80k,GLOSS(4:2:2),67,19,0.5048,100.0,1.7223091125488281,1.170094255546268
QM9-gap-80k,GLOSS(6:1:1),67,-1,0.2078,35.82541054451166,0.0,0.0
QM9-gap-80k,GLOSS(6:1:1),67,0,0.27,49.26534140017286,1.5818722248077393,0.6312135940536292
QM9-gap-80k,GLOSS(6:1:1),67,1,0.3032,56.43906655142611,1.8607368469238281,1.0128778824215292
QM9-gap-80k,GLOSS(6:1:1),67,2,0.3209,60.263612791702684,1.3784050941467285,0.9400776002740322
QM9-gap-80k,GLOSS(6:1:1),67,3,0.342,64.8228176318064,1.3868739604949951,0.961382492266116
QM9-gap-80k,GLOSS(6:1:1),67,4,0.3824,73.55229040622298,1.4696898460388184,1.0171799340620737
QM9-gap-80k,GLOSS(6:1:1),67,5,0.3922,75.66983578219532,1.4643549919128418,1.1427431216029431
QM9-gap-80k,GLOSS(6:1:1),67,6,0.5048,100.0,1.4302618503570557,1.2087390951458101
QM9-gap-80k,GLOSS(6:1:1),67,7,0.5048,100.0,1.4557156562805176,1.2866518460875183
QM9-gap-80k,GLOSS(6:1:1),67,8,0.5048,100.0,1.4673399925231934,1.2668917415694825
QM9-gap-80k,GLOSS(6:1:1),67,9,0.5048,100.0,1.501302719116211,1.2826036652338078
QM9-gap-80k,GLOSS(6:1:1),67,10,0.5048,100.0,1.568000078201294,1.2654922159769961
QM9-gap-80k,GLOSS(6:1:1),67,11,0.5048,100.0,1.6554276943206787,1.2569344400030775
QM9-gap-80k,GLOSS(6:1:1),67,12,0.5048,100.0,1.6516969203948975,1.230627661630149
QM9-gap-80k,GLOSS(6:1:1),67,13,0.5048,100.0,1.6352310180664062,1.210294714599696
QM9-gap-80k,GLOSS(6:1:1),67,14,0.5048,100.0,1.6363201141357422,1.1896225950603319
QM9-gap-80k,GLOSS(6:1:1),67,15,0.5048,100.0,1.618210792541504,1.1724756937446288
QM9-gap-80k,GLOSS(6:1:1),67,16,0.5048,100.0,1.6455020904541016,1.157957585571756
QM9-gap-80k,GLOSS(6:1:1),67,17,0.5048,100.0,1.7398450374603271,1.1482085162117857
QM9-gap-80k,GLOSS(6:1:1),67,18,0.5048,100.0,1.716130018234253,1.137952069268925
QM9-gap-80k,GLOSS(6:1:1),67,19,0.5048,100.0,1.7033631801605225,1.1319045780630388
QM9-gap-85k,GLOSS(2:3:3),47,-1,0.2086,35.99827139152981,0.0,0.0
QM9-gap-85k,GLOSS(2:3:3),47,0,0.3116,58.25410544511668,1.7727010250091553,0.7837753357454942
QM9-gap-85k,GLOSS(2:3:3),47,1,0.3151,59.01037165082108,1.9999020099639893,0.7920020210634934
QM9-gap-85k,GLOSS(2:3:3),47,2,0.3299,62.20829732065688,1.772646188735962,0.7595062603832847
QM9-gap-85k,GLOSS(2:3:3),47,3,0.3299,62.20829732065688,1.7394371032714844,0.798863505096669
QM9-gap-85k,GLOSS(2:3:3),47,4,0.3363,63.59118409680207,1.7925348281860352,0.7771727113967022
QM9-gap-85k,GLOSS(2:3:3),47,5,0.3743,71.80207433016422,1.6068260669708252,0.8343495780414446
QM9-gap-85k,GLOSS(2:3:3),47,6,0.417,81.02852203975799,1.5200297832489014,0.9204274501796729
QM9-gap-85k,GLOSS(2:3:3),47,7,0.462,90.75194468452895,1.5141870975494385,0.9649851156199163
QM9-gap-85k,GLOSS(2:3:3),47,8,0.4802,94.68452895419188,1.5971152782440186,0.9999341819099677
QM9-gap-85k,GLOSS(2:3:3),47,9,0.5048,100.0,1.5634150505065918,1.0773825665621488
QM9-gap-85k,GLOSS(2:3:3),47,10,0.5048,100.0,1.571016788482666,1.12832882130219
QM9-gap-85k,GLOSS(2:3:3),47,11,0.5048,100.0,1.6257078647613525,1.1589997348326597
QM9-gap-85k,GLOSS(2:3:3),47,12,0.5048,100.0,1.6250288486480713,1.1498085071262194
QM9-gap-85k,GLOSS(2:3:3),47,13,0.5048,100.0,1.603823184967041,1.1403521740810583
QM9-gap-85k,GLOSS(2:3:3),47,14,0.5048,100.0,1.6750679016113281,1.1371747509214918
QM9-gap-85k,GLOSS(2:3:3),47,15,0.5048,100.0,1.662471055984497,1.1465192320404207
QM9-gap-85k,GLOSS(2:3:3),47,16,0.5048,100.0,1.7034707069396973,1.1588868972616349
QM9-gap-85k,GLOSS(2:3:3),47,17,0.5048,100.0,1.7240099906921387,1.1596712906543092
QM9-gap-85k,GLOSS(2:3:3),47,18,0.5048,100.0,1.7380528450012207,1.1646542424691702
QM9-gap-85k,GLOSS(2:3:3),47,19,0.5048,100.0,1.8125710487365723,1.1751202967097665
QM9-gap-85k,GLOSS(4:2:2),47,-1,0.2086,35.99827139152981,0.0,0.0
QM9-gap-85k,GLOSS(4:2:2),47,0,0.3116,58.25410544511668,1.672874927520752,0.8549993261087682
QM9-gap-85k,GLOSS(4:2:2),47,1,0.3202,60.11235955056179,1.7639849185943604,0.8404804793678676
QM9-gap-85k,GLOSS(4:2:2),47,2,0.3324,62.74848746758859,2.0355639457702637,0.7776094227165075
QM9-gap-85k,GLOSS(4:2:2),47,3,0.3824,73.55229040622298,1.851165771484375,0.868633121486561
QM9-gap-85k,GLOSS(4:2:2),47,4,0.3824,73.55229040622298,1.6048707962036133,0.9631879385784099
QM9-gap-85k,GLOSS(4:2:2),47,5,0.3957,76.42610198789974,1.5927050113677979,0.9947049158241383
QM9-gap-85k,GLOSS(4:2:2),47,6,0.5048,100.0,1.6039631366729736,1.1660180697307732
QM9-gap-85k,GLOSS(4:2:2),47,7,0.5048,100.0,1.6137268543243408,1.3167980322238795
QM9-gap-85k,GLOSS(4:2:2),47,8,0.5048,100.0,1.7274911403656006,1.3153860168056197
QM9-gap-85k,GLOSS(4:2:2),47,9,0.5048,100.0,1.6878387928009033,1.3002331972595556
QM9-gap-85k,GLOSS(4:2:2),47,10,0.5048,100.0,1.7339913845062256,1.2793758803379833
QM9-gap-85k,GLOSS(4:2:2),47,11,0.5048,100.0,1.7704987525939941,1.2611097956981605
QM9-gap-85k,GLOSS(4:2:2),47,12,0.5048,100.0,1.739548921585083,1.2505067528644807
QM9-gap-85k,GLOSS(4:2:2),47,13,0.5048,100.0,1.7518227100372314,1.2390801545079648
QM9-gap-85k,GLOSS(4:2:2),47,14,0.5048,100.0,1.753727912902832,1.230631449051097
QM9-gap-85k,GLOSS(4:2:2),47,15,0.5048,100.0,1.8196301460266113,1.2197411692746172
QM9-gap-85k,GLOSS(4:2:2),47,16,0.5048,100.0,1.833158254623413,1.2097765956334972
QM9-gap-85k,GLOSS(4:2:2),47,17,0.5048,100.0,1.808830976486206,1.2083254820824751
QM9-gap-85k,GLOSS(4:2:2),47,18,0.5048,100.0,1.811814308166504,1.2123566477361865
QM9-gap-85k,GLOSS(4:2:2),47,19,0.5048,100.0,1.8483867645263672,1.200194100382252
QM9-gap-85k,GLOSS(6:1:1),47,-1,0.2086,35.99827139152981,0.0,0.0
QM9-gap-85k,GLOSS(6:1:1),47,0,0.3116,58.25410544511668,1.649512767791748,0.7694977098686671
QM9-gap-85k,GLOSS(6:1:1),47,1,0.3116,58.25410544511668,1.856604814529419,0.8825309033426633
QM9-gap-85k,GLOSS(6:1:1),47,2,0.3242,60.97666378565254,2.565953016281128,0.8178941797646978
QM9-gap-85k,GLOSS(6:1:1),47,3,0.339,64.17458945548834,1.8479979038238525,0.8653417732866377
QM9-gap-85k,GLOSS(6:1:1),47,4,0.339,64.17458945548834,1.6111433506011963,0.8331028916301165
QM9-gap-85k,GLOSS(6:1:1),47,5,0.3957,76.42610198789974,1.6455390453338623,0.8267146804470096
QM9-gap-85k,GLOSS(6:1:1),47,6,0.4107,79.66724286949007,1.6549158096313477,0.880781695357607
QM9-gap-85k,GLOSS(6:1:1),47,7,0.5048,100.0,1.5996301174163818,1.0292343492396523
QM9-gap-85k,GLOSS(6:1:1),47,8,0.5048,100.0,1.6586239337921143,1.1398640748963824
QM9-gap-85k,GLOSS(6:1:1),47,9,0.5048,100.0,1.7113559246063232,1.1390719254360762
QM9-gap-85k,GLOSS(6:1:1),47,10,0.5048,100.0,1.699937105178833,1.1261199633816465
QM9-gap-85k,GLOSS(6:1:1),47,11,0.5048,100.0,1.6546509265899658,1.1155750008854988
QM9-gap-85k,GLOSS(6:1:1),47,12,0.5048,100.0,1.7651140689849854,1.1414483904825077
QM9-gap-85k,GLOSS(6:1:1),47,13,0.5048,100.0,1.7915539741516113,1.1330795409048697
QM9-gap-85k,GLOSS(6:1:1),47,14,0.5048,100.0,1.7055799961090088,1.1238239953022233
QM9-gap-85k,GLOSS(6:1:1),47,15,0.5048,100.0,1.7572672367095947,1.1074514955058623
QM9-gap-85k,GLOSS(6:1:1),47,16,0.5048,100.0,1.801767110824585,1.0924108805849748
QM9-gap-85k,GLOSS(6:1:1),47,17,0.5048,100.0,1.8144779205322266,1.0769321276983246
QM9-gap-85k,GLOSS(6:1:1),47,18,0.5048,100.0,1.8378002643585205,1.0616958827312029
QM9-gap-85k,GLOSS(6:1:1),47,19,0.5048,100.0,1.826493740081787,1.0557017052298023
QM9-gap-85k,GLOSS(2:3:3),53,-1,0.2076,35.78219533275713,0.0,0.0
QM9-gap-85k,GLOSS(2:3:3),53,0,0.345,65.47104580812444,1.7436280250549316,0.5850465124876506
QM9-gap-85k,GLOSS(2:3:3),53,1,0.376,72.1694036300778,1.7906973361968994,0.63667440059845
QM9-gap-85k,GLOSS(2:3:3),53,2,0.4426,86.5600691443388,1.498656988143921,0.872140659346002
QM9-gap-85k,GLOSS(2:3:3),53,3,0.5048,100.0,1.4867992401123047,1.0474055369601052
QM9-gap-85k,GLOSS(2:3:3),53,4,0.5048,100.0,1.4509518146514893,1.1962564472188844
QM9-gap-85k,GLOSS(2:3:3),53,5,0.5048,100.0,1.4726800918579102,1.2206437497964524
QM9-gap-85k,GLOSS(2:3:3),53,6,0.5048,100.0,1.4800567626953125,1.2044760263537426
QM9-gap-85k,GLOSS(2:3:3),53,7,0.5048,100.0,1.5076310634613037,1.1894106764684138
QM9-gap-85k,GLOSS(2:3:3),53,8,0.5048,100.0,1.518225908279419,1.1720607676169763
QM9-gap-85k,GLOSS(2:3:3),53,9,0.5048,100.0,1.543200969696045,1.1754215474975087
QM9-gap-85k,GLOSS(2:3:3),53,10,0.5048,100.0,1.6431760787963867,1.1495229476413853
QM9-gap-85k,GLOSS(2:3:3),53,11,0.5048,100.0,1.6655197143554688,1.1303726950830306
QM9-gap-85k,GLOSS(2:3:3),53,12,0.5048,100.0,1.6892292499542236,1.1129187701722478
QM9-gap-85k,GLOSS(2:3:3),53,13,0.5048,100.0,1.8010640144348145,1.1259141040647294
QM9-gap-85k,GLOSS(2:3:3),53,14,0.5048,100.0,1.722090244293213,1.1275747380297656
QM9-gap-85k,GLOSS(2:3:3),53,15,0.5048,100.0,1.809340000152588,1.1329284260751165
QM9-gap-85k,GLOSS(2:3:3),53,16,0.5048,100.0,1.8218600749969482,1.141914537152143
QM9-gap-85k,GLOSS(2:3:3),53,17,0.5048,100.0,1.9288969039916992,1.1338337119629835
QM9-gap-85k,GLOSS(2:3:3),53,18,0.5048,100.0,1.8310267925262451,1.1241543641012293
QM9-gap-85k,GLOSS(2:3:3),53,19,0.5048,100.0,1.8458528518676758,1.137084510348216
QM9-gap-85k,GLOSS(4:2:2),53,-1,0.2076,35.78219533275713,0.0,0.0
QM9-gap-85k,GLOSS(4:2:2),53,0,0.2959,54.861711322385474,1.7528660297393799,0.5590096499224572
QM9-gap-85k,GLOSS(4:2:2),53,1,0.3184,59.72342264477096,1.8865420818328857,0.6517848414032342
QM9-gap-85k,GLOSS(4:2:2),53,2,0.3422,64.86603284356093,1.7965350151062012,0.6946722737465849
QM9-gap-85k,GLOSS(4:2:2),53,3,0.3628,69.31719965427831,1.9009709358215332,0.7425953830174364
QM9-gap-85k,GLOSS(4:2:2),53,4,0.3824,73.55229040622298,1.6635470390319824,0.8192420670803345
QM9-gap-85k,GLOSS(4:2:2),53,5,0.3891,75.0,1.6069607734680176,0.8656560853186389
QM9-gap-85k,GLOSS(4:2:2),53,6,0.5048,100.0,1.6172211170196533,1.0154245019672796
QM9-gap-85k,GLOSS(4:2:2),53,7,0.5048,100.0,1.5692369937896729,1.1622629004778076
QM9-gap-85k,GLOSS(4:2:2),53,8,0.5048,100.0,1.7095839977264404,1.1569270978013244
QM9-gap-85k,GLOSS(4:2:2),53,9,0.5048,100.0,1.6333189010620117,1.1723477432079399
QM9-gap-85k,GLOSS(4:2:2),53,10,0.5048,100.0,1.7305870056152344,1.1555276898467304
QM9-gap-85k,GLOSS(4:2:2),53,11,0.5048,100.0,1.7320160865783691,1.139028326048521
QM9-gap-85k,GLOSS(4:2:2),53,12,0.5048,100.0,1.6939501762390137,1.1210551020010404
QM9-gap-85k,GLOSS(4:2:2),53,13,0.5048,100.0,1.7157549858093262,1.1033550501953806
QM9-gap-85k,GLOSS(4:2:2),53,14,0.5048,100.0,1.7344720363616943,1.099228797686217
QM9-gap-85k,GLOSS(4:2:2),53,15,0.5048,100.0,1.75236177444458,1.0965813279921788
QM9-gap-85k,GLOSS(4:2:2),53,16,0.5048,100.0,1.8784348964691162,1.0868799104417715
QM9-gap-85k,GLOSS(4:2:2),53,17,0.5048,100.0,1.908505916595459,1.0890943469401988
QM9-gap-85k,GLOSS(4:2:2),53,18,0.5048,100.0,1.8292551040649414,1.089782792529727
QM9-gap-85k,GLOSS(4:2:2),53,19,0.5048,100.0,1.8677582740783691,1.1150396658470532
QM9-gap-85k,GLOSS(6:1:1),53,-1,0.2076,35.78219533275713,0.0,0.0
QM9-gap-85k,GLOSS(6:1:1),53,0,0.2799,51.404494382022456,1.7358441352844238,0.3549249866467748
QM9-gap-85k,GLOSS(6:1:1),53,1,0.2911,53.824546240276575,1.583526849746704,0.5256788646805142
QM9-gap-85k,GLOSS(6:1:1),53,2,0.298,55.31547104580812,1.6230459213256836,0.5663744891803951
QM9-gap-85k,GLOSS(6:1:1),53,3,0.312,58.34053586862575,1.5324101448059082,0.757228214158894
QM9-gap-85k,GLOSS(6:1:1),53,4,0.3242,60.97666378565254,1.656991958618164,0.7519124560948952
QM9-gap-85k,GLOSS(6:1:1),53,5,0.3264,61.45203111495247,1.6802561283111572,0.7652994918203229
QM9-gap-85k,GLOSS(6:1:1),53,6,0.3271,61.60328435609335,1.5894291400909424,0.844062405618824
QM9-gap-85k,GLOSS(6:1:1),53,7,0.3392,64.21780466724287,1.6326673030853271,0.885584400213657
QM9-gap-85k,GLOSS(6:1:1),53,8,0.3428,64.99567847882454,1.5874488353729248,0.9356606298934712
QM9-gap-85k,GLOSS(6:1:1),53,9,0.3485,66.22731201382886,1.5709960460662842,1.0103286497264727
QM9-gap-85k,GLOSS(6:1:1),53,10,0.4179,81.22299049265341,1.5699291229248047,1.0478524601506591
QM9-gap-85k,GLOSS(6:1:1),53,11,0.4426,86.5600691443388,1.6445140838623047,1.1012499129937081
QM9-gap-85k,GLOSS(6:1:1),53,12,0.5048,100.0,1.8514320850372314,1.2001666733223595
QM9-gap-85k,GLOSS(6:1:1),53,13,0.5048,100.0,1.7119638919830322,1.2086812297386522
QM9-gap-85k,GLOSS(6:1:1),53,14,0.5048,100.0,1.7022089958190918,1.2309397159826048
QM9-gap-85k,GLOSS(6:1:1),53,15,0.5048,100.0,1.759727954864502,1.2341197503332002
QM9-gap-85k,GLOSS(6:1:1),53,16,0.5048,100.0,1.858022928237915,1.2320549419093225
QM9-gap-85k,GLOSS(6:1:1),53,17,0.5048,100.0,1.7685041427612305,1.2447423612054325
QM9-gap-85k,GLOSS(6:1:1),53,18,0.5048,100.0,1.8348989486694336,1.2527338378356452
QM9-gap-85k,GLOSS(6:1:1),53,19,0.5048,100.0,1.8313968181610107,1.2471304623731356
QM9-gap-85k,GLOSS(2:3:3),59,-1,0.2045,35.11235955056179,0.0,0.0
QM9-gap-85k,GLOSS(2:3:3),59,0,0.3426,64.95246326707,1.6892249584197998,0.8857667147522347
QM9-gap-85k,GLOSS(2:3:3),59,1,0.3437,65.19014693171997,1.4951448440551758,1.1402231060695838
QM9-gap-85k,GLOSS(2:3:3),59,2,0.5048,100.0,1.467799186706543,1.204671808525887
QM9-gap-85k,GLOSS(2:3:3),59,3,0.5048,100.0,1.5422639846801758,1.2861587655462856
QM9-gap-85k,GLOSS(2:3:3),59,4,0.5048,100.0,1.526855230331421,1.2730435173179384
QM9-gap-85k,GLOSS(2:3:3),59,5,0.5048,100.0,1.5161302089691162,1.224820943300893
QM9-gap-85k,GLOSS(2:3:3),59,6,0.5048,100.0,1.5070240497589111,1.2011847559478066
QM9-gap-85k,GLOSS(2:3:3),59,7,0.5048,100.0,1.5123109817504883,1.1977790157805637
QM9-gap-85k,GLOSS(2:3:3),59,8,0.5048,100.0,1.5367929935455322,1.2459268815628795
QM9-gap-85k,GLOSS(2:3:3),59,9,0.5048,100.0,1.5586576461791992,1.2501921740621518
QM9-gap-85k,GLOSS(2:3:3),59,10,0.5048,100.0,1.579859972000122,1.226587648566168
QM9-gap-85k,GLOSS(2:3:3),59,11,0.5048,100.0,1.6911838054656982,1.2318552531049907
QM9-gap-85k,GLOSS(2:3:3),59,12,0.5048,100.0,1.6763999462127686,1.2331710839426573
QM9-gap-85k,GLOSS(2:3:3),59,13,0.5048,100.0,1.716996192932129,1.2377320716281681
QM9-gap-85k,GLOSS(2:3:3),59,14,0.5048,100.0,1.711245059967041,1.2430279559167798
QM9-gap-85k,GLOSS(2:3:3),59,15,0.5048,100.0,1.743199110031128,1.2366151381139163
QM9-gap-85k,GLOSS(2:3:3),59,16,0.5048,100.0,1.7003157138824463,1.2286730500024685
QM9-gap-85k,GLOSS(2:3:3),59,17,0.5048,100.0,1.781137228012085,1.222829858574025
QM9-gap-85k,GLOSS(2:3:3),59,18,0.5048,100.0,1.8047738075256348,1.2196960077195729
QM9-gap-85k,GLOSS(2:3:3),59,19,0.5048,100.0,1.818284034729004,1.2275288770222095
QM9-gap-85k,GLOSS(4:2:2),59,-1,0.2045,35.11235955056179,0.0,0.0
QM9-gap-85k,GLOSS(4:2:2),59,0,0.3426,64.95246326707,1.6463298797607422,0.935876910408812
QM9-gap-85k,GLOSS(4:2:2),59,1,0.5048,100.0,1.3953831195831299,1.2562757320763462
QM9-gap-85k,GLOSS(4:2:2),59,2,0.5048,100.0,1.4674630165100098,1.1504525075894694
QM9-gap-85k,GLOSS(4:2:2),59,3,0.5048,100.0,1.4888577461242676,1.131797269412324
QM9-gap-85k,GLOSS(4:2:2),59,4,0.5048,100.0,1.4539849758148193,1.1852963978615478
QM9-gap-85k,GLOSS(4:2:2),59,5,0.5048,100.0,1.5236461162567139,1.2011953247868303
QM9-gap-85k,GLOSS(4:2:2),59,6,0.5048,100.0,1.5405070781707764,1.1849089757076767
QM9-gap-85k,GLOSS(4:2:2),59,7,0.5048,100.0,1.6987309455871582,1.1767098450586613
QM9-gap-85k,GLOSS(4:2:2),59,8,0.5048,100.0,1.5355949401855469,1.1599544486870812
QM9-gap-85k,GLOSS(4:2:2),59,9,0.5048,100.0,1.6340000629425049,1.1390222772580958
QM9-gap-85k,GLOSS(4:2:2),59,10,0.5048,100.0,1.6926300525665283,1.1260146527161132
QM9-gap-85k,GLOSS(4:2:2),59,11,0.5048,100.0,1.6826097965240479,1.1330971055064543
QM9-gap-85k,GLOSS(4:2:2),59,12,0.5048,100.0,1.723809003829956,1.1749729841384968
QM9-gap-85k,GLOSS(4:2:2),59,13,0.5048,100.0,1.6590230464935303,1.1733668510079094
QM9-gap-85k,GLOSS(4:2:2),59,14,0.5048,100.0,1.7470431327819824,1.1666435585599135
QM9-gap-85k,GLOSS(4:2:2),59,15,0.5048,100.0,1.725071907043457,1.1733916775352724
QM9-gap-85k,GLOSS(4:2:2),59,16,0.5048,100.0,1.7581818103790283,1.1577578788158018
QM9-gap-85k,GLOSS(4:2:2),59,17,0.5048,100.0,1.8182129859924316,1.1504534359483451
QM9-gap-85k,GLOSS(4:2:2),59,18,0.5048,100.0,1.842397928237915,1.157382106170021
QM9-gap-85k,GLOSS(4:2:2),59,19,0.5048,100.0,1.7785861492156982,1.181263250487145
QM9-gap-85k,GLOSS(6:1:1),59,-1,0.2045,35.11235955056179,0.0,0.0
QM9-gap-85k,GLOSS(6:1:1),59,0,0.354,67.41573033707866,1.5414071083068848,0.7986543130374824
QM9-gap-85k,GLOSS(6:1:1),59,1,0.4179,81.22299049265341,1.3648521900177002,0.8937215055904014
QM9-gap-85k,GLOSS(6:1:1),59,2,0.5048,100.0,1.3774068355560303,1.1933608440026833
QM9-gap-85k,GLOSS(6:1:1),59,3,0.5048,100.0,1.3554861545562744,1.1230949742644882
QM9-gap-85k,GLOSS(6:1:1),59,4,0.5048,100.0,1.4252042770385742,1.104112298192999
QM9-gap-85k,GLOSS(6:1:1),59,5,0.5048,100.0,1.435905933380127,1.0897435115087626
QM9-gap-85k,GLOSS(6:1:1),59,6,0.5048,100.0,1.469425916671753,1.0895256805798113
QM9-gap-85k,GLOSS(6:1:1),59,7,0.5048,100.0,1.5741138458251953,1.1341470455660068
QM9-gap-85k,GLOSS(6:1:1),59,8,0.5048,100.0,1.6820049285888672,1.1482931535285104
QM9-gap-85k,GLOSS(6:1:1),59,9,0.5048,100.0,1.7168421745300293,1.1616974482021167
QM9-gap-85k,GLOSS(6:1:1),59,10,0.5048,100.0,1.6011872291564941,1.158924537684235
QM9-gap-85k,GLOSS(6:1:1),59,11,0.5048,100.0,1.6790149211883545,1.1653235541758826
QM9-gap-85k,GLOSS(6:1:1),59,12,0.5048,100.0,1.7254419326782227,1.144425399665857
QM9-gap-85k,GLOSS(6:1:1),59,13,0.5048,100.0,1.6975300312042236,1.143315934570769
QM9-gap-85k,GLOSS(6:1:1),59,14,0.5048,100.0,1.6928730010986328,1.1393803734703765
QM9-gap-85k,GLOSS(6:1:1),59,15,0.5048,100.0,1.7947919368743896,1.1382280195118446
QM9-gap-85k,GLOSS(6:1:1),59,16,0.5048,100.0,1.7180399894714355,1.1788654175433142
QM9-gap-85k,GLOSS(6:1:1),59,17,0.5048,100.0,1.7435619831085205,1.1702569763203674
QM9-gap-85k,GLOSS(6:1:1),59,18,0.5048,100.0,1.8466389179229736,1.1611819454678134
QM9-gap-85k,GLOSS(6:1:1),59,19,0.5048,100.0,1.9500541687011719,1.1617635532036907
QM9-gap-85k,GLOSS(2:3:3),61,-1,0.2083,35.933448573898005,0.0,0.0
QM9-gap-85k,GLOSS(2:3:3),61,0,0.2308,40.79515989628349,1.4286010265350342,0.3546523907780257
QM9-gap-85k,GLOSS(2:3:3),61,1,0.2379,42.32929991356957,1.900343894958496,0.6857529028196486
QM9-gap-85k,GLOSS(2:3:3),61,2,0.2379,42.32929991356957,1.587942123413086,0.7282509275138499
QM9-gap-85k,GLOSS(2:3:3),61,3,0.2391,42.5885911840968,1.6573476791381836,0.7150090155879565
QM9-gap-85k,GLOSS(2:3:3),61,4,0.2391,42.5885911840968,1.6186130046844482,0.690715341423754
QM9-gap-85k,GLOSS(2:3:3),61,5,0.2538,45.76490924805531,1.6677398681640625,0.6972490610559203
QM9-gap-85k,GLOSS(2:3:3),61,6,0.2538,45.76490924805531,1.655480146408081,0.7005504613385009
QM9-gap-85k,GLOSS(2:3:3),61,7,0.2708,49.438202247191,1.7082550525665283,0.7122269207329831
QM9-gap-85k,GLOSS(2:3:3),61,8,0.2958,54.84010371650822,1.8822002410888672,0.7779900739958745
QM9-gap-85k,GLOSS(2:3:3),61,9,0.345,65.47104580812444,1.7465200424194336,0.9002283104089015
QM9-gap-85k,GLOSS(2:3:3),61,10,0.4051,78.45721694036301,1.7444510459899902,1.040355756124446
QM9-gap-85k,GLOSS(2:3:3),61,11,0.4063,78.71650821089023,1.7884681224822998,1.131876407888586
QM9-gap-85k,GLOSS(2:3:3),61,12,0.462,90.75194468452895,1.6869077682495117,1.1924628506562387
QM9-gap-85k,GLOSS(2:3:3),61,13,0.5048,100.0,1.7047569751739502,1.2910377629018601
QM9-gap-85k,GLOSS(2:3:3),61,14,0.5048,100.0,1.6631240844726562,1.3508232441999681
QM9-gap-85k,GLOSS(2:3:3),61,15,0.5048,100.0,1.6863608360290527,1.4033323778772149
QM9-gap-85k,GLOSS(2:3:3),61,16,0.5048,100.0,1.7965550422668457,1.4160541105775308
QM9-gap-85k,GLOSS(2:3:3),61,17,0.5048,100.0,1.797666072845459,1.4187427170681426
QM9-gap-85k,GLOSS(2:3:3),61,18,0.5048,100.0,1.854741096496582,1.41913804064866
QM9-gap-85k,GLOSS(2:3:3),61,19,0.5048,100.0,1.847740888595581,1.4199892048053773
QM9-gap-85k,GLOSS(4:2:2),61,-1,0.2083,35.933448573898005,0.0,0.0
QM9-gap-85k,GLOSS(4:2:2),61,0,0.2146,37.29472774416595,1.3819310665130615,0.3723799535916366
QM9-gap-85k,GLOSS(4:2:2),61,1,0.2308,40.79515989628349,1.4731359481811523,0.5275078505016751
QM9-gap-85k,GLOSS(4:2:2),61,2,0.2371,42.15643906655142,1.591562032699585,0.6695118897282473
QM9-gap-85k,GLOSS(4:2:2),61,3,0.2625,47.644770959377695,1.5392661094665527,0.8205056246054842
QM9-gap-85k,GLOSS(4:2:2),61,4,0.3038,56.568712186689716,1.5646929740905762,1.0103711369286308
QM9-gap-85k,GLOSS(4:2:2),61,5,0.3283,61.86257562662056,1.5995099544525146,1.1361238439554056
QM9-gap-85k,GLOSS(4:2:2),61,6,0.5048,100.0,1.4870672225952148,1.37270697667428
QM9-gap-85k,GLOSS(4:2:2),61,7,0.5048,100.0,1.5162360668182373,1.449616577819586
QM9-gap-85k,GLOSS(4:2:2),61,8,0.5048,100.0,1.5481901168823242,1.4822281290788746
QM9-gap-85k,GLOSS(4:2:2),61,9,0.5048,100.0,1.540531873703003,1.5046164176364636
QM9-gap-85k,GLOSS(4:2:2),61,10,0.5048,100.0,1.55930495262146,1.4889211769001498
QM9-gap-85k,GLOSS(4:2:2),61,11,0.5048,100.0,1.6327550411224365,1.478997544334634
QM9-gap-85k,GLOSS(4:2:2),61,12,0.5048,100.0,1.6608240604400635,1.4660726303986513
QM9-gap-85k,GLOSS(4:2:2),61,13,0.5048,100.0,1.7052109241485596,1.4613214975409028
QM9-gap-85k,GLOSS(4:2:2),61,14,0.5048,100.0,1.7079029083251953,1.4529329967807385
QM9-gap-85k,GLOSS(4:2:2),61,15,0.5048,100.0,1.7501568794250488,1.434063753556148
QM9-gap-85k,GLOSS(4:2:2),61,16,0.5048,100.0,1.735856056213379,1.413845818353255
QM9-gap-85k,GLOSS(4:2:2),61,17,0.5048,100.0,1.7700979709625244,1.3982828034166788
QM9-gap-85k,GLOSS(4:2:2),61,18,0.5048,100.0,1.8350210189819336,1.3911564517905517
QM9-gap-85k,GLOSS(4:2:2),61,19,0.5048,100.0,1.8816499710083008,1.3865062116025224
QM9-gap-85k,GLOSS(6:1:1),61,-1,0.2083,35.933448573898005,0.0,0.0
QM9-gap-85k,GLOSS(6:1:1),61,0,0.2227,39.04494382022472,1.3705558776855469,0.304602137512437
QM9-gap-85k,GLOSS(6:1:1),61,1,0.2227,39.04494382022472,1.7028579711914062,0.41641374048772806
QM9-gap-85k,GLOSS(6:1:1),61,2,0.2708,49.438202247191,1.818817138671875,0.5314496663530633
QM9-gap-85k,GLOSS(6:1:1),61,3,0.3546,67.54537597234227,1.5716018676757812,1.0377167440759707
QM9-gap-85k,GLOSS(6:1:1),61,4,0.3566,67.97752808988763,1.6827261447906494,1.19166448774255
QM9-gap-85k,GLOSS(6:1:1),61,5,0.3687,70.59204840103716,1.6138420104980469,1.2593313275539082
QM9-gap-85k,GLOSS(6:1:1),61,6,0.4802,94.68452895419188,1.5975663661956787,1.334547485035319
QM9-gap-85k,GLOSS(6:1:1),61,7,0.4802,94.68452895419188,1.5072839260101318,1.3899211360849457
QM9-gap-85k,GLOSS(6:1:1),61,8,0.4802,94.68452895419188,1.5785858631134033,1.4700159569519842
QM9-gap-85k,GLOSS(6:1:1),61,9,0.5048,100.0,1.5821597576141357,1.4980316264544276
QM9-gap-85k,GLOSS(6:1:1),61,10,0.5048,100.0,1.6492700576782227,1.5547348389328395
QM9-gap-85k,GLOSS(6:1:1),61,11,0.5048,100.0,1.618994951248169,1.5297870656923043
QM9-gap-85k,GLOSS(6:1:1),61,12,0.5048,100.0,1.5842490196228027,1.505049571691828
QM9-gap-85k,GLOSS(6:1:1),61,13,0.5048,100.0,1.6556200981140137,1.4941646101969726
QM9-gap-85k,GLOSS(6:1:1),61,14,0.5048,100.0,1.6399390697479248,1.4725395301614101
QM9-gap-85k,GLOSS(6:1:1),61,15,0.5048,100.0,1.708463191986084,1.45889023350069
QM9-gap-85k,GLOSS(6:1:1),61,16,0.5048,100.0,1.6993238925933838,1.4548531755955445
QM9-gap-85k,GLOSS(6:1:1),61,17,0.5048,100.0,1.6710548400878906,1.4313073954869677
QM9-gap-85k,GLOSS(6:1:1),61,18,0.5048,100.0,1.6993980407714844,1.4118735937841038
QM9-gap-85k,GLOSS(6:1:1),61,19,0.5048,100.0,1.7544481754302979,1.3949392392924596
QM9-gap-85k,GLOSS(2:3:3),67,-1,0.2085,35.97666378565254,0.0,0.0
QM9-gap-85k,GLOSS(2:3:3),67,0,0.2694,49.13569576490924,1.6786978244781494,0.4319679387639742
QM9-gap-85k,GLOSS(2:3:3),67,1,0.3155,59.09680207433017,1.7897059917449951,0.6713613262542117
QM9-gap-85k,GLOSS(2:3:3),67,2,0.3155,59.09680207433017,1.6958856582641602,0.683157585349085
QM9-gap-85k,GLOSS(2:3:3),67,3,0.3214,60.37165082108903,1.5875749588012695,0.7002681382646353
QM9-gap-85k,GLOSS(2:3:3),67,4,0.3214,60.37165082108903,1.653202772140503,0.7668845481259945
QM9-gap-85k,GLOSS(2:3:3),67,5,0.3214,60.37165082108903,1.654634952545166,0.8320204920412512
QM9-gap-85k,GLOSS(2:3:3),67,6,0.3311,62.4675885911841,1.5893239974975586,0.8580573834907199
QM9-gap-85k,GLOSS(2:3:3),67,7,0.3796,72.94727744165947,1.6466388702392578,0.9093662025005175
QM9-gap-85k,GLOSS(2:3:3),67,8,0.4107,79.66724286949007,1.5704057216644287,1.0169428104557776
QM9-gap-85k,GLOSS(2:3:3),67,9,0.5048,100.0,1.5760252475738525,1.1278355892744076
QM9-gap-85k,GLOSS(2:3:3),67,10,0.5048,100.0,1.6217679977416992,1.2158935228373744
QM9-gap-85k,GLOSS(2:3:3),67,11,0.5048,100.0,1.6755969524383545,1.2462468940294402
QM9-gap-85k,GLOSS(2:3:3),67,12,0.5048,100.0,1.7028260231018066,1.2460814518753227
QM9-gap-85k,GLOSS(2:3:3),67,13,0.5048,100.0,1.7127652168273926,1.2651902464869467
QM9-gap-85k,GLOSS(2:3:3),67,14,0.5048,100.0,1.7313151359558105,1.2689815590749611
QM9-gap-85k,GLOSS(2:3:3),67,15,0.5048,100.0,1.7286651134490967,1.2716164182277165
QM9-gap-85k,GLOSS(2:3:3),67,16,0.5048,100.0,1.7322359085083008,1.266697160752191
QM9-gap-85k,GLOSS(2:3:3),67,17,0.5048,100.0,1.742286205291748,1.261077833279582
QM9-gap-85k,GLOSS(2:3:3),67,18,0.5048,100.0,1.7616541385650635,1.2644455073408485
QM9-gap-85k,GLOSS(2:3:3),67,19,0.5048,100.0,1.79518723487854,1.2609740767988593
QM9-gap-85k,GLOSS(4:2:2),67,-1,0.2085,35.97666378565254,0.0,0.0
QM9-gap-85k,GLOSS(4:2:2),67,0,0.2694,49.13569576490924,1.7505059242248535,0.43858866354068216
QM9-gap-85k,GLOSS(4:2:2),67,1,0.2752,50.38893690579083,1.9130160808563232,0.7545586341995086
QM9-gap-85k,GLOSS(4:2:2),67,2,0.3059,57.02247191011236,2.271836996078491,0.6724269324174553
QM9-gap-85k,GLOSS(4:2:2),67,3,0.323,60.71737251512532,2.3112149238586426,0.674089402292118
QM9-gap-85k,GLOSS(4:2:2),67,4,0.3591,68.51771823681935,2.1015632152557373,0.7274341585585691
QM9-gap-85k,GLOSS(4:2:2),67,5,0.3645,69.68452895419188,1.7951037883758545,0.8415498610026841
QM9-gap-85k,GLOSS(4:2:2),67,6,0.3957,76.42610198789974,1.64736008644104,0.8937257334745359
QM9-gap-85k,GLOSS(4:2:2),67,7,0.5048,100.0,1.5906810760498047,1.0694040030425096
QM9-gap-85k,GLOSS(4:2:2),67,8,0.5048,100.0,1.5760631561279297,1.1772637026115693
QM9-gap-85k,GLOSS(4:2:2),67,9,0.5048,100.0,1.565810203552246,1.1922446932194137
QM9-gap-85k,GLOSS(4:2:2),67,10,0.5048,100.0,1.620535135269165,1.1880073088871506
QM9-gap-85k,GLOSS(4:2:2),67,11,0.5048,100.0,1.616832971572876,1.1742810067698095
QM9-gap-85k,GLOSS(4:2:2),67,12,0.5048,100.0,1.611678123474121,1.1812083375117481
QM9-gap-85k,GLOSS(4:2:2),67,13,0.5048,100.0,1.63751220703125,1.1777405678441955
QM9-gap-85k,GLOSS(4:2:2),67,14,0.5048,100.0,1.7335789203643799,1.1781772471822782
QM9-gap-85k,GLOSS(4:2:2),67,15,0.5048,100.0,1.773733139038086,1.1742772228664216
QM9-gap-85k,GLOSS(4:2:2),67,16,0.5048,100.0,1.7783379554748535,1.1664460652059636
QM9-gap-85k,GLOSS(4:2:2),67,17,0.5048,100.0,1.8831062316894531,1.1646337661643498
QM9-gap-85k,GLOSS(4:2:2),67,18,0.5048,100.0,1.8102428913116455,1.160609778346245
QM9-gap-85k,GLOSS(4:2:2),67,19,0.5048,100.0,1.914396047592163,1.1603608101002894
QM9-gap-85k,GLOSS(6:1:1),67,-1,0.2085,35.97666378565254,0.0,0.0
QM9-gap-85k,GLOSS(6:1:1),67,0,0.2694,49.13569576490924,1.7089262008666992,0.41594172450955813
QM9-gap-85k,GLOSS(6:1:1),67,1,0.2694,49.13569576490924,1.6248061656951904,0.882049140696967
QM9-gap-85k,GLOSS(6:1:1),67,2,0.2752,50.38893690579083,1.5597541332244873,0.7871472543221181
QM9-gap-85k,GLOSS(6:1:1),67,3,0.3001,55.76923076923076,1.7297618389129639,0.7175493655576319
QM9-gap-85k,GLOSS(6:1:1),67,4,0.3537,67.35090751944685,1.6749670505523682,0.7566614919658261
QM9-gap-85k,GLOSS(6:1:1),67,5,0.462,90.75194468452895,1.6536710262298584,0.8416961889162834
QM9-gap-85k,GLOSS(6:1:1),67,6,0.4802,94.68452895419188,1.5915539264678955,0.9680242507916259
QM9-gap-85k,GLOSS(6:1:1),67,7,0.4802,94.68452895419188,1.5477571487426758,1.0939906875662717
QM9-gap-85k,GLOSS(6:1:1),67,8,0.4802,94.68452895419188,1.582244873046875,1.1240476533959085
QM9-gap-85k,GLOSS(6:1:1),67,9,0.4802,94.68452895419188,1.5858979225158691,1.1486607440408902
QM9-gap-85k,GLOSS(6:1:1),67,10,0.5048,100.0,1.6125330924987793,1.210120897580734
QM9-gap-85k,GLOSS(6:1:1),67,11,0.5048,100.0,1.6307048797607422,1.20595551282604
QM9-gap-85k,GLOSS(6:1:1),67,12,0.5048,100.0,1.624433994293213,1.238262196025097
QM9-gap-85k,GLOSS(6:1:1),67,13,0.5048,100.0,1.6349539756774902,1.23570693190056
QM9-gap-85k,GLOSS(6:1:1),67,14,0.5048,100.0,1.642301082611084,1.2443282148661778
QM9-gap-85k,GLOSS(6:1:1),67,15,0.5048,100.0,1.715831995010376,1.2296826555084406
QM9-gap-85k,GLOSS(6:1:1),67,16,0.5048,100.0,1.6809160709381104,1.2182575455132445
QM9-gap-85k,GLOSS(6:1:1),67,17,0.5048,100.0,1.7190630435943604,1.2072642517460022
QM9-gap-85k,GLOSS(6:1:1),67,18,0.5048,100.0,1.7476332187652588,1.1977974820862216
QM9-gap-85k,GLOSS(6:1:1),67,19,0.5048,100.0,1.7539870738983154,1.1892325544325673
QM9-gap-90k,GLOSS(2:3:3),47,-1,0.2099,36.279170267934305,0.0,0.0
QM9-gap-90k,GLOSS(2:3:3),47,0,0.3094,57.778738115816765,1.4064152240753174,0.7662174609450593
QM9-gap-90k,GLOSS(2:3:3),47,1,0.3371,63.76404494382022,1.3660528659820557,0.9216248547297937
QM9-gap-90k,GLOSS(2:3:3),47,2,0.3694,70.74330164217805,1.3966972827911377,0.9231418753073596
QM9-gap-90k,GLOSS(2:3:3),47,3,0.3824,73.55229040622298,1.4833190441131592,0.9488066068727898
QM9-gap-90k,GLOSS(2:3:3),47,4,0.3901,75.21607605877269,1.4865913391113281,0.9746335803109412
QM9-gap-90k,GLOSS(2:3:3),47,5,0.5048,100.0,1.483201026916504,1.1794144792027623
QM9-gap-90k,GLOSS(2:3:3),47,6,0.5048,100.0,1.4794280529022217,1.348776627783836
QM9-gap-90k,GLOSS(2:3:3),47,7,0.5048,100.0,1.505713939666748,1.317315041042125
QM9-gap-90k,GLOSS(2:3:3),47,8,0.5048,100.0,1.5617971420288086,1.286866485025296
QM9-gap-90k,GLOSS(2:3:3),47,9,0.5048,100.0,1.5380380153656006,1.280632379087217
QM9-gap-90k,GLOSS(2:3:3),47,10,0.5048,100.0,1.6549577713012695,1.2802481487818727
QM9-gap-90k,GLOSS(2:3:3),47,11,0.5048,100.0,1.6084589958190918,1.2873401438922287
QM9-gap-90k,GLOSS(2:3:3),47,12,0.5048,100.0,1.6355078220367432,1.2771925859938276
QM9-gap-90k,GLOSS(2:3:3),47,13,0.5048,100.0,1.6986329555511475,1.2909822563616604
QM9-gap-90k,GLOSS(2:3:3),47,14,0.5048,100.0,1.6631131172180176,1.2886057792770202
QM9-gap-90k,GLOSS(2:3:3),47,15,0.5048,100.0,1.7152681350708008,1.2927449506542819
QM9-gap-90k,GLOSS(2:3:3),47,16,0.5048,100.0,1.72291898727417,1.2789900296871415
QM9-gap-90k,GLOSS(2:3:3),47,17,0.5048,100.0,1.6851599216461182,1.269098414621068
QM9-gap-90k,GLOSS(2:3:3),47,18,0.5048,100.0,1.7419788837432861,1.2643200828104237
QM9-gap-90k,GLOSS(2:3:3),47,19,0.5048,100.0,1.7437717914581299,1.2626865723979175
QM9-gap-90k,GLOSS(4:2:2),47,-1,0.2099,36.279170267934305,0.0,0.0
QM9-gap-90k,GLOSS(4:2:2),47,0,0.2925,54.12705272255833,1.3933069705963135,0.6077569655474219
QM9-gap-90k,GLOSS(4:2:2),47,1,0.3161,59.22644770959378,1.3916399478912354,0.7545241020233803
QM9-gap-90k,GLOSS(4:2:2),47,2,0.4128,80.1210025929127,1.4298758506774902,0.902482840149478
QM9-gap-90k,GLOSS(4:2:2),47,3,0.462,90.75194468452895,1.445446252822876,1.0296451345894546
QM9-gap-90k,GLOSS(4:2:2),47,4,0.4802,94.68452895419188,1.5311050415039062,1.1026858839863347
QM9-gap-90k,GLOSS(4:2:2),47,5,0.4802,94.68452895419188,1.5502681732177734,1.2228546128138464
QM9-gap-90k,GLOSS(4:2:2),47,6,0.4802,94.68452895419188,1.5688717365264893,1.2604312947681326
QM9-gap-90k,GLOSS(4:2:2),47,7,0.5048,100.0,1.5850639343261719,1.2955451327240244
QM9-gap-90k,GLOSS(4:2:2),47,8,0.5048,100.0,1.605545997619629,1.3783600848376023
QM9-gap-90k,GLOSS(4:2:2),47,9,0.5048,100.0,1.6466476917266846,1.3704942736669945
QM9-gap-90k,GLOSS(4:2:2),47,10,0.5048,100.0,1.6834139823913574,1.3727371460342752
QM9-gap-90k,GLOSS(4:2:2),47,11,0.5048,100.0,1.6746690273284912,1.3469030130955735
QM9-gap-90k,GLOSS(4:2:2),47,12,0.5048,100.0,1.7116968631744385,1.3289835306095747
QM9-gap-90k,GLOSS(4:2:2),47,13,0.5048,100.0,1.7162411212921143,1.3187589781841151
QM9-gap-90k,GLOSS(4:2:2),47,14,0.5048,100.0,1.6838068962097168,1.2961107445536477
QM9-gap-90k,GLOSS(4:2:2),47,15,0.5048,100.0,1.7364599704742432,1.2761564053726815
QM9-gap-90k,GLOSS(4:2:2),47,16,0.5048,100.0,1.7394099235534668,1.2650061533907453
QM9-gap-90k,GLOSS(4:2:2),47,17,0.5048,100.0,1.7950987815856934,1.257186408082056
QM9-gap-90k,GLOSS(4:2:2),47,18,0.5048,100.0,1.779836893081665,1.2490658009895974
QM9-gap-90k,GLOSS(4:2:2),47,19,0.5048,100.0,1.8185982704162598,1.2339103473644102
QM9-gap-90k,GLOSS(6:1:1),47,-1,0.2099,36.279170267934305,0.0,0.0
QM9-gap-90k,GLOSS(6:1:1),47,0,0.2949,54.64563526361279,1.4030191898345947,0.5173999449086214
QM9-gap-90k,GLOSS(6:1:1),47,1,0.3187,59.788245462402756,1.4619719982147217,0.8341900971859808
QM9-gap-90k,GLOSS(6:1:1),47,2,0.3193,59.91789109766638,1.4858627319335938,0.8452643932614329
QM9-gap-90k,GLOSS(6:1:1),47,3,0.3472,65.94641313742437,1.4885060787200928,0.8364984597793371
QM9-gap-90k,GLOSS(6:1:1),47,4,0.3957,76.42610198789974,1.4738969802856445,1.0016770816926521
QM9-gap-90k,GLOSS(6:1:1),47,5,0.3957,76.42610198789974,1.489182949066162,1.1042218600423757
QM9-gap-90k,GLOSS(6:1:1),47,6,0.4802,94.68452895419188,1.5769398212432861,1.2071926604539185
QM9-gap-90k,GLOSS(6:1:1),47,7,0.5048,100.0,1.661566972732544,1.308422490451117
QM9-gap-90k,GLOSS(6:1:1),47,8,0.5048,100.0,1.6077561378479004,1.3471998627194404
QM9-gap-90k,GLOSS(6:1:1),47,9,0.5048,100.0,1.6188230514526367,1.3820340841362968
QM9-gap-90k,GLOSS(6:1:1),47,10,0.5048,100.0,1.6001579761505127,1.3394940128071664
QM9-gap-90k,GLOSS(6:1:1),47,11,0.5048,100.0,1.6119651794433594,1.3204312679489638
QM9-gap-90k,GLOSS(6:1:1),47,12,0.5048,100.0,1.6817889213562012,1.2998156956124416
QM9-gap-90k,GLOSS(6:1:1),47,13,0.5048,100.0,1.6872479915618896,1.2810372793557718
QM9-gap-90k,GLOSS(6:1:1),47,14,0.5048,100.0,1.7516860961914062,1.2624254610712116
QM9-gap-90k,GLOSS(6:1:1),47,15,0.5048,100.0,1.7504079341888428,1.2601906960233982
QM9-gap-90k,GLOSS(6:1:1),47,16,0.5048,100.0,1.7708280086517334,1.2511576408940057
QM9-gap-90k,GLOSS(6:1:1),47,17,0.5048,100.0,1.7782511711120605,1.23791801893365
QM9-gap-90k,GLOSS(6:1:1),47,18,0.5048,100.0,1.8224248886108398,1.2263500474572357
QM9-gap-90k,GLOSS(6:1:1),47,19,0.5048,100.0,1.8307342529296875,1.2232304126656883
QM9-gap-90k,GLOSS(2:3:3),53,-1,0.2096,36.214347450302505,0.0,0.0
QM9-gap-90k,GLOSS(2:3:3),53,0,0.2804,51.512532411408806,1.4828839302062988,0.8523788067765342
QM9-gap-90k,GLOSS(2:3:3),53,1,0.2852,52.54969749351771,1.715113878250122,0.8009206246887975
QM9-gap-90k,GLOSS(2:3:3),53,2,0.2947,54.60242005185826,1.8350369930267334,0.7773908868564886
QM9-gap-90k,GLOSS(2:3:3),53,3,0.2947,54.60242005185826,1.8263869285583496,0.7682676941632663
QM9-gap-90k,GLOSS(2:3:3),53,4,0.309,57.692307692307686,1.8486158847808838,0.7738838034153689
QM9-gap-90k,GLOSS(2:3:3),53,5,0.3379,63.936905790838374,1.8631548881530762,0.8620820174438516
QM9-gap-90k,GLOSS(2:3:3),53,6,0.3824,73.55229040622298,1.6847200393676758,0.9270760318188996
QM9-gap-90k,GLOSS(2:3:3),53,7,0.3824,73.55229040622298,1.6483299732208252,1.0223205039519272
QM9-gap-90k,GLOSS(2:3:3),53,8,0.4107,79.66724286949007,1.6970410346984863,1.1031082690721215
QM9-gap-90k,GLOSS(2:3:3),53,9,0.4179,81.22299049265341,1.6203749179840088,1.2033249291077783
QM9-gap-90k,GLOSS(2:3:3),53,10,0.5048,100.0,1.6891241073608398,1.2663336164983792
QM9-gap-90k,GLOSS(2:3:3),53,11,0.5048,100.0,1.7356359958648682,1.3014510105535215
QM9-gap-90k,GLOSS(2:3:3),53,12,0.5048,100.0,1.781285047531128,1.3020818348472811
QM9-gap-90k,GLOSS(2:3:3),53,13,0.5048,100.0,1.7821979522705078,1.2855709689691748
QM9-gap-90k,GLOSS(2:3:3),53,14,0.5048,100.0,1.7879390716552734,1.2894705668577413
QM9-gap-90k,GLOSS(2:3:3),53,15,0.5048,100.0,1.8132891654968262,1.2769640072692923
QM9-gap-90k,GLOSS(2:3:3),53,16,0.5048,100.0,1.833204984664917,1.2726478542514246
QM9-gap-90k,GLOSS(2:3:3),53,17,0.5048,100.0,1.8803529739379883,1.2600006646207866
QM9-gap-90k,GLOSS(2:3:3),53,18,0.5048,100.0,1.8800878524780273,1.250753011468607
QM9-gap-90k,GLOSS(2:3:3),53,19,0.5048,100.0,1.9011669158935547,1.243031545885493
QM9-gap-90k,GLOSS(4:2:2),53,-1,0.2096,36.214347450302505,0.0,0.0
QM9-gap-90k,GLOSS(4:2:2),53,0,0.2804,51.512532411408806,1.5889918804168701,1.0069761148082743
QM9-gap-90k,GLOSS(4:2:2),53,1,0.3001,55.76923076923076,1.887948989868164,0.8300059682129515
QM9-gap-90k,GLOSS(4:2:2),53,2,0.302,56.179775280898866,1.8285157680511475,0.8090224001299349
QM9-gap-90k,GLOSS(4:2:2),53,3,0.302,56.179775280898866,1.8394207954406738,0.795207985249159
QM9-gap-90k,GLOSS(4:2:2),53,4,0.3209,60.263612791702684,1.8937249183654785,0.7740212851358074
QM9-gap-90k,GLOSS(4:2:2),53,5,0.3386,64.08815903197926,2.053144693374634,0.8871409209720863
QM9-gap-90k,GLOSS(4:2:2),53,6,0.3386,64.08815903197926,1.7484228610992432,0.8964691629499258
QM9-gap-90k,GLOSS(4:2:2),53,7,0.3824,73.55229040622298,1.743591070175171,0.9601138099438956
QM9-gap-90k,GLOSS(4:2:2),53,8,0.3957,76.42610198789974,1.6686129570007324,1.0223424097727936
QM9-gap-90k,GLOSS(4:2:2),53,9,0.5048,100.0,1.737130880355835,1.1022882012901793
QM9-gap-90k,GLOSS(4:2:2),53,10,0.5048,100.0,1.6997523307800293,1.1931521052613627
QM9-gap-90k,GLOSS(4:2:2),53,11,0.5048,100.0,1.665497064590454,1.2543258868531646
QM9-gap-90k,GLOSS(4:2:2),53,12,0.5048,100.0,1.7784690856933594,1.2560804965706398
QM9-gap-90k,GLOSS(4:2:2),53,13,0.5048,100.0,1.8033149242401123,1.2435753671542797
QM9-gap-90k,GLOSS(4:2:2),53,14,0.5048,100.0,2.0347049236297607,1.2237617167969048
QM9-gap-90k,GLOSS(4:2:2),53,15,0.5048,100.0,1.9026648998260498,1.2152536915957108
QM9-gap-90k,GLOSS(4:2:2),53,16,0.5048,100.0,1.9937639236450195,1.209428201498274
QM9-gap-90k,GLOSS(4:2:2),53,17,0.5048,100.0,1.857593059539795,1.2000884890016874
QM9-gap-90k,GLOSS(4:2:2),53,18,0.5048,100.0,1.910567045211792,1.1921277166809017
QM9-gap-90k,GLOSS(4:2:2),53,19,0.5048,100.0,1.8746628761291504,1.1798492624081998
QM9-gap-90k,GLOSS(6:1:1),53,-1,0.2096,36.214347450302505,0.0,0.0
QM9-gap-90k,GLOSS(6:1:1),53,0,0.2399,42.76145203111495,1.5068638324737549,0.9656084507170322
QM9-gap-90k,GLOSS(6:1:1),53,1,0.2818,51.81503889369057,1.7144250869750977,0.9179588233925341
QM9-gap-90k,GLOSS(6:1:1),53,2,0.3277,61.732929991356954,1.713019847869873,1.0454031934174983
QM9-gap-90k,GLOSS(6:1:1),53,3,0.3277,61.732929991356954,1.8707950115203857,1.058463952736664
QM9-gap-90k,GLOSS(6:1:1),53,4,0.35,66.55142610198789,1.8541598320007324,1.015461057698638
QM9-gap-90k,GLOSS(6:1:1),53,5,0.364,69.57649092480553,1.7915136814117432,1.0600001748347723
QM9-gap-90k,GLOSS(6:1:1),53,6,0.3641,69.59809853068279,1.8198740482330322,1.0360174110640186
QM9-gap-90k,GLOSS(6:1:1),53,7,0.4298,83.7942955920484,1.7164459228515625,1.1025223748393496
QM9-gap-90k,GLOSS(6:1:1),53,8,0.4306,83.96715643906654,1.7086808681488037,1.1299053121616782
QM9-gap-90k,GLOSS(6:1:1),53,9,0.4306,83.96715643906654,1.6773097515106201,1.133181743834364
QM9-gap-90k,GLOSS(6:1:1),53,10,0.462,90.75194468452895,1.658492088317871,1.1404134242813455
QM9-gap-90k,GLOSS(6:1:1),53,11,0.462,90.75194468452895,1.769317865371704,1.1179572658230092
QM9-gap-90k,GLOSS(6:1:1),53,12,0.4802,94.68452895419188,1.8471863269805908,1.1265214561152286
QM9-gap-90k,GLOSS(6:1:1),53,13,0.5048,100.0,1.8303148746490479,1.1910729399869058
QM9-gap-90k,GLOSS(6:1:1),53,14,0.5048,100.0,1.7927169799804688,1.1920259995665006
QM9-gap-90k,GLOSS(6:1:1),53,15,0.5048,100.0,1.824862003326416,1.1910939095319473
QM9-gap-90k,GLOSS(6:1:1),53,16,0.5048,100.0,1.8084628582000732,1.1871915710015264
QM9-gap-90k,GLOSS(6:1:1),53,17,0.5048,100.0,1.871960163116455,1.1680800963549618
QM9-gap-90k,GLOSS(6:1:1),53,18,0.5048,100.0,1.9689531326293945,1.153008846668056
QM9-gap-90k,GLOSS(6:1:1),53,19,0.5048,100.0,1.9102857112884521,1.1507952120775515
QM9-gap-90k,GLOSS(2:3:3),59,-1,0.2074,35.73898012100259,0.0,0.0
QM9-gap-90k,GLOSS(2:3:3),59,0,0.2584,46.75885911840968,1.386781930923462,0.6635996903004103
QM9-gap-90k,GLOSS(2:3:3),59,1,0.3094,57.778738115816765,1.7453129291534424,0.8142754724723955
QM9-gap-90k,GLOSS(2:3:3),59,2,0.3161,59.22644770959378,1.7383179664611816,0.8554578038216349
QM9-gap-90k,GLOSS(2:3:3),59,3,0.34,64.39066551426103,1.6728861331939697,0.9000988326272845
QM9-gap-90k,GLOSS(2:3:3),59,4,0.3441,65.27657735522904,1.656141996383667,0.9559757451275613
QM9-gap-90k,GLOSS(2:3:3),59,5,0.3824,73.55229040622298,1.6104490756988525,1.0357221666205074
QM9-gap-90k,GLOSS(2:3:3),59,6,0.3824,73.55229040622298,1.615858793258667,1.1229884650709099
QM9-gap-90k,GLOSS(2:3:3),59,7,0.4107,79.66724286949007,1.6318309307098389,1.2112357527624038
QM9-gap-90k,GLOSS(2:3:3),59,8,0.5048,100.0,1.6397857666015625,1.297042045145119
QM9-gap-90k,GLOSS(2:3:3),59,9,0.5048,100.0,1.6892240047454834,1.3163354091453792
QM9-gap-90k,GLOSS(2:3:3),59,10,0.5048,100.0,1.7201766967773438,1.2977530744944246
QM9-gap-90k,GLOSS(2:3:3),59,11,0.5048,100.0,1.7142300605773926,1.2985356112385464
QM9-gap-90k,GLOSS(2:3:3),59,12,0.5048,100.0,1.7361299991607666,1.347366915472901
QM9-gap-90k,GLOSS(2:3:3),59,13,0.5048,100.0,1.785999059677124,1.3208167271914655
QM9-gap-90k,GLOSS(2:3:3),59,14,0.5048,100.0,1.8086049556732178,1.306805113203652
QM9-gap-90k,GLOSS(2:3:3),59,15,0.5048,100.0,1.813154935836792,1.2941625140721593
QM9-gap-90k,GLOSS(2:3:3),59,16,0.5048,100.0,1.8795950412750244,1.2759962190063139
QM9-gap-90k,GLOSS(2:3:3),59,17,0.5048,100.0,1.9457991123199463,1.281049217029699
QM9-gap-90k,GLOSS(2:3:3),59,18,0.5048,100.0,1.9151067733764648,1.2680867729556262
QM9-gap-90k,GLOSS(2:3:3),59,19,0.5048,100.0,1.8996198177337646,1.2612148564323657
QM9-gap-90k,GLOSS(4:2:2),59,-1,0.2074,35.73898012100259,0.0,0.0
QM9-gap-90k,GLOSS(4:2:2),59,0,0.2707,49.41659464131373,1.4018588066101074,0.6354506772990647
QM9-gap-90k,GLOSS(4:2:2),59,1,0.2999,55.72601555747623,1.6674220561981201,0.6719825163950662
QM9-gap-90k,GLOSS(4:2:2),59,2,0.3143,58.83751080380294,1.6228442192077637,0.7850626513343029
QM9-gap-90k,GLOSS(4:2:2),59,3,0.346,65.68712186689713,1.6874699592590332,0.8826789773709461
QM9-gap-90k,GLOSS(4:2:2),59,4,0.4107,79.66724286949007,1.6204841136932373,0.9648842923467513
QM9-gap-90k,GLOSS(4:2:2),59,5,0.5048,100.0,1.5616099834442139,1.1718745154270034
QM9-gap-90k,GLOSS(4:2:2),59,6,0.5048,100.0,1.6423370838165283,1.2532457073594754
QM9-gap-90k,GLOSS(4:2:2),59,7,0.5048,100.0,1.5928959846496582,1.26628570271584
QM9-gap-90k,GLOSS(4:2:2),59,8,0.5048,100.0,1.6593477725982666,1.2476102869744568
QM9-gap-90k,GLOSS(4:2:2),59,9,0.5048,100.0,1.6657447814941406,1.2360468825413828
QM9-gap-90k,GLOSS(4:2:2),59,10,0.5048,100.0,1.720384120941162,1.2228177826853446
QM9-gap-90k,GLOSS(4:2:2),59,11,0.5048,100.0,1.740954875946045,1.2089700507388623
QM9-gap-90k,GLOSS(4:2:2),59,12,0.5048,100.0,1.761138916015625,1.198923270777676
QM9-gap-90k,GLOSS(4:2:2),59,13,0.5048,100.0,1.7895569801330566,1.1971187440034252
QM9-gap-90k,GLOSS(4:2:2),59,14,0.5048,100.0,1.8208849430084229,1.1948102543119783
QM9-gap-90k,GLOSS(4:2:2),59,15,0.5048,100.0,1.9015929698944092,1.1857402214921464
QM9-gap-90k,GLOSS(4:2:2),59,16,0.5048,100.0,1.8759338855743408,1.1819569655047608
QM9-gap-90k,GLOSS(4:2:2),59,17,0.5048,100.0,1.8383879661560059,1.228314275463048
QM9-gap-90k,GLOSS(4:2:2),59,18,0.5048,100.0,1.8650150299072266,1.2264368506090901
QM9-gap-90k,GLOSS(4:2:2),59,19,0.5048,100.0,1.8746778964996338,1.2170738566283414
QM9-gap-90k,GLOSS(6:1:1),59,-1,0.2074,35.73898012100259,0.0,0.0
QM9-gap-90k,GLOSS(6:1:1),59,0,0.2707,49.41659464131373,1.4144377708435059,0.5404211136312954
QM9-gap-90k,GLOSS(6:1:1),59,1,0.2852,52.54969749351771,1.5128839015960693,0.5999690587155828
QM9-gap-90k,GLOSS(6:1:1),59,2,0.2852,52.54969749351771,1.5478129386901855,0.5431120046682837
QM9-gap-90k,GLOSS(6:1:1),59,3,0.2852,52.54969749351771,1.5902249813079834,0.5514806436718981
QM9-gap-90k,GLOSS(6:1:1),59,4,0.3164,59.29127052722558,1.6068127155303955,0.5637712120283137
QM9-gap-90k,GLOSS(6:1:1),59,5,0.3164,59.29127052722558,1.598581075668335,0.623510695612395
QM9-gap-90k,GLOSS(6:1:1),59,6,0.3164,59.29127052722558,1.6320569515228271,0.6347150821176428
QM9-gap-90k,GLOSS(6:1:1),59,7,0.3164,59.29127052722558,1.6491310596466064,0.6288422288535159
QM9-gap-90k,GLOSS(6:1:1),59,8,0.3164,59.29127052722558,1.672382116317749,0.6250419582725754
QM9-gap-90k,GLOSS(6:1:1),59,9,0.3164,59.29127052722558,1.7029039859771729,0.6301794590175488
QM9-gap-90k,GLOSS(6:1:1),59,10,0.3164,59.29127052722558,1.7137861251831055,0.6316508552132921
QM9-gap-90k,GLOSS(6:1:1),59,11,0.3241,60.95505617977528,1.7623200416564941,0.6459531748057358
QM9-gap-90k,GLOSS(6:1:1),59,12,0.3241,60.95505617977528,1.7601490020751953,0.681940647863229
QM9-gap-90k,GLOSS(6:1:1),59,13,0.3241,60.95505617977528,2.0028328895568848,0.7198492975685697
QM9-gap-90k,GLOSS(6:1:1),59,14,0.3295,62.12186689714779,2.0733609199523926,0.7547670209711402
QM9-gap-90k,GLOSS(6:1:1),59,15,0.3295,62.12186689714779,2.024542808532715,0.7734419991902147
QM9-gap-90k,GLOSS(6:1:1),59,16,0.3295,62.12186689714779,2.0915558338165283,0.7954354869683926
QM9-gap-90k,GLOSS(6:1:1),59,17,0.3299,62.20829732065688,2.169275999069214,0.8036502149520869
QM9-gap-90k,GLOSS(6:1:1),59,18,0.3299,62.20829732065688,2.0762131214141846,0.8175138476055842
QM9-gap-90k,GLOSS(6:1:1),59,19,0.3537,67.35090751944685,2.121511936187744,0.8211605252816152
QM9-gap-90k,GLOSS(2:3:3),61,-1,0.207,35.652549697493505,0.0,0.0
QM9-gap-90k,GLOSS(2:3:3),61,0,0.2766,50.6914433880726,1.561021089553833,0.7994725658065887
QM9-gap-90k,GLOSS(2:3:3),61,1,0.3096,57.82195332757129,1.6042661666870117,1.00000344125358
QM9-gap-90k,GLOSS(2:3:3),61,2,0.3901,75.21607605877269,1.4803178310394287,1.1211735459142724
QM9-gap-90k,GLOSS(2:3:3),61,3,0.3957,76.42610198789974,1.4826300144195557,1.2251754964180939
QM9-gap-90k,GLOSS(2:3:3),61,4,0.5048,100.0,1.4885461330413818,1.296814866099424
QM9-gap-90k,GLOSS(2:3:3),61,5,0.5048,100.0,1.515707015991211,1.357099049620005
QM9-gap-90k,GLOSS(2:3:3),61,6,0.5048,100.0,1.621107816696167,1.3320283336844128
QM9-gap-90k,GLOSS(2:3:3),61,7,0.5048,100.0,1.6196908950805664,1.30813875914202
QM9-gap-90k,GLOSS(2:3:3),61,8,0.5048,100.0,1.6437268257141113,1.3084223886518223
QM9-gap-90k,GLOSS(2:3:3),61,9,0.5048,100.0,1.6659071445465088,1.2955953073372066
QM9-gap-90k,GLOSS(2:3:3),61,10,0.5048,100.0,1.6511030197143555,1.2661144046061927
QM9-gap-90k,GLOSS(2:3:3),61,11,0.5048,100.0,1.8041181564331055,1.2616785921825016
QM9-gap-90k,GLOSS(2:3:3),61,12,0.5048,100.0,1.7414021492004395,1.261967200650173
QM9-gap-90k,GLOSS(2:3:3),61,13,0.5048,100.0,1.7314510345458984,1.2713742304862377
QM9-gap-90k,GLOSS(2:3:3),61,14,0.5048,100.0,1.739980936050415,1.2793558989379556
QM9-gap-90k,GLOSS(2:3:3),61,15,0.5048,100.0,1.8052217960357666,1.2935107677579079
QM9-gap-90k,GLOSS(2:3:3),61,16,0.5048,100.0,1.8202660083770752,1.3027490349217963
QM9-gap-90k,GLOSS(2:3:3),61,17,0.5048,100.0,1.8644099235534668,1.3049854824699383
QM9-gap-90k,GLOSS(2:3:3),61,18,0.5048,100.0,1.8937509059906006,1.2936312194800714
QM9-gap-90k,GLOSS(2:3:3),61,19,0.5048,100.0,1.9183990955352783,1.2908963944204122
QM9-gap-90k,GLOSS(4:2:2),61,-1,0.207,35.652549697493505,0.0,0.0
QM9-gap-90k,GLOSS(4:2:2),61,0,0.2695,49.157303370786515,1.534735918045044,0.6415727246756449
QM9-gap-90k,GLOSS(4:2:2),61,1,0.3096,57.82195332757129,1.4940757751464844,1.0631870011997813
QM9-gap-90k,GLOSS(4:2:2),61,2,0.3901,75.21607605877269,1.527820110321045,1.187751642582675
QM9-gap-90k,GLOSS(4:2:2),61,3,0.4179,81.22299049265341,1.47251296043396,1.2947715164067146
QM9-gap-90k,GLOSS(4:2:2),61,4,0.4426,86.5600691443388,1.560570240020752,1.2674580303487373
QM9-gap-90k,GLOSS(4:2:2),61,5,0.5048,100.0,1.5651421546936035,1.273034064376511
QM9-gap-90k,GLOSS(4:2:2),61,6,0.5048,100.0,1.6429271697998047,1.3176258196709911
QM9-gap-90k,GLOSS(4:2:2),61,7,0.5048,100.0,1.623521089553833,1.2897217563161825
QM9-gap-90k,GLOSS(4:2:2),61,8,0.5048,100.0,1.6206881999969482,1.2580675825040826
QM9-gap-90k,GLOSS(4:2:2),61,9,0.5048,100.0,1.6412432193756104,1.2337323296754195
QM9-gap-90k,GLOSS(4:2:2),61,10,0.5048,100.0,1.747941017150879,1.2255087596665895
QM9-gap-90k,GLOSS(4:2:2),61,11,0.5048,100.0,1.7332439422607422,1.2223325324088072
QM9-gap-90k,GLOSS(4:2:2),61,12,0.5048,100.0,1.7056071758270264,1.19865558730264
QM9-gap-90k,GLOSS(4:2:2),61,13,0.5048,100.0,1.7080402374267578,1.1923075262515541
QM9-gap-90k,GLOSS(4:2:2),61,14,0.5048,100.0,1.764488935470581,1.1913140155494295
QM9-gap-90k,GLOSS(4:2:2),61,15,0.5048,100.0,1.757904052734375,1.181608468715845
QM9-gap-90k,GLOSS(4:2:2),61,16,0.5048,100.0,1.7820608615875244,1.1797930772300702
QM9-gap-90k,GLOSS(4:2:2),61,17,0.5048,100.0,1.8099970817565918,1.1926258630882358
QM9-gap-90k,GLOSS(4:2:2),61,18,0.5048,100.0,1.8501560688018799,1.1952054676916322
QM9-gap-90k,GLOSS(4:2:2),61,19,0.5048,100.0,1.8599300384521484,1.184172252522374
QM9-gap-90k,GLOSS(6:1:1),61,-1,0.207,35.652549697493505,0.0,0.0
QM9-gap-90k,GLOSS(6:1:1),61,0,0.2098,36.25756266205703,1.6021602153778076,0.24529130969702498
QM9-gap-90k,GLOSS(6:1:1),61,1,0.2606,47.23422644770959,1.6509020328521729,0.34014103434611265
QM9-gap-90k,GLOSS(6:1:1),61,2,0.3286,61.92739844425238,1.6909639835357666,0.6269101837250832
QM9-gap-90k,GLOSS(6:1:1),61,3,0.3286,61.92739844425238,1.7162017822265625,0.7089774368473729
QM9-gap-90k,GLOSS(6:1:1),61,4,0.3382,64.00172860847017,1.747284173965454,0.7611897304382622
QM9-gap-90k,GLOSS(6:1:1),61,5,0.3583,68.3448573898012,1.7311244010925293,0.8463223431075879
QM9-gap-90k,GLOSS(6:1:1),61,6,0.417,81.02852203975799,1.7008850574493408,0.8827446955970374
QM9-gap-90k,GLOSS(6:1:1),61,7,0.418,81.24459809853067,1.710191011428833,0.9176482841209417
QM9-gap-90k,GLOSS(6:1:1),61,8,0.418,81.24459809853067,1.8165490627288818,0.9334485711615139
QM9-gap-90k,GLOSS(6:1:1),61,9,0.4465,87.40276577355229,1.7282066345214844,0.9619282531407128
QM9-gap-90k,GLOSS(6:1:1),61,10,0.4465,87.40276577355229,1.7336819171905518,0.9760700862542667
QM9-gap-90k,GLOSS(6:1:1),61,11,0.5048,100.0,1.7462761402130127,1.0380044339835233
QM9-gap-90k,GLOSS(6:1:1),61,12,0.5048,100.0,1.7606029510498047,1.1108026548758747
QM9-gap-90k,GLOSS(6:1:1),61,13,0.5048,100.0,1.7710871696472168,1.1592796464883939
QM9-gap-90k,GLOSS(6:1:1),61,14,0.5048,100.0,1.7754521369934082,1.180588645153882
QM9-gap-90k,GLOSS(6:1:1),61,15,0.5048,100.0,1.8532660007476807,1.1653432170072628
QM9-gap-90k,GLOSS(6:1:1),61,16,0.5048,100.0,1.83837890625,1.1699765727135838
QM9-gap-90k,GLOSS(6:1:1),61,17,0.5048,100.0,1.8815948963165283,1.2013952445104086
QM9-gap-90k,GLOSS(6:1:1),61,18,0.5048,100.0,1.8777248859405518,1.1919855673121258
QM9-gap-90k,GLOSS(6:1:1),61,19,0.5048,100.0,1.920619010925293,1.1894993467419452
QM9-gap-90k,GLOSS(2:3:3),67,-1,0.2037,34.93949870354364,0.0,0.0
QM9-gap-90k,GLOSS(2:3:3),67,0,0.2363,41.98357821953327,1.3973159790039062,0.6450706828710386
QM9-gap-90k,GLOSS(2:3:3),67,1,0.2519,45.354364736387204,1.4990079402923584,0.7721506830350119
QM9-gap-90k,GLOSS(2:3:3),67,2,0.2623,47.60155574762315,1.4830899238586426,0.8548715242631647
QM9-gap-90k,GLOSS(2:3:3),67,3,0.5048,100.0,1.4912083148956299,1.1159517519789341
QM9-gap-90k,GLOSS(2:3:3),67,4,0.5048,100.0,1.561234951019287,1.3383130660681277
QM9-gap-90k,GLOSS(2:3:3),67,5,0.5048,100.0,1.5508480072021484,1.4522488705467815
QM9-gap-90k,GLOSS(2:3:3),67,6,0.5048,100.0,1.694998025894165,1.4501412211145592
QM9-gap-90k,GLOSS(2:3:3),67,7,0.5048,100.0,1.632429838180542,1.4357128740332017
QM9-gap-90k,GLOSS(2:3:3),67,8,0.5048,100.0,1.6446797847747803,1.4339596945452504
QM9-gap-90k,GLOSS(2:3:3),67,9,0.5048,100.0,1.63969087600708,1.413865134100666
QM9-gap-90k,GLOSS(2:3:3),67,10,0.5048,100.0,1.6360650062561035,1.3976979307521393
QM9-gap-90k,GLOSS(2:3:3),67,11,0.5048,100.0,1.6228020191192627,1.3831112689468898
QM9-gap-90k,GLOSS(2:3:3),67,12,0.5048,100.0,1.723517894744873,1.3840251458003772
QM9-gap-90k,GLOSS(2:3:3),67,13,0.5048,100.0,1.7884368896484375,1.396370195153693
QM9-gap-90k,GLOSS(2:3:3),67,14,0.5048,100.0,1.7800021171569824,1.3897173343601852
QM9-gap-90k,GLOSS(2:3:3),67,15,0.5048,100.0,1.803584098815918,1.3860183315042722
QM9-gap-90k,GLOSS(2:3:3),67,16,0.5048,100.0,1.8183772563934326,1.3792026425573027
QM9-gap-90k,GLOSS(2:3:3),67,17,0.5048,100.0,1.8541600704193115,1.3771794009427551
QM9-gap-90k,GLOSS(2:3:3),67,18,0.5048,100.0,1.845890998840332,1.3692609631709722
QM9-gap-90k,GLOSS(2:3:3),67,19,0.5048,100.0,1.8872158527374268,1.375888350746906
QM9-gap-90k,GLOSS(4:2:2),67,-1,0.2037,34.93949870354364,0.0,0.0
QM9-gap-90k,GLOSS(4:2:2),67,0,0.2294,40.49265341400172,1.4104421138763428,0.6976963504042433
QM9-gap-90k,GLOSS(4:2:2),67,1,0.2503,45.008643042350904,1.479891061782837,0.8845124396674023
QM9-gap-90k,GLOSS(4:2:2),67,2,0.3922,75.66983578219532,1.5567522048950195,1.2705436064480353
QM9-gap-90k,GLOSS(4:2:2),67,3,0.5048,100.0,1.4853649139404297,1.5271798980132592
QM9-gap-90k,GLOSS(4:2:2),67,4,0.5048,100.0,1.5281157493591309,1.6343933748559887
QM9-gap-90k,GLOSS(4:2:2),67,5,0.5048,100.0,1.6501519680023193,1.5994684510052342
QM9-gap-90k,GLOSS(4:2:2),67,6,0.5048,100.0,1.6536860466003418,1.578438269731681
QM9-gap-90k,GLOSS(4:2:2),67,7,0.5048,100.0,1.6333508491516113,1.5299237100996015
QM9-gap-90k,GLOSS(4:2:2),67,8,0.5048,100.0,1.6091570854187012,1.5117237647600126
QM9-gap-90k,GLOSS(4:2:2),67,9,0.5048,100.0,1.6717822551727295,1.4627690645703215
QM9-gap-90k,GLOSS(4:2:2),67,10,0.5048,100.0,1.6411938667297363,1.426768255097766
QM9-gap-90k,GLOSS(4:2:2),67,11,0.5048,100.0,1.6450068950653076,1.42929816448037
QM9-gap-90k,GLOSS(4:2:2),67,12,0.5048,100.0,1.692434310913086,1.403187713428539
QM9-gap-90k,GLOSS(4:2:2),67,13,0.5048,100.0,1.7162530422210693,1.3752146137472516
QM9-gap-90k,GLOSS(4:2:2),67,14,0.5048,100.0,1.7080590724945068,1.35166255091548
QM9-gap-90k,GLOSS(4:2:2),67,15,0.5048,100.0,1.754526138305664,1.3310980169788744
QM9-gap-90k,GLOSS(4:2:2),67,16,0.5048,100.0,1.7669041156768799,1.312108019966327
QM9-gap-90k,GLOSS(4:2:2),67,17,0.5048,100.0,1.8554739952087402,1.3027010977961442
QM9-gap-90k,GLOSS(4:2:2),67,18,0.5048,100.0,1.8255009651184082,1.3080672504664541
QM9-gap-90k,GLOSS(4:2:2),67,19,0.5048,100.0,1.8630948066711426,1.2950541446484451
QM9-gap-90k,GLOSS(6:1:1),67,-1,0.2037,34.93949870354364,0.0,0.0
QM9-gap-90k,GLOSS(6:1:1),67,0,0.2294,40.49265341400172,1.4231503009796143,0.7277645469223467
QM9-gap-90k,GLOSS(6:1:1),67,1,0.2581,46.69403630077787,1.514862060546875,0.5820978426546344
QM9-gap-90k,GLOSS(6:1:1),67,2,0.2753,50.4105445116681,1.6193480491638184,0.670694025551997
QM9-gap-90k,GLOSS(6:1:1),67,3,0.3304,62.31633535004322,1.5992488861083984,1.0147260275916767
QM9-gap-90k,GLOSS(6:1:1),67,4,0.4426,86.5600691443388,1.5673909187316895,1.312274863254282
QM9-gap-90k,GLOSS(6:1:1),67,5,0.5048,100.0,1.5191049575805664,1.4603951542279114
QM9-gap-90k,GLOSS(6:1:1),67,6,0.5048,100.0,1.60860013961792,1.5629409692383232
QM9-gap-90k,GLOSS(6:1:1),67,7,0.5048,100.0,1.6187431812286377,1.6002682509831954
QM9-gap-90k,GLOSS(6:1:1),67,8,0.5048,100.0,1.6350090503692627,1.598985139437497
QM9-gap-90k,GLOSS(6:1:1),67,9,0.5048,100.0,1.6699907779693604,1.5732981091076785
QM9-gap-90k,GLOSS(6:1:1),67,10,0.5048,100.0,1.6751320362091064,1.5508397903626776
QM9-gap-90k,GLOSS(6:1:1),67,11,0.5048,100.0,1.7465872764587402,1.5156680311454462
QM9-gap-90k,GLOSS(6:1:1),67,12,0.5048,100.0,1.697695016860962,1.4867486685708562
QM9-gap-90k,GLOSS(6:1:1),67,13,0.5048,100.0,1.7394580841064453,1.459927896328715
QM9-gap-90k,GLOSS(6:1:1),67,14,0.5048,100.0,1.8018434047698975,1.4381754789390782
QM9-gap-90k,GLOSS(6:1:1),67,15,0.5048,100.0,1.773967981338501,1.4076632844718229
QM9-gap-90k,GLOSS(6:1:1),67,16,0.5048,100.0,1.7753498554229736,1.388786982501426
QM9-gap-90k,GLOSS(6:1:1),67,17,0.5048,100.0,1.8206369876861572,1.3726009408859394
QM9-gap-90k,GLOSS(6:1:1),67,18,0.5048,100.0,1.8472192287445068,1.3773513246177067
QM9-gap-90k,GLOSS(6:1:1),67,19,0.5048,100.0,1.869304895401001,1.3895823954567013
QM9-gap-95k,GLOSS(2:3:3),47,-1,0.2077,35.80380293863439,0.0,0.0
QM9-gap-95k,GLOSS(2:3:3),47,0,0.2708,49.438202247191,1.7549927234649658,0.6002473882122773
QM9-gap-95k,GLOSS(2:3:3),47,1,0.3702,70.91616248919618,2.175534963607788,0.6270211636447627
QM9-gap-95k,GLOSS(2:3:3),47,2,0.3824,73.55229040622298,1.8019309043884277,0.8233369050002235
QM9-gap-95k,GLOSS(2:3:3),47,3,0.3901,75.21607605877269,1.7670981884002686,0.9448664807906739
QM9-gap-95k,GLOSS(2:3:3),47,4,0.4426,86.5600691443388,1.7042932510375977,1.0554303948926669
QM9-gap-95k,GLOSS(2:3:3),47,5,0.5048,100.0,1.6596770286560059,1.2701689139496792
QM9-gap-95k,GLOSS(2:3:3),47,6,0.5048,100.0,1.7003729343414307,1.2571013377441191
QM9-gap-95k,GLOSS(2:3:3),47,7,0.5048,100.0,1.803168773651123,1.2453398294563505
QM9-gap-95k,GLOSS(2:3:3),47,8,0.5048,100.0,1.78656005859375,1.213124272159779
QM9-gap-95k,GLOSS(2:3:3),47,9,0.5048,100.0,1.8299891948699951,1.1904615679355857
QM9-gap-95k,GLOSS(2:3:3),47,10,0.5048,100.0,1.814911127090454,1.161745984535622
QM9-gap-95k,GLOSS(2:3:3),47,11,0.5048,100.0,1.8059430122375488,1.1516471753681188
QM9-gap-95k,GLOSS(2:3:3),47,12,0.5048,100.0,1.8599789142608643,1.1709077492591673
QM9-gap-95k,GLOSS(2:3:3),47,13,0.5048,100.0,1.8321099281311035,1.2008769955102598
QM9-gap-95k,GLOSS(2:3:3),47,14,0.5048,100.0,1.8700621128082275,1.2119324521145878
QM9-gap-95k,GLOSS(2:3:3),47,15,0.5048,100.0,1.9047877788543701,1.2035757641900517
QM9-gap-95k,GLOSS(2:3:3),47,16,0.5048,100.0,1.8873710632324219,1.1878774694117262
QM9-gap-95k,GLOSS(2:3:3),47,17,0.5048,100.0,1.929589033126831,1.1980422621884819
QM9-gap-95k,GLOSS(2:3:3),47,18,0.5048,100.0,2.016542911529541,1.2065561361188442
QM9-gap-95k,GLOSS(2:3:3),47,19,0.5048,100.0,2.1593399047851562,1.2138721067264115
QM9-gap-95k,GLOSS(4:2:2),47,-1,0.2077,35.80380293863439,0.0,0.0
QM9-gap-95k,GLOSS(4:2:2),47,0,0.286,52.722558340535855,1.7111849784851074,0.5253629036048243
QM9-gap-95k,GLOSS(4:2:2),47,1,0.3321,62.68366464995678,1.897845983505249,0.6406831892665376
QM9-gap-95k,GLOSS(4:2:2),47,2,0.3321,62.68366464995678,1.614675760269165,0.9538121375688021
QM9-gap-95k,GLOSS(4:2:2),47,3,0.3427,64.97407087294728,1.7505302429199219,0.9667350820505441
QM9-gap-95k,GLOSS(4:2:2),47,4,0.3694,70.74330164217805,1.7019641399383545,0.9217892420583191
QM9-gap-95k,GLOSS(4:2:2),47,5,0.3901,75.21607605877269,1.7433829307556152,0.9457837486086885
QM9-gap-95k,GLOSS(4:2:2),47,6,0.4802,94.68452895419188,1.7265610694885254,0.9809577485929222
QM9-gap-95k,GLOSS(4:2:2),47,7,0.4802,94.68452895419188,1.8026280403137207,1.026125797099222
QM9-gap-95k,GLOSS(4:2:2),47,8,0.4802,94.68452895419188,1.7666878700256348,1.0667303943841409
QM9-gap-95k,GLOSS(4:2:2),47,9,0.4802,94.68452895419188,1.807647943496704,1.0982216642065228
QM9-gap-95k,GLOSS(4:2:2),47,10,0.5048,100.0,1.8311307430267334,1.172791720306415
QM9-gap-95k,GLOSS(4:2:2),47,11,0.5048,100.0,1.7400927543640137,1.2297469096840752
QM9-gap-95k,GLOSS(4:2:2),47,12,0.5048,100.0,1.773127794265747,1.2085391485382095
QM9-gap-95k,GLOSS(4:2:2),47,13,0.5048,100.0,1.824770212173462,1.2035398474113235
QM9-gap-95k,GLOSS(4:2:2),47,14,0.5048,100.0,1.8308558464050293,1.1955845134027672
QM9-gap-95k,GLOSS(4:2:2),47,15,0.5048,100.0,1.8335120677947998,1.1857074983883196
QM9-gap-95k,GLOSS(4:2:2),47,16,0.5048,100.0,1.821295976638794,1.1902705924020716
QM9-gap-95k,GLOSS(4:2:2),47,17,0.5048,100.0,1.8464329242706299,1.1997054429344838
QM9-gap-95k,GLOSS(4:2:2),47,18,0.5048,100.0,1.873915195465088,1.1866500271620686
QM9-gap-95k,GLOSS(4:2:2),47,19,0.5048,100.0,1.8678767681121826,1.1824873481910543
QM9-gap-95k,GLOSS(6:1:1),47,-1,0.2077,35.80380293863439,0.0,0.0
QM9-gap-95k,GLOSS(6:1:1),47,0,0.286,52.722558340535855,1.6916868686676025,0.388600429711968
QM9-gap-95k,GLOSS(6:1:1),47,1,0.3004,55.834053586862574,1.8919627666473389,0.5684810312126565
QM9-gap-95k,GLOSS(6:1:1),47,2,0.3284,61.88418323249785,1.9658470153808594,0.544796571597454
QM9-gap-95k,GLOSS(6:1:1),47,3,0.3385,64.066551426102,2.0267751216888428,0.6320092440636584
QM9-gap-95k,GLOSS(6:1:1),47,4,0.3583,68.3448573898012,2.024945020675659,0.6809099973338454
QM9-gap-95k,GLOSS(6:1:1),47,5,0.3583,68.3448573898012,1.7391469478607178,0.7141123153991995
QM9-gap-95k,GLOSS(6:1:1),47,6,0.3687,70.59204840103716,1.9115328788757324,0.7501616827352894
QM9-gap-95k,GLOSS(6:1:1),47,7,0.462,90.75194468452895,1.7260661125183105,0.8181568587957827
QM9-gap-95k,GLOSS(6:1:1),47,8,0.4802,94.68452895419188,1.7252607345581055,0.8443787779417034
QM9-gap-95k,GLOSS(6:1:1),47,9,0.4802,94.68452895419188,1.7345118522644043,0.89426378039999
QM9-gap-95k,GLOSS(6:1:1),47,10,0.4802,94.68452895419188,1.7702250480651855,0.9298932200263283
QM9-gap-95k,GLOSS(6:1:1),47,11,0.5048,100.0,1.7655558586120605,0.9982115071925717
QM9-gap-95k,GLOSS(6:1:1),47,12,0.5048,100.0,1.7955007553100586,1.0543189957972128
QM9-gap-95k,GLOSS(6:1:1),47,13,0.5048,100.0,1.810256004333496,1.0766232752578693
QM9-gap-95k,GLOSS(6:1:1),47,14,0.5048,100.0,1.8178248405456543,1.0882126224998854
QM9-gap-95k,GLOSS(6:1:1),47,15,0.5048,100.0,1.8169059753417969,1.0680474411468663
QM9-gap-95k,GLOSS(6:1:1),47,16,0.5048,100.0,1.8376309871673584,1.065072968529107
QM9-gap-95k,GLOSS(6:1:1),47,17,0.5048,100.0,1.8833248615264893,1.0560359072050913
QM9-gap-95k,GLOSS(6:1:1),47,18,0.5048,100.0,1.8947432041168213,1.0445342415655074
QM9-gap-95k,GLOSS(6:1:1),47,19,0.5048,100.0,1.8797008991241455,1.0328548575315708
QM9-gap-95k,GLOSS(2:3:3),53,-1,0.2067,35.587726879861705,0.0,0.0
QM9-gap-95k,GLOSS(2:3:3),53,0,0.2254,39.62834917891097,1.635802984237671,0.45385835706576394
QM9-gap-95k,GLOSS(2:3:3),53,1,0.3684,70.52722558340537,1.6192717552185059,0.8424651506560203
QM9-gap-95k,GLOSS(2:3:3),53,2,0.3684,70.52722558340537,1.6726088523864746,1.0253363612971664
QM9-gap-95k,GLOSS(2:3:3),53,3,0.3685,70.54883318928262,1.7570419311523438,1.0872093468153226
QM9-gap-95k,GLOSS(2:3:3),53,4,0.5048,100.0,1.7030279636383057,1.1966079544631854
QM9-gap-95k,GLOSS(2:3:3),53,5,0.5048,100.0,1.6676769256591797,1.3096912671395435
QM9-gap-95k,GLOSS(2:3:3),53,6,0.5048,100.0,1.8678910732269287,1.302097968517424
QM9-gap-95k,GLOSS(2:3:3),53,7,0.5048,100.0,1.927751064300537,1.2784877901833795
QM9-gap-95k,GLOSS(2:3:3),53,8,0.5048,100.0,1.7501461505889893,1.2827694712598554
QM9-gap-95k,GLOSS(2:3:3),53,9,0.5048,100.0,1.7767508029937744,1.2809405493733181
QM9-gap-95k,GLOSS(2:3:3),53,10,0.5048,100.0,1.7669718265533447,1.2700162825725887
QM9-gap-95k,GLOSS(2:3:3),53,11,0.5048,100.0,1.8025648593902588,1.266993670448965
QM9-gap-95k,GLOSS(2:3:3),53,12,0.5048,100.0,1.8718841075897217,1.2579100837970836
QM9-gap-95k,GLOSS(2:3:3),53,13,0.5048,100.0,1.8227779865264893,1.2398965607003702
QM9-gap-95k,GLOSS(2:3:3),53,14,0.5048,100.0,1.8048250675201416,1.232958610832209
QM9-gap-95k,GLOSS(2:3:3),53,15,0.5048,100.0,1.85679292678833,1.223128136876841
QM9-gap-95k,GLOSS(2:3:3),53,16,0.5048,100.0,1.854996919631958,1.232825160269437
QM9-gap-95k,GLOSS(2:3:3),53,17,0.5048,100.0,1.8793540000915527,1.2428980588326277
QM9-gap-95k,GLOSS(2:3:3),53,18,0.5048,100.0,1.8885338306427002,1.2382515308405808
QM9-gap-95k,GLOSS(2:3:3),53,19,0.5048,100.0,1.9180421829223633,1.230550277567849
QM9-gap-95k,GLOSS(4:2:2),53,-1,0.2067,35.587726879861705,0.0,0.0
QM9-gap-95k,GLOSS(4:2:2),53,0,0.2336,41.400172860847015,1.6140151023864746,0.472239507963151
QM9-gap-95k,GLOSS(4:2:2),53,1,0.3067,57.1953327571305,1.6551709175109863,0.7641374009019547
QM9-gap-95k,GLOSS(4:2:2),53,2,0.4063,78.71650821089023,1.5981578826904297,1.0506410630270897
QM9-gap-95k,GLOSS(4:2:2),53,3,0.462,90.75194468452895,1.5630052089691162,1.1085226391236032
QM9-gap-95k,GLOSS(4:2:2),53,4,0.4802,94.68452895419188,1.6777987480163574,1.0785492451487182
QM9-gap-95k,GLOSS(4:2:2),53,5,0.4802,94.68452895419188,1.6216073036193848,1.2219398256836143
QM9-gap-95k,GLOSS(4:2:2),53,6,0.4802,94.68452895419188,1.7015209197998047,1.2135980556785808
QM9-gap-95k,GLOSS(4:2:2),53,7,0.5048,100.0,1.7061240673065186,1.276004701052153
QM9-gap-95k,GLOSS(4:2:2),53,8,0.5048,100.0,1.6185989379882812,1.3020280762316119
QM9-gap-95k,GLOSS(4:2:2),53,9,0.5048,100.0,1.6996629238128662,1.309685469841172
QM9-gap-95k,GLOSS(4:2:2),53,10,0.5048,100.0,1.7928340435028076,1.3026024420157025
QM9-gap-95k,GLOSS(4:2:2),53,11,0.5048,100.0,1.7662601470947266,1.2764655670159397
QM9-gap-95k,GLOSS(4:2:2),53,12,0.5048,100.0,1.7337441444396973,1.2588631754782176
QM9-gap-95k,GLOSS(4:2:2),53,13,0.5048,100.0,1.7662420272827148,1.2438354062736852
QM9-gap-95k,GLOSS(4:2:2),53,14,0.5048,100.0,1.7763898372650146,1.233589637106916
QM9-gap-95k,GLOSS(4:2:2),53,15,0.5048,100.0,1.7964930534362793,1.212138454455896
QM9-gap-95k,GLOSS(4:2:2),53,16,0.5048,100.0,1.872676134109497,1.2003061098872319
QM9-gap-95k,GLOSS(4:2:2),53,17,0.5048,100.0,1.8578062057495117,1.1993068774811466
QM9-gap-95k,GLOSS(4:2:2),53,18,0.5048,100.0,1.879328966140747,1.1816854826569527
QM9-gap-95k,GLOSS(4:2:2),53,19,0.5048,100.0,1.9062139987945557,1.1815739780913477
QM9-gap-95k,GLOSS(6:1:1),53,-1,0.2067,35.587726879861705,0.0,0.0
QM9-gap-95k,GLOSS(6:1:1),53,0,0.2254,39.62834917891097,1.6225249767303467,0.4165317597117594
QM9-gap-95k,GLOSS(6:1:1),53,1,0.4037,78.15471045808124,1.6760890483856201,0.9083946730183157
QM9-gap-95k,GLOSS(6:1:1),53,2,0.4037,78.15471045808124,1.6738648414611816,0.9580826586039222
QM9-gap-95k,GLOSS(6:1:1),53,3,0.417,81.02852203975799,1.6679177284240723,1.0691128594669501
QM9-gap-95k,GLOSS(6:1:1),53,4,0.417,81.02852203975799,1.672973871231079,1.1278100993162825
QM9-gap-95k,GLOSS(6:1:1),53,5,0.417,81.02852203975799,1.7128477096557617,1.0915091311401173
QM9-gap-95k,GLOSS(6:1:1),53,6,0.417,81.02852203975799,1.7462639808654785,1.083453528374677
QM9-gap-95k,GLOSS(6:1:1),53,7,0.4802,94.68452895419188,1.7709040641784668,1.0804391537319038
QM9-gap-95k,GLOSS(6:1:1),53,8,0.4802,94.68452895419188,1.8465321063995361,1.0666785030526154
QM9-gap-95k,GLOSS(6:1:1),53,9,0.4802,94.68452895419188,1.8189141750335693,1.0552715916905957
QM9-gap-95k,GLOSS(6:1:1),53,10,0.5048,100.0,1.7858679294586182,1.1244526923880183
QM9-gap-95k,GLOSS(6:1:1),53,11,0.5048,100.0,1.7893691062927246,1.1322093683630923
QM9-gap-95k,GLOSS(6:1:1),53,12,0.5048,100.0,1.7813823223114014,1.1309622480348642
QM9-gap-95k,GLOSS(6:1:1),53,13,0.5048,100.0,1.8457138538360596,1.116763719839417
QM9-gap-95k,GLOSS(6:1:1),53,14,0.5048,100.0,1.8573899269104004,1.1187711505669327
QM9-gap-95k,GLOSS(6:1:1),53,15,0.5048,100.0,1.9613628387451172,1.1320563637778667
QM9-gap-95k,GLOSS(6:1:1),53,16,0.5048,100.0,1.882303237915039,1.1375473048173166
QM9-gap-95k,GLOSS(6:1:1),53,17,0.5048,100.0,1.9130046367645264,1.148862574488072
QM9-gap-95k,GLOSS(6:1:1),53,18,0.5048,100.0,1.9647819995880127,1.1357668676563422
QM9-gap-95k,GLOSS(6:1:1),53,19,0.5048,100.0,1.988948106765747,1.1199433464276978
QM9-gap-95k,GLOSS(2:3:3),59,-1,0.2091,36.10630942091616,0.0,0.0
QM9-gap-95k,GLOSS(2:3:3),59,0,0.3405,64.49870354364737,2.097040891647339,0.6669091244786115
QM9-gap-95k,GLOSS(2:3:3),59,1,0.3405,64.49870354364737,1.805816888809204,0.7544680747080728
QM9-gap-95k,GLOSS(2:3:3),59,2,0.4063,78.71650821089023,1.8206961154937744,0.8378191368572443
QM9-gap-95k,GLOSS(2:3:3),59,3,0.462,90.75194468452895,1.656614065170288,0.9243269437952015
QM9-gap-95k,GLOSS(2:3:3),59,4,0.462,90.75194468452895,1.5369210243225098,0.9085642085380629
QM9-gap-95k,GLOSS(2:3:3),59,5,0.4802,94.68452895419188,1.7116327285766602,0.9242293903662615
QM9-gap-95k,GLOSS(2:3:3),59,6,0.4802,94.68452895419188,1.7761218547821045,0.9587962125883958
QM9-gap-95k,GLOSS(2:3:3),59,7,0.4802,94.68452895419188,1.7634949684143066,1.0054415068176614
QM9-gap-95k,GLOSS(2:3:3),59,8,0.5048,100.0,1.7198009490966797,1.084426033871549
QM9-gap-95k,GLOSS(2:3:3),59,9,0.5048,100.0,1.7498900890350342,1.1399897674130264
QM9-gap-95k,GLOSS(2:3:3),59,10,0.5048,100.0,1.7765922546386719,1.1369286354291128
QM9-gap-95k,GLOSS(2:3:3),59,11,0.5048,100.0,1.8998949527740479,1.125625647698776
QM9-gap-95k,GLOSS(2:3:3),59,12,0.5048,100.0,1.8693439960479736,1.155599821853295
QM9-gap-95k,GLOSS(2:3:3),59,13,0.5048,100.0,1.899683952331543,1.1472706488896423
QM9-gap-95k,GLOSS(2:3:3),59,14,0.5048,100.0,1.8562991619110107,1.1494420008833794
QM9-gap-95k,GLOSS(2:3:3),59,15,0.5048,100.0,1.9409241676330566,1.1533964106888615
QM9-gap-95k,GLOSS(2:3:3),59,16,0.5048,100.0,1.9582319259643555,1.166167415724571
QM9-gap-95k,GLOSS(2:3:3),59,17,0.5048,100.0,1.9460737705230713,1.1826501264056501
QM9-gap-95k,GLOSS(2:3:3),59,18,0.5048,100.0,1.9197611808776855,1.1894505856129007
QM9-gap-95k,GLOSS(2:3:3),59,19,0.5048,100.0,1.9198782444000244,1.1955581599939387
QM9-gap-95k,GLOSS(4:2:2),59,-1,0.2091,36.10630942091616,0.0,0.0
QM9-gap-95k,GLOSS(4:2:2),59,0,0.3405,64.49870354364737,2.2012219429016113,0.6464358562179603
QM9-gap-95k,GLOSS(4:2:2),59,1,0.3405,64.49870354364737,1.6291661262512207,0.8417189085660712
QM9-gap-95k,GLOSS(4:2:2),59,2,0.3473,65.96802074330164,2.0080950260162354,0.8727670412965429
QM9-gap-95k,GLOSS(4:2:2),59,3,0.4802,94.68452895419188,1.7819132804870605,0.9237735468158245
QM9-gap-95k,GLOSS(4:2:2),59,4,0.4802,94.68452895419188,1.7026031017303467,1.0691163805375359
QM9-gap-95k,GLOSS(4:2:2),59,5,0.4802,94.68452895419188,1.7226970195770264,1.1135674124845938
QM9-gap-95k,GLOSS(4:2:2),59,6,0.5048,100.0,1.6910500526428223,1.2796614035445704
QM9-gap-95k,GLOSS(4:2:2),59,7,0.5048,100.0,1.7634389400482178,1.32978862927375
QM9-gap-95k,GLOSS(4:2:2),59,8,0.5048,100.0,1.7840051651000977,1.2977100116139957
QM9-gap-95k,GLOSS(4:2:2),59,9,0.5048,100.0,1.7964141368865967,1.2945432510282018
QM9-gap-95k,GLOSS(4:2:2),59,10,0.5048,100.0,1.822260856628418,1.2777939331034076
QM9-gap-95k,GLOSS(4:2:2),59,11,0.5048,100.0,1.8330283164978027,1.2650783378570092
QM9-gap-95k,GLOSS(4:2:2),59,12,0.5048,100.0,1.8440032005310059,1.2554039848826433
QM9-gap-95k,GLOSS(4:2:2),59,13,0.5048,100.0,1.8814899921417236,1.2372592464938046
QM9-gap-95k,GLOSS(4:2:2),59,14,0.5048,100.0,1.900913953781128,1.2227830103184156
QM9-gap-95k,GLOSS(4:2:2),59,15,0.5048,100.0,1.9262280464172363,1.216134769966044
QM9-gap-95k,GLOSS(4:2:2),59,16,0.5048,100.0,1.943108081817627,1.213974262303479
QM9-gap-95k,GLOSS(4:2:2),59,17,0.5048,100.0,1.9538991451263428,1.2072877519083574
QM9-gap-95k,GLOSS(4:2:2),59,18,0.5048,100.0,1.9699749946594238,1.2059019611087745
QM9-gap-95k,GLOSS(4:2:2),59,19,0.5048,100.0,2.024357795715332,1.213718570234965
QM9-gap-95k,GLOSS(6:1:1),59,-1,0.2091,36.10630942091616,0.0,0.0
QM9-gap-95k,GLOSS(6:1:1),59,0,0.336,63.526361279170274,2.3502631187438965,0.49497318334108975
QM9-gap-95k,GLOSS(6:1:1),59,1,0.3466,65.81676750216077,1.9311707019805908,0.7375177903722726
QM9-gap-95k,GLOSS(6:1:1),59,2,0.3647,69.72774416594642,1.9506287574768066,0.7358615812910787
QM9-gap-95k,GLOSS(6:1:1),59,3,0.3824,73.55229040622298,1.8035128116607666,0.767999461383923
QM9-gap-95k,GLOSS(6:1:1),59,4,0.384,73.8980121002593,1.7678918838500977,0.7767308958988326
QM9-gap-95k,GLOSS(6:1:1),59,5,0.462,90.75194468452895,1.7858963012695312,0.8618662843926628
QM9-gap-95k,GLOSS(6:1:1),59,6,0.4802,94.68452895419188,1.7507319450378418,0.9285988710072228
QM9-gap-95k,GLOSS(6:1:1),59,7,0.4802,94.68452895419188,1.817439079284668,1.0224138948246486
QM9-gap-95k,GLOSS(6:1:1),59,8,0.4802,94.68452895419188,1.8113977909088135,1.0279812340052934
QM9-gap-95k,GLOSS(6:1:1),59,9,0.5048,100.0,1.803360939025879,1.1023204281145271
QM9-gap-95k,GLOSS(6:1:1),59,10,0.5048,100.0,1.7997541427612305,1.1798247649294087
QM9-gap-95k,GLOSS(6:1:1),59,11,0.5048,100.0,1.838118076324463,1.2186724401402858
QM9-gap-95k,GLOSS(6:1:1),59,12,0.5048,100.0,1.8777198791503906,1.1969951564898356
QM9-gap-95k,GLOSS(6:1:1),59,13,0.5048,100.0,1.8791580200195312,1.1732605124594007
QM9-gap-95k,GLOSS(6:1:1),59,14,0.5048,100.0,1.9161570072174072,1.168597282115235
QM9-gap-95k,GLOSS(6:1:1),59,15,0.5048,100.0,1.9288887977600098,1.1637367121012265
QM9-gap-95k,GLOSS(6:1:1),59,16,0.5048,100.0,2.1161129474639893,1.1446542876323023
QM9-gap-95k,GLOSS(6:1:1),59,17,0.5048,100.0,2.0403709411621094,1.1481137920360072
QM9-gap-95k,GLOSS(6:1:1),59,18,0.5048,100.0,2.0027451515197754,1.2115456824601132
QM9-gap-95k,GLOSS(6:1:1),59,19,0.5048,100.0,2.013298988342285,1.2013074895815388
QM9-gap-95k,GLOSS(2:3:3),61,-1,0.2068,35.60933448573898,0.0,0.0
QM9-gap-95k,GLOSS(2:3:3),61,0,0.3153,59.053586862575635,1.6753320693969727,0.9019260888409174
QM9-gap-95k,GLOSS(2:3:3),61,1,0.3827,73.61711322385479,1.6622209548950195,1.0042334455345157
QM9-gap-95k,GLOSS(2:3:3),61,2,0.384,73.8980121002593,1.5695254802703857,0.9967435655839652
QM9-gap-95k,GLOSS(2:3:3),61,3,0.384,73.8980121002593,1.664053201675415,0.9443407460552256
QM9-gap-95k,GLOSS(2:3:3),61,4,0.3957,76.42610198789974,1.6103239059448242,0.9266836473837258
QM9-gap-95k,GLOSS(2:3:3),61,5,0.4107,79.66724286949007,1.5850450992584229,0.9887326585078245
QM9-gap-95k,GLOSS(2:3:3),61,6,0.5048,100.0,1.634958028793335,1.0827145427863725
QM9-gap-95k,GLOSS(2:3:3),61,7,0.5048,100.0,1.679056167602539,1.218171910673297
QM9-gap-95k,GLOSS(2:3:3),61,8,0.5048,100.0,1.7920937538146973,1.2233154882068966
QM9-gap-95k,GLOSS(2:3:3),61,9,0.5048,100.0,1.9281988143920898,1.204310191481657
QM9-gap-95k,GLOSS(2:3:3),61,10,0.5048,100.0,1.7653467655181885,1.2079105381075328
QM9-gap-95k,GLOSS(2:3:3),61,11,0.5048,100.0,1.7712209224700928,1.1999100235899849
QM9-gap-95k,GLOSS(2:3:3),61,12,0.5048,100.0,1.7971839904785156,1.2126639207986551
QM9-gap-95k,GLOSS(2:3:3),61,13,0.5048,100.0,1.7900407314300537,1.234312418075526
QM9-gap-95k,GLOSS(2:3:3),61,14,0.5048,100.0,1.7974820137023926,1.2261573572894406
QM9-gap-95k,GLOSS(2:3:3),61,15,0.5048,100.0,1.8253591060638428,1.2424837906047426
QM9-gap-95k,GLOSS(2:3:3),61,16,0.5048,100.0,1.8278851509094238,1.2359150103463528
QM9-gap-95k,GLOSS(2:3:3),61,17,0.5048,100.0,1.9743640422821045,1.2255195409029678
QM9-gap-95k,GLOSS(2:3:3),61,18,0.5048,100.0,1.9417338371276855,1.217090917814306
QM9-gap-95k,GLOSS(2:3:3),61,19,0.5048,100.0,1.9321718215942383,1.2183118898472514
QM9-gap-95k,GLOSS(4:2:2),61,-1,0.2068,35.60933448573898,0.0,0.0
QM9-gap-95k,GLOSS(4:2:2),61,0,0.3304,62.31633535004322,1.6931288242340088,0.9746398391151889
QM9-gap-95k,GLOSS(4:2:2),61,1,0.3654,69.8789974070873,1.5536699295043945,1.0020867488370968
QM9-gap-95k,GLOSS(4:2:2),61,2,0.3654,69.8789974070873,1.6506991386413574,0.9892420930506431
QM9-gap-95k,GLOSS(4:2:2),61,3,0.3796,72.94727744165947,1.7098240852355957,1.0081091415520513
QM9-gap-95k,GLOSS(4:2:2),61,4,0.3957,76.42610198789974,1.6960029602050781,0.9928650508218718
QM9-gap-95k,GLOSS(4:2:2),61,5,0.4465,87.40276577355229,1.6459670066833496,1.012119985997085
QM9-gap-95k,GLOSS(4:2:2),61,6,0.4465,87.40276577355229,1.6508700847625732,1.050483995387788
QM9-gap-95k,GLOSS(4:2:2),61,7,0.5048,100.0,1.7199649810791016,1.1050440438128641
QM9-gap-95k,GLOSS(4:2:2),61,8,0.5048,100.0,1.7082748413085938,1.1490412879583227
QM9-gap-95k,GLOSS(4:2:2),61,9,0.5048,100.0,1.7297959327697754,1.1642338332931057
QM9-gap-95k,GLOSS(4:2:2),61,10,0.5048,100.0,1.7552680969238281,1.1578650073322478
QM9-gap-95k,GLOSS(4:2:2),61,11,0.5048,100.0,1.7397289276123047,1.1655805844855889
QM9-gap-95k,GLOSS(4:2:2),61,12,0.5048,100.0,1.7631628513336182,1.205554475871517
QM9-gap-95k,GLOSS(4:2:2),61,13,0.5048,100.0,1.7797491550445557,1.2219160958048996
QM9-gap-95k,GLOSS(4:2:2),61,14,0.5048,100.0,1.8246610164642334,1.2068927076515148
QM9-gap-95k,GLOSS(4:2:2),61,15,0.5048,100.0,1.8678882122039795,1.1947551441543165
QM9-gap-95k,GLOSS(4:2:2),61,16,0.5048,100.0,1.8197379112243652,1.189067014417097
QM9-gap-95k,GLOSS(4:2:2),61,17,0.5048,100.0,1.8754680156707764,1.1699293514202769
QM9-gap-95k,GLOSS(4:2:2),61,18,0.5048,100.0,1.8757259845733643,1.1597742745231048
QM9-gap-95k,GLOSS(4:2:2),61,19,0.5048,100.0,1.9255738258361816,1.1600201007957565
QM9-gap-95k,GLOSS(6:1:1),61,-1,0.2068,35.60933448573898,0.0,0.0
QM9-gap-95k,GLOSS(6:1:1),61,0,0.3222,60.54451166810717,1.6507937908172607,0.8186746717759578
QM9-gap-95k,GLOSS(6:1:1),61,1,0.3371,63.76404494382022,1.715939998626709,0.921006158841627
QM9-gap-95k,GLOSS(6:1:1),61,2,0.3957,76.42610198789974,1.6867058277130127,1.0389196503485107
QM9-gap-95k,GLOSS(6:1:1),61,3,0.4107,79.66724286949007,1.7040507793426514,1.0637861814927436
QM9-gap-95k,GLOSS(6:1:1),61,4,0.5048,100.0,1.6414759159088135,1.2096131681134032
QM9-gap-95k,GLOSS(6:1:1),61,5,0.5048,100.0,1.6249449253082275,1.2969898305507734
QM9-gap-95k,GLOSS(6:1:1),61,6,0.5048,100.0,1.7374999523162842,1.2875370637084362
QM9-gap-95k,GLOSS(6:1:1),61,7,0.5048,100.0,1.682527780532837,1.2591737339049889
QM9-gap-95k,GLOSS(6:1:1),61,8,0.5048,100.0,1.731215238571167,1.2325295784625288
QM9-gap-95k,GLOSS(6:1:1),61,9,0.5048,100.0,1.761909008026123,1.1841611605582756
QM9-gap-95k,GLOSS(6:1:1),61,10,0.5048,100.0,1.768442153930664,1.1514801600222913
QM9-gap-95k,GLOSS(6:1:1),61,11,0.5048,100.0,1.7785980701446533,1.1119022539711603
QM9-gap-95k,GLOSS(6:1:1),61,12,0.5048,100.0,1.8184940814971924,1.0680498483310055
QM9-gap-95k,GLOSS(6:1:1),61,13,0.5048,100.0,1.8228771686553955,1.0746194769799433
QM9-gap-95k,GLOSS(6:1:1),61,14,0.5048,100.0,1.8240768909454346,1.0771531582785359
QM9-gap-95k,GLOSS(6:1:1),61,15,0.5048,100.0,1.8795478343963623,1.0820436880376023
QM9-gap-95k,GLOSS(6:1:1),61,16,0.5048,100.0,1.8687281608581543,1.084648772666205
QM9-gap-95k,GLOSS(6:1:1),61,17,0.5048,100.0,1.8979220390319824,1.0851761950478693
QM9-gap-95k,GLOSS(6:1:1),61,18,0.5048,100.0,1.9133782386779785,1.0775839765168986
QM9-gap-95k,GLOSS(6:1:1),61,19,0.5048,100.0,1.9385261535644531,1.0814861224191188
QM9-gap-95k,GLOSS(2:3:3),67,-1,0.2094,36.17113223854796,0.0,0.0
QM9-gap-95k,GLOSS(2:3:3),67,0,0.2431,43.45289541918755,1.685553789138794,0.730397157465999
QM9-gap-95k,GLOSS(2:3:3),67,1,0.2638,47.92566983578219,1.575005054473877,0.8617024747899232
QM9-gap-95k,GLOSS(2:3:3),67,2,0.2638,47.92566983578219,1.754235029220581,0.8502036873986831
QM9-gap-95k,GLOSS(2:3:3),67,3,0.2638,47.92566983578219,1.7098431587219238,0.8903233951141816
QM9-gap-95k,GLOSS(2:3:3),67,4,0.2791,51.23163353500432,1.80311918258667,0.8497473948256428
QM9-gap-95k,GLOSS(2:3:3),67,5,0.2791,51.23163353500432,1.8986492156982422,0.8370464518192962
QM9-gap-95k,GLOSS(2:3:3),67,6,0.2791,51.23163353500432,2.063368082046509,0.8572208601713573
QM9-gap-95k,GLOSS(2:3:3),67,7,0.2814,51.72860847018149,2.0618398189544678,0.8580760954669153
QM9-gap-95k,GLOSS(2:3:3),67,8,0.3087,57.627484874675886,2.1961350440979004,0.858112040154981
QM9-gap-95k,GLOSS(2:3:3),67,9,0.3179,59.61538461538461,2.364084005355835,0.8865991525029303
QM9-gap-95k,GLOSS(2:3:3),67,10,0.3304,62.31633535004322,2.6020150184631348,0.9298801057253698
QM9-gap-95k,GLOSS(2:3:3),67,11,0.3304,62.31633535004322,2.291159152984619,0.9906061827725957
QM9-gap-95k,GLOSS(2:3:3),67,12,0.4802,94.68452895419188,1.922433853149414,1.0443192950954954
QM9-gap-95k,GLOSS(2:3:3),67,13,0.4802,94.68452895419188,1.8751730918884277,1.1174965348511001
QM9-gap-95k,GLOSS(2:3:3),67,14,0.5048,100.0,1.8755090236663818,1.192289643340332
QM9-gap-95k,GLOSS(2:3:3),67,15,0.5048,100.0,1.8988621234893799,1.236291168053284
QM9-gap-95k,GLOSS(2:3:3),67,16,0.5048,100.0,1.9384853839874268,1.24818032839749
QM9-gap-95k,GLOSS(2:3:3),67,17,0.5048,100.0,2.052156925201416,1.252501235085814
QM9-gap-95k,GLOSS(2:3:3),67,18,0.5048,100.0,2.0131211280822754,1.257886878176564
QM9-gap-95k,GLOSS(2:3:3),67,19,0.5048,100.0,2.0877623558044434,1.2640475688602022
QM9-gap-95k,GLOSS(4:2:2),67,-1,0.2094,36.17113223854796,0.0,0.0
QM9-gap-95k,GLOSS(4:2:2),67,0,0.2326,41.18409680207433,1.7232632637023926,0.9004920897055058
QM9-gap-95k,GLOSS(4:2:2),67,1,0.2476,44.42523768366464,1.6786487102508545,0.875587093827919
QM9-gap-95k,GLOSS(4:2:2),67,2,0.2476,44.42523768366464,1.6744928359985352,0.9004729491983131
QM9-gap-95k,GLOSS(4:2:2),67,3,0.3239,60.91184096802075,1.6698939800262451,0.9394107807127016
QM9-gap-95k,GLOSS(4:2:2),67,4,0.4802,94.68452895419188,1.649294137954712,1.0826182622754457
QM9-gap-95k,GLOSS(4:2:2),67,5,0.4802,94.68452895419188,1.6337227821350098,1.2326642381595307
QM9-gap-95k,GLOSS(4:2:2),67,6,0.4802,94.68452895419188,1.7262749671936035,1.2807449752421247
QM9-gap-95k,GLOSS(4:2:2),67,7,0.4802,94.68452895419188,1.7300770282745361,1.284823556327019
QM9-gap-95k,GLOSS(4:2:2),67,8,0.5048,100.0,1.7235121726989746,1.3303438206925797
QM9-gap-95k,GLOSS(4:2:2),67,9,0.5048,100.0,1.7367639541625977,1.404083656119172
QM9-gap-95k,GLOSS(4:2:2),67,10,0.5048,100.0,1.80513596534729,1.4222573211084768
QM9-gap-95k,GLOSS(4:2:2),67,11,0.5048,100.0,1.8096818923950195,1.4332832588175042
QM9-gap-95k,GLOSS(4:2:2),67,12,0.5048,100.0,1.8349759578704834,1.4053230575544469
QM9-gap-95k,GLOSS(4:2:2),67,13,0.5048,100.0,1.8169939517974854,1.3875224779642432
QM9-gap-95k,GLOSS(4:2:2),67,14,0.5048,100.0,1.9315876960754395,1.3730094722830186
QM9-gap-95k,GLOSS(4:2:2),67,15,0.5048,100.0,1.8773598670959473,1.3614882546147586
QM9-gap-95k,GLOSS(4:2:2),67,16,0.5048,100.0,1.9799730777740479,1.3397804279259082
QM9-gap-95k,GLOSS(4:2:2),67,17,0.5048,100.0,1.9683940410614014,1.3298227831443254
QM9-gap-95k,GLOSS(4:2:2),67,18,0.5048,100.0,1.9547772407531738,1.324287126416933
QM9-gap-95k,GLOSS(4:2:2),67,19,0.5048,100.0,1.9751129150390625,1.3274495134415765
QM9-gap-95k,GLOSS(6:1:1),67,-1,0.2094,36.17113223854796,0.0,0.0
QM9-gap-95k,GLOSS(6:1:1),67,0,0.2264,39.84442523768366,1.7078969478607178,0.9396499917611495
QM9-gap-95k,GLOSS(6:1:1),67,1,0.2264,39.84442523768366,1.615889072418213,0.9041576512083315
QM9-gap-95k,GLOSS(6:1:1),67,2,0.277,50.77787381158168,1.8621010780334473,0.8873357182153221
QM9-gap-95k,GLOSS(6:1:1),67,3,0.2961,54.90492653414001,1.8605246543884277,0.9241263477648861
QM9-gap-95k,GLOSS(6:1:1),67,4,0.2961,54.90492653414001,1.8693158626556396,0.8931053427257492
QM9-gap-95k,GLOSS(6:1:1),67,5,0.2998,55.70440795159897,1.8549392223358154,0.9183655911599463
QM9-gap-95k,GLOSS(6:1:1),67,6,0.329,62.013828867761454,1.8480629920959473,0.9591545637541399
QM9-gap-95k,GLOSS(6:1:1),67,7,0.4107,79.66724286949007,1.8529257774353027,1.0872323138941316
QM9-gap-95k,GLOSS(6:1:1),67,8,0.5048,100.0,1.6832671165466309,1.227599661898447
QM9-gap-95k,GLOSS(6:1:1),67,9,0.5048,100.0,1.7448670864105225,1.36604310149542
QM9-gap-95k,GLOSS(6:1:1),67,10,0.5048,100.0,1.7430951595306396,1.3887231078042774
QM9-gap-95k,GLOSS(6:1:1),67,11,0.5048,100.0,1.7413859367370605,1.397180493763446
QM9-gap-95k,GLOSS(6:1:1),67,12,0.5048,100.0,1.7858219146728516,1.3883649730901408
QM9-gap-95k,GLOSS(6:1:1),67,13,0.5048,100.0,1.8734650611877441,1.3755726765911314
QM9-gap-95k,GLOSS(6:1:1),67,14,0.5048,100.0,1.8448717594146729,1.3539688917724597
QM9-gap-95k,GLOSS(6:1:1),67,15,0.5048,100.0,1.8733570575714111,1.3351885550840747
QM9-gap-95k,GLOSS(6:1:1),67,16,0.5048,100.0,1.9225118160247803,1.326179533486063
QM9-gap-95k,GLOSS(6:1:1),67,17,0.5048,100.0,1.954239845275879,1.308297942256682
QM9-gap-95k,GLOSS(6:1:1),67,18,0.5048,100.0,1.9870591163635254,1.2906840162651638
QM9-gap-95k,GLOSS(6:1:1),67,19,0.5048,100.0,2.0268447399139404,1.2765043910617173
QM9-gap-100k,GLOSS(2:3:3),47,-1,0.1995,36.422324031653474,0.0,0.0
QM9-gap-100k,GLOSS(2:3:3),47,0,0.2494,46.81382757184506,1.6749682426452637,0.5886090506955124
QM9-gap-100k,GLOSS(2:3:3),47,1,0.2494,46.81382757184506,1.7553112506866455,0.5530890063213139
QM9-gap-100k,GLOSS(2:3:3),47,2,0.3104,59.516867971678465,1.9803409576416016,0.6295051907570395
QM9-gap-100k,GLOSS(2:3:3),47,3,0.3141,60.28738025822573,1.932067632675171,0.7178377997536204
QM9-gap-100k,GLOSS(2:3:3),47,4,0.3141,60.28738025822573,1.8972580432891846,0.7665442962143351
QM9-gap-100k,GLOSS(2:3:3),47,5,0.3141,60.28738025822573,2.2598178386688232,0.7559154846680117
QM9-gap-100k,GLOSS(2:3:3),47,6,0.3402,65.72261557684298,2.398468017578125,0.753225543831521
QM9-gap-100k,GLOSS(2:3:3),47,7,0.3402,65.72261557684298,2.8435890674591064,0.765861540789227
QM9-gap-100k,GLOSS(2:3:3),47,8,0.3684,71.59516867971678,2.339154005050659,0.7679259558360114
QM9-gap-100k,GLOSS(2:3:3),47,9,0.462,91.08704706372345,2.302070140838623,0.7902716792386606
QM9-gap-100k,GLOSS(2:3:3),47,10,0.4802,94.87713452728029,2.110642910003662,0.8572479375322538
QM9-gap-100k,GLOSS(2:3:3),47,11,0.4802,94.87713452728029,2.037937879562378,0.9214113780493463
QM9-gap-100k,GLOSS(2:3:3),47,12,0.5048,100.0,1.9919686317443848,0.9834716377565749
QM9-gap-100k,GLOSS(2:3:3),47,13,0.5048,100.0,2.1143910884857178,1.0367434854238373
QM9-gap-100k,GLOSS(2:3:3),47,14,0.5048,100.0,2.0279622077941895,1.0693786415996562
QM9-gap-100k,GLOSS(2:3:3),47,15,0.5048,100.0,2.0763559341430664,1.0791801568958073
QM9-gap-100k,GLOSS(2:3:3),47,16,0.5048,100.0,2.233550786972046,1.0866969527860517
QM9-gap-100k,GLOSS(2:3:3),47,17,0.5048,100.0,2.189023017883301,1.089541403615765
QM9-gap-100k,GLOSS(2:3:3),47,18,0.5048,100.0,2.1215949058532715,1.096200438253775
QM9-gap-100k,GLOSS(2:3:3),47,19,0.5048,100.0,2.215858221054077,1.094352075265863
QM9-gap-100k,GLOSS(4:2:2),47,-1,0.1995,36.422324031653474,0.0,0.0
QM9-gap-100k,GLOSS(4:2:2),47,0,0.2494,46.81382757184506,1.6966662406921387,0.5105928091852459
QM9-gap-100k,GLOSS(4:2:2),47,1,0.2596,48.93794252394835,1.8046159744262695,0.5671705701108584
QM9-gap-100k,GLOSS(4:2:2),47,2,0.2918,55.64348188254894,2.0317180156707764,0.6078659096560869
QM9-gap-100k,GLOSS(4:2:2),47,3,0.2997,57.288629737609334,2.0834076404571533,0.7124540766725669
QM9-gap-100k,GLOSS(4:2:2),47,4,0.3373,65.11870054144106,2.1211042404174805,0.7920142768365203
QM9-gap-100k,GLOSS(4:2:2),47,5,0.5048,100.0,1.9023098945617676,0.9819494737593654
QM9-gap-100k,GLOSS(4:2:2),47,6,0.5048,100.0,1.8742647171020508,1.1644955528859957
QM9-gap-100k,GLOSS(4:2:2),47,7,0.5048,100.0,1.9195749759674072,1.2047540849309577
QM9-gap-100k,GLOSS(4:2:2),47,8,0.5048,100.0,1.827064037322998,1.213239959835912
QM9-gap-100k,GLOSS(4:2:2),47,9,0.5048,100.0,1.8241040706634521,1.1918471926894563
QM9-gap-100k,GLOSS(4:2:2),47,10,0.5048,100.0,1.9278697967529297,1.1969103149833962
QM9-gap-100k,GLOSS(4:2:2),47,11,0.5048,100.0,1.9116380214691162,1.193505419169006
QM9-gap-100k,GLOSS(4:2:2),47,12,0.5048,100.0,2.0570688247680664,1.2227128109422831
QM9-gap-100k,GLOSS(4:2:2),47,13,0.5048,100.0,1.946164846420288,1.2194671652112734
QM9-gap-100k,GLOSS(4:2:2),47,14,0.5048,100.0,2.0172929763793945,1.220917030119344
QM9-gap-100k,GLOSS(4:2:2),47,15,0.5048,100.0,1.9896531105041504,1.2049804619445044
QM9-gap-100k,GLOSS(4:2:2),47,16,0.5048,100.0,2.035875082015991,1.1982935178753227
QM9-gap-100k,GLOSS(4:2:2),47,17,0.5048,100.0,2.0241811275482178,1.1873322396426385
QM9-gap-100k,GLOSS(4:2:2),47,18,0.5048,100.0,2.03696608543396,1.177234828557785
QM9-gap-100k,GLOSS(4:2:2),47,19,0.5048,100.0,2.0555200576782227,1.1733257481509953
QM9-gap-100k,GLOSS(6:1:1),47,-1,0.1995,36.422324031653474,0.0,0.0
QM9-gap-100k,GLOSS(6:1:1),47,0,0.2586,48.729695960016656,1.7175331115722656,0.338414752153943
QM9-gap-100k,GLOSS(6:1:1),47,1,0.2586,48.729695960016656,1.9000298976898193,0.35326779781002987
QM9-gap-100k,GLOSS(6:1:1),47,2,0.2586,48.729695960016656,2.085684061050415,0.37511704186194694
QM9-gap-100k,GLOSS(6:1:1),47,3,0.3043,58.24656393169513,2.0558829307556152,0.39832427389019687
QM9-gap-100k,GLOSS(6:1:1),47,4,0.3043,58.24656393169513,2.0330700874328613,0.5201886831712124
QM9-gap-100k,GLOSS(6:1:1),47,5,0.3102,59.47521865889212,1.9536347389221191,0.6757386702709995
QM9-gap-100k,GLOSS(6:1:1),47,6,0.3282,63.22365680966263,2.050225019454956,0.7365063964601697
QM9-gap-100k,GLOSS(6:1:1),47,7,0.3282,63.22365680966263,2.199601888656616,0.7420127014499367
QM9-gap-100k,GLOSS(6:1:1),47,8,0.3282,63.22365680966263,2.4231178760528564,0.737022377123997
QM9-gap-100k,GLOSS(6:1:1),47,9,0.3282,63.22365680966263,2.4303998947143555,0.7208373466763613
QM9-gap-100k,GLOSS(6:1:1),47,10,0.3384,65.34777176176593,2.450015068054199,0.7399924975327028
QM9-gap-100k,GLOSS(6:1:1),47,11,0.3384,65.34777176176593,2.2826650142669678,0.7753843697103239
QM9-gap-100k,GLOSS(6:1:1),47,12,0.3384,65.34777176176593,2.3103909492492676,0.7958075707177336
QM9-gap-100k,GLOSS(6:1:1),47,13,0.3461,66.95127030403998,2.3645009994506836,0.8086338578753804
QM9-gap-100k,GLOSS(6:1:1),47,14,0.3461,66.95127030403998,2.3545570373535156,0.8279852854602219
QM9-gap-100k,GLOSS(6:1:1),47,15,0.3461,66.95127030403998,2.0831191539764404,0.861685778657441
QM9-gap-100k,GLOSS(6:1:1),47,16,0.3957,77.28029987505207,2.041692018508911,0.8796947455552837
QM9-gap-100k,GLOSS(6:1:1),47,17,0.4107,80.40399833402748,2.060145139694214,0.9244677491957641
QM9-gap-100k,GLOSS(6:1:1),47,18,0.4426,87.04706372344856,2.1647839546203613,0.9625803830020053
QM9-gap-100k,GLOSS(6:1:1),47,19,0.5048,100.0,2.153491258621216,1.0196043887688393
QM9-gap-100k,GLOSS(2:3:3),53,-1,0.2094,38.48396501457725,0.0,0.0
QM9-gap-100k,GLOSS(2:3:3),53,0,0.286,54.4356518117451,1.7942378520965576,0.9672861209447052
QM9-gap-100k,GLOSS(2:3:3),53,1,0.379,73.80258225739274,1.5555667877197266,1.0544781685640554
QM9-gap-100k,GLOSS(2:3:3),53,2,0.3827,74.57309454394002,1.5545289516448975,1.1191621596756463
QM9-gap-100k,GLOSS(2:3:3),53,3,0.384,74.84381507705122,1.5648829936981201,1.0801341264028697
QM9-gap-100k,GLOSS(2:3:3),53,4,0.384,74.84381507705122,1.5952682495117188,1.0901088336101739
QM9-gap-100k,GLOSS(2:3:3),53,5,0.4426,87.04706372344856,1.668658971786499,1.1729355483785764
QM9-gap-100k,GLOSS(2:3:3),53,6,0.5048,100.0,1.6871228218078613,1.3390718537447486
QM9-gap-100k,GLOSS(2:3:3),53,7,0.5048,100.0,1.7418797016143799,1.3380745133515513
QM9-gap-100k,GLOSS(2:3:3),53,8,0.5048,100.0,1.8687999248504639,1.3173247074297245
QM9-gap-100k,GLOSS(2:3:3),53,9,0.5048,100.0,1.8948490619659424,1.309896652562958
QM9-gap-100k,GLOSS(2:3:3),53,10,0.5048,100.0,1.965791940689087,1.289045815274442
QM9-gap-100k,GLOSS(2:3:3),53,11,0.5048,100.0,1.89882230758667,1.2717916451214977
QM9-gap-100k,GLOSS(2:3:3),53,12,0.5048,100.0,1.9382641315460205,1.292875262491084
QM9-gap-100k,GLOSS(2:3:3),53,13,0.5048,100.0,1.937917947769165,1.2793926603618058
QM9-gap-100k,GLOSS(2:3:3),53,14,0.5048,100.0,1.960420846939087,1.2658243357773282
QM9-gap-100k,GLOSS(2:3:3),53,15,0.5048,100.0,2.012840986251831,1.2690786074632352
QM9-gap-100k,GLOSS(2:3:3),53,16,0.5048,100.0,2.0587408542633057,1.2692014804162655
QM9-gap-100k,GLOSS(2:3:3),53,17,0.5048,100.0,2.040334939956665,1.2752299898582828
QM9-gap-100k,GLOSS(2:3:3),53,18,0.5048,100.0,2.0806970596313477,1.275925184212889
QM9-gap-100k,GLOSS(2:3:3),53,19,0.5048,100.0,2.1167099475860596,1.2726175902419976
QM9-gap-100k,GLOSS(4:2:2),53,-1,0.2094,38.48396501457725,0.0,0.0
QM9-gap-100k,GLOSS(4:2:2),53,0,0.2225,41.21199500208246,1.8647141456604004,0.6282318481769937
QM9-gap-100k,GLOSS(4:2:2),53,1,0.2681,50.708038317367766,2.1773152351379395,0.6688217639400998
QM9-gap-100k,GLOSS(4:2:2),53,2,0.2885,54.956268221574334,1.8512487411499023,0.8903445992182365
QM9-gap-100k,GLOSS(4:2:2),53,3,0.3207,61.66180758017492,2.0402588844299316,0.8846723504172322
QM9-gap-100k,GLOSS(4:2:2),53,4,0.3287,63.32778009162848,2.1101300716400146,0.9166522831844243
QM9-gap-100k,GLOSS(4:2:2),53,5,0.3526,68.304872969596,1.983881950378418,0.9946870623743912
QM9-gap-100k,GLOSS(4:2:2),53,6,0.4426,87.04706372344856,1.908708095550537,1.109006514487486
QM9-gap-100k,GLOSS(4:2:2),53,7,0.5048,100.0,1.8904571533203125,1.2614236747271805
QM9-gap-100k,GLOSS(4:2:2),53,8,0.5048,100.0,1.8523318767547607,1.28875998209384
QM9-gap-100k,GLOSS(4:2:2),53,9,0.5048,100.0,1.8486509323120117,1.3074043394307822
QM9-gap-100k,GLOSS(4:2:2),53,10,0.5048,100.0,1.927577018737793,1.2996192215115019
QM9-gap-100k,GLOSS(4:2:2),53,11,0.5048,100.0,1.8757827281951904,1.2918954005591614
QM9-gap-100k,GLOSS(4:2:2),53,12,0.5048,100.0,1.9359450340270996,1.2833089299406413
QM9-gap-100k,GLOSS(4:2:2),53,13,0.5048,100.0,1.9438858032226562,1.2705699069611245
QM9-gap-100k,GLOSS(4:2:2),53,14,0.5048,100.0,1.9710006713867188,1.266870414166467
QM9-gap-100k,GLOSS(4:2:2),53,15,0.5048,100.0,1.9735288619995117,1.2896216880896367
QM9-gap-100k,GLOSS(4:2:2),53,16,0.5048,100.0,2.021803855895996,1.2876863624823716
QM9-gap-100k,GLOSS(4:2:2),53,17,0.5048,100.0,2.0518651008605957,1.2793977801698893
QM9-gap-100k,GLOSS(4:2:2),53,18,0.5048,100.0,2.0635969638824463,1.2666734521328555
QM9-gap-100k,GLOSS(4:2:2),53,19,0.5048,100.0,2.065493106842041,1.2604103864898326
QM9-gap-100k,GLOSS(6:1:1),53,-1,0.2094,38.48396501457725,0.0,0.0
QM9-gap-100k,GLOSS(6:1:1),53,0,0.2205,40.79550187421907,1.875744104385376,0.48231283867087216
QM9-gap-100k,GLOSS(6:1:1),53,1,0.3004,57.434402332361515,1.8544909954071045,0.7676564774399424
QM9-gap-100k,GLOSS(6:1:1),53,2,0.3537,68.53394418992087,1.6700940132141113,0.9973517954065602
QM9-gap-100k,GLOSS(6:1:1),53,3,0.373,72.55310287380257,1.6831028461456299,1.1218901926238132
QM9-gap-100k,GLOSS(6:1:1),53,4,0.373,72.55310287380257,1.8796589374542236,1.112211112145048
QM9-gap-100k,GLOSS(6:1:1),53,5,0.3882,75.71845064556435,1.8336021900177002,1.1421948689359451
QM9-gap-100k,GLOSS(6:1:1),53,6,0.3957,77.28029987505207,1.8402140140533447,1.1132015193939049
QM9-gap-100k,GLOSS(6:1:1),53,7,0.3957,77.28029987505207,1.8832130432128906,1.1442441534214158
QM9-gap-100k,GLOSS(6:1:1),53,8,0.5048,100.0,1.8558619022369385,1.2158053992933666
QM9-gap-100k,GLOSS(6:1:1),53,9,0.5048,100.0,1.8631479740142822,1.3459866779579348
QM9-gap-100k,GLOSS(6:1:1),53,10,0.5048,100.0,1.8513081073760986,1.342573347895551
QM9-gap-100k,GLOSS(6:1:1),53,11,0.5048,100.0,1.8760380744934082,1.3128066501084137
QM9-gap-100k,GLOSS(6:1:1),53,12,0.5048,100.0,1.9015450477600098,1.2891262476539695
QM9-gap-100k,GLOSS(6:1:1),53,13,0.5048,100.0,1.9421687126159668,1.2692455334606167
QM9-gap-100k,GLOSS(6:1:1),53,14,0.5048,100.0,1.9812901020050049,1.2455892613194928
QM9-gap-100k,GLOSS(6:1:1),53,15,0.5048,100.0,1.9871270656585693,1.2486939376374417
QM9-gap-100k,GLOSS(6:1:1),53,16,0.5048,100.0,2.001319169998169,1.234109213033037
QM9-gap-100k,GLOSS(6:1:1),53,17,0.5048,100.0,2.0112650394439697,1.2316523503856731
QM9-gap-100k,GLOSS(6:1:1),53,18,0.5048,100.0,2.048147201538086,1.2399003228438856
QM9-gap-100k,GLOSS(6:1:1),53,19,0.5048,100.0,2.0848519802093506,1.2314100422430276
QM9-gap-100k,GLOSS(2:3:3),59,-1,0.2031,37.17201166180757,0.0,0.0
QM9-gap-100k,GLOSS(2:3:3),59,0,0.225,41.732611411911705,1.7052979469299316,0.7496884240397698
QM9-gap-100k,GLOSS(2:3:3),59,1,0.3348,64.59808413161183,1.9150400161743164,0.8662918304982086
QM9-gap-100k,GLOSS(2:3:3),59,2,0.3348,64.59808413161183,1.8794941902160645,0.9514908832457198
QM9-gap-100k,GLOSS(2:3:3),59,3,0.4056,79.34194085797584,2.1030478477478027,0.9608926548443887
QM9-gap-100k,GLOSS(2:3:3),59,4,0.4802,94.87713452728029,1.848851203918457,1.1240685123038197
QM9-gap-100k,GLOSS(2:3:3),59,5,0.4802,94.87713452728029,1.734389066696167,1.2124415208021213
QM9-gap-100k,GLOSS(2:3:3),59,6,0.4802,94.87713452728029,1.829876184463501,1.1997930451530354
QM9-gap-100k,GLOSS(2:3:3),59,7,0.5048,100.0,1.8981521129608154,1.2131174404315614
QM9-gap-100k,GLOSS(2:3:3),59,8,0.5048,100.0,1.9249119758605957,1.276968787802895
QM9-gap-100k,GLOSS(2:3:3),59,9,0.5048,100.0,1.9067490100860596,1.2550228720801084
QM9-gap-100k,GLOSS(2:3:3),59,10,0.5048,100.0,1.9015920162200928,1.2332464206132245
QM9-gap-100k,GLOSS(2:3:3),59,11,0.5048,100.0,1.9761340618133545,1.2127566736377102
QM9-gap-100k,GLOSS(2:3:3),59,12,0.5048,100.0,2.0183889865875244,1.1969414419587516
QM9-gap-100k,GLOSS(2:3:3),59,13,0.5048,100.0,1.974686861038208,1.1850095085840429
QM9-gap-100k,GLOSS(2:3:3),59,14,0.5048,100.0,2.1042802333831787,1.1810781970826516
QM9-gap-100k,GLOSS(2:3:3),59,15,0.5048,100.0,2.0146260261535645,1.1766749492348194
QM9-gap-100k,GLOSS(2:3:3),59,16,0.5048,100.0,1.9996662139892578,1.1816188200740398
QM9-gap-100k,GLOSS(2:3:3),59,17,0.5048,100.0,2.081326723098755,1.1775265666973596
QM9-gap-100k,GLOSS(2:3:3),59,18,0.5048,100.0,2.083306074142456,1.1783391738397377
QM9-gap-100k,GLOSS(2:3:3),59,19,0.5048,100.0,2.109208822250366,1.177390376088143
QM9-gap-100k,GLOSS(4:2:2),59,-1,0.2031,37.17201166180757,0.0,0.0
QM9-gap-100k,GLOSS(4:2:2),59,0,0.2253,41.795085381091205,1.6929569244384766,0.7724885758061966
QM9-gap-100k,GLOSS(4:2:2),59,1,0.2942,56.143273635985004,1.8910551071166992,0.7569542275008944
QM9-gap-100k,GLOSS(4:2:2),59,2,0.318,61.099541857559345,1.652745008468628,0.9837437291674267
QM9-gap-100k,GLOSS(4:2:2),59,3,0.462,91.08704706372345,1.6733338832855225,1.0543955075060865
QM9-gap-100k,GLOSS(4:2:2),59,4,0.4802,94.87713452728029,1.7018587589263916,1.0810998269746401
QM9-gap-100k,GLOSS(4:2:2),59,5,0.4802,94.87713452728029,1.76771879196167,1.2047580577745078
QM9-gap-100k,GLOSS(4:2:2),59,6,0.5048,100.0,1.752737045288086,1.302381628752252
QM9-gap-100k,GLOSS(4:2:2),59,7,0.5048,100.0,1.8072068691253662,1.3096736225257033
QM9-gap-100k,GLOSS(4:2:2),59,8,0.5048,100.0,1.8057379722595215,1.2829565445722944
QM9-gap-100k,GLOSS(4:2:2),59,9,0.5048,100.0,1.8526637554168701,1.2743601546623349
QM9-gap-100k,GLOSS(4:2:2),59,10,0.5048,100.0,1.933635950088501,1.2584703681010618
QM9-gap-100k,GLOSS(4:2:2),59,11,0.5048,100.0,1.9120221138000488,1.2371836535386267
QM9-gap-100k,GLOSS(4:2:2),59,12,0.5048,100.0,1.9353320598602295,1.22162601944557
QM9-gap-100k,GLOSS(4:2:2),59,13,0.5048,100.0,1.9711039066314697,1.2088726263457958
QM9-gap-100k,GLOSS(4:2:2),59,14,0.5048,100.0,2.022656202316284,1.1969719808993589
QM9-gap-100k,GLOSS(4:2:2),59,15,0.5048,100.0,2.0088319778442383,1.1922887756268208
QM9-gap-100k,GLOSS(4:2:2),59,16,0.5048,100.0,2.098712921142578,1.1886810400386578
QM9-gap-100k,GLOSS(4:2:2),59,17,0.5048,100.0,2.098273992538452,1.17380053081039
QM9-gap-100k,GLOSS(4:2:2),59,18,0.5048,100.0,2.0987436771392822,1.1695870728117685
QM9-gap-100k,GLOSS(4:2:2),59,19,0.5048,100.0,2.1567208766937256,1.1607978616167915
QM9-gap-100k,GLOSS(6:1:1),59,-1,0.2031,37.17201166180757,0.0,0.0
QM9-gap-100k,GLOSS(6:1:1),59,0,0.2253,41.795085381091205,1.6768431663513184,0.612780732813551
QM9-gap-100k,GLOSS(6:1:1),59,1,0.3671,71.32444814660556,1.7668402194976807,0.8882141632712499
QM9-gap-100k,GLOSS(6:1:1),59,2,0.3671,71.32444814660556,1.6353068351745605,1.0985499912933367
QM9-gap-100k,GLOSS(6:1:1),59,3,0.3778,73.55268638067471,1.6474151611328125,1.0671406088296527
QM9-gap-100k,GLOSS(6:1:1),59,4,0.3957,77.28029987505207,1.7664711475372314,1.0783327834499419
QM9-gap-100k,GLOSS(6:1:1),59,5,0.4107,80.40399833402748,1.7523670196533203,1.1158771080216168
QM9-gap-100k,GLOSS(6:1:1),59,6,0.5048,100.0,1.7446990013122559,1.2716906324048631
QM9-gap-100k,GLOSS(6:1:1),59,7,0.5048,100.0,1.7725398540496826,1.3513308384364873
QM9-gap-100k,GLOSS(6:1:1),59,8,0.5048,100.0,1.8623900413513184,1.31996684881624
QM9-gap-100k,GLOSS(6:1:1),59,9,0.5048,100.0,1.8384499549865723,1.2878617053114725
QM9-gap-100k,GLOSS(6:1:1),59,10,0.5048,100.0,1.8695812225341797,1.2695256161719282
QM9-gap-100k,GLOSS(6:1:1),59,11,0.5048,100.0,1.930469274520874,1.2750477149127835
QM9-gap-100k,GLOSS(6:1:1),59,12,0.5048,100.0,1.9178428649902344,1.244117544212806
QM9-gap-100k,GLOSS(6:1:1),59,13,0.5048,100.0,1.928041934967041,1.2296753769939064
QM9-gap-100k,GLOSS(6:1:1),59,14,0.5048,100.0,1.97029709815979,1.2166742486143451
QM9-gap-100k,GLOSS(6:1:1),59,15,0.5048,100.0,1.9990670680999756,1.2063179767299277
QM9-gap-100k,GLOSS(6:1:1),59,16,0.5048,100.0,2.0240399837493896,1.2238956909957952
QM9-gap-100k,GLOSS(6:1:1),59,17,0.5048,100.0,2.071876049041748,1.2123634216668908
QM9-gap-100k,GLOSS(6:1:1),59,18,0.5048,100.0,2.0943799018859863,1.2073950625931058
QM9-gap-100k,GLOSS(6:1:1),59,19,0.5048,100.0,2.076674222946167,1.2057257699350568
QM9-gap-100k,GLOSS(2:3:3),61,-1,0.2082,38.23406913785922,0.0,0.0
QM9-gap-100k,GLOSS(2:3:3),61,0,0.308,59.017076218242394,1.826183795928955,0.6641543194121521
QM9-gap-100k,GLOSS(2:3:3),61,1,0.3416,66.01416076634735,1.7042739391326904,0.8326532711033487
QM9-gap-100k,GLOSS(2:3:3),61,2,0.3701,71.94918783840066,1.7418830394744873,0.9698548082078368
QM9-gap-100k,GLOSS(2:3:3),61,3,0.3824,74.51062057476051,1.752147912979126,1.0043163253055198
QM9-gap-100k,GLOSS(2:3:3),61,4,0.4107,80.40399833402748,1.7737810611724854,1.0559283361490763
QM9-gap-100k,GLOSS(2:3:3),61,5,0.5048,100.0,1.7031199932098389,1.2350436616036293
QM9-gap-100k,GLOSS(2:3:3),61,6,0.5048,100.0,1.6398248672485352,1.3168955766729897
QM9-gap-100k,GLOSS(2:3:3),61,7,0.5048,100.0,1.682115077972412,1.3230400862343197
QM9-gap-100k,GLOSS(2:3:3),61,8,0.5048,100.0,1.757112979888916,1.3029523138360422
QM9-gap-100k,GLOSS(2:3:3),61,9,0.5048,100.0,1.8437399864196777,1.2794438002565987
QM9-gap-100k,GLOSS(2:3:3),61,10,0.5048,100.0,1.882026195526123,1.2974882248915982
QM9-gap-100k,GLOSS(2:3:3),61,11,0.5048,100.0,1.8595590591430664,1.2918507661556757
QM9-gap-100k,GLOSS(2:3:3),61,12,0.5048,100.0,1.89451003074646,1.2943163557393271
QM9-gap-100k,GLOSS(2:3:3),61,13,0.5048,100.0,1.927048921585083,1.2941754696678671
QM9-gap-100k,GLOSS(2:3:3),61,14,0.5048,100.0,1.9331510066986084,1.2888134555144084
QM9-gap-100k,GLOSS(2:3:3),61,15,0.5048,100.0,1.9749670028686523,1.2836602039166825
QM9-gap-100k,GLOSS(2:3:3),61,16,0.5048,100.0,1.959233045578003,1.2647844334542544
QM9-gap-100k,GLOSS(2:3:3),61,17,0.5048,100.0,2.00298810005188,1.2611839713873814
QM9-gap-100k,GLOSS(2:3:3),61,18,0.5048,100.0,2.02002215385437,1.256748838102352
QM9-gap-100k,GLOSS(2:3:3),61,19,0.5048,100.0,2.0359277725219727,1.2678783395297335
QM9-gap-100k,GLOSS(4:2:2),61,-1,0.2082,38.23406913785922,0.0,0.0
QM9-gap-100k,GLOSS(4:2:2),61,0,0.308,59.017076218242394,1.916471242904663,0.7482920264032892
QM9-gap-100k,GLOSS(4:2:2),61,1,0.3546,68.7213660974594,1.7806100845336914,1.028079648383668
QM9-gap-100k,GLOSS(4:2:2),61,2,0.3827,74.57309454394002,1.7250869274139404,1.1009109066302072
QM9-gap-100k,GLOSS(4:2:2),61,3,0.3891,75.90587255310287,1.733036994934082,1.1099099579162066
QM9-gap-100k,GLOSS(4:2:2),61,4,0.4298,84.38150770512286,1.6699409484863281,1.0967534966432246
QM9-gap-100k,GLOSS(4:2:2),61,5,0.5048,100.0,1.691688060760498,1.2020409933411687
QM9-gap-100k,GLOSS(4:2:2),61,6,0.5048,100.0,1.8042502403259277,1.3052202757352986
QM9-gap-100k,GLOSS(4:2:2),61,7,0.5048,100.0,1.7889468669891357,1.3210904957453873
QM9-gap-100k,GLOSS(4:2:2),61,8,0.5048,100.0,1.8291511535644531,1.2880127327572761
QM9-gap-100k,GLOSS(4:2:2),61,9,0.5048,100.0,1.8092968463897705,1.2526416124863575
QM9-gap-100k,GLOSS(4:2:2),61,10,0.5048,100.0,1.858046293258667,1.239823997841823
QM9-gap-100k,GLOSS(4:2:2),61,11,0.5048,100.0,1.8899669647216797,1.2216300761953667
QM9-gap-100k,GLOSS(4:2:2),61,12,0.5048,100.0,1.8912479877471924,1.207914494187591
QM9-gap-100k,GLOSS(4:2:2),61,13,0.5048,100.0,1.9433910846710205,1.2094272607499763
QM9-gap-100k,GLOSS(4:2:2),61,14,0.5048,100.0,1.9481678009033203,1.2062335125444443
QM9-gap-100k,GLOSS(4:2:2),61,15,0.5048,100.0,1.9436087608337402,1.1994451555968004
QM9-gap-100k,GLOSS(4:2:2),61,16,0.5048,100.0,2.0062363147735596,1.2000742201725214
QM9-gap-100k,GLOSS(4:2:2),61,17,0.5048,100.0,2.0164878368377686,1.1888844737746298
QM9-gap-100k,GLOSS(4:2:2),61,18,0.5048,100.0,2.050779104232788,1.1834885032948208
QM9-gap-100k,GLOSS(4:2:2),61,19,0.5048,100.0,2.0680880546569824,1.1944716415483831
QM9-gap-100k,GLOSS(6:1:1),61,-1,0.2082,38.23406913785922,0.0,0.0
QM9-gap-100k,GLOSS(6:1:1),61,0,0.2977,56.87213660974594,1.8650989532470703,0.6826662253696497
QM9-gap-100k,GLOSS(6:1:1),61,1,0.3066,58.72553102873802,1.6939418315887451,0.8141142262775484
QM9-gap-100k,GLOSS(6:1:1),61,2,0.3546,68.7213660974594,1.879371166229248,0.9328593147129752
QM9-gap-100k,GLOSS(6:1:1),61,3,0.3824,74.51062057476051,1.8487582206726074,1.0252491273567874
QM9-gap-100k,GLOSS(6:1:1),61,4,0.3891,75.90587255310287,1.8487460613250732,1.0493299543035295
QM9-gap-100k,GLOSS(6:1:1),61,5,0.4107,80.40399833402748,1.7407259941101074,1.0939826694488324
QM9-gap-100k,GLOSS(6:1:1),61,6,0.5048,100.0,1.7765941619873047,1.2254393733037465
QM9-gap-100k,GLOSS(6:1:1),61,7,0.5048,100.0,1.7725961208343506,1.3638784039265863
QM9-gap-100k,GLOSS(6:1:1),61,8,0.5048,100.0,1.8055369853973389,1.381509035731472
QM9-gap-100k,GLOSS(6:1:1),61,9,0.5048,100.0,1.8990058898925781,1.3803935864581893
QM9-gap-100k,GLOSS(6:1:1),61,10,0.5048,100.0,1.958479881286621,1.3586823085213555
QM9-gap-100k,GLOSS(6:1:1),61,11,0.5048,100.0,1.950023889541626,1.339396801240761
QM9-gap-100k,GLOSS(6:1:1),61,12,0.5048,100.0,1.9757709503173828,1.3157010727115008
QM9-gap-100k,GLOSS(6:1:1),61,13,0.5048,100.0,1.9716217517852783,1.2869827599936925
QM9-gap-100k,GLOSS(6:1:1),61,14,0.5048,100.0,1.972127914428711,1.264033411392748
QM9-gap-100k,GLOSS(6:1:1),61,15,0.5048,100.0,1.9931998252868652,1.2450392561089563
QM9-gap-100k,GLOSS(6:1:1),61,16,0.5048,100.0,2.043013095855713,1.2375878829023375
QM9-gap-100k,GLOSS(6:1:1),61,17,0.5048,100.0,2.065262794494629,1.2263983010220558
QM9-gap-100k,GLOSS(6:1:1),61,18,0.5048,100.0,2.0801310539245605,1.2189828670860656
QM9-gap-100k,GLOSS(6:1:1),61,19,0.5048,100.0,2.0837576389312744,1.2096066641421739
QM9-gap-100k,GLOSS(2:3:3),67,-1,0.2082,38.23406913785922,0.0,0.0
QM9-gap-100k,GLOSS(2:3:3),67,0,0.2696,51.02040816326531,2.09995174407959,0.6574035435696317
QM9-gap-100k,GLOSS(2:3:3),67,1,0.2697,51.04123281965847,2.1123769283294678,0.6974868340020212
QM9-gap-100k,GLOSS(2:3:3),67,2,0.2918,55.64348188254894,2.133302927017212,0.6655245304479538
QM9-gap-100k,GLOSS(2:3:3),67,3,0.2918,55.64348188254894,1.9921081066131592,0.764033954185384
QM9-gap-100k,GLOSS(2:3:3),67,4,0.3755,73.07371928363182,1.779129981994629,0.8483128811621929
QM9-gap-100k,GLOSS(2:3:3),67,5,0.4128,80.84131611828404,1.748218059539795,0.9183030838339957
QM9-gap-100k,GLOSS(2:3:3),67,6,0.4128,80.84131611828404,1.7569077014923096,0.9393034902478972
QM9-gap-100k,GLOSS(2:3:3),67,7,0.4128,80.84131611828404,1.7725551128387451,0.9675183467587561
QM9-gap-100k,GLOSS(2:3:3),67,8,0.4128,80.84131611828404,1.8170959949493408,0.9732091398417981
QM9-gap-100k,GLOSS(2:3:3),67,9,0.462,91.08704706372345,1.7849371433258057,0.987188897640879
QM9-gap-100k,GLOSS(2:3:3),67,10,0.4802,94.87713452728029,1.8293781280517578,0.9899360541197924
QM9-gap-100k,GLOSS(2:3:3),67,11,0.4802,94.87713452728029,1.8849570751190186,1.028845397570137
QM9-gap-100k,GLOSS(2:3:3),67,12,0.4802,94.87713452728029,1.8903019428253174,1.0328737546209488
QM9-gap-100k,GLOSS(2:3:3),67,13,0.5048,100.0,1.9859309196472168,1.083907322606035
QM9-gap-100k,GLOSS(2:3:3),67,14,0.5048,100.0,1.952605962753296,1.1471538305847448
QM9-gap-100k,GLOSS(2:3:3),67,15,0.5048,100.0,2.004648208618164,1.1491842257693954
QM9-gap-100k,GLOSS(2:3:3),67,16,0.5048,100.0,2.1434569358825684,1.1480830316261892
QM9-gap-100k,GLOSS(2:3:3),67,17,0.5048,100.0,2.105983018875122,1.1708211147360315
QM9-gap-100k,GLOSS(2:3:3),67,18,0.5048,100.0,2.117487668991089,1.1939297933839654
QM9-gap-100k,GLOSS(2:3:3),67,19,0.5048,100.0,2.122192144393921,1.2025178234651035
QM9-gap-100k,GLOSS(4:2:2),67,-1,0.2082,38.23406913785922,0.0,0.0
QM9-gap-100k,GLOSS(4:2:2),67,0,0.2704,51.187005414410656,1.9768078327178955,0.4197395987102555
QM9-gap-100k,GLOSS(4:2:2),67,1,0.2753,52.207413577675965,2.0679140090942383,0.7437875968537035
QM9-gap-100k,GLOSS(4:2:2),67,2,0.2753,52.207413577675965,2.05605411529541,0.748807605491697
QM9-gap-100k,GLOSS(4:2:2),67,3,0.2753,52.207413577675965,2.2217578887939453,0.7029689943667355
QM9-gap-100k,GLOSS(4:2:2),67,4,0.299,57.14285714285714,2.276940107345581,0.6874990067787152
QM9-gap-100k,GLOSS(4:2:2),67,5,0.3142,60.3082049146189,2.396569013595581,0.7447706914247736
QM9-gap-100k,GLOSS(4:2:2),67,6,0.3602,69.88754685547688,2.1983540058135986,0.7823718174316123
QM9-gap-100k,GLOSS(4:2:2),67,7,0.3661,71.11620158267388,2.0919737815856934,0.8603802558949328
QM9-gap-100k,GLOSS(4:2:2),67,8,0.3799,73.99000416493128,1.9769878387451172,0.9245259466732049
QM9-gap-100k,GLOSS(4:2:2),67,9,0.4802,94.87713452728029,1.9467902183532715,0.9917309804129316
QM9-gap-100k,GLOSS(4:2:2),67,10,0.4802,94.87713452728029,1.9266340732574463,1.0469526299796967
QM9-gap-100k,GLOSS(4:2:2),67,11,0.4802,94.87713452728029,2.0534188747406006,1.0468778118874278
QM9-gap-100k,GLOSS(4:2:2),67,12,0.4802,94.87713452728029,1.9630851745605469,1.0687123680036723
QM9-gap-100k,GLOSS(4:2:2),67,13,0.5048,100.0,1.9727797508239746,1.1227312331275348
QM9-gap-100k,GLOSS(4:2:2),67,14,0.5048,100.0,2.0326671600341797,1.161267328141692
QM9-gap-100k,GLOSS(4:2:2),67,15,0.5048,100.0,2.046435832977295,1.1669056897282615
QM9-gap-100k,GLOSS(4:2:2),67,16,0.5048,100.0,2.0653769969940186,1.1590489423533183
QM9-gap-100k,GLOSS(4:2:2),67,17,0.5048,100.0,2.071794033050537,1.1454717023983898
QM9-gap-100k,GLOSS(4:2:2),67,18,0.5048,100.0,2.1318321228027344,1.1574894087753587
QM9-gap-100k,GLOSS(4:2:2),67,19,0.5048,100.0,2.1580710411071777,1.157125510810316
QM9-gap-100k,GLOSS(6:1:1),67,-1,0.2082,38.23406913785922,0.0,0.0
QM9-gap-100k,GLOSS(6:1:1),67,0,0.2704,51.187005414410656,2.039340019226074,0.25205260956143916
QM9-gap-100k,GLOSS(6:1:1),67,1,0.3284,63.26530612244898,2.026005983352661,0.6098115962176458
QM9-gap-100k,GLOSS(6:1:1),67,2,0.462,91.08704706372345,1.7043688297271729,0.7779706007084481
QM9-gap-100k,GLOSS(6:1:1),67,3,0.462,91.08704706372345,1.7886371612548828,0.8604604196563579
QM9-gap-100k,GLOSS(6:1:1),67,4,0.4802,94.87713452728029,1.6573429107666016,1.009022159406051
QM9-gap-100k,GLOSS(6:1:1),67,5,0.5048,100.0,1.7367749214172363,1.2110841880452037
QM9-gap-100k,GLOSS(6:1:1),67,6,0.5048,100.0,1.8036320209503174,1.3194438238704451
QM9-gap-100k,GLOSS(6:1:1),67,7,0.5048,100.0,1.8323860168457031,1.2941394393177372
QM9-gap-100k,GLOSS(6:1:1),67,8,0.5048,100.0,1.873399019241333,1.2725088774391882
QM9-gap-100k,GLOSS(6:1:1),67,9,0.5048,100.0,1.8307478427886963,1.314463118517127
QM9-gap-100k,GLOSS(6:1:1),67,10,0.5048,100.0,1.8610820770263672,1.282769950207016
QM9-gap-100k,GLOSS(6:1:1),67,11,0.5048,100.0,1.8817059993743896,1.2483157092736832
QM9-gap-100k,GLOSS(6:1:1),67,12,0.5048,100.0,1.9578897953033447,1.2304603563432666
QM9-gap-100k,GLOSS(6:1:1),67,13,0.5048,100.0,1.943120002746582,1.2182887639714166
QM9-gap-100k,GLOSS(6:1:1),67,14,0.5048,100.0,1.9926142692565918,1.1959277654440166
QM9-gap-100k,GLOSS(6:1:1),67,15,0.5048,100.0,2.013273239135742,1.1748997089910362
QM9-gap-100k,GLOSS(6:1:1),67,16,0.5048,100.0,2.03885817527771,1.187849525178678
QM9-gap-100k,GLOSS(6:1:1),67,17,0.5048,100.0,2.058579206466675,1.1787564466986926
QM9-gap-100k,GLOSS(6:1:1),67,18,0.5048,100.0,2.116323947906494,1.1959039234264235
QM9-gap-100k,GLOSS(6:1:1),67,19,0.5048,100.0,2.1166491508483887,1.191061279179852
