dataset,algorithm,seed,round,best_so_far,pct_opt,time_s,diversity
C1-simple,GLOSS,47,-1,0.09001679792942319,0.24237031079454252,0.0,0.0
C1-simple,GLOSS,47,0,8.544499522104374,23.008710244266226,0.10570406913757324,0.44614055203417163
C1-simple,GLOSS,47,1,33.965137251116055,91.46173081872043,0.12061309814453125,0.39293689883956157
C1-simple,GLOSS,47,2,36.67654693066161,98.76304971395342,0.11573195457458496,0.37775327005914316
C1-simple,GLOSS,47,3,36.761987020156404,98.99312388700989,0.11568379402160645,0.356391972979443
C1-simple,GLOSS,47,4,36.86581311847446,99.27270814135062,0.11507821083068848,0.3757991949261465
C1-simple,GLOSS,47,5,36.98714554191976,99.59943365339277,0.1301257610321045,0.33600026617975676
C1-simple,GLOSS,47,6,36.997931520629706,99.62847827573539,0.12514829635620117,0.31394132621805465
C1-simple,GLOSS,47,7,36.99921112258372,99.63192400435238,0.12630605697631836,0.30004365060845695
C1-simple,GLOSS,47,8,37.11744350056833,99.95030167406405,0.12585783004760742,0.301739371109427
C1-simple,GLOSS,47,9,37.11744350056833,99.95030167406405,0.12573599815368652,0.3103349249776628
C1-simple,GLOSS,47,10,37.13589941571647,100.0,0.13742971420288086,0.29377041889332695
C1-simple,GLOSS,47,11,37.13589941571647,100.0,0.12561416625976562,0.29131444349172686
C1-simple,GLOSS,47,12,37.13589941571647,100.0,0.12877893447875977,0.2942408087351187
C1-simple,GLOSS,47,13,37.13589941571647,100.0,0.12846803665161133,0.29963657026903223
C1-simple,GLOSS,47,14,37.13589941571647,100.0,0.14302992820739746,0.28697626475860627
C1-simple,GLOSS,47,15,37.13589941571647,100.0,0.14224576950073242,0.27591109071771375
C1-simple,GLOSS,47,16,37.13589941571647,100.0,0.13030028343200684,0.2746754041810085
C1-simple,GLOSS,47,17,37.13589941571647,100.0,0.14599609375,0.2646477705500134
C1-simple,GLOSS,47,18,37.13589941571647,100.0,0.13076400756835938,0.2703253383543854
C1-simple,GLOSS,47,19,37.13589941571647,100.0,0.1497819423675537,0.2620119787143196
C1-simple,UCB-BO,47,-1,0.09001679792942319,0.24237031079454252,0.0,0.0
C1-simple,UCB-BO,47,0,0.3466888357947937,0.9335400790821924,0.043070077896118164,0.07969689059718692
C1-simple,UCB-BO,47,1,0.3607875344190365,0.9715052362622143,0.045845985412597656,0.1202178978202195
C1-simple,UCB-BO,47,2,0.4837800737803499,1.3027011298174656,0.04683184623718262,0.17885493648496437
C1-simple,UCB-BO,47,3,0.4837800737803499,1.3027011298174656,0.04847002029418945,0.3797108479587509
C1-simple,UCB-BO,47,4,0.4837800737803499,1.3027011298174656,0.04996991157531738,0.37645000101363246
C1-simple,UCB-BO,47,5,2.754951469707073,7.418540706731504,0.05049705505371094,0.43723189316410593
C1-simple,UCB-BO,47,6,18.246478483071726,49.134324106033034,0.05330300331115723,0.4804254697855709
C1-simple,UCB-BO,47,7,33.207623277144805,89.42188743640781,0.053915977478027344,0.5018642883703598
C1-simple,UCB-BO,47,8,33.207623277144805,89.42188743640781,0.05468320846557617,0.4958154558728878
C1-simple,UCB-BO,47,9,33.207623277144805,89.42188743640781,0.05492115020751953,0.48291254818510176
C1-simple,UCB-BO,47,10,36.093638359289805,97.19338600785366,0.05532407760620117,0.46705124483300514
C1-simple,UCB-BO,47,11,36.093638359289805,97.19338600785366,0.05532693862915039,0.45653948037885317
C1-simple,UCB-BO,47,12,37.11744350056833,99.95030167406405,0.05629706382751465,0.44027448267856395
C1-simple,UCB-BO,47,13,37.13589941571647,100.0,0.05648207664489746,0.42422752232801253
C1-simple,UCB-BO,47,14,37.13589941571647,100.0,0.05737614631652832,0.40889802898321087
C1-simple,UCB-BO,47,15,37.13589941571647,100.0,0.058295249938964844,0.3947688277796181
C1-simple,UCB-BO,47,16,37.13589941571647,100.0,0.05855703353881836,0.3911357852402082
C1-simple,UCB-BO,47,17,37.13589941571647,100.0,0.059224843978881836,0.37968877408358465
C1-simple,UCB-BO,47,18,37.13589941571647,100.0,0.05998802185058594,0.3685265935212119
C1-simple,UCB-BO,47,19,37.13589941571647,100.0,0.05968117713928223,0.35867110167652544
C1-simple,BO(EI),47,-1,0.09001679792942319,0.24237031079454252,0.0,0.0
C1-simple,BO(EI),47,0,0.12247752505342255,0.32978097473492596,0.044512033462524414,0.021317524945558115
C1-simple,BO(EI),47,1,0.43888613396131765,1.1818101506508307,0.043361663818359375,0.21754625448928025
C1-simple,BO(EI),47,2,18.9417150806861,51.006466167453326,0.04619097709655762,0.2945998695904264
C1-simple,BO(EI),47,3,18.9417150806861,51.006466167453326,0.048458099365234375,0.3602997506035924
C1-simple,BO(EI),47,4,30.28508766421967,81.55204590946525,0.05013012886047363,0.4187544673110226
C1-simple,BO(EI),47,5,30.847350722372536,83.06611511175232,0.05124306678771973,0.4250411614448482
C1-simple,BO(EI),47,6,30.847350722372536,83.06611511175232,0.05176186561584473,0.4399059010803712
C1-simple,BO(EI),47,7,30.847350722372536,83.06611511175232,0.0522000789642334,0.4158190017018015
C1-simple,BO(EI),47,8,35.497327383477966,95.5876321345181,0.053263187408447266,0.40828853206403704
C1-simple,BO(EI),47,9,36.99921112258372,99.63192400435238,0.05492281913757324,0.3923821836306212
C1-simple,BO(EI),47,10,36.99921112258372,99.63192400435238,0.054270267486572266,0.3743167216763918
C1-simple,BO(EI),47,11,36.99921112258372,99.63192400435238,0.05465984344482422,0.3597588288757586
C1-simple,BO(EI),47,12,36.99921112258372,99.63192400435238,0.05600690841674805,0.342360980826626
C1-simple,BO(EI),47,13,36.99921112258372,99.63192400435238,0.05578494071960449,0.3306013524643578
C1-simple,BO(EI),47,14,37.11744350056833,99.95030167406405,0.05675911903381348,0.31961247008684696
C1-simple,BO(EI),47,15,37.13589941571647,100.0,0.05816817283630371,0.30789292398510504
C1-simple,BO(EI),47,16,37.13589941571647,100.0,0.05880403518676758,0.2970038822204827
C1-simple,BO(EI),47,17,37.13589941571647,100.0,0.05971384048461914,0.2892486092170999
C1-simple,BO(EI),47,18,37.13589941571647,100.0,0.060280799865722656,0.28603898318566623
C1-simple,BO(EI),47,19,37.13589941571647,100.0,0.06060171127319336,0.27745259399189
C1-simple,GA,47,-1,0.09001679792942319,0.24237031079454252,0.0,0.0
C1-simple,GA,47,0,2.9054163922314657,7.823714587382859,0.04637789726257324,0.3488066314379153
C1-simple,GA,47,1,26.829541903936082,72.24690779506213,0.04934120178222656,0.39174110415788765
C1-simple,GA,47,2,26.829541903936082,72.24690779506213,0.05271410942077637,0.3772026199387566
C1-simple,GA,47,3,33.386556404747076,89.90372086622894,0.05355405807495117,0.35859547915982015
C1-simple,GA,47,4,33.386556404747076,89.90372086622894,0.054329872131347656,0.32606658763302426
C1-simple,GA,47,5,36.70856683598647,98.84927332727737,0.05546402931213379,0.3012080457138642
C1-simple,GA,47,6,36.75915123763281,98.98548765531888,0.055928707122802734,0.2899126841897074
C1-simple,GA,47,7,36.75915123763281,98.98548765531888,0.056826114654541016,0.2788904769109941
C1-simple,GA,47,8,36.75915123763281,98.98548765531888,0.057015180587768555,0.266044390372236
C1-simple,GA,47,9,36.75915123763281,98.98548765531888,0.05864214897155762,0.25693858365116895
C1-simple,GA,47,10,36.997931520629706,99.62847827573539,0.058449745178222656,0.24995878277738787
C1-simple,GA,47,11,36.997931520629706,99.62847827573539,0.058969736099243164,0.2419135741770322
C1-simple,GA,47,12,36.997931520629706,99.62847827573539,0.05903887748718262,0.23886678557649205
C1-simple,GA,47,13,36.997931520629706,99.62847827573539,0.05916905403137207,0.23703906307702743
C1-simple,GA,47,14,37.11744350056833,99.95030167406405,0.06054496765136719,0.23534872760123202
C1-simple,GA,47,15,37.11744350056833,99.95030167406405,0.06282496452331543,0.22960593123811632
C1-simple,GA,47,16,37.11744350056833,99.95030167406405,0.062049150466918945,0.2246483905854684
C1-simple,GA,47,17,37.11744350056833,99.95030167406405,0.06384992599487305,0.22163966034748048
C1-simple,GA,47,18,37.11744350056833,99.95030167406405,0.06318998336791992,0.21760110894471182
C1-simple,GA,47,19,37.11744350056833,99.95030167406405,0.0639801025390625,0.21404574357840123
C1-simple,Random,47,-1,0.09001679792942319,0.24237031079454252,0.0,0.0
C1-simple,Random,47,0,33.71577667074079,90.79024943729917,0.03498220443725586,0.4993437906179074
C1-simple,Random,47,1,33.71577667074079,90.79024943729917,0.034606218338012695,0.5122936930131302
C1-simple,Random,47,2,33.71577667074079,90.79024943729917,0.035214900970458984,0.5466093689247031
C1-simple,Random,47,3,33.71577667074079,90.79024943729917,0.035321950912475586,0.5513632144433135
C1-simple,Random,47,4,33.71577667074079,90.79024943729917,0.035932064056396484,0.5409604207086858
C1-simple,Random,47,5,33.71577667074079,90.79024943729917,0.03604412078857422,0.54397472182019
C1-simple,Random,47,6,33.71577667074079,90.79024943729917,0.03597736358642578,0.5363497945952377
C1-simple,Random,47,7,33.71577667074079,90.79024943729917,0.03588390350341797,0.5277677400553116
C1-simple,Random,47,8,35.84276823183981,96.51783969863375,0.037429094314575195,0.5285959632007516
C1-simple,Random,47,9,35.84276823183981,96.51783969863375,0.0372622013092041,0.530582761177341
C1-simple,Random,47,10,35.84276823183981,96.51783969863375,0.03763318061828613,0.5267902622564047
C1-simple,Random,47,11,35.84276823183981,96.51783969863375,0.038567304611206055,0.5284846423593536
C1-simple,Random,47,12,35.84276823183981,96.51783969863375,0.038983821868896484,0.5275665663196283
C1-simple,Random,47,13,36.997931520629706,99.62847827573539,0.039357900619506836,0.526852267370517
C1-simple,Random,47,14,36.997931520629706,99.62847827573539,0.03940892219543457,0.5231457090623559
C1-simple,Random,47,15,36.997931520629706,99.62847827573539,0.04009079933166504,0.5274580829195079
C1-simple,Random,47,16,36.997931520629706,99.62847827573539,0.04009294509887695,0.5257754839257663
C1-simple,Random,47,17,36.997931520629706,99.62847827573539,0.04081892967224121,0.524462715544819
C1-simple,Random,47,18,36.997931520629706,99.62847827573539,0.04165291786193848,0.5206493739452643
C1-simple,Random,47,19,36.997931520629706,99.62847827573539,0.04207181930541992,0.5188065495243498
C1-simple,GLOSS,53,-1,0.09644079416523187,0.259668930569064,0.0,0.0
C1-simple,GLOSS,53,0,0.5379079291353159,1.4484573156284901,0.10561394691467285,0.2462623635210813
C1-simple,GLOSS,53,1,3.4544309233159027,9.302107985401612,0.10854005813598633,0.3518069554477357
C1-simple,GLOSS,53,2,13.807974326153445,37.18226296530964,0.11679601669311523,0.36087540468416257
C1-simple,GLOSS,53,3,27.770928323515125,74.78188526631621,0.11730194091796875,0.37883860247296397
C1-simple,GLOSS,53,4,34.65007041562002,93.30612766280144,0.12084698677062988,0.41815684516208906
C1-simple,GLOSS,53,5,34.65007041562002,93.30612766280144,0.12375593185424805,0.43668592678410173
C1-simple,GLOSS,53,6,34.65007041562002,93.30612766280144,0.12178921699523926,0.4365557784230358
C1-simple,GLOSS,53,7,35.497327383477966,95.5876321345181,0.14127779006958008,0.4158873634945556
C1-simple,GLOSS,53,8,35.497327383477966,95.5876321345181,0.13714003562927246,0.399368302764972
C1-simple,GLOSS,53,9,35.497327383477966,95.5876321345181,0.13912510871887207,0.3790355459614974
C1-simple,GLOSS,53,10,35.497327383477966,95.5876321345181,0.12792181968688965,0.3782560373163105
C1-simple,GLOSS,53,11,35.497327383477966,95.5876321345181,0.14556026458740234,0.3618186811345521
C1-simple,GLOSS,53,12,36.04226443851308,97.0550456525326,0.14524626731872559,0.3456326957573116
C1-simple,GLOSS,53,13,37.13589941571647,100.0,0.1242990493774414,0.3403524489428459
C1-simple,GLOSS,53,14,37.13589941571647,100.0,0.16675305366516113,0.32746927414998017
C1-simple,GLOSS,53,15,37.13589941571647,100.0,0.15015101432800293,0.31576790908912766
C1-simple,GLOSS,53,16,37.13589941571647,100.0,0.13148188591003418,0.31850513941526154
C1-simple,GLOSS,53,17,37.13589941571647,100.0,0.1474292278289795,0.30886869191062616
C1-simple,GLOSS,53,18,37.13589941571647,100.0,0.14763998985290527,0.2993122674397363
C1-simple,GLOSS,53,19,37.13589941571647,100.0,0.1481790542602539,0.29170208554124644
C1-simple,UCB-BO,53,-1,0.09644079416523187,0.259668930569064,0.0,0.0
C1-simple,UCB-BO,53,0,0.09644079416523187,0.259668930569064,0.042630910873413086,0.06741578763942414
C1-simple,UCB-BO,53,1,0.11114813342362789,0.29927304308515085,0.044770240783691406,0.11244886628454479
C1-simple,UCB-BO,53,2,11.502238095347456,30.973346756000865,0.04631400108337402,0.2849029443278912
C1-simple,UCB-BO,53,3,22.496849757868063,60.57977859951534,0.04847383499145508,0.3897811411550385
C1-simple,UCB-BO,53,4,30.110957195459054,81.0831451412085,0.049690961837768555,0.46314091388277734
C1-simple,UCB-BO,53,5,30.110957195459054,81.0831451412085,0.05113697052001953,0.45290165460501697
C1-simple,UCB-BO,53,6,34.86055251908782,93.87291658103507,0.052017927169799805,0.44179528649897465
C1-simple,UCB-BO,53,7,34.86055251908782,93.87291658103507,0.05216813087463379,0.44730065443009076
C1-simple,UCB-BO,53,8,34.86055251908782,93.87291658103507,0.05326104164123535,0.4579383113962063
C1-simple,UCB-BO,53,9,34.86055251908782,93.87291658103507,0.05402183532714844,0.43877753344554793
C1-simple,UCB-BO,53,10,34.86055251908782,93.87291658103507,0.054559946060180664,0.4291033208301484
C1-simple,UCB-BO,53,11,34.86055251908782,93.87291658103507,0.055193185806274414,0.4254921005136055
C1-simple,UCB-BO,53,12,34.86055251908782,93.87291658103507,0.05560779571533203,0.41110988589550934
C1-simple,UCB-BO,53,13,34.86055251908782,93.87291658103507,0.05583524703979492,0.39411605540689315
C1-simple,UCB-BO,53,14,34.86055251908782,93.87291658103507,0.05654191970825195,0.3786604352690583
C1-simple,UCB-BO,53,15,36.32635536248903,97.8200493503646,0.057279109954833984,0.3652745815361663
C1-simple,UCB-BO,53,16,37.13589941571647,100.0,0.05849599838256836,0.35228103489619067
C1-simple,UCB-BO,53,17,37.13589941571647,100.0,0.05913114547729492,0.34068397574760717
C1-simple,UCB-BO,53,18,37.13589941571647,100.0,0.059597015380859375,0.3330869753658808
C1-simple,UCB-BO,53,19,37.13589941571647,100.0,0.05985116958618164,0.3219570919175859
C1-simple,BO(EI),53,-1,0.09644079416523187,0.259668930569064,0.0,0.0
C1-simple,BO(EI),53,0,0.14986172330816755,0.40352149637446194,0.04301905632019043,0.04831779387430328
C1-simple,BO(EI),53,1,35.88848523079256,96.64094702203278,0.045458316802978516,0.43484225111686126
C1-simple,BO(EI),53,2,35.88848523079256,96.64094702203278,0.04722285270690918,0.502013559649647
C1-simple,BO(EI),53,3,35.88848523079256,96.64094702203278,0.048501014709472656,0.4951506956535481
C1-simple,BO(EI),53,4,37.13589941571647,100.0,0.04904913902282715,0.43466518545311744
C1-simple,BO(EI),53,5,37.13589941571647,100.0,0.049803972244262695,0.4258081037646994
C1-simple,BO(EI),53,6,37.13589941571647,100.0,0.050634145736694336,0.39777959461426454
C1-simple,BO(EI),53,7,37.13589941571647,100.0,0.05200314521789551,0.36702340648876924
C1-simple,BO(EI),53,8,37.13589941571647,100.0,0.05256485939025879,0.3425893076553543
C1-simple,BO(EI),53,9,37.13589941571647,100.0,0.05261492729187012,0.33022526535823465
C1-simple,BO(EI),53,10,37.13589941571647,100.0,0.05393791198730469,0.31118905146895304
C1-simple,BO(EI),53,11,37.13589941571647,100.0,0.054608821868896484,0.2944542855867528
C1-simple,BO(EI),53,12,37.13589941571647,100.0,0.05482220649719238,0.27949051863246316
C1-simple,BO(EI),53,13,37.13589941571647,100.0,0.05556607246398926,0.2661853976684081
C1-simple,BO(EI),53,14,37.13589941571647,100.0,0.05687284469604492,0.2609075019272298
C1-simple,BO(EI),53,15,37.13589941571647,100.0,0.056997060775756836,0.25334390625843667
C1-simple,BO(EI),53,16,37.13589941571647,100.0,0.05812668800354004,0.24475651245952343
C1-simple,BO(EI),53,17,37.13589941571647,100.0,0.0583491325378418,0.2409003903254005
C1-simple,BO(EI),53,18,37.13589941571647,100.0,0.06108403205871582,0.23789408838682494
C1-simple,BO(EI),53,19,37.13589941571647,100.0,0.06024789810180664,0.2314797187177539
C1-simple,GA,53,-1,0.09644079416523187,0.259668930569064,0.0,0.0
C1-simple,GA,53,0,14.789222374857115,39.82458034470005,0.04597306251525879,0.4621654777537648
C1-simple,GA,53,1,32.15466050075621,86.58645571496038,0.0499269962310791,0.5673388357437555
C1-simple,GA,53,2,32.15466050075621,86.58645571496038,0.05176186561584473,0.5264885726820863
C1-simple,GA,53,3,33.10105463037434,89.13491801228339,0.05203413963317871,0.4622094390557862
C1-simple,GA,53,4,36.98204391598307,99.5856959293856,0.05324578285217285,0.41183675753885784
C1-simple,GA,53,5,36.98204391598307,99.5856959293856,0.05511212348937988,0.38722455437230646
C1-simple,GA,53,6,36.98204391598307,99.5856959293856,0.05700397491455078,0.36293725576319574
C1-simple,GA,53,7,36.98204391598307,99.5856959293856,0.05760502815246582,0.3379980498405285
C1-simple,GA,53,8,36.98204391598307,99.5856959293856,0.05842399597167969,0.3217519261322481
C1-simple,GA,53,9,36.98204391598307,99.5856959293856,0.0575716495513916,0.30375928199296703
C1-simple,GA,53,10,36.98204391598307,99.5856959293856,0.058064937591552734,0.29071683717864105
C1-simple,GA,53,11,36.98204391598307,99.5856959293856,0.0595850944519043,0.2808678253907964
C1-simple,GA,53,12,36.98204391598307,99.5856959293856,0.05941319465637207,0.2734603547799855
C1-simple,GA,53,13,36.98204391598307,99.5856959293856,0.06020474433898926,0.26939458484067197
C1-simple,GA,53,14,36.98204391598307,99.5856959293856,0.06102728843688965,0.2639429793589394
C1-simple,GA,53,15,36.98204391598307,99.5856959293856,0.06275296211242676,0.25782396420299286
C1-simple,GA,53,16,36.98204391598307,99.5856959293856,0.062393903732299805,0.2530371522569565
C1-simple,GA,53,17,36.98204391598307,99.5856959293856,0.06374287605285645,0.2571113555464929
C1-simple,GA,53,18,36.98204391598307,99.5856959293856,0.06394195556640625,0.25223378187622303
C1-simple,GA,53,19,36.98204391598307,99.5856959293856,0.06461501121520996,0.24864885850755455
C1-simple,Random,53,-1,0.09644079416523187,0.259668930569064,0.0,0.0
C1-simple,Random,53,0,13.980460748640885,37.64673662459442,0.03393387794494629,0.48934119406452836
C1-simple,Random,53,1,13.980460748640885,37.64673662459442,0.03392934799194336,0.4974453316980593
C1-simple,Random,53,2,13.980460748640885,37.64673662459442,0.03426980972290039,0.4737364335368254
C1-simple,Random,53,3,13.980460748640885,37.64673662459442,0.03442096710205078,0.4983901445944117
C1-simple,Random,53,4,21.97921223752725,59.18587762001475,0.034800052642822266,0.5097512905207597
C1-simple,Random,53,5,34.04362075476162,91.67307220783411,0.0350651741027832,0.5000782110509377
C1-simple,Random,53,6,34.04362075476162,91.67307220783411,0.0365300178527832,0.48242992015924674
C1-simple,Random,53,7,34.04362075476162,91.67307220783411,0.03661799430847168,0.49482608181678445
C1-simple,Random,53,8,34.04362075476162,91.67307220783411,0.03740501403808594,0.49405819021170083
C1-simple,Random,53,9,34.04362075476162,91.67307220783411,0.03762364387512207,0.4927807599815687
C1-simple,Random,53,10,34.04362075476162,91.67307220783411,0.03782296180725098,0.4931079841382284
C1-simple,Random,53,11,34.04362075476162,91.67307220783411,0.03805899620056152,0.4967356133727482
C1-simple,Random,53,12,34.04362075476162,91.67307220783411,0.03818798065185547,0.4936927795599003
C1-simple,Random,53,13,37.13589941571647,100.0,0.03840494155883789,0.4900615949266034
C1-simple,Random,53,14,37.13589941571647,100.0,0.03905320167541504,0.4926822370848234
C1-simple,Random,53,15,37.13589941571647,100.0,0.04009604454040527,0.49647098599382217
C1-simple,Random,53,16,37.13589941571647,100.0,0.039640188217163086,0.4964536828276083
C1-simple,Random,53,17,37.13589941571647,100.0,0.04056406021118164,0.5028612952329975
C1-simple,Random,53,18,37.13589941571647,100.0,0.04172682762145996,0.505880470736918
C1-simple,Random,53,19,37.13589941571647,100.0,0.041716814041137695,0.5065183811371674
C1-simple,GLOSS,59,-1,0.10194113984466924,0.27448033223313134,0.0,0.0
C1-simple,GLOSS,59,0,0.38139973982763054,1.027010048374346,0.10537385940551758,0.2596694161223527
C1-simple,GLOSS,59,1,28.598415161998215,77.01015247910635,0.11314582824707031,0.35774514667699775
C1-simple,GLOSS,59,2,28.598415161998215,77.01015247910635,0.11186408996582031,0.47807257160894695
C1-simple,GLOSS,59,3,28.598415161998215,77.01015247910635,0.1275179386138916,0.5154700482101935
C1-simple,GLOSS,59,4,28.598415161998215,77.01015247910635,0.13031601905822754,0.5002748469257905
C1-simple,GLOSS,59,5,31.226440555963496,84.08693309653297,0.1328728199005127,0.4895383391093772
C1-simple,GLOSS,59,6,34.04362075476162,91.67307220783411,0.13089799880981445,0.4585090010922388
C1-simple,GLOSS,59,7,36.494417296971804,98.2726086913839,0.12011981010437012,0.4298702159338325
C1-simple,GLOSS,59,8,36.99921112258372,99.63192400435238,0.1199338436126709,0.42705621456247234
C1-simple,GLOSS,59,9,37.13589941571647,100.0,0.13639497756958008,0.40433053926877227
C1-simple,GLOSS,59,10,37.13589941571647,100.0,0.1433708667755127,0.38301508190002514
C1-simple,GLOSS,59,11,37.13589941571647,100.0,0.14266204833984375,0.3650037780885449
C1-simple,GLOSS,59,12,37.13589941571647,100.0,0.12916111946105957,0.35913352528281345
C1-simple,GLOSS,59,13,37.13589941571647,100.0,0.13085007667541504,0.3568522438728221
C1-simple,GLOSS,59,14,37.13589941571647,100.0,0.1387922763824463,0.34160731602029887
C1-simple,GLOSS,59,15,37.13589941571647,100.0,0.14480090141296387,0.32921249563645705
C1-simple,GLOSS,59,16,37.13589941571647,100.0,0.13150620460510254,0.3263709751947886
C1-simple,GLOSS,59,17,37.13589941571647,100.0,0.1272108554840088,0.3288973984087098
C1-simple,GLOSS,59,18,37.13589941571647,100.0,0.1434779167175293,0.3174435298771536
C1-simple,GLOSS,59,19,37.13589941571647,100.0,0.1285250186920166,0.3155887387609039
C1-simple,UCB-BO,59,-1,0.10194113984466924,0.27448033223313134,0.0,0.0
C1-simple,UCB-BO,59,0,0.38139973982763054,1.027010048374346,0.04318499565124512,0.028983263386144792
C1-simple,UCB-BO,59,1,0.38139973982763054,1.027010048374346,0.04519343376159668,0.15753977037796726
C1-simple,UCB-BO,59,2,0.38139973982763054,1.027010048374346,0.046851158142089844,0.20346401989615837
C1-simple,UCB-BO,59,3,0.40883510397195566,1.1008883501801185,0.046166181564331055,0.1733546347748914
C1-simple,UCB-BO,59,4,22.316777369729063,60.09487735425263,0.04921126365661621,0.2543652471539257
C1-simple,UCB-BO,59,5,37.11744350056833,99.95030167406405,0.05077409744262695,0.3606980342407559
C1-simple,UCB-BO,59,6,37.11744350056833,99.95030167406405,0.05190587043762207,0.3812283128095736
C1-simple,UCB-BO,59,7,37.13589941571647,100.0,0.05285906791687012,0.38282020723744303
C1-simple,UCB-BO,59,8,37.13589941571647,100.0,0.053117990493774414,0.3770525156596643
C1-simple,UCB-BO,59,9,37.13589941571647,100.0,0.05333113670349121,0.3846996907099201
C1-simple,UCB-BO,59,10,37.13589941571647,100.0,0.05421900749206543,0.37370303974859087
C1-simple,UCB-BO,59,11,37.13589941571647,100.0,0.05619621276855469,0.3579760676157168
C1-simple,UCB-BO,59,12,37.13589941571647,100.0,0.05605888366699219,0.3600318210249533
C1-simple,UCB-BO,59,13,37.13589941571647,100.0,0.05658698081970215,0.3521562012463774
C1-simple,UCB-BO,59,14,37.13589941571647,100.0,0.05740094184875488,0.3383706321508496
C1-simple,UCB-BO,59,15,37.13589941571647,100.0,0.058860063552856445,0.32713244266506564
C1-simple,UCB-BO,59,16,37.13589941571647,100.0,0.05968618392944336,0.31540204184134984
C1-simple,UCB-BO,59,17,37.13589941571647,100.0,0.05981802940368652,0.30641657535505273
C1-simple,UCB-BO,59,18,37.13589941571647,100.0,0.06025815010070801,0.2989227211059297
C1-simple,UCB-BO,59,19,37.13589941571647,100.0,0.060755014419555664,0.2911292887665773
C1-simple,BO(EI),59,-1,0.10194113984466924,0.27448033223313134,0.0,0.0
C1-simple,BO(EI),59,0,0.3819537580703323,1.0285019158314324,0.043467044830322266,0.05994288545538064
C1-simple,BO(EI),59,1,0.3819537580703323,1.0285019158314324,0.04558682441711426,0.1778176701404728
C1-simple,BO(EI),59,2,0.3819537580703323,1.0285019158314324,0.04649209976196289,0.1742930459481981
C1-simple,BO(EI),59,3,0.41117396995161404,1.1071864786036918,0.04718732833862305,0.15526966376714654
C1-simple,BO(EI),59,4,27.50985456299873,74.07886248260047,0.04845714569091797,0.2943603862247549
C1-simple,BO(EI),59,5,27.50985456299873,74.07886248260047,0.051409006118774414,0.3724308931145557
C1-simple,BO(EI),59,6,27.50985456299873,74.07886248260047,0.05182003974914551,0.4026952690175986
C1-simple,BO(EI),59,7,27.50985456299873,74.07886248260047,0.054183006286621094,0.4226509860960231
C1-simple,BO(EI),59,8,27.50985456299873,74.07886248260047,0.05405473709106445,0.4259564592855095
C1-simple,BO(EI),59,9,34.03939681770458,91.66169793574254,0.05389094352722168,0.41169419160832554
C1-simple,BO(EI),59,10,34.03939681770458,91.66169793574254,0.05675697326660156,0.4195771185334172
C1-simple,BO(EI),59,11,34.03939681770458,91.66169793574254,0.05665898323059082,0.4087003152102892
C1-simple,BO(EI),59,12,34.03939681770458,91.66169793574254,0.05666399002075195,0.399967574226193
C1-simple,BO(EI),59,13,34.03939681770458,91.66169793574254,0.05743098258972168,0.3858209943286032
C1-simple,BO(EI),59,14,36.99921112258372,99.63192400435238,0.05725884437561035,0.37340827513101926
C1-simple,BO(EI),59,15,36.99921112258372,99.63192400435238,0.05794191360473633,0.3991979516335127
C1-simple,BO(EI),59,16,36.99921112258372,99.63192400435238,0.05916786193847656,0.3911076700867136
C1-simple,BO(EI),59,17,37.13589941571647,100.0,0.05996584892272949,0.3799109777189959
C1-simple,BO(EI),59,18,37.13589941571647,100.0,0.060363054275512695,0.36907806090362033
C1-simple,BO(EI),59,19,37.13589941571647,100.0,0.06138205528259277,0.35800587247476123
C1-simple,GA,59,-1,0.10194113984466924,0.27448033223313134,0.0,0.0
C1-simple,GA,59,0,0.3423091494580102,0.9217464033248239,0.04697823524475098,0.31144513060872375
C1-simple,GA,59,1,17.644635815199162,47.51367442109428,0.050354957580566406,0.397904449116812
C1-simple,GA,59,2,30.847350722372536,83.06611511175232,0.05258584022521973,0.484225422434503
C1-simple,GA,59,3,30.847350722372536,83.06611511175232,0.054277896881103516,0.4967669044524649
C1-simple,GA,59,4,34.78856027257616,93.67905493270831,0.056488037109375,0.48107082138771096
C1-simple,GA,59,5,36.494417296971804,98.2726086913839,0.05675625801086426,0.45388896184599226
C1-simple,GA,59,6,37.13589941571647,100.0,0.05709505081176758,0.4218572026100981
C1-simple,GA,59,7,37.13589941571647,100.0,0.05724620819091797,0.40909794716445796
C1-simple,GA,59,8,37.13589941571647,100.0,0.057758331298828125,0.389454494791663
C1-simple,GA,59,9,37.13589941571647,100.0,0.05946683883666992,0.37355985043028167
C1-simple,GA,59,10,37.13589941571647,100.0,0.06015920639038086,0.35992899070265966
C1-simple,GA,59,11,37.13589941571647,100.0,0.06102705001831055,0.34691049820582937
C1-simple,GA,59,12,37.13589941571647,100.0,0.06195688247680664,0.3325008522570445
C1-simple,GA,59,13,37.13589941571647,100.0,0.060621023178100586,0.3205318389217157
C1-simple,GA,59,14,37.13589941571647,100.0,0.061611175537109375,0.31411677934970184
C1-simple,GA,59,15,37.13589941571647,100.0,0.06294798851013184,0.3109354574200892
C1-simple,GA,59,16,37.13589941571647,100.0,0.06394195556640625,0.30250030854279664
C1-simple,GA,59,17,37.13589941571647,100.0,0.0656731128692627,0.2965469823949121
C1-simple,GA,59,18,37.13589941571647,100.0,0.06546521186828613,0.2898181140807902
C1-simple,GA,59,19,37.13589941571647,100.0,0.06663823127746582,0.2850090031083519
C1-simple,Random,59,-1,0.10194113984466924,0.27448033223313134,0.0,0.0
C1-simple,Random,59,0,7.468174618809293,20.110368686691142,0.03475308418273926,0.5534758821196191
C1-simple,Random,59,1,36.75915123763281,98.98548765531888,0.03512978553771973,0.49254204922373834
C1-simple,Random,59,2,36.75915123763281,98.98548765531888,0.03597116470336914,0.4578068596627364
C1-simple,Random,59,3,36.75915123763281,98.98548765531888,0.035436153411865234,0.45924053785883795
C1-simple,Random,59,4,36.75915123763281,98.98548765531888,0.03551626205444336,0.4816620869138759
C1-simple,Random,59,5,36.75915123763281,98.98548765531888,0.035762786865234375,0.49274014063483307
C1-simple,Random,59,6,36.75915123763281,98.98548765531888,0.03608894348144531,0.4947435125091315
C1-simple,Random,59,7,36.75915123763281,98.98548765531888,0.03661370277404785,0.4927520821185243
C1-simple,Random,59,8,36.75915123763281,98.98548765531888,0.0385441780090332,0.4899395279367924
C1-simple,Random,59,9,36.75915123763281,98.98548765531888,0.038796186447143555,0.5022925651826494
C1-simple,Random,59,10,36.75915123763281,98.98548765531888,0.03834080696105957,0.5084474108188181
C1-simple,Random,59,11,36.75915123763281,98.98548765531888,0.03892827033996582,0.5169221638438338
C1-simple,Random,59,12,36.75915123763281,98.98548765531888,0.03876686096191406,0.5155539784679642
C1-simple,Random,59,13,36.75915123763281,98.98548765531888,0.039952993392944336,0.5102096776190709
C1-simple,Random,59,14,36.75915123763281,98.98548765531888,0.04022669792175293,0.5085460149883791
C1-simple,Random,59,15,36.75915123763281,98.98548765531888,0.04075813293457031,0.5071892599023944
C1-simple,Random,59,16,36.75915123763281,98.98548765531888,0.04430818557739258,0.5073274483296059
C1-simple,Random,59,17,36.75915123763281,98.98548765531888,0.042611122131347656,0.5024926895385418
C1-simple,Random,59,18,36.75915123763281,98.98548765531888,0.04351496696472168,0.5032497106370879
C1-simple,Random,59,19,36.75915123763281,98.98548765531888,0.042652130126953125,0.4992777889674307
C1-simple,GLOSS,61,-1,0.0853492516979142,0.22980148220638094,0.0,0.0
C1-simple,GLOSS,61,0,0.34189138461281976,0.9206214407708566,0.10510897636413574,0.29572474922975855
C1-simple,GLOSS,61,1,32.760909622715914,88.21897115619932,0.11535000801086426,0.4485903109527179
C1-simple,GLOSS,61,2,36.761987020156404,98.99312388700989,0.11359190940856934,0.4204437582157178
C1-simple,GLOSS,61,3,36.761987020156404,98.99312388700989,0.11625885963439941,0.4191793512990177
C1-simple,GLOSS,61,4,36.86581311847446,99.27270814135062,0.11644291877746582,0.4098385438373269
C1-simple,GLOSS,61,5,36.86581311847446,99.27270814135062,0.11658120155334473,0.41205197460798726
C1-simple,GLOSS,61,6,37.13589941571647,100.0,0.13157105445861816,0.3786677921392922
C1-simple,GLOSS,61,7,37.13589941571647,100.0,0.13300108909606934,0.34933584378493804
C1-simple,GLOSS,61,8,37.13589941571647,100.0,0.12550711631774902,0.3444762884119938
C1-simple,GLOSS,61,9,37.13589941571647,100.0,0.12288594245910645,0.3458804702568907
C1-simple,GLOSS,61,10,37.13589941571647,100.0,0.13812685012817383,0.3251126931431819
C1-simple,GLOSS,61,11,37.13589941571647,100.0,0.12394118309020996,0.31525883406771976
C1-simple,GLOSS,61,12,37.13589941571647,100.0,0.12358379364013672,0.3204415216086834
C1-simple,GLOSS,61,13,37.13589941571647,100.0,0.1386401653289795,0.3047728761769915
C1-simple,GLOSS,61,14,37.13589941571647,100.0,0.12662076950073242,0.3048459613468692
C1-simple,GLOSS,61,15,37.13589941571647,100.0,0.1419541835784912,0.2924694012029166
C1-simple,GLOSS,61,16,37.13589941571647,100.0,0.14474105834960938,0.28162202731080466
C1-simple,GLOSS,61,17,37.13589941571647,100.0,0.12835311889648438,0.27685593181334955
C1-simple,GLOSS,61,18,37.13589941571647,100.0,0.13523125648498535,0.2792301561209616
C1-simple,GLOSS,61,19,37.13589941571647,100.0,0.15074610710144043,0.27409383050210706
C1-simple,UCB-BO,61,-1,0.0853492516979142,0.22980148220638094,0.0,0.0
C1-simple,UCB-BO,61,0,0.0853492516979142,0.22980148220638094,0.04387092590332031,0.08381900601254569
C1-simple,UCB-BO,61,1,0.08809721999331263,0.2372012466130849,0.045187950134277344,0.5204184142625591
C1-simple,UCB-BO,61,2,0.08883498034070826,0.23918789717542124,0.0462188720703125,0.5195327584878865
C1-simple,UCB-BO,61,3,0.08883498034070826,0.23918789717542124,0.049105167388916016,0.4837362935429726
C1-simple,UCB-BO,61,4,0.08883498034070826,0.23918789717542124,0.049334049224853516,0.5056587731525217
C1-simple,UCB-BO,61,5,0.22328706815145236,0.6012422103401687,0.04930710792541504,0.47600501523249805
C1-simple,UCB-BO,61,6,0.22328706815145236,0.6012422103401687,0.047882080078125,0.5236825465679698
C1-simple,UCB-BO,61,7,0.4223407484890174,1.1372565236245868,0.05039381980895996,0.49548584037697885
C1-simple,UCB-BO,61,8,0.5034717969456315,1.3557272554933408,0.05151486396789551,0.4745432901331629
C1-simple,UCB-BO,61,9,0.5034717969456315,1.3557272554933408,0.05234408378601074,0.4698606290702592
C1-simple,UCB-BO,61,10,0.5034717969456315,1.3557272554933408,0.053308963775634766,0.45361317992512107
C1-simple,UCB-BO,61,11,0.5034717969456315,1.3557272554933408,0.05446600914001465,0.43535433599371215
C1-simple,UCB-BO,61,12,34.04362075476162,91.67307220783411,0.05485796928405762,0.43377629926801103
C1-simple,UCB-BO,61,13,34.04362075476162,91.67307220783411,0.0569760799407959,0.4796809065433209
C1-simple,UCB-BO,61,14,35.497327383477966,95.5876321345181,0.0572659969329834,0.4964172764083124
C1-simple,UCB-BO,61,15,35.497327383477966,95.5876321345181,0.05803203582763672,0.5129970802478319
C1-simple,UCB-BO,61,16,35.497327383477966,95.5876321345181,0.059188127517700195,0.5235571717901792
C1-simple,UCB-BO,61,17,35.497327383477966,95.5876321345181,0.06053900718688965,0.52480806086271
C1-simple,UCB-BO,61,18,35.497327383477966,95.5876321345181,0.06175398826599121,0.5248432631147367
C1-simple,UCB-BO,61,19,35.497327383477966,95.5876321345181,0.06254196166992188,0.5251478466400515
C1-simple,BO(EI),61,-1,0.0853492516979142,0.22980148220638094,0.0,0.0
C1-simple,BO(EI),61,0,0.17659314053557948,0.4755042008588585,0.04507184028625488,0.22089832492297032
C1-simple,BO(EI),61,1,0.23969523659651096,0.6454263375887486,0.0444188117980957,0.2388531310362203
C1-simple,BO(EI),61,2,0.5762960369126773,1.5518293065089188,0.0464320182800293,0.35559154615135313
C1-simple,BO(EI),61,3,35.85684131576525,96.55573588022305,0.04792380332946777,0.44435380278796727
C1-simple,BO(EI),61,4,35.947108164903604,96.79880761379356,0.05169320106506348,0.49189469425158006
C1-simple,BO(EI),61,5,36.23213516496949,97.56633198937277,0.052100181579589844,0.467836246236396
C1-simple,BO(EI),61,6,36.23213516496949,97.56633198937277,0.05300188064575195,0.4330285899156106
C1-simple,BO(EI),61,7,36.23213516496949,97.56633198937277,0.053871870040893555,0.4152637709241591
C1-simple,BO(EI),61,8,36.23213516496949,97.56633198937277,0.05405735969543457,0.3938811917004484
C1-simple,BO(EI),61,9,36.23213516496949,97.56633198937277,0.053690195083618164,0.3771217163658272
C1-simple,BO(EI),61,10,36.70856683598647,98.84927332727737,0.05452895164489746,0.3571442100589405
C1-simple,BO(EI),61,11,36.70856683598647,98.84927332727737,0.055367231369018555,0.34091054734892096
C1-simple,BO(EI),61,12,36.70856683598647,98.84927332727737,0.05616307258605957,0.33038857998625326
C1-simple,BO(EI),61,13,36.70856683598647,98.84927332727737,0.05795097351074219,0.3174012427221615
C1-simple,BO(EI),61,14,36.70856683598647,98.84927332727737,0.059023141860961914,0.3074205627317793
C1-simple,BO(EI),61,15,36.70856683598647,98.84927332727737,0.05940818786621094,0.3029657927233667
C1-simple,BO(EI),61,16,36.75915123763281,98.98548765531888,0.05976414680480957,0.2952549060413732
C1-simple,BO(EI),61,17,37.13589941571647,100.0,0.059964895248413086,0.28630103800588946
C1-simple,BO(EI),61,18,37.13589941571647,100.0,0.06104612350463867,0.2775630635860487
C1-simple,BO(EI),61,19,37.13589941571647,100.0,0.06121397018432617,0.2709480502164057
C1-simple,GA,61,-1,0.0853492516979142,0.22980148220638094,0.0,0.0
C1-simple,GA,61,0,4.023191526175706,10.833673859733231,0.04686713218688965,0.4580100891296058
C1-simple,GA,61,1,16.763956189619954,45.14216898633979,0.049269914627075195,0.6199886033425536
C1-simple,GA,61,2,26.033624805072105,70.10365198358748,0.0514528751373291,0.5631062785839924
C1-simple,GA,61,3,34.136151624372715,91.92224052488352,0.053186893463134766,0.5418600445808677
C1-simple,GA,61,4,34.24853742490037,92.22487445554279,0.054841041564941406,0.49325885755232257
C1-simple,GA,61,5,34.24853742490037,92.22487445554279,0.05606412887573242,0.4586354317845353
C1-simple,GA,61,6,35.805286773878564,96.41690914605152,0.05646395683288574,0.43248548200897036
C1-simple,GA,61,7,35.805286773878564,96.41690914605152,0.05762314796447754,0.41839760209325005
C1-simple,GA,61,8,35.84276823183981,96.51783969863375,0.05837893486022949,0.3977367918125314
C1-simple,GA,61,9,36.494417296971804,98.2726086913839,0.05856490135192871,0.3753051406128801
C1-simple,GA,61,10,36.70856683598647,98.84927332727737,0.05871891975402832,0.35873477713493984
C1-simple,GA,61,11,36.997931520629706,99.62847827573539,0.061276912689208984,0.3517129835951582
C1-simple,GA,61,12,36.997931520629706,99.62847827573539,0.0609889030456543,0.33826622546007634
C1-simple,GA,61,13,36.997931520629706,99.62847827573539,0.0609738826751709,0.32846239180719355
C1-simple,GA,61,14,36.997931520629706,99.62847827573539,0.06255698204040527,0.32133615216415656
C1-simple,GA,61,15,36.997931520629706,99.62847827573539,0.06355619430541992,0.31353796018680974
C1-simple,GA,61,16,36.997931520629706,99.62847827573539,0.06380009651184082,0.3049336615788439
C1-simple,GA,61,17,36.997931520629706,99.62847827573539,0.06395983695983887,0.2955182414329086
C1-simple,GA,61,18,36.997931520629706,99.62847827573539,0.06449484825134277,0.28791761915791736
C1-simple,GA,61,19,36.99921112258372,99.63192400435238,0.06543731689453125,0.28831744421917027
C1-simple,Random,61,-1,0.0853492516979142,0.22980148220638094,0.0,0.0
C1-simple,Random,61,0,23.600493635011375,63.551685041608316,0.03460192680358887,0.4264416115341823
C1-simple,Random,61,1,23.600493635011375,63.551685041608316,0.034590959548950195,0.5457100437342005
C1-simple,Random,61,2,23.600493635011375,63.551685041608316,0.03465104103088379,0.5088964081572105
C1-simple,Random,61,3,36.23213516496949,97.56633198937277,0.03492593765258789,0.4930494742221338
C1-simple,Random,61,4,36.23213516496949,97.56633198937277,0.035292863845825195,0.5165854237008096
C1-simple,Random,61,5,36.23213516496949,97.56633198937277,0.0355989933013916,0.5273481190249588
C1-simple,Random,61,6,36.23213516496949,97.56633198937277,0.035988807678222656,0.5362003100129378
C1-simple,Random,61,7,36.23213516496949,97.56633198937277,0.03640484809875488,0.5264423165069644
C1-simple,Random,61,8,36.23213516496949,97.56633198937277,0.03701615333557129,0.5305537438159456
C1-simple,Random,61,9,36.23213516496949,97.56633198937277,0.037423133850097656,0.5187558129285541
C1-simple,Random,61,10,36.23213516496949,97.56633198937277,0.03767991065979004,0.5295315457121509
C1-simple,Random,61,11,36.23213516496949,97.56633198937277,0.038359880447387695,0.5261782321108329
C1-simple,Random,61,12,36.23213516496949,97.56633198937277,0.038254737854003906,0.5271032504408618
C1-simple,Random,61,13,36.23213516496949,97.56633198937277,0.039106130599975586,0.5347011713514178
C1-simple,Random,61,14,36.23213516496949,97.56633198937277,0.03915095329284668,0.5298432034400177
C1-simple,Random,61,15,36.23213516496949,97.56633198937277,0.039463043212890625,0.529898083368104
C1-simple,Random,61,16,36.23213516496949,97.56633198937277,0.03984498977661133,0.5350937466009658
C1-simple,Random,61,17,36.23213516496949,97.56633198937277,0.0402219295501709,0.5307335654214743
C1-simple,Random,61,18,36.23213516496949,97.56633198937277,0.04067397117614746,0.5281224189486334
C1-simple,Random,61,19,36.23213516496949,97.56633198937277,0.041059017181396484,0.530342908387988
C1-simple,GLOSS,67,-1,0.08809721999331263,0.2372012466130849,0.0,0.0
C1-simple,GLOSS,67,0,24.76972347881409,66.70020221915927,0.10929417610168457,0.5040326136181997
C1-simple,GLOSS,67,1,24.76972347881409,66.70020221915927,0.10798478126525879,0.5596683350341003
C1-simple,GLOSS,67,2,35.805286773878564,96.41690914605152,0.11053609848022461,0.47674141167725836
C1-simple,GLOSS,67,3,35.98463651085706,96.8998644269649,0.11765599250793457,0.452636623599911
C1-simple,GLOSS,67,4,36.99921112258372,99.63192400435238,0.11515283584594727,0.42128919238717377
C1-simple,GLOSS,67,5,36.99921112258372,99.63192400435238,0.11769700050354004,0.4375668228815167
C1-simple,GLOSS,67,6,37.11744350056833,99.95030167406405,0.1310262680053711,0.3970821780664597
C1-simple,GLOSS,67,7,37.13589941571647,100.0,0.1288928985595703,0.3852395514910707
C1-simple,GLOSS,67,8,37.13589941571647,100.0,0.12486696243286133,0.37444440192858414
C1-simple,GLOSS,67,9,37.13589941571647,100.0,0.12549805641174316,0.374187398275553
C1-simple,GLOSS,67,10,37.13589941571647,100.0,0.14043474197387695,0.3533271215728411
C1-simple,GLOSS,67,11,37.13589941571647,100.0,0.14131689071655273,0.3370995989818737
C1-simple,GLOSS,67,12,37.13589941571647,100.0,0.12751507759094238,0.32973050731364406
C1-simple,GLOSS,67,13,37.13589941571647,100.0,0.12886619567871094,0.3232182517392611
C1-simple,GLOSS,67,14,37.13589941571647,100.0,0.12951302528381348,0.3192998218082915
C1-simple,GLOSS,67,15,37.13589941571647,100.0,0.14515995979309082,0.30893902861299233
C1-simple,GLOSS,67,16,37.13589941571647,100.0,0.12930774688720703,0.3159841786708316
C1-simple,GLOSS,67,17,37.13589941571647,100.0,0.12687897682189941,0.31797255314888784
C1-simple,GLOSS,67,18,37.13589941571647,100.0,0.14490890502929688,0.307435167668495
C1-simple,GLOSS,67,19,37.13589941571647,100.0,0.1450798511505127,0.2987060583263762
C1-simple,UCB-BO,67,-1,0.08809721999331263,0.2372012466130849,0.0,0.0
C1-simple,UCB-BO,67,0,0.08809721999331263,0.2372012466130849,0.04377293586730957,0.03602849235856296
C1-simple,UCB-BO,67,1,0.08809721999331263,0.2372012466130849,0.04411816596984863,0.2361860079248442
C1-simple,UCB-BO,67,2,0.09687342520603691,0.2608339250059886,0.04555702209472656,0.2915036051049376
C1-simple,UCB-BO,67,3,0.15153912739431075,0.4080384316946719,0.04757976531982422,0.2722702764704828
C1-simple,UCB-BO,67,4,28.84436112162423,77.67243892580984,0.04775094985961914,0.43012713273695213
C1-simple,UCB-BO,67,5,35.65634853567901,96.01584634060659,0.050286054611206055,0.5073449510186641
C1-simple,UCB-BO,67,6,35.65634853567901,96.01584634060659,0.049918174743652344,0.5794506367832456
C1-simple,UCB-BO,67,7,35.98463651085706,96.8998644269649,0.050595998764038086,0.5763460164894164
C1-simple,UCB-BO,67,8,36.99921112258372,99.63192400435238,0.051216840744018555,0.5592049486378611
C1-simple,UCB-BO,67,9,36.99921112258372,99.63192400435238,0.05220198631286621,0.5353525747006092
C1-simple,UCB-BO,67,10,36.99921112258372,99.63192400435238,0.0531010627746582,0.5206708294610878
C1-simple,UCB-BO,67,11,36.99921112258372,99.63192400435238,0.05393171310424805,0.5137385825398696
C1-simple,UCB-BO,67,12,36.99921112258372,99.63192400435238,0.05470108985900879,0.4958267254537681
C1-simple,UCB-BO,67,13,36.99921112258372,99.63192400435238,0.0559999942779541,0.47930669231520695
C1-simple,UCB-BO,67,14,37.13589941571647,100.0,0.05558013916015625,0.46137529853642495
C1-simple,UCB-BO,67,15,37.13589941571647,100.0,0.056472063064575195,0.4484640707151241
C1-simple,UCB-BO,67,16,37.13589941571647,100.0,0.057798147201538086,0.4325205629158303
C1-simple,UCB-BO,67,17,37.13589941571647,100.0,0.05819392204284668,0.41922878208236053
C1-simple,UCB-BO,67,18,37.13589941571647,100.0,0.05897378921508789,0.4085757083220542
C1-simple,UCB-BO,67,19,37.13589941571647,100.0,0.05877113342285156,0.39614000765178853
C1-simple,BO(EI),67,-1,0.08809721999331263,0.2372012466130849,0.0,0.0
C1-simple,BO(EI),67,0,0.08809721999331263,0.2372012466130849,0.04298591613769531,0.12448041822367327
C1-simple,BO(EI),67,1,0.10112597671714149,0.27228525046787294,0.04462909698486328,0.1589432170478503
C1-simple,BO(EI),67,2,0.10585641357615576,0.285023431747515,0.04470705986022949,0.20730221312984118
C1-simple,BO(EI),67,3,0.10799462829925523,0.29078124388398574,0.04669809341430664,0.21461181967504472
C1-simple,BO(EI),67,4,0.15104821061308663,0.4067164846655017,0.04888606071472168,0.18621738455129155
C1-simple,BO(EI),67,5,31.74406325684801,85.48079417001084,0.04836702346801758,0.3792278104422216
C1-simple,BO(EI),67,6,31.74406325684801,85.48079417001084,0.05042004585266113,0.451211027624053
C1-simple,BO(EI),67,7,31.74406325684801,85.48079417001084,0.05236101150512695,0.4860798060553462
C1-simple,BO(EI),67,8,33.814013257938505,91.05478218412853,0.05216193199157715,0.5089350963874786
C1-simple,BO(EI),67,9,33.814013257938505,91.05478218412853,0.05254030227661133,0.5194193735656
C1-simple,BO(EI),67,10,37.11744350056833,99.95030167406405,0.053468942642211914,0.5099558224897286
C1-simple,BO(EI),67,11,37.11744350056833,99.95030167406405,0.053502798080444336,0.49692769984624763
C1-simple,BO(EI),67,12,37.11744350056833,99.95030167406405,0.05400204658508301,0.48450482678617846
C1-simple,BO(EI),67,13,37.13589941571647,100.0,0.05537009239196777,0.4693572061780277
C1-simple,BO(EI),67,14,37.13589941571647,100.0,0.05510091781616211,0.46505868137215944
C1-simple,BO(EI),67,15,37.13589941571647,100.0,0.05627894401550293,0.4517397907621817
C1-simple,BO(EI),67,16,37.13589941571647,100.0,0.056935787200927734,0.4385929981741796
C1-simple,BO(EI),67,17,37.13589941571647,100.0,0.057582855224609375,0.427915960751268
C1-simple,BO(EI),67,18,37.13589941571647,100.0,0.05843496322631836,0.4198089826103226
C1-simple,BO(EI),67,19,37.13589941571647,100.0,0.058480024337768555,0.4220591459205801
C1-simple,GA,67,-1,0.08809721999331263,0.2372012466130849,0.0,0.0
C1-simple,GA,67,0,18.10356284616772,48.7494790388994,0.04630875587463379,0.45726322607406755
C1-simple,GA,67,1,28.110549390799736,75.69642124901577,0.049317121505737305,0.6578815953981044
C1-simple,GA,67,2,29.39595467359143,79.1577771444673,0.05048704147338867,0.5895980807260521
C1-simple,GA,67,3,33.14410590636815,89.25084704257664,0.05141615867614746,0.5660061913450425
C1-simple,GA,67,4,33.14410590636815,89.25084704257664,0.052002906799316406,0.5334481359076749
C1-simple,GA,67,5,34.65007041562002,93.30612766280144,0.05337715148925781,0.4860997423504023
C1-simple,GA,67,6,34.65007041562002,93.30612766280144,0.05396604537963867,0.45202852187106884
C1-simple,GA,67,7,36.761987020156404,98.99312388700989,0.056365013122558594,0.42645559218232965
C1-simple,GA,67,8,36.761987020156404,98.99312388700989,0.05797600746154785,0.40101865653631125
C1-simple,GA,67,9,36.761987020156404,98.99312388700989,0.05853986740112305,0.380080986571778
C1-simple,GA,67,10,36.761987020156404,98.99312388700989,0.059044837951660156,0.361552809916188
C1-simple,GA,67,11,36.761987020156404,98.99312388700989,0.0607759952545166,0.3455794385136727
C1-simple,GA,67,12,36.761987020156404,98.99312388700989,0.06132030487060547,0.3322151924303436
C1-simple,GA,67,13,36.98204391598307,99.5856959293856,0.06155681610107422,0.3187754290523445
C1-simple,GA,67,14,36.98204391598307,99.5856959293856,0.0625460147857666,0.308569750155334
C1-simple,GA,67,15,36.98204391598307,99.5856959293856,0.06321191787719727,0.3083978272667418
C1-simple,GA,67,16,36.98204391598307,99.5856959293856,0.06375288963317871,0.3003687389973576
C1-simple,GA,67,17,36.98204391598307,99.5856959293856,0.06499004364013672,0.2957168999693983
C1-simple,GA,67,18,36.98204391598307,99.5856959293856,0.06548094749450684,0.29437645632294207
C1-simple,GA,67,19,36.98204391598307,99.5856959293856,0.06540918350219727,0.29241774443165724
C1-simple,Random,67,-1,0.08809721999331263,0.2372012466130849,0.0,0.0
C1-simple,Random,67,0,23.856329174503514,64.24060227630638,0.03425192832946777,0.4970923125048616
C1-simple,Random,67,1,23.856329174503514,64.24060227630638,0.034448862075805664,0.585267007886715
C1-simple,Random,67,2,27.816703769562057,74.90514997680296,0.035104990005493164,0.5379154549415127
C1-simple,Random,67,3,27.816703769562057,74.90514997680296,0.03501296043395996,0.5758036772414024
C1-simple,Random,67,4,27.816703769562057,74.90514997680296,0.035362958908081055,0.5725222220335762
C1-simple,Random,67,5,27.816703769562057,74.90514997680296,0.03567790985107422,0.5706364279144394
C1-simple,Random,67,6,27.816703769562057,74.90514997680296,0.03602480888366699,0.5710325171849416
C1-simple,Random,67,7,27.816703769562057,74.90514997680296,0.03650093078613281,0.5621587202712227
C1-simple,Random,67,8,27.816703769562057,74.90514997680296,0.03689098358154297,0.5471399173388547
C1-simple,Random,67,9,27.816703769562057,74.90514997680296,0.037156105041503906,0.5406070463671815
C1-simple,Random,67,10,27.816703769562057,74.90514997680296,0.03748297691345215,0.5378594425205707
C1-simple,Random,67,11,27.816703769562057,74.90514997680296,0.03820681571960449,0.5410509051286339
C1-simple,Random,67,12,35.15178469096702,94.65715032316649,0.03843188285827637,0.5479188120181199
C1-simple,Random,67,13,36.23213516496949,97.56633198937277,0.03882122039794922,0.5442515868884756
C1-simple,Random,67,14,36.23213516496949,97.56633198937277,0.0388948917388916,0.5405973762934116
C1-simple,Random,67,15,36.23213516496949,97.56633198937277,0.039381980895996094,0.5406181977287515
C1-simple,Random,67,16,36.23213516496949,97.56633198937277,0.04018402099609375,0.5358701944728349
C1-simple,Random,67,17,36.23213516496949,97.56633198937277,0.04023313522338867,0.5356507839337441
C1-simple,Random,67,18,36.23213516496949,97.56633198937277,0.041066884994506836,0.5348102000002536
C1-simple,Random,67,19,36.23213516496949,97.56633198937277,0.04150819778442383,0.5326210323892788
C2-moderate,GLOSS,47,-1,0.07117995206277469,0.28188305278592934,0.0,0.0
C2-moderate,GLOSS,47,0,0.1864602695356919,0.7384560252739721,0.17086195945739746,0.4049346992302302
C2-moderate,GLOSS,47,1,5.504013647678514,21.79886950646409,0.17169785499572754,0.30666124455546445
C2-moderate,GLOSS,47,2,8.977406788630184,35.55540198093831,0.17750334739685059,0.3517134955843457
C2-moderate,GLOSS,47,3,18.684143612232045,73.99937734344732,0.18245983123779297,0.39323279359872987
C2-moderate,GLOSS,47,4,18.684143612232045,73.99937734344732,0.20221996307373047,0.39385802532108255
C2-moderate,GLOSS,47,5,24.01978313257028,95.13142181841,0.2051403522491455,0.36979690507499824
C2-moderate,GLOSS,47,6,25.14724085772647,99.59676973046882,0.1932690143585205,0.36091368282095676
C2-moderate,GLOSS,47,7,25.22145410066646,99.89069467507221,0.20148205757141113,0.3692350849669061
C2-moderate,GLOSS,47,8,25.22145410066646,99.89069467507221,0.2001960277557373,0.37190018283879767
C2-moderate,GLOSS,47,9,25.249052651869544,100.0,0.23093676567077637,0.3606767637924522
C2-moderate,GLOSS,47,10,25.249052651869544,100.0,0.24251604080200195,0.34049938769567845
C2-moderate,GLOSS,47,11,25.249052651869544,100.0,0.21066594123840332,0.3409437589241166
C2-moderate,GLOSS,47,12,25.249052651869544,100.0,0.2428426742553711,0.3244577823751795
C2-moderate,GLOSS,47,13,25.249052651869544,100.0,0.20696091651916504,0.3210081513785287
C2-moderate,GLOSS,47,14,25.249052651869544,100.0,0.23911380767822266,0.3083348347007917
C2-moderate,GLOSS,47,15,25.249052651869544,100.0,0.21377897262573242,0.30254307536847463
C2-moderate,GLOSS,47,16,25.249052651869544,100.0,0.2170720100402832,0.30729238688799465
C2-moderate,GLOSS,47,17,25.249052651869544,100.0,0.24775099754333496,0.2962760807317007
C2-moderate,GLOSS,47,18,25.249052651869544,100.0,0.2155320644378662,0.29303004643131914
C2-moderate,GLOSS,47,19,25.249052651869544,100.0,0.24922609329223633,0.28340358611606303
C2-moderate,UCB-BO,47,-1,0.07117995206277469,0.28188305278592934,0.0,0.0
C2-moderate,UCB-BO,47,0,0.1864602695356919,0.7384560252739721,0.059378862380981445,0.20476021602599118
C2-moderate,UCB-BO,47,1,0.6977560302641794,2.7634662821305573,0.06340599060058594,0.2266785681815266
C2-moderate,UCB-BO,47,2,1.8043128648791256,7.146035260792487,0.06358194351196289,0.19251086110000998
C2-moderate,UCB-BO,47,3,1.8043128648791256,7.146035260792487,0.06452822685241699,0.34998454189801925
C2-moderate,UCB-BO,47,4,17.71423924907022,70.15802673108497,0.06864190101623535,0.4203960891928023
C2-moderate,UCB-BO,47,5,17.71423924907022,70.15802673108497,0.07235980033874512,0.4379699144172976
C2-moderate,UCB-BO,47,6,17.71423924907022,70.15802673108497,0.07580995559692383,0.4472815513904378
C2-moderate,UCB-BO,47,7,17.71423924907022,70.15802673108497,0.07525992393493652,0.4423717581132548
C2-moderate,UCB-BO,47,8,17.71423924907022,70.15802673108497,0.07615399360656738,0.4255882024645842
C2-moderate,UCB-BO,47,9,19.26148699325596,76.28597222277105,0.07527518272399902,0.43937370975124
C2-moderate,UCB-BO,47,10,20.19329131601077,79.97642588167358,0.07706403732299805,0.43122688845121177
C2-moderate,UCB-BO,47,11,20.19329131601077,79.97642588167358,0.07953405380249023,0.4162888314524257
C2-moderate,UCB-BO,47,12,20.19329131601077,79.97642588167358,0.07875800132751465,0.4010964510200747
C2-moderate,UCB-BO,47,13,20.276836341457027,80.30730977790806,0.08085107803344727,0.38543837438036027
C2-moderate,UCB-BO,47,14,22.20277035350846,87.93505956186164,0.08040189743041992,0.3719967416141712
C2-moderate,UCB-BO,47,15,22.969374565586072,90.97123062300014,0.08228206634521484,0.35966769041623653
C2-moderate,UCB-BO,47,16,23.86100290794195,94.50256547311145,0.08112311363220215,0.3477867601057597
C2-moderate,UCB-BO,47,17,23.86100290794195,94.50256547311145,0.0819551944732666,0.33966636776519243
C2-moderate,UCB-BO,47,18,23.86100290794195,94.50256547311145,0.08252906799316406,0.3292170317210202
C2-moderate,UCB-BO,47,19,23.86100290794195,94.50256547311145,0.08426403999328613,0.322501406501571
C2-moderate,BO(EI),47,-1,0.07117995206277469,0.28188305278592934,0.0,0.0
C2-moderate,BO(EI),47,0,0.07117995206277469,0.28188305278592934,0.058319091796875,0.02726079310153377
C2-moderate,BO(EI),47,1,0.11908851737934753,0.4716271179804411,0.06096196174621582,0.13374955050374743
C2-moderate,BO(EI),47,2,0.11908851737934753,0.4716271179804411,0.060929059982299805,0.40210032910431287
C2-moderate,BO(EI),47,3,0.13088340293326794,0.5183413019414184,0.06232905387878418,0.35657750088104606
C2-moderate,BO(EI),47,4,4.733890037220634,18.748759706995653,0.06416606903076172,0.5335009754747569
C2-moderate,BO(EI),47,5,6.0493122369978725,23.958549521897485,0.06699800491333008,0.5970327952944914
C2-moderate,BO(EI),47,6,12.808650929657373,50.72921971619162,0.06919217109680176,0.5934420426777155
C2-moderate,BO(EI),47,7,12.808650929657373,50.72921971619162,0.06942892074584961,0.5922238984461241
C2-moderate,BO(EI),47,8,12.808650929657373,50.72921971619162,0.07053184509277344,0.5945424071777522
C2-moderate,BO(EI),47,9,15.187691041908868,60.15151694376591,0.07320189476013184,0.5716716534122579
C2-moderate,BO(EI),47,10,15.187691041908868,60.15151694376591,0.07447290420532227,0.5627129363045472
C2-moderate,BO(EI),47,11,15.187691041908868,60.15151694376591,0.07436990737915039,0.5452319120843814
C2-moderate,BO(EI),47,12,15.187691041908868,60.15151694376591,0.07542800903320312,0.5317507814536908
C2-moderate,BO(EI),47,13,15.187691041908868,60.15151694376591,0.07643294334411621,0.5089437236670127
C2-moderate,BO(EI),47,14,15.323440132719696,60.68915742969371,0.07923197746276855,0.48907852393124146
C2-moderate,BO(EI),47,15,15.323440132719696,60.68915742969371,0.07952475547790527,0.4716265595235334
C2-moderate,BO(EI),47,16,15.570708933697944,61.668476830793686,0.08002305030822754,0.45449210309556437
C2-moderate,BO(EI),47,17,15.570708933697944,61.668476830793686,0.08061790466308594,0.43848875847121804
C2-moderate,BO(EI),47,18,15.570708933697944,61.668476830793686,0.08084297180175781,0.4245303011782973
C2-moderate,BO(EI),47,19,15.570708933697944,61.668476830793686,0.08292984962463379,0.4105704431631591
C2-moderate,GA,47,-1,0.07117995206277469,0.28188305278592934,0.0,0.0
C2-moderate,GA,47,0,9.502348788609845,37.63445879279034,0.06658005714416504,0.4111757161783168
C2-moderate,GA,47,1,16.703029456536314,66.15308407559057,0.07125496864318848,0.3830159899230781
C2-moderate,GA,47,2,19.745002530243223,78.20095763229935,0.07341599464416504,0.35122177422780715
C2-moderate,GA,47,3,19.745002530243223,78.20095763229935,0.07631587982177734,0.32653559015614975
C2-moderate,GA,47,4,19.745002530243223,78.20095763229935,0.08172488212585449,0.2932180158266876
C2-moderate,GA,47,5,24.544987529517933,97.21151786546083,0.07955574989318848,0.27309987824222953
C2-moderate,GA,47,6,24.544987529517933,97.21151786546083,0.08016419410705566,0.27274933826929215
C2-moderate,GA,47,7,24.544987529517933,97.21151786546083,0.08131909370422363,0.28781420094563637
C2-moderate,GA,47,8,24.544987529517933,97.21151786546083,0.0819239616394043,0.28300507374390105
C2-moderate,GA,47,9,24.544987529517933,97.21151786546083,0.08315277099609375,0.29060733037020886
C2-moderate,GA,47,10,24.544987529517933,97.21151786546083,0.08517289161682129,0.2879756942574965
C2-moderate,GA,47,11,25.00309352741981,99.02586763272096,0.08629083633422852,0.2811004011984382
C2-moderate,GA,47,12,25.00309352741981,99.02586763272096,0.08881688117980957,0.2800428666177045
C2-moderate,GA,47,13,25.00309352741981,99.02586763272096,0.09087085723876953,0.28373645493445365
C2-moderate,GA,47,14,25.00309352741981,99.02586763272096,0.08903098106384277,0.2800793602534965
C2-moderate,GA,47,15,25.00309352741981,99.02586763272096,0.09231019020080566,0.2793134765614188
C2-moderate,GA,47,16,25.00309352741981,99.02586763272096,0.0925130844116211,0.2822082407196411
C2-moderate,GA,47,17,25.00309352741981,99.02586763272096,0.09348416328430176,0.28406916661822673
C2-moderate,GA,47,18,25.22145410066646,99.89069467507221,0.09526705741882324,0.2845418436514711
C2-moderate,GA,47,19,25.22145410066646,99.89069467507221,0.09387707710266113,0.2859884454245027
C2-moderate,Random,47,-1,0.07117995206277469,0.28188305278592934,0.0,0.0
C2-moderate,Random,47,0,4.668160279503428,18.4884339938147,0.042748212814331055,0.5627901458702141
C2-moderate,Random,47,1,9.83435726614038,38.949393560496524,0.04286503791809082,0.5323021036259019
C2-moderate,Random,47,2,9.83435726614038,38.949393560496524,0.043107032775878906,0.531952575616374
C2-moderate,Random,47,3,12.336977922080532,48.861137186298116,0.04315495491027832,0.530252565187768
C2-moderate,Random,47,4,12.336977922080532,48.861137186298116,0.04325127601623535,0.5259872006179502
C2-moderate,Random,47,5,12.336977922080532,48.861137186298116,0.04364800453186035,0.5401109526918091
C2-moderate,Random,47,6,12.336977922080532,48.861137186298116,0.04356193542480469,0.5418645331695263
C2-moderate,Random,47,7,12.336977922080532,48.861137186298116,0.04489898681640625,0.5477173922238373
C2-moderate,Random,47,8,12.50959518296624,49.54479574686591,0.04392290115356445,0.5342611992189417
C2-moderate,Random,47,9,12.50959518296624,49.54479574686591,0.044507741928100586,0.5354711717231955
C2-moderate,Random,47,10,12.50959518296624,49.54479574686591,0.04456305503845215,0.5275555704285082
C2-moderate,Random,47,11,12.50959518296624,49.54479574686591,0.04487419128417969,0.5308869084319783
C2-moderate,Random,47,12,12.50959518296624,49.54479574686591,0.04545187950134277,0.5316529193694652
C2-moderate,Random,47,13,12.50959518296624,49.54479574686591,0.04607200622558594,0.5393399442048978
C2-moderate,Random,47,14,19.52597299786676,77.33348114670343,0.04661917686462402,0.5275948331595549
C2-moderate,Random,47,15,19.52597299786676,77.33348114670343,0.04883098602294922,0.5261571610940972
C2-moderate,Random,47,16,19.52597299786676,77.33348114670343,0.04772806167602539,0.5280047070258694
C2-moderate,Random,47,17,19.52597299786676,77.33348114670343,0.0473940372467041,0.5293104034211672
C2-moderate,Random,47,18,19.52597299786676,77.33348114670343,0.04766201972961426,0.5200416631880163
C2-moderate,Random,47,19,19.52597299786676,77.33348114670343,0.04832816123962402,0.521120000100001
C2-moderate,GLOSS,53,-1,0.07047277700552818,0.27908225361193073,0.0,0.0
C2-moderate,GLOSS,53,0,1.2033383585035595,4.76584822817186,0.18016695976257324,0.42389359002946814
C2-moderate,GLOSS,53,1,8.396314105945057,33.253957820820276,0.17413926124572754,0.39224702977218673
C2-moderate,GLOSS,53,2,9.083227208077163,35.974508594417145,0.19507288932800293,0.4242305184259541
C2-moderate,GLOSS,53,3,20.38448942839345,80.73367475484025,0.18817925453186035,0.4129843728282084
C2-moderate,GLOSS,53,4,20.38448942839345,80.73367475484025,0.19895505905151367,0.4030870628361577
C2-moderate,GLOSS,53,5,20.38448942839345,80.73367475484025,0.20712494850158691,0.40563906881973666
C2-moderate,GLOSS,53,6,20.621963902371682,81.67420327567598,0.20240306854248047,0.39557981318033975
C2-moderate,GLOSS,53,7,24.212795191818742,95.89585491114339,0.2044820785522461,0.38892690711543954
C2-moderate,GLOSS,53,8,25.249052651869544,100.0,0.23734307289123535,0.3671703206809554
C2-moderate,GLOSS,53,9,25.249052651869544,100.0,0.20136499404907227,0.3664853236462775
C2-moderate,GLOSS,53,10,25.249052651869544,100.0,0.20604991912841797,0.36165297117125916
C2-moderate,GLOSS,53,11,25.249052651869544,100.0,0.24708795547485352,0.345037047461173
C2-moderate,GLOSS,53,12,25.249052651869544,100.0,0.20703125,0.3459512182781014
C2-moderate,GLOSS,53,13,25.249052651869544,100.0,0.2169790267944336,0.34867480971316156
C2-moderate,GLOSS,53,14,25.249052651869544,100.0,0.2425687313079834,0.3347562739749623
C2-moderate,GLOSS,53,15,25.249052651869544,100.0,0.2565767765045166,0.3227437057514726
C2-moderate,GLOSS,53,16,25.249052651869544,100.0,0.2144010066986084,0.31802229184395236
C2-moderate,GLOSS,53,17,25.249052651869544,100.0,0.21326303482055664,0.3156359994412977
C2-moderate,GLOSS,53,18,25.249052651869544,100.0,0.24631404876708984,0.30646101728446784
C2-moderate,GLOSS,53,19,25.249052651869544,100.0,0.2164769172668457,0.30432438051960975
C2-moderate,UCB-BO,53,-1,0.07047277700552818,0.27908225361193073,0.0,0.0
C2-moderate,UCB-BO,53,0,0.2146251837202117,0.8500044567060586,0.06008410453796387,0.03456492726550765
C2-moderate,UCB-BO,53,1,2.3168871124844728,9.176109023427427,0.06312799453735352,0.17022436426732004
C2-moderate,UCB-BO,53,2,4.0488123974443795,16.035478366048437,0.06620097160339355,0.30002539283820395
C2-moderate,UCB-BO,53,3,9.733680568375634,38.550658892112835,0.0697319507598877,0.4058922668232671
C2-moderate,UCB-BO,53,4,9.733680568375634,38.550658892112835,0.07077598571777344,0.44128799638924954
C2-moderate,UCB-BO,53,5,9.733680568375634,38.550658892112835,0.07586789131164551,0.499268073222671
C2-moderate,UCB-BO,53,6,9.733680568375634,38.550658892112835,0.07409286499023438,0.5034201247648621
C2-moderate,UCB-BO,53,7,9.733680568375634,38.550658892112835,0.07465291023254395,0.47925394523625175
C2-moderate,UCB-BO,53,8,13.589623098709144,53.82229572839267,0.07667016983032227,0.45211242925304823
C2-moderate,UCB-BO,53,9,15.187691041908868,60.15151694376591,0.07683181762695312,0.4282368927549752
C2-moderate,UCB-BO,53,10,15.187691041908868,60.15151694376591,0.07721304893493652,0.4166399392903715
C2-moderate,UCB-BO,53,11,15.187691041908868,60.15151694376591,0.07749104499816895,0.39796853477873795
C2-moderate,UCB-BO,53,12,15.187691041908868,60.15151694376591,0.07936716079711914,0.38640792875684554
C2-moderate,UCB-BO,53,13,15.570708933697944,61.668476830793686,0.08011794090270996,0.36917373259783415
C2-moderate,UCB-BO,53,14,15.570708933697944,61.668476830793686,0.08265185356140137,0.35402314461726964
C2-moderate,UCB-BO,53,15,15.570708933697944,61.668476830793686,0.08452391624450684,0.34081684656608396
C2-moderate,UCB-BO,53,16,15.570708933697944,61.668476830793686,0.08292412757873535,0.3297442941920984
C2-moderate,UCB-BO,53,17,15.570708933697944,61.668476830793686,0.08328795433044434,0.32084656279458323
C2-moderate,UCB-BO,53,18,15.570708933697944,61.668476830793686,0.08400893211364746,0.30921723967133447
C2-moderate,UCB-BO,53,19,15.570708933697944,61.668476830793686,0.08451724052429199,0.29882048757573826
C2-moderate,BO(EI),53,-1,0.07047277700552818,0.27908225361193073,0.0,0.0
C2-moderate,BO(EI),53,0,0.27246960948756943,1.0790999518730546,0.06201291084289551,0.031390118773958586
C2-moderate,BO(EI),53,1,2.3168871124844728,9.176109023427427,0.0630500316619873,0.1539097489985527
C2-moderate,BO(EI),53,2,25.14724085772647,99.59676973046882,0.06580781936645508,0.22080624788378375
C2-moderate,BO(EI),53,3,25.14724085772647,99.59676973046882,0.06794095039367676,0.20269662676188124
C2-moderate,BO(EI),53,4,25.14724085772647,99.59676973046882,0.06881284713745117,0.25509441816006256
C2-moderate,BO(EI),53,5,25.14724085772647,99.59676973046882,0.0727241039276123,0.23277419919295136
C2-moderate,BO(EI),53,6,25.14724085772647,99.59676973046882,0.07263994216918945,0.21745124484434794
C2-moderate,BO(EI),53,7,25.14724085772647,99.59676973046882,0.07372379302978516,0.20902788543650894
C2-moderate,BO(EI),53,8,25.14724085772647,99.59676973046882,0.07563304901123047,0.19740137478614145
C2-moderate,BO(EI),53,9,25.14724085772647,99.59676973046882,0.07570004463195801,0.24062157410237361
C2-moderate,BO(EI),53,10,25.14724085772647,99.59676973046882,0.07720685005187988,0.23273899562940628
C2-moderate,BO(EI),53,11,25.14724085772647,99.59676973046882,0.07986617088317871,0.22552951195685375
C2-moderate,BO(EI),53,12,25.14724085772647,99.59676973046882,0.08112192153930664,0.21682094645862704
C2-moderate,BO(EI),53,13,25.14724085772647,99.59676973046882,0.08031177520751953,0.2085678534978973
C2-moderate,BO(EI),53,14,25.249052651869544,100.0,0.08081817626953125,0.19971099141469234
C2-moderate,BO(EI),53,15,25.249052651869544,100.0,0.08915519714355469,0.19227423854176037
C2-moderate,BO(EI),53,16,25.249052651869544,100.0,0.0828850269317627,0.18472528301713803
C2-moderate,BO(EI),53,17,25.249052651869544,100.0,0.08367800712585449,0.17906394883971838
C2-moderate,BO(EI),53,18,25.249052651869544,100.0,0.08398175239562988,0.17322304094753055
C2-moderate,BO(EI),53,19,25.249052651869544,100.0,0.08449506759643555,0.1706662342073331
C2-moderate,GA,53,-1,0.07047277700552818,0.27908225361193073,0.0,0.0
C2-moderate,GA,53,0,0.9901961026092424,3.9216885704806184,0.06799793243408203,0.5258485055097101
C2-moderate,GA,53,1,22.919671168927586,90.7743780461459,0.0721738338470459,0.4434132001047349
C2-moderate,GA,53,2,22.919671168927586,90.7743780461459,0.07544088363647461,0.45529125032884726
C2-moderate,GA,53,3,24.33462465821303,96.37836608761842,0.07897806167602539,0.44972141704185276
C2-moderate,GA,53,4,24.544987529517933,97.21151786546083,0.07970476150512695,0.4297371729285676
C2-moderate,GA,53,5,24.544987529517933,97.21151786546083,0.08093595504760742,0.40003756544854313
C2-moderate,GA,53,6,24.544987529517933,97.21151786546083,0.08132505416870117,0.3739805575607067
C2-moderate,GA,53,7,24.544987529517933,97.21151786546083,0.08355879783630371,0.35818582989824727
C2-moderate,GA,53,8,24.544987529517933,97.21151786546083,0.08544421195983887,0.33679409203501093
C2-moderate,GA,53,9,24.544987529517933,97.21151786546083,0.08559799194335938,0.3264897079328334
C2-moderate,GA,53,10,24.544987529517933,97.21151786546083,0.09227395057678223,0.3190729827298197
C2-moderate,GA,53,11,25.249052651869544,100.0,0.09334707260131836,0.31849914508342186
C2-moderate,GA,53,12,25.249052651869544,100.0,0.09609699249267578,0.3081626300637728
C2-moderate,GA,53,13,25.249052651869544,100.0,0.09391093254089355,0.3012988603126581
C2-moderate,GA,53,14,25.249052651869544,100.0,0.09445810317993164,0.29230403949324013
C2-moderate,GA,53,15,25.249052651869544,100.0,0.09399604797363281,0.28368320672919134
C2-moderate,GA,53,16,25.249052651869544,100.0,0.0952141284942627,0.2809712834650304
C2-moderate,GA,53,17,25.249052651869544,100.0,0.09649300575256348,0.2782496863145302
C2-moderate,GA,53,18,25.249052651869544,100.0,0.0996541976928711,0.28415061086845295
C2-moderate,GA,53,19,25.249052651869544,100.0,0.09677696228027344,0.2835165631418384
C2-moderate,Random,53,-1,0.07047277700552818,0.27908225361193073,0.0,0.0
C2-moderate,Random,53,0,14.011596186784967,55.49353945287321,0.04239082336425781,0.5517140668808364
C2-moderate,Random,53,1,14.011596186784967,55.49353945287321,0.04241585731506348,0.5392918920682983
C2-moderate,Random,53,2,14.011596186784967,55.49353945287321,0.042687177658081055,0.5174329025690939
C2-moderate,Random,53,3,14.011596186784967,55.49353945287321,0.04198098182678223,0.5378318059844874
C2-moderate,Random,53,4,14.011596186784967,55.49353945287321,0.04293704032897949,0.5473176104239984
C2-moderate,Random,53,5,14.011596186784967,55.49353945287321,0.04325294494628906,0.5535750602640014
C2-moderate,Random,53,6,14.011596186784967,55.49353945287321,0.04392290115356445,0.5516098040394668
C2-moderate,Random,53,7,14.011596186784967,55.49353945287321,0.04403090476989746,0.5482715252451047
C2-moderate,Random,53,8,17.494670304844224,69.28841388017592,0.04506421089172363,0.5458084971180271
C2-moderate,Random,53,9,17.494670304844224,69.28841388017592,0.0448000431060791,0.536310562173284
C2-moderate,Random,53,10,17.494670304844224,69.28841388017592,0.04559016227722168,0.5232922830819434
C2-moderate,Random,53,11,17.494670304844224,69.28841388017592,0.04547286033630371,0.5177144325493048
C2-moderate,Random,53,12,25.14724085772647,99.59676973046882,0.046074867248535156,0.5169190050631051
C2-moderate,Random,53,13,25.14724085772647,99.59676973046882,0.04613780975341797,0.5186599352050055
C2-moderate,Random,53,14,25.14724085772647,99.59676973046882,0.050633907318115234,0.5139318195684404
C2-moderate,Random,53,15,25.14724085772647,99.59676973046882,0.04651904106140137,0.5148809148302776
C2-moderate,Random,53,16,25.14724085772647,99.59676973046882,0.04671001434326172,0.5150525596926535
C2-moderate,Random,53,17,25.14724085772647,99.59676973046882,0.04724717140197754,0.5166678174587319
C2-moderate,Random,53,18,25.14724085772647,99.59676973046882,0.04802870750427246,0.5184899115427734
C2-moderate,Random,53,19,25.14724085772647,99.59676973046882,0.047901153564453125,0.5228554417524975
C2-moderate,GLOSS,59,-1,0.045616198763552857,0.1806366380671395,0.0,0.0
C2-moderate,GLOSS,59,0,6.397259262932321,25.3366096398928,0.17196416854858398,0.46636910255885156
C2-moderate,GLOSS,59,1,7.52545446313139,29.80487835560521,0.19406795501708984,0.36170766083890915
C2-moderate,GLOSS,59,2,7.52545446313139,29.80487835560521,0.201462984085083,0.3560015363590064
C2-moderate,GLOSS,59,3,16.670913617315875,66.0258878247625,0.2071831226348877,0.3396281854859506
C2-moderate,GLOSS,59,4,18.911749399449562,74.9008204787839,0.20189166069030762,0.37427733937436064
C2-moderate,GLOSS,59,5,25.00309352741981,99.02586763272096,0.20716428756713867,0.36047030348463416
C2-moderate,GLOSS,59,6,25.00309352741981,99.02586763272096,0.20986390113830566,0.3521874743351573
C2-moderate,GLOSS,59,7,25.00309352741981,99.02586763272096,0.1983642578125,0.35476292945166876
C2-moderate,GLOSS,59,8,25.00309352741981,99.02586763272096,0.21309423446655273,0.34343964063591714
C2-moderate,GLOSS,59,9,25.00309352741981,99.02586763272096,0.21110105514526367,0.3451532290673342
C2-moderate,GLOSS,59,10,25.00309352741981,99.02586763272096,0.20526909828186035,0.34811792173133127
C2-moderate,GLOSS,59,11,25.00309352741981,99.02586763272096,0.21734619140625,0.34803865204028733
C2-moderate,GLOSS,59,12,25.00309352741981,99.02586763272096,0.2161719799041748,0.35471614742941676
C2-moderate,GLOSS,59,13,25.00309352741981,99.02586763272096,0.24304890632629395,0.3405624899723531
C2-moderate,GLOSS,59,14,25.249052651869544,100.0,0.22133183479309082,0.33720056604819815
C2-moderate,GLOSS,59,15,25.249052651869544,100.0,0.25211405754089355,0.3256969039470772
C2-moderate,GLOSS,59,16,25.249052651869544,100.0,0.25012707710266113,0.3152035348053195
C2-moderate,GLOSS,59,17,25.249052651869544,100.0,0.2221388816833496,0.3131684639635777
C2-moderate,GLOSS,59,18,25.249052651869544,100.0,0.2569899559020996,0.30527973010165854
C2-moderate,GLOSS,59,19,25.249052651869544,100.0,0.25965118408203125,0.2970692079194517
C2-moderate,UCB-BO,59,-1,0.045616198763552857,0.1806366380671395,0.0,0.0
C2-moderate,UCB-BO,59,0,0.3918374177006967,1.5518616184780571,0.057650089263916016,0.08852062489014069
C2-moderate,UCB-BO,59,1,13.589623098709144,53.82229572839267,0.06237983703613281,0.23791798695350366
C2-moderate,UCB-BO,59,2,13.589623098709144,53.82229572839267,0.06641077995300293,0.23404476836791213
C2-moderate,UCB-BO,59,3,13.589623098709144,53.82229572839267,0.06860685348510742,0.216911608712428
C2-moderate,UCB-BO,59,4,13.589623098709144,53.82229572839267,0.06981611251831055,0.18994256980075128
C2-moderate,UCB-BO,59,5,14.794046261051658,58.59246877630573,0.07141518592834473,0.17744564278867744
C2-moderate,UCB-BO,59,6,14.794046261051658,58.59246877630573,0.07078719139099121,0.18315332747873433
C2-moderate,UCB-BO,59,7,14.794046261051658,58.59246877630573,0.07067608833312988,0.1722880140441492
C2-moderate,UCB-BO,59,8,14.794046261051658,58.59246877630573,0.07149004936218262,0.16067745750910928
C2-moderate,UCB-BO,59,9,14.794046261051658,58.59246877630573,0.07213401794433594,0.16385387057597248
C2-moderate,UCB-BO,59,10,15.47367707914312,61.284177730728054,0.07236981391906738,0.15600775329726954
C2-moderate,UCB-BO,59,11,15.552799705348818,61.59754651240479,0.07251787185668945,0.15042929258376933
C2-moderate,UCB-BO,59,12,15.552799705348818,61.59754651240479,0.07326316833496094,0.14384698527268305
C2-moderate,UCB-BO,59,13,15.552799705348818,61.59754651240479,0.0736079216003418,0.13872498536484804
C2-moderate,UCB-BO,59,14,15.570708933697944,61.668476830793686,0.07511591911315918,0.13371646198583367
C2-moderate,UCB-BO,59,15,15.570708933697944,61.668476830793686,0.07561612129211426,0.13022200581434004
C2-moderate,UCB-BO,59,16,15.570708933697944,61.668476830793686,0.07697081565856934,0.12746790130338642
C2-moderate,UCB-BO,59,17,15.570708933697944,61.668476830793686,0.07818198204040527,0.1248023245623046
C2-moderate,UCB-BO,59,18,15.570708933697944,61.668476830793686,0.07733297348022461,0.12193166397569813
C2-moderate,UCB-BO,59,19,15.570708933697944,61.668476830793686,0.07756590843200684,0.12045903177816737
C2-moderate,BO(EI),59,-1,0.045616198763552857,0.1806366380671395,0.0,0.0
C2-moderate,BO(EI),59,0,0.04839346175751406,0.19163611524009058,0.05894112586975098,0.02871654145173457
C2-moderate,BO(EI),59,1,0.04839346175751406,0.19163611524009058,0.05966973304748535,0.20287550223450915
C2-moderate,BO(EI),59,2,23.52338760309757,93.16542460926478,0.06250619888305664,0.33878272036216583
C2-moderate,BO(EI),59,3,23.681714200004716,93.79248434121592,0.06558084487915039,0.3660618003990564
C2-moderate,BO(EI),59,4,23.681714200004716,93.79248434121592,0.06729793548583984,0.46487252707070426
C2-moderate,BO(EI),59,5,23.681714200004716,93.79248434121592,0.0690920352935791,0.48381828098725216
C2-moderate,BO(EI),59,6,23.681714200004716,93.79248434121592,0.06918501853942871,0.4845764172542152
C2-moderate,BO(EI),59,7,23.681714200004716,93.79248434121592,0.07165884971618652,0.48376481480511946
C2-moderate,BO(EI),59,8,24.44035669923842,96.79712267431442,0.07437324523925781,0.4640876855329176
C2-moderate,BO(EI),59,9,25.14724085772647,99.59676973046882,0.07518911361694336,0.442405744142479
C2-moderate,BO(EI),59,10,25.249052651869544,100.0,0.0751960277557373,0.4208467078443912
C2-moderate,BO(EI),59,11,25.249052651869544,100.0,0.07657289505004883,0.4025283984304166
C2-moderate,BO(EI),59,12,25.249052651869544,100.0,0.07668185234069824,0.3826902365404701
C2-moderate,BO(EI),59,13,25.249052651869544,100.0,0.07637310028076172,0.36912244221648366
C2-moderate,BO(EI),59,14,25.249052651869544,100.0,0.07805609703063965,0.354314828274053
C2-moderate,BO(EI),59,15,25.249052651869544,100.0,0.07902288436889648,0.34285694046218124
C2-moderate,BO(EI),59,16,25.249052651869544,100.0,0.07992887496948242,0.3320272861290241
C2-moderate,BO(EI),59,17,25.249052651869544,100.0,0.0800788402557373,0.3216950370898557
C2-moderate,BO(EI),59,18,25.249052651869544,100.0,0.08240485191345215,0.3100131253714716
C2-moderate,BO(EI),59,19,25.249052651869544,100.0,0.08279299736022949,0.3009873611476138
C2-moderate,GA,59,-1,0.045616198763552857,0.1806366380671395,0.0,0.0
C2-moderate,GA,59,0,25.249052651869544,100.0,0.06509590148925781,0.3635077024199248
C2-moderate,GA,59,1,25.249052651869544,100.0,0.07172203063964844,0.38547202689429494
C2-moderate,GA,59,2,25.249052651869544,100.0,0.07591390609741211,0.37184459692580973
C2-moderate,GA,59,3,25.249052651869544,100.0,0.07801485061645508,0.3316484806505965
C2-moderate,GA,59,4,25.249052651869544,100.0,0.07885384559631348,0.30690233563072244
C2-moderate,GA,59,5,25.249052651869544,100.0,0.07964611053466797,0.27975936860297723
C2-moderate,GA,59,6,25.249052651869544,100.0,0.08182716369628906,0.2709435823484243
C2-moderate,GA,59,7,25.249052651869544,100.0,0.08193588256835938,0.25936330629086857
C2-moderate,GA,59,8,25.249052651869544,100.0,0.0824577808380127,0.24643299378174433
C2-moderate,GA,59,9,25.249052651869544,100.0,0.08456611633300781,0.24428011025847957
C2-moderate,GA,59,10,25.249052651869544,100.0,0.08508801460266113,0.24076692435003014
C2-moderate,GA,59,11,25.249052651869544,100.0,0.08736085891723633,0.23307524684261016
C2-moderate,GA,59,12,25.249052651869544,100.0,0.0872807502746582,0.22940018958376612
C2-moderate,GA,59,13,25.249052651869544,100.0,0.08665704727172852,0.22476896842625638
C2-moderate,GA,59,14,25.249052651869544,100.0,0.08841228485107422,0.2273917306589549
C2-moderate,GA,59,15,25.249052651869544,100.0,0.09018373489379883,0.22754783088952635
C2-moderate,GA,59,16,25.249052651869544,100.0,0.09137582778930664,0.22270239571492442
C2-moderate,GA,59,17,25.249052651869544,100.0,0.09136486053466797,0.2183945613064501
C2-moderate,GA,59,18,25.249052651869544,100.0,0.09166789054870605,0.21867149464110014
C2-moderate,GA,59,19,25.249052651869544,100.0,0.09273505210876465,0.2196847311896439
C2-moderate,Random,59,-1,0.045616198763552857,0.1806366380671395,0.0,0.0
C2-moderate,Random,59,0,18.48304177337125,73.20290430837736,0.043762922286987305,0.5233952387553545
C2-moderate,Random,59,1,18.48304177337125,73.20290430837736,0.0430300235748291,0.48322512051372624
C2-moderate,Random,59,2,23.51917834726,93.14875365890785,0.04265880584716797,0.4397111233731565
C2-moderate,Random,59,3,23.51917834726,93.14875365890785,0.04320502281188965,0.44975667821039245
C2-moderate,Random,59,4,23.51917834726,93.14875365890785,0.04322004318237305,0.45996657746512565
C2-moderate,Random,59,5,23.51917834726,93.14875365890785,0.0441899299621582,0.4730972984105417
C2-moderate,Random,59,6,23.51917834726,93.14875365890785,0.04352521896362305,0.4758146109571252
C2-moderate,Random,59,7,23.51917834726,93.14875365890785,0.04383277893066406,0.48258296755194524
C2-moderate,Random,59,8,23.51917834726,93.14875365890785,0.04480791091918945,0.48310256286852865
C2-moderate,Random,59,9,23.51917834726,93.14875365890785,0.04486703872680664,0.48198726534167075
C2-moderate,Random,59,10,23.51917834726,93.14875365890785,0.044888973236083984,0.4852020963048241
C2-moderate,Random,59,11,23.51917834726,93.14875365890785,0.04483819007873535,0.4876133141101094
C2-moderate,Random,59,12,23.51917834726,93.14875365890785,0.04590797424316406,0.49330562828101565
C2-moderate,Random,59,13,23.51917834726,93.14875365890785,0.04575800895690918,0.4965196263223169
C2-moderate,Random,59,14,23.51917834726,93.14875365890785,0.045961856842041016,0.49753948227478373
C2-moderate,Random,59,15,23.51917834726,93.14875365890785,0.0472869873046875,0.4970004437304581
C2-moderate,Random,59,16,24.999744818662318,99.01260491845264,0.04725790023803711,0.4930214379136736
C2-moderate,Random,59,17,24.999744818662318,99.01260491845264,0.04842519760131836,0.4996366965796854
C2-moderate,Random,59,18,24.999744818662318,99.01260491845264,0.049118995666503906,0.5007626758245626
C2-moderate,Random,59,19,24.999744818662318,99.01260491845264,0.049748897552490234,0.49805950611207406
C2-moderate,GLOSS,61,-1,0.0598387721473507,0.23696579076742988,0.0,0.0
C2-moderate,GLOSS,61,0,18.684143612232045,73.99937734344732,0.1644420623779297,0.2175203027042274
C2-moderate,GLOSS,61,1,18.684143612232045,73.99937734344732,0.17006897926330566,0.3980163306176057
C2-moderate,GLOSS,61,2,19.59925354513053,77.62371210740173,0.18988990783691406,0.4162266396642975
C2-moderate,GLOSS,61,3,23.19052151415789,91.84709323232904,0.19905400276184082,0.3931409203343462
C2-moderate,GLOSS,61,4,24.280668211113447,96.16466910987599,0.19986200332641602,0.372703289264835
C2-moderate,GLOSS,61,5,24.328081034875357,96.35244976795852,0.19463825225830078,0.3613338196592916
C2-moderate,GLOSS,61,6,24.981494376296748,98.94032320633794,0.2012341022491455,0.3576277965911989
C2-moderate,GLOSS,61,7,24.981494376296748,98.94032320633794,0.20399975776672363,0.341590219470551
C2-moderate,GLOSS,61,8,24.981494376296748,98.94032320633794,0.2123579978942871,0.32803891580062555
C2-moderate,GLOSS,61,9,24.999744818662318,99.01260491845264,0.21214723587036133,0.3146148108727567
C2-moderate,GLOSS,61,10,24.999744818662318,99.01260491845264,0.21435809135437012,0.3128361413849925
C2-moderate,GLOSS,61,11,25.01547406933483,99.07490133549925,0.21333622932434082,0.3180633264717207
C2-moderate,GLOSS,61,12,25.14724085772647,99.59676973046882,0.20934462547302246,0.31003782364196075
C2-moderate,GLOSS,61,13,25.22145410066646,99.89069467507221,0.21369433403015137,0.30734171758929474
C2-moderate,GLOSS,61,14,25.249052651869544,100.0,0.21023297309875488,0.31196512915436564
C2-moderate,GLOSS,61,15,25.249052651869544,100.0,0.21269798278808594,0.31697196520875737
C2-moderate,GLOSS,61,16,25.249052651869544,100.0,0.25292205810546875,0.30735577996567615
C2-moderate,GLOSS,61,17,25.249052651869544,100.0,0.2518022060394287,0.29667314180860094
C2-moderate,GLOSS,61,18,25.249052651869544,100.0,0.22284221649169922,0.2910228063605685
C2-moderate,GLOSS,61,19,25.249052651869544,100.0,0.2510700225830078,0.2817108124922996
C2-moderate,UCB-BO,61,-1,0.0598387721473507,0.23696579076742988,0.0,0.0
C2-moderate,UCB-BO,61,0,0.09700910823539595,0.38418060772944407,0.05602097511291504,0.07172029854737953
C2-moderate,UCB-BO,61,1,0.09700910823539595,0.38418060772944407,0.05898594856262207,0.1264109694599268
C2-moderate,UCB-BO,61,2,0.09700910823539595,0.38418060772944407,0.061830997467041016,0.17514822185771492
C2-moderate,UCB-BO,61,3,0.5414176700340962,2.1442810525190517,0.06370091438293457,0.1829396920470667
C2-moderate,UCB-BO,61,4,0.5414176700340962,2.1442810525190517,0.06633114814758301,0.31158892428160617
C2-moderate,UCB-BO,61,5,13.085270114879563,51.82478265714021,0.06810593605041504,0.4309490175153674
C2-moderate,UCB-BO,61,6,13.085270114879563,51.82478265714021,0.07300209999084473,0.5076621173988262
C2-moderate,UCB-BO,61,7,13.085270114879563,51.82478265714021,0.0728769302368164,0.5220809574308349
C2-moderate,UCB-BO,61,8,14.599337965519618,57.821317662152794,0.07263803482055664,0.5155058359866088
C2-moderate,UCB-BO,61,9,15.552799705348818,61.59754651240479,0.07308697700500488,0.5009757750407695
C2-moderate,UCB-BO,61,10,15.552799705348818,61.59754651240479,0.0743551254272461,0.4902573487988728
C2-moderate,UCB-BO,61,11,15.552799705348818,61.59754651240479,0.07631397247314453,0.4711510714124331
C2-moderate,UCB-BO,61,12,15.552799705348818,61.59754651240479,0.07594490051269531,0.4534170960113211
C2-moderate,UCB-BO,61,13,15.552799705348818,61.59754651240479,0.07766604423522949,0.4379098726166314
C2-moderate,UCB-BO,61,14,15.552799705348818,61.59754651240479,0.07815909385681152,0.4226905192972495
C2-moderate,UCB-BO,61,15,15.552799705348818,61.59754651240479,0.07924509048461914,0.41173732229543647
C2-moderate,UCB-BO,61,16,15.552799705348818,61.59754651240479,0.08347606658935547,0.39785164780063476
C2-moderate,UCB-BO,61,17,15.552799705348818,61.59754651240479,0.08422207832336426,0.38407252721135765
C2-moderate,UCB-BO,61,18,15.552799705348818,61.59754651240479,0.08296966552734375,0.3733431986905872
C2-moderate,UCB-BO,61,19,15.570708933697944,61.668476830793686,0.08245491981506348,0.36179936073481817
C2-moderate,BO(EI),61,-1,0.0598387721473507,0.23696579076742988,0.0,0.0
C2-moderate,BO(EI),61,0,0.10785141344960604,0.42712205366567235,0.05711984634399414,0.07042237203864724
C2-moderate,BO(EI),61,1,0.10785141344960604,0.42712205366567235,0.06076502799987793,0.29133371608912456
C2-moderate,BO(EI),61,2,0.10785141344960604,0.42712205366567235,0.06526899337768555,0.2295393835673032
C2-moderate,BO(EI),61,3,12.519461966361,49.58387359399708,0.06601500511169434,0.4366299973327685
C2-moderate,BO(EI),61,4,12.519461966361,49.58387359399708,0.06916975975036621,0.412113736189905
C2-moderate,BO(EI),61,5,12.519461966361,49.58387359399708,0.07056117057800293,0.47066352926338645
C2-moderate,BO(EI),61,6,24.27560849808705,96.14462988490645,0.07247281074523926,0.44362814361869507
C2-moderate,BO(EI),61,7,24.27560849808705,96.14462988490645,0.07475996017456055,0.4387731275925193
C2-moderate,BO(EI),61,8,24.27560849808705,96.14462988490645,0.07629799842834473,0.4137331878114329
C2-moderate,BO(EI),61,9,24.85853329907403,98.45333023339528,0.07653188705444336,0.3927638393397152
C2-moderate,BO(EI),61,10,24.85853329907403,98.45333023339528,0.0767209529876709,0.38771377118446365
C2-moderate,BO(EI),61,11,24.85853329907403,98.45333023339528,0.07684588432312012,0.3692548562604653
C2-moderate,BO(EI),61,12,24.85853329907403,98.45333023339528,0.07616019248962402,0.35146833635063635
C2-moderate,BO(EI),61,13,25.00309352741981,99.02586763272096,0.07876205444335938,0.3354071237994446
C2-moderate,BO(EI),61,14,25.249052651869544,100.0,0.07913804054260254,0.3200416476612768
C2-moderate,BO(EI),61,15,25.249052651869544,100.0,0.08053183555603027,0.3069013705943816
C2-moderate,BO(EI),61,16,25.249052651869544,100.0,0.08099007606506348,0.3060248728411546
C2-moderate,BO(EI),61,17,25.249052651869544,100.0,0.08152222633361816,0.29670290090612955
C2-moderate,BO(EI),61,18,25.249052651869544,100.0,0.08314299583435059,0.28670507960455105
C2-moderate,BO(EI),61,19,25.249052651869544,100.0,0.08471298217773438,0.2786818003206337
C2-moderate,GA,61,-1,0.0598387721473507,0.23696579076742988,0.0,0.0
C2-moderate,GA,61,0,13.560896761192842,53.70852375416477,0.06445813179016113,0.5381158671643548
C2-moderate,GA,61,1,14.837317168621405,58.76384518577837,0.0694580078125,0.46775209640227927
C2-moderate,GA,61,2,14.837317168621405,58.76384518577837,0.07487201690673828,0.4516537127631313
C2-moderate,GA,61,3,18.72054206155613,74.14353506755975,0.07710003852844238,0.44940746790100305
C2-moderate,GA,61,4,18.72054206155613,74.14353506755975,0.08000802993774414,0.42342768528175184
C2-moderate,GA,61,5,18.72054206155613,74.14353506755975,0.08141589164733887,0.41009632034107363
C2-moderate,GA,61,6,18.72054206155613,74.14353506755975,0.08383798599243164,0.41795516480919326
C2-moderate,GA,61,7,18.985529943632734,75.19303170016096,0.08573389053344727,0.40485584509744443
C2-moderate,GA,61,8,22.711716317522608,89.95076334130623,0.0853891372680664,0.38914911795714974
C2-moderate,GA,61,9,23.524302862522287,93.16904953609792,0.08996295928955078,0.38679907079160597
C2-moderate,GA,61,10,23.524302862522287,93.16904953609792,0.08887982368469238,0.38248092870555406
C2-moderate,GA,61,11,24.65636013805941,97.65261417791223,0.09022212028503418,0.3730751016105111
C2-moderate,GA,61,12,24.65636013805941,97.65261417791223,0.08929300308227539,0.36596993822896107
C2-moderate,GA,61,13,24.65636013805941,97.65261417791223,0.09078788757324219,0.36121783612028147
C2-moderate,GA,61,14,24.65636013805941,97.65261417791223,0.09198737144470215,0.3552721985904036
C2-moderate,GA,61,15,24.65636013805941,97.65261417791223,0.09241414070129395,0.34577227287739304
C2-moderate,GA,61,16,24.65636013805941,97.65261417791223,0.09283685684204102,0.34684152930495094
C2-moderate,GA,61,17,24.65636013805941,97.65261417791223,0.09562301635742188,0.3424298476195985
C2-moderate,GA,61,18,25.01547406933483,99.07490133549925,0.09630107879638672,0.3366008615218123
C2-moderate,GA,61,19,25.01547406933483,99.07490133549925,0.09526300430297852,0.3328787749583356
C2-moderate,Random,61,-1,0.0598387721473507,0.23696579076742988,0.0,0.0
C2-moderate,Random,61,0,6.0493122369978725,23.958549521897485,0.04443097114562988,0.672789472662391
C2-moderate,Random,61,1,13.279304718193757,52.59326558243673,0.04218006134033203,0.6506913206551507
C2-moderate,Random,61,2,13.279304718193757,52.59326558243673,0.042565107345581055,0.6106260547441218
C2-moderate,Random,61,3,13.279304718193757,52.59326558243673,0.04286813735961914,0.5811478970803389
C2-moderate,Random,61,4,24.85853329907403,98.45333023339528,0.043640851974487305,0.565831080068645
C2-moderate,Random,61,5,24.85853329907403,98.45333023339528,0.043659210205078125,0.5538150615337871
C2-moderate,Random,61,6,24.85853329907403,98.45333023339528,0.04430794715881348,0.5518150509634571
C2-moderate,Random,61,7,24.85853329907403,98.45333023339528,0.04451322555541992,0.535773806256434
C2-moderate,Random,61,8,24.85853329907403,98.45333023339528,0.04467511177062988,0.5320223202465483
C2-moderate,Random,61,9,24.85853329907403,98.45333023339528,0.045607805252075195,0.5244368557176832
C2-moderate,Random,61,10,24.85853329907403,98.45333023339528,0.044637203216552734,0.5212260695424483
C2-moderate,Random,61,11,24.85853329907403,98.45333023339528,0.04570198059082031,0.517909867245144
C2-moderate,Random,61,12,24.85853329907403,98.45333023339528,0.04826211929321289,0.5203006563795926
C2-moderate,Random,61,13,24.85853329907403,98.45333023339528,0.04651021957397461,0.5196403945158244
C2-moderate,Random,61,14,24.85853329907403,98.45333023339528,0.0463869571685791,0.514861766929318
C2-moderate,Random,61,15,24.85853329907403,98.45333023339528,0.04739022254943848,0.5213483483843429
C2-moderate,Random,61,16,24.85853329907403,98.45333023339528,0.04838275909423828,0.5142377096601377
C2-moderate,Random,61,17,24.85853329907403,98.45333023339528,0.04908490180969238,0.5089085897720182
C2-moderate,Random,61,18,24.85853329907403,98.45333023339528,0.048279762268066406,0.5101815835431323
C2-moderate,Random,61,19,24.85853329907403,98.45333023339528,0.05040311813354492,0.5147369644244717
C2-moderate,GLOSS,67,-1,0.07448255301532236,0.2949631549829134,0.0,0.0
C2-moderate,GLOSS,67,0,16.74183361704733,66.30676972894229,0.18041229248046875,0.31603621694372547
C2-moderate,GLOSS,67,1,23.020613784769047,91.17416589524062,0.1765120029449463,0.45311681625839423
C2-moderate,GLOSS,67,2,24.217919767286617,95.91615102678045,0.18495392799377441,0.38823313934344234
C2-moderate,GLOSS,67,3,24.217919767286617,95.91615102678045,0.18952393531799316,0.4033660186997511
C2-moderate,GLOSS,67,4,24.217919767286617,95.91615102678045,0.1874229907989502,0.38246327024929755
C2-moderate,GLOSS,67,5,24.778778281557276,98.13745683699338,0.19835281372070312,0.38701669654910453
C2-moderate,GLOSS,67,6,25.249052651869544,100.0,0.19785666465759277,0.37949287180043795
C2-moderate,GLOSS,67,7,25.249052651869544,100.0,0.20064210891723633,0.363457611644144
C2-moderate,GLOSS,67,8,25.249052651869544,100.0,0.2000119686126709,0.351612858324397
C2-moderate,GLOSS,67,9,25.249052651869544,100.0,0.2139451503753662,0.3496751937724813
C2-moderate,GLOSS,67,10,25.249052651869544,100.0,0.21574783325195312,0.34612860861918626
C2-moderate,GLOSS,67,11,25.249052651869544,100.0,0.24472808837890625,0.33124831791008585
C2-moderate,GLOSS,67,12,25.249052651869544,100.0,0.21521210670471191,0.3306017959693092
C2-moderate,GLOSS,67,13,25.249052651869544,100.0,0.21834588050842285,0.3283220623963859
C2-moderate,GLOSS,67,14,25.249052651869544,100.0,0.21774911880493164,0.32499327506428277
C2-moderate,GLOSS,67,15,25.249052651869544,100.0,0.219588041305542,0.3282296149817219
C2-moderate,GLOSS,67,16,25.249052651869544,100.0,0.2598001956939697,0.31778351532119986
C2-moderate,GLOSS,67,17,25.249052651869544,100.0,0.22498011589050293,0.31287226589707906
C2-moderate,GLOSS,67,18,25.249052651869544,100.0,0.2534210681915283,0.30417123976439936
C2-moderate,GLOSS,67,19,25.249052651869544,100.0,0.2224576473236084,0.30308717385362866
C2-moderate,UCB-BO,67,-1,0.07448255301532236,0.2949631549829134,0.0,0.0
C2-moderate,UCB-BO,67,0,0.07448255301532236,0.2949631549829134,0.059889793395996094,0.018988873709551414
C2-moderate,UCB-BO,67,1,0.07448255301532236,0.2949631549829134,0.06322598457336426,0.1972224465093186
C2-moderate,UCB-BO,67,2,0.0793739722576037,0.31433584471946163,0.06217503547668457,0.20959615858068217
C2-moderate,UCB-BO,67,3,0.0793739722576037,0.31433584471946163,0.06387519836425781,0.22190465699621392
C2-moderate,UCB-BO,67,4,0.08384425310890377,0.33204059658756735,0.0655510425567627,0.19694322666862224
C2-moderate,UCB-BO,67,5,0.20702912258591655,0.8199199089939064,0.06592679023742676,0.40613088464927927
C2-moderate,UCB-BO,67,6,0.20702912258591655,0.8199199089939064,0.0691518783569336,0.5028562313480984
C2-moderate,UCB-BO,67,7,6.042550957874041,23.931771166536738,0.0708472728729248,0.5832560947036964
C2-moderate,UCB-BO,67,8,13.09731879941264,51.872502023571776,0.07282423973083496,0.5871032002441163
C2-moderate,UCB-BO,67,9,13.09731879941264,51.872502023571776,0.07363510131835938,0.5930287431207348
C2-moderate,UCB-BO,67,10,13.09731879941264,51.872502023571776,0.07579708099365234,0.5944301324218679
C2-moderate,UCB-BO,67,11,13.09731879941264,51.872502023571776,0.07770085334777832,0.5914180901649885
C2-moderate,UCB-BO,67,12,13.09731879941264,51.872502023571776,0.07569265365600586,0.5826741340379193
C2-moderate,UCB-BO,67,13,13.09731879941264,51.872502023571776,0.07694196701049805,0.5693755476738935
C2-moderate,UCB-BO,67,14,13.09731879941264,51.872502023571776,0.07706904411315918,0.5537179391959227
C2-moderate,UCB-BO,67,15,13.09731879941264,51.872502023571776,0.07827925682067871,0.5391893517838251
C2-moderate,UCB-BO,67,16,13.09731879941264,51.872502023571776,0.07803487777709961,0.5248367297949277
C2-moderate,UCB-BO,67,17,13.09731879941264,51.872502023571776,0.07854914665222168,0.5099905485848136
C2-moderate,UCB-BO,67,18,13.09731879941264,51.872502023571776,0.08089685440063477,0.495547421928986
C2-moderate,UCB-BO,67,19,13.09731879941264,51.872502023571776,0.08356213569641113,0.48156762686569293
C2-moderate,BO(EI),67,-1,0.07448255301532236,0.2949631549829134,0.0,0.0
C2-moderate,BO(EI),67,0,0.0793739722576037,0.31433584471946163,0.06175732612609863,0.04694038090263319
C2-moderate,BO(EI),67,1,0.08392105292325952,0.3323447657666223,0.062462806701660156,0.15485338926456263
C2-moderate,BO(EI),67,2,0.0973597771005309,0.38556944781614216,0.06604886054992676,0.14229423379423306
C2-moderate,BO(EI),67,3,9.635752701878898,38.16281109575045,0.06585216522216797,0.3042310542636545
C2-moderate,BO(EI),67,4,9.635752701878898,38.16281109575045,0.06842589378356934,0.3668438076163074
C2-moderate,BO(EI),67,5,21.92282086492946,86.82630680207635,0.06972289085388184,0.3589577540622422
C2-moderate,BO(EI),67,6,22.728650907784044,90.01783356095017,0.07140207290649414,0.3882469969667774
C2-moderate,BO(EI),67,7,22.728650907784044,90.01783356095017,0.0719442367553711,0.3706132397197627
C2-moderate,BO(EI),67,8,22.728650907784044,90.01783356095017,0.07154703140258789,0.38822060767144995
C2-moderate,BO(EI),67,9,24.795934617107896,98.20540528900202,0.07546591758728027,0.3672134458914528
C2-moderate,BO(EI),67,10,24.795934617107896,98.20540528900202,0.07659387588500977,0.3481125396130422
C2-moderate,BO(EI),67,11,24.839508934804506,98.3779833681659,0.07731294631958008,0.3307498191784522
C2-moderate,BO(EI),67,12,24.839508934804506,98.3779833681659,0.0778501033782959,0.31590264096210074
C2-moderate,BO(EI),67,13,24.839508934804506,98.3779833681659,0.07989192008972168,0.33470128810496036
C2-moderate,BO(EI),67,14,24.839508934804506,98.3779833681659,0.08057284355163574,0.322468231956359
C2-moderate,BO(EI),67,15,24.839508934804506,98.3779833681659,0.08098411560058594,0.31027008061641975
C2-moderate,BO(EI),67,16,24.839508934804506,98.3779833681659,0.08033490180969238,0.29954354416663415
C2-moderate,BO(EI),67,17,24.995167630080214,98.99447675362467,0.08351731300354004,0.2905223889440615
C2-moderate,BO(EI),67,18,25.249052651869544,100.0,0.08410811424255371,0.28074854321661363
C2-moderate,BO(EI),67,19,25.249052651869544,100.0,0.08359193801879883,0.2713919944828324
C2-moderate,GA,67,-1,0.07448255301532236,0.2949631549829134,0.0,0.0
C2-moderate,GA,67,0,2.424506285797613,9.60233968390275,0.06595492362976074,0.5930565969940975
C2-moderate,GA,67,1,13.367682400362915,52.943289436760836,0.07065296173095703,0.45168911124375627
C2-moderate,GA,67,2,13.367682400362915,52.943289436760836,0.0743710994720459,0.4575101228794648
C2-moderate,GA,67,3,23.997574539777556,95.04346367040671,0.07685399055480957,0.4533743402480469
C2-moderate,GA,67,4,23.997574539777556,95.04346367040671,0.07890200614929199,0.4463701568193483
C2-moderate,GA,67,5,23.997574539777556,95.04346367040671,0.08143734931945801,0.42674348977941456
C2-moderate,GA,67,6,23.997574539777556,95.04346367040671,0.08550882339477539,0.4002496634502597
C2-moderate,GA,67,7,23.997574539777556,95.04346367040671,0.0870060920715332,0.38120963263519103
C2-moderate,GA,67,8,24.999744818662318,99.01260491845264,0.08523917198181152,0.37225688926961864
C2-moderate,GA,67,9,24.999744818662318,99.01260491845264,0.0874330997467041,0.3646405382513702
C2-moderate,GA,67,10,24.999744818662318,99.01260491845264,0.08660006523132324,0.3511300752139705
C2-moderate,GA,67,11,24.999744818662318,99.01260491845264,0.08745694160461426,0.34211165985408704
C2-moderate,GA,67,12,24.999744818662318,99.01260491845264,0.09024620056152344,0.3452144303039889
C2-moderate,GA,67,13,24.999744818662318,99.01260491845264,0.09001493453979492,0.3381706323296031
C2-moderate,GA,67,14,24.999744818662318,99.01260491845264,0.0928046703338623,0.3327640106997427
C2-moderate,GA,67,15,24.999744818662318,99.01260491845264,0.09316611289978027,0.3267839762228024
C2-moderate,GA,67,16,24.999744818662318,99.01260491845264,0.09407877922058105,0.3181192464350773
C2-moderate,GA,67,17,24.999744818662318,99.01260491845264,0.09574413299560547,0.31322224173440893
C2-moderate,GA,67,18,24.999744818662318,99.01260491845264,0.09434914588928223,0.3105724034930724
C2-moderate,GA,67,19,24.999744818662318,99.01260491845264,0.09386014938354492,0.3090282448896596
C2-moderate,Random,67,-1,0.07448255301532236,0.2949631549829134,0.0,0.0
C2-moderate,Random,67,0,1.7595144321698544,6.968609018106411,0.04162001609802246,0.6367450964454362
C2-moderate,Random,67,1,8.690434487328094,34.418835050004844,0.04202985763549805,0.5357425264671293
C2-moderate,Random,67,2,9.83435726614038,38.949393560496524,0.043228864669799805,0.5195912983121167
C2-moderate,Random,67,3,9.83435726614038,38.949393560496524,0.04481315612792969,0.5031696936467732
C2-moderate,Random,67,4,10.487776931094238,41.53729204351564,0.045291900634765625,0.5218320988184509
C2-moderate,Random,67,5,10.487776931094238,41.53729204351564,0.04465293884277344,0.5189428580262396
C2-moderate,Random,67,6,10.487776931094238,41.53729204351564,0.04422593116760254,0.5168987589496213
C2-moderate,Random,67,7,19.496307923187867,77.21599126098721,0.04442787170410156,0.5114653149434392
C2-moderate,Random,67,8,19.496307923187867,77.21599126098721,0.045554161071777344,0.5122423011027817
C2-moderate,Random,67,9,19.496307923187867,77.21599126098721,0.04635977745056152,0.49834369978759535
C2-moderate,Random,67,10,19.496307923187867,77.21599126098721,0.04577517509460449,0.49623222073858625
C2-moderate,Random,67,11,19.496307923187867,77.21599126098721,0.04625415802001953,0.49928237308946744
C2-moderate,Random,67,12,19.800389417215296,78.42031993261259,0.04639601707458496,0.4978145253575586
C2-moderate,Random,67,13,19.800389417215296,78.42031993261259,0.046289920806884766,0.49447642013171056
C2-moderate,Random,67,14,22.23074771537943,88.04586518377366,0.047254085540771484,0.49901871384363766
C2-moderate,Random,67,15,22.23074771537943,88.04586518377366,0.04720020294189453,0.49973259408400583
C2-moderate,Random,67,16,22.23074771537943,88.04586518377366,0.04765582084655762,0.5006332981265901
C2-moderate,Random,67,17,22.23074771537943,88.04586518377366,0.04788517951965332,0.5069112520656156
C2-moderate,Random,67,18,22.23074771537943,88.04586518377366,0.048689842224121094,0.5137436794674827
C2-moderate,Random,67,19,22.23074771537943,88.04586518377366,0.048571109771728516,0.5149773734746776
C3-multi,GLOSS,47,-1,0.048662686149285025,0.2125389126803518,0.0,0.0
C3-multi,GLOSS,47,0,2.7744227551706744,12.117555407661456,0.31502699851989746,0.1877401917479456
C3-multi,GLOSS,47,1,3.523148432400609,15.387686054500985,0.30841493606567383,0.27497445160291606
C3-multi,GLOSS,47,2,6.633176305280805,28.971028751197885,0.32228994369506836,0.3660452125520879
C3-multi,GLOSS,47,3,18.89375011471976,82.52025162601531,0.34674596786499023,0.3690422486424016
C3-multi,GLOSS,47,4,19.01629970816902,83.05549863768292,0.34189891815185547,0.40923763595837936
C3-multi,GLOSS,47,5,21.371677398647346,93.3428348474038,0.3525881767272949,0.40215621510919486
C3-multi,GLOSS,47,6,22.694390428887704,99.11990988130118,0.3627777099609375,0.4035138436455022
C3-multi,GLOSS,47,7,22.694390428887704,99.11990988130118,0.3737919330596924,0.40287575628689853
C3-multi,GLOSS,47,8,22.703029838936022,99.15764332684581,0.3704400062561035,0.39464535598429396
C3-multi,GLOSS,47,9,22.82274014239006,99.68048946926186,0.38313817977905273,0.39530047127904794
C3-multi,GLOSS,47,10,22.82274014239006,99.68048946926186,0.42752575874328613,0.3722307187130451
C3-multi,GLOSS,47,11,22.895894937823147,100.0,0.3758730888366699,0.3655050381123902
C3-multi,GLOSS,47,12,22.895894937823147,100.0,0.3811619281768799,0.36122903299147746
C3-multi,GLOSS,47,13,22.895894937823147,100.0,0.4365239143371582,0.344036626422827
C3-multi,GLOSS,47,14,22.895894937823147,100.0,0.4321889877319336,0.3284969962961743
C3-multi,GLOSS,47,15,22.895894937823147,100.0,0.39212989807128906,0.32917965530234017
C3-multi,GLOSS,47,16,22.895894937823147,100.0,0.44858431816101074,0.3157300128846739
C3-multi,GLOSS,47,17,22.895894937823147,100.0,0.39859986305236816,0.31960349342813543
C3-multi,GLOSS,47,18,22.895894937823147,100.0,0.4581902027130127,0.3078440239049363
C3-multi,GLOSS,47,19,22.895894937823147,100.0,0.4641411304473877,0.2967278365911958
C3-multi,UCB-BO,47,-1,0.048662686149285025,0.2125389126803518,0.0,0.0
C3-multi,UCB-BO,47,0,0.16285574966480543,0.7112879846237149,0.08864283561706543,0.03155304071766117
C3-multi,UCB-BO,47,1,0.2572568304102797,1.1235936883397433,0.09206414222717285,0.0475353391452844
C3-multi,UCB-BO,47,2,3.021812720533937,13.198054623940545,0.09258890151977539,0.2891449314678626
C3-multi,UCB-BO,47,3,3.021812720533937,13.198054623940545,0.10734891891479492,0.3249490116176492
C3-multi,UCB-BO,47,4,3.7567230008096133,16.407845209857467,0.11231017112731934,0.3136618118518116
C3-multi,UCB-BO,47,5,4.32240270665345,18.878505157328465,0.11405014991760254,0.293204335940391
C3-multi,UCB-BO,47,6,6.932368460215722,30.27777896012142,0.11473608016967773,0.2779492101183125
C3-multi,UCB-BO,47,7,6.932368460215722,30.27777896012142,0.11578488349914551,0.2885226424640403
C3-multi,UCB-BO,47,8,6.932368460215722,30.27777896012142,0.12109088897705078,0.31987569765726515
C3-multi,UCB-BO,47,9,6.9508273002246375,30.35839970047266,0.12256503105163574,0.3042262404274641
C3-multi,UCB-BO,47,10,6.9508273002246375,30.35839970047266,0.12038326263427734,0.28938316052743296
C3-multi,UCB-BO,47,11,6.9508273002246375,30.35839970047266,0.12012505531311035,0.27559200195467803
C3-multi,UCB-BO,47,12,6.9508273002246375,30.35839970047266,0.11995387077331543,0.2644503562721037
C3-multi,UCB-BO,47,13,6.9508273002246375,30.35839970047266,0.12369012832641602,0.25506026428003314
C3-multi,UCB-BO,47,14,6.9508273002246375,30.35839970047266,0.12272000312805176,0.2452785711478151
C3-multi,UCB-BO,47,15,6.9508273002246375,30.35839970047266,0.1218099594116211,0.2561067536148816
C3-multi,UCB-BO,47,16,6.9508273002246375,30.35839970047266,0.12572288513183594,0.2514034712457613
C3-multi,UCB-BO,47,17,6.9508273002246375,30.35839970047266,0.1242060661315918,0.2430494800691835
C3-multi,UCB-BO,47,18,6.9508273002246375,30.35839970047266,0.12930703163146973,0.24327769050027873
C3-multi,UCB-BO,47,19,6.9508273002246375,30.35839970047266,0.1317141056060791,0.25725804488123155
C3-multi,BO(EI),47,-1,0.048662686149285025,0.2125389126803518,0.0,0.0
C3-multi,BO(EI),47,0,0.22612257484225434,0.987611864294103,0.08587908744812012,0.038094396239981385
C3-multi,BO(EI),47,1,1.7622630537072002,7.696851590614213,0.09138202667236328,0.12293893612195966
C3-multi,BO(EI),47,2,1.9693262199558204,8.601219674110961,0.09938478469848633,0.22892699874519493
C3-multi,BO(EI),47,3,4.495917847211368,19.636349046065384,0.10945701599121094,0.25999323452617035
C3-multi,BO(EI),47,4,6.181343214934805,26.997604730983728,0.11263799667358398,0.2809217480588299
C3-multi,BO(EI),47,5,6.783710962174538,29.62850319062264,0.11296296119689941,0.27738298467453293
C3-multi,BO(EI),47,6,6.783710962174538,29.62850319062264,0.11527585983276367,0.3088713751123057
C3-multi,BO(EI),47,7,7.018914847694093,30.655778543511364,0.12449288368225098,0.29201694046811166
C3-multi,BO(EI),47,8,7.018914847694093,30.655778543511364,0.12675094604492188,0.28636677787350495
C3-multi,BO(EI),47,9,7.018914847694093,30.655778543511364,0.12786507606506348,0.2745222392988421
C3-multi,BO(EI),47,10,7.018914847694093,30.655778543511364,0.12861084938049316,0.26094465497728203
C3-multi,BO(EI),47,11,7.018914847694093,30.655778543511364,0.13002610206604004,0.2781365081221905
C3-multi,BO(EI),47,12,7.018914847694093,30.655778543511364,0.12904977798461914,0.2649131815896041
C3-multi,BO(EI),47,13,7.018914847694093,30.655778543511364,0.13167095184326172,0.2630515949615551
C3-multi,BO(EI),47,14,7.018914847694093,30.655778543511364,0.13223910331726074,0.25435955543422684
C3-multi,BO(EI),47,15,7.018914847694093,30.655778543511364,0.12862300872802734,0.28885208232992243
C3-multi,BO(EI),47,16,7.018914847694093,30.655778543511364,0.1339409351348877,0.27853717349278667
C3-multi,BO(EI),47,17,7.018914847694093,30.655778543511364,0.13658905029296875,0.2699881560826828
C3-multi,BO(EI),47,18,7.018914847694093,30.655778543511364,0.1369791030883789,0.26103392127505715
C3-multi,BO(EI),47,19,7.018914847694093,30.655778543511364,0.13939499855041504,0.25392133298157404
C3-multi,GA,47,-1,0.048662686149285025,0.2125389126803518,0.0,0.0
C3-multi,GA,47,0,5.344229541452866,23.341431099181023,0.10021400451660156,0.4150725546661181
C3-multi,GA,47,1,6.574156742044738,28.713255192241828,0.11056208610534668,0.46044083411145376
C3-multi,GA,47,2,6.745327765731283,29.460860927468087,0.12404608726501465,0.404307757029395
C3-multi,GA,47,3,6.745327765731283,29.460860927468087,0.13063716888427734,0.37064741250910876
C3-multi,GA,47,4,6.745327765731283,29.460860927468087,0.13124895095825195,0.34482918292562525
C3-multi,GA,47,5,6.745327765731283,29.460860927468087,0.1322488784790039,0.3316073413451479
C3-multi,GA,47,6,6.745327765731283,29.460860927468087,0.1383817195892334,0.3143904847639537
C3-multi,GA,47,7,6.745327765731283,29.460860927468087,0.1342911720275879,0.30123761304404284
C3-multi,GA,47,8,6.745327765731283,29.460860927468087,0.13578391075134277,0.28567327409013926
C3-multi,GA,47,9,6.883889953481739,30.066044468564602,0.13968300819396973,0.2773956377271689
C3-multi,GA,47,10,6.924781922450581,30.244644034468838,0.13501214981079102,0.27358605216634313
C3-multi,GA,47,11,6.924781922450581,30.244644034468838,0.13805508613586426,0.2696915678804653
C3-multi,GA,47,12,6.924781922450581,30.244644034468838,0.13843512535095215,0.2631004935512174
C3-multi,GA,47,13,6.924781922450581,30.244644034468838,0.1403508186340332,0.25790092065967113
C3-multi,GA,47,14,6.924781922450581,30.244644034468838,0.14332318305969238,0.2520805294104529
C3-multi,GA,47,15,6.924781922450581,30.244644034468838,0.1410531997680664,0.24523722831854955
C3-multi,GA,47,16,6.924781922450581,30.244644034468838,0.14205098152160645,0.24568821568587348
C3-multi,GA,47,17,6.924781922450581,30.244644034468838,0.14299607276916504,0.24838017721056446
C3-multi,GA,47,18,6.924781922450581,30.244644034468838,0.14556622505187988,0.2499076039013739
C3-multi,GA,47,19,19.701905713641764,86.04994811141873,0.14714288711547852,0.2628276593726089
C3-multi,Random,47,-1,0.048662686149285025,0.2125389126803518,0.0,0.0
C3-multi,Random,47,0,8.279078494359544,36.1596631922119,0.058812856674194336,0.42853573183385535
C3-multi,Random,47,1,8.279078494359544,36.1596631922119,0.05719423294067383,0.567753164138868
C3-multi,Random,47,2,8.279078494359544,36.1596631922119,0.05717110633850098,0.49301695075767393
C3-multi,Random,47,3,8.279078494359544,36.1596631922119,0.05855894088745117,0.5166157601331397
C3-multi,Random,47,4,15.48715979146092,67.64164420529691,0.05906200408935547,0.4985295431575179
C3-multi,Random,47,5,15.48715979146092,67.64164420529691,0.0595242977142334,0.4906850303991357
C3-multi,Random,47,6,15.48715979146092,67.64164420529691,0.06243491172790527,0.4952247192464737
C3-multi,Random,47,7,15.48715979146092,67.64164420529691,0.06332230567932129,0.4939683930219796
C3-multi,Random,47,8,15.48715979146092,67.64164420529691,0.06255006790161133,0.5003488846031472
C3-multi,Random,47,9,15.48715979146092,67.64164420529691,0.06267499923706055,0.4943348253663885
C3-multi,Random,47,10,15.48715979146092,67.64164420529691,0.06353306770324707,0.5003658221459543
C3-multi,Random,47,11,15.48715979146092,67.64164420529691,0.06273293495178223,0.49938380593957765
C3-multi,Random,47,12,15.48715979146092,67.64164420529691,0.06354475021362305,0.49661523298376936
C3-multi,Random,47,13,15.48715979146092,67.64164420529691,0.0619969367980957,0.4991160098614743
C3-multi,Random,47,14,15.48715979146092,67.64164420529691,0.06499266624450684,0.49364804033604115
C3-multi,Random,47,15,15.48715979146092,67.64164420529691,0.06473684310913086,0.4951722308255628
C3-multi,Random,47,16,15.48715979146092,67.64164420529691,0.060875892639160156,0.5027878559492075
C3-multi,Random,47,17,15.48715979146092,67.64164420529691,0.06366610527038574,0.504755259368375
C3-multi,Random,47,18,15.48715979146092,67.64164420529691,0.06638216972351074,0.5045259869743488
C3-multi,Random,47,19,15.48715979146092,67.64164420529691,0.06853389739990234,0.507743294663304
C3-multi,GLOSS,53,-1,0.042335161789154856,0.1849028478865824,0.0,0.0
C3-multi,GLOSS,53,0,0.0880693438013043,0.38465124006058,0.3071169853210449,0.20733339239663967
C3-multi,GLOSS,53,1,0.3734165499375405,1.6309323175687296,0.30798816680908203,0.221855317479573
C3-multi,GLOSS,53,2,6.816743230203733,29.772774764714406,0.32739901542663574,0.2689097761341836
C3-multi,GLOSS,53,3,6.9388489958433555,30.30608331618713,0.3626987934112549,0.346504785285201
C3-multi,GLOSS,53,4,6.9388489958433555,30.30608331618713,0.3419671058654785,0.3952652158295269
C3-multi,GLOSS,53,5,6.9388489958433555,30.30608331618713,0.36115097999572754,0.4138161462751713
C3-multi,GLOSS,53,6,6.96845389729793,30.435385540603217,0.37050580978393555,0.4086524964066011
C3-multi,GLOSS,53,7,6.992676813511258,30.541181432308296,0.3614168167114258,0.40518478006408304
C3-multi,GLOSS,53,8,7.018450879461027,30.653752118100495,0.42427802085876465,0.38258538080271537
C3-multi,GLOSS,53,9,7.018450879461027,30.653752118100495,0.3630819320678711,0.3881356785798254
C3-multi,GLOSS,53,10,7.088104748080943,30.95797201782082,0.3651618957519531,0.3839207682506975
C3-multi,GLOSS,53,11,7.088104748080943,30.95797201782082,0.42844629287719727,0.36481329330918116
C3-multi,GLOSS,53,12,7.088104748080943,30.95797201782082,0.430387020111084,0.3494103615372035
C3-multi,GLOSS,53,13,7.088104748080943,30.95797201782082,0.3776509761810303,0.35216169743271053
C3-multi,GLOSS,53,14,7.088104748080943,30.95797201782082,0.3741741180419922,0.3458997767188921
C3-multi,GLOSS,53,15,7.088104748080943,30.95797201782082,0.4389488697052002,0.3326324051739655
C3-multi,GLOSS,53,16,7.088104748080943,30.95797201782082,0.38813328742980957,0.3334753563678852
C3-multi,GLOSS,53,17,7.088104748080943,30.95797201782082,0.45923709869384766,0.32121127527875293
C3-multi,GLOSS,53,18,7.088104748080943,30.95797201782082,0.39530181884765625,0.3225574487915903
C3-multi,GLOSS,53,19,7.088104748080943,30.95797201782082,0.4675781726837158,0.33107819756094414
C3-multi,UCB-BO,53,-1,0.042335161789154856,0.1849028478865824,0.0,0.0
C3-multi,UCB-BO,53,0,0.08512839884809893,0.3718063831061264,0.0867760181427002,0.034317592687015015
C3-multi,UCB-BO,53,1,0.08512839884809893,0.3718063831061264,0.0928812026977539,0.14776695167795587
C3-multi,UCB-BO,53,2,0.23890096784452408,1.0434227117712214,0.09497189521789551,0.2074454546376998
C3-multi,UCB-BO,53,3,2.2491923071891713,9.823561443206971,0.09800982475280762,0.4899669670902303
C3-multi,UCB-BO,53,4,3.1607159466250567,13.804727682444396,0.10220098495483398,0.5597838198582925
C3-multi,UCB-BO,53,5,4.12906585234053,18.03408804745811,0.10658502578735352,0.5446163758569672
C3-multi,UCB-BO,53,6,4.1580450407021035,18.160657410395306,0.11209893226623535,0.5192387778494801
C3-multi,UCB-BO,53,7,4.1580450407021035,18.160657410395306,0.11271905899047852,0.4930151290884282
C3-multi,UCB-BO,53,8,6.96845389729793,30.435385540603217,0.11374092102050781,0.4648251972461442
C3-multi,UCB-BO,53,9,6.96845389729793,30.435385540603217,0.1178140640258789,0.4547094641305032
C3-multi,UCB-BO,53,10,6.96845389729793,30.435385540603217,0.11887598037719727,0.4375528861246569
C3-multi,UCB-BO,53,11,6.96845389729793,30.435385540603217,0.12315177917480469,0.42743940560315796
C3-multi,UCB-BO,53,12,6.96845389729793,30.435385540603217,0.1223909854888916,0.41634760832961754
C3-multi,UCB-BO,53,13,6.96845389729793,30.435385540603217,0.1245429515838623,0.40414176328457024
C3-multi,UCB-BO,53,14,6.96845389729793,30.435385540603217,0.13839268684387207,0.39455804613548756
C3-multi,UCB-BO,53,15,6.98159332411018,30.492773237602748,0.12337613105773926,0.3807820746580467
C3-multi,UCB-BO,53,16,6.98159332411018,30.492773237602748,0.12506699562072754,0.3879496049622406
C3-multi,UCB-BO,53,17,6.98159332411018,30.492773237602748,0.12671589851379395,0.375633786849621
C3-multi,UCB-BO,53,18,6.98159332411018,30.492773237602748,0.12729907035827637,0.3643399226572794
C3-multi,UCB-BO,53,19,6.98159332411018,30.492773237602748,0.12847304344177246,0.35453079876512267
C3-multi,BO(EI),53,-1,0.042335161789154856,0.1849028478865824,0.0,0.0
C3-multi,BO(EI),53,0,0.07492324874851933,0.327234418885933,0.08269119262695312,0.031837283629178585
C3-multi,BO(EI),53,1,0.09133825372995408,0.39892851525566164,0.08879613876342773,0.19644471248127465
C3-multi,BO(EI),53,2,0.10131956710803013,0.442522851293548,0.08878469467163086,0.2507960526275445
C3-multi,BO(EI),53,3,0.10131956710803013,0.442522851293548,0.09135794639587402,0.23442025693966329
C3-multi,BO(EI),53,4,0.18199647816992603,0.7948869378731939,0.09353399276733398,0.2707118801121541
C3-multi,BO(EI),53,5,6.883288851285657,30.06341909752008,0.09509992599487305,0.321945428674446
C3-multi,BO(EI),53,6,6.883288851285657,30.06341909752008,0.10186123847961426,0.4030209434768819
C3-multi,BO(EI),53,7,6.883288851285657,30.06341909752008,0.10784316062927246,0.4118797318054369
C3-multi,BO(EI),53,8,6.883288851285657,30.06341909752008,0.11122274398803711,0.4367115059798396
C3-multi,BO(EI),53,9,6.883288851285657,30.06341909752008,0.11542177200317383,0.43423127859131416
C3-multi,BO(EI),53,10,6.883288851285657,30.06341909752008,0.11311674118041992,0.43307513769258205
C3-multi,BO(EI),53,11,6.883288851285657,30.06341909752008,0.11402606964111328,0.4223083020802835
C3-multi,BO(EI),53,12,6.883288851285657,30.06341909752008,0.14592623710632324,0.4101177600511921
C3-multi,BO(EI),53,13,6.883288851285657,30.06341909752008,0.11823892593383789,0.4320261142186263
C3-multi,BO(EI),53,14,6.883288851285657,30.06341909752008,0.12334799766540527,0.4496072440300474
C3-multi,BO(EI),53,15,6.883288851285657,30.06341909752008,0.12409806251525879,0.47122462310445
C3-multi,BO(EI),53,16,6.883288851285657,30.06341909752008,0.12880992889404297,0.46272002879230806
C3-multi,BO(EI),53,17,6.883288851285657,30.06341909752008,0.13239407539367676,0.44822911610744215
C3-multi,BO(EI),53,18,6.883288851285657,30.06341909752008,0.12841391563415527,0.43531974279960217
C3-multi,BO(EI),53,19,6.883288851285657,30.06341909752008,0.12919092178344727,0.42549351084666026
C3-multi,GA,53,-1,0.042335161789154856,0.1849028478865824,0.0,0.0
C3-multi,GA,53,0,2.8341042992013685,12.37822023073462,0.09621787071228027,0.4518276710855472
C3-multi,GA,53,1,3.2878450381944235,14.359976087953777,0.11002397537231445,0.5579735214376014
C3-multi,GA,53,2,5.732750110749188,25.038331658654243,0.11787796020507812,0.4873527425058132
C3-multi,GA,53,3,6.470485985633201,28.260463297917237,0.12264394760131836,0.4643089539416239
C3-multi,GA,53,4,6.470485985633201,28.260463297917237,0.13215994834899902,0.43622337136772454
C3-multi,GA,53,5,6.470485985633201,28.260463297917237,0.1342308521270752,0.396794365290258
C3-multi,GA,53,6,6.698009511381654,29.254193948613892,0.13651037216186523,0.3786679625568573
C3-multi,GA,53,7,6.815997534563131,29.76951786804089,0.13783979415893555,0.35568868192427533
C3-multi,GA,53,8,6.815997534563131,29.76951786804089,0.13808488845825195,0.34282775733190374
C3-multi,GA,53,9,6.815997534563131,29.76951786804089,0.14394688606262207,0.33372254473947216
C3-multi,GA,53,10,7.011319928572079,30.622607011485037,0.1430206298828125,0.3192890916174467
C3-multi,GA,53,11,7.011319928572079,30.622607011485037,0.14516830444335938,0.3133746932622638
C3-multi,GA,53,12,7.011319928572079,30.622607011485037,0.14264988899230957,0.30369410869501645
C3-multi,GA,53,13,7.011319928572079,30.622607011485037,0.14268207550048828,0.29551811764960556
C3-multi,GA,53,14,7.011319928572079,30.622607011485037,0.14701390266418457,0.289124049089391
C3-multi,GA,53,15,7.011319928572079,30.622607011485037,0.14652800559997559,0.2839959617967192
C3-multi,GA,53,16,13.892277299275724,60.67584314569076,0.14783191680908203,0.2802308603375504
C3-multi,GA,53,17,13.892277299275724,60.67584314569076,0.147291898727417,0.29085064796754495
C3-multi,GA,53,18,22.65294797942184,98.93890603944043,0.1542510986328125,0.3014407663876419
C3-multi,GA,53,19,22.65294797942184,98.93890603944043,0.15611815452575684,0.3237439989669411
C3-multi,Random,53,-1,0.042335161789154856,0.1849028478865824,0.0,0.0
C3-multi,Random,53,0,4.189671477214237,18.29878888155212,0.056726932525634766,0.6800594504656565
C3-multi,Random,53,1,6.384298001863317,27.884029076831148,0.05762314796447754,0.5624223495937594
C3-multi,Random,53,2,6.384298001863317,27.884029076831148,0.05923819541931152,0.5569192648852954
C3-multi,Random,53,3,6.384298001863317,27.884029076831148,0.058747053146362305,0.5317643242700476
C3-multi,Random,53,4,6.384298001863317,27.884029076831148,0.060314178466796875,0.5146976247232246
C3-multi,Random,53,5,10.559179041786049,46.11821931599925,0.05953717231750488,0.5134636049870582
C3-multi,Random,53,6,10.559179041786049,46.11821931599925,0.06040596961975098,0.5156520852643066
C3-multi,Random,53,7,20.922243368371078,91.37988895034772,0.059160709381103516,0.5238892745166005
C3-multi,Random,53,8,20.922243368371078,91.37988895034772,0.06123495101928711,0.5060677104553375
C3-multi,Random,53,9,20.922243368371078,91.37988895034772,0.06136608123779297,0.5087096275893126
C3-multi,Random,53,10,20.922243368371078,91.37988895034772,0.06059002876281738,0.518163828520419
C3-multi,Random,53,11,20.922243368371078,91.37988895034772,0.06159090995788574,0.5051255414751806
C3-multi,Random,53,12,20.922243368371078,91.37988895034772,0.06122112274169922,0.505740103683054
C3-multi,Random,53,13,20.922243368371078,91.37988895034772,0.06145906448364258,0.5032355884680474
C3-multi,Random,53,14,20.922243368371078,91.37988895034772,0.06373000144958496,0.5008828671272273
C3-multi,Random,53,15,20.922243368371078,91.37988895034772,0.0621800422668457,0.5040657877811677
C3-multi,Random,53,16,20.922243368371078,91.37988895034772,0.06456518173217773,0.5026483463352657
C3-multi,Random,53,17,20.922243368371078,91.37988895034772,0.06537389755249023,0.5019844725087145
C3-multi,Random,53,18,20.922243368371078,91.37988895034772,0.06485986709594727,0.49949889786691165
C3-multi,Random,53,19,20.922243368371078,91.37988895034772,0.06418180465698242,0.5044351855270351
C3-multi,GLOSS,59,-1,0.06484745234393137,0.2832274192383974,0.0,0.0
C3-multi,GLOSS,59,0,0.26813334507844333,1.1710979012027927,0.2861170768737793,0.21302362064192806
C3-multi,GLOSS,59,1,0.26813334507844333,1.1710979012027927,0.30026793479919434,0.3321798205245773
C3-multi,GLOSS,59,2,5.4799684417357994,23.93428366358853,0.31015801429748535,0.3239915480037464
C3-multi,GLOSS,59,3,6.178013008069059,26.983059735582632,0.34622812271118164,0.398226568134146
C3-multi,GLOSS,59,4,6.293403065365822,27.487036791775978,0.36806774139404297,0.4421704936979771
C3-multi,GLOSS,59,5,6.367551548238739,27.810887346970592,0.35863494873046875,0.46207780760700967
C3-multi,GLOSS,59,6,6.508536221308781,28.426651323233177,0.4442470073699951,0.44014167953107747
C3-multi,GLOSS,59,7,6.7937100340377325,29.672175088534242,0.36877965927124023,0.4294363783678201
C3-multi,GLOSS,59,8,6.7937100340377325,29.672175088534242,0.43822789192199707,0.4044312911695165
C3-multi,GLOSS,59,9,6.909918591964922,30.17972702412256,0.37247800827026367,0.38702690026747183
C3-multi,GLOSS,59,10,6.927591565968161,30.256915419908058,0.370373010635376,0.3748191297028439
C3-multi,GLOSS,59,11,7.018450879461027,30.653752118100495,0.3796548843383789,0.36944100938635677
C3-multi,GLOSS,59,12,7.018450879461027,30.653752118100495,0.3806910514831543,0.3704039498538234
C3-multi,GLOSS,59,13,7.018450879461027,30.653752118100495,0.44078803062438965,0.35527303302150914
C3-multi,GLOSS,59,14,7.018450879461027,30.653752118100495,0.3827216625213623,0.35290601342729766
C3-multi,GLOSS,59,15,7.088104748080943,30.95797201782082,0.3824489116668701,0.3511879344326406
C3-multi,GLOSS,59,16,7.088104748080943,30.95797201782082,0.44962477684020996,0.34226860392828795
C3-multi,GLOSS,59,17,7.088104748080943,30.95797201782082,0.39612483978271484,0.3507331673115383
C3-multi,GLOSS,59,18,7.088104748080943,30.95797201782082,0.4718618392944336,0.3465199106427473
C3-multi,GLOSS,59,19,7.088104748080943,30.95797201782082,0.4813101291656494,0.34357781250969116
C3-multi,UCB-BO,59,-1,0.06484745234393137,0.2832274192383974,0.0,0.0
C3-multi,UCB-BO,59,0,0.10353666266299309,0.45220622711696,0.08967995643615723,0.031722030487845054
C3-multi,UCB-BO,59,1,0.10353666266299309,0.45220622711696,0.09656810760498047,0.1992433533107305
C3-multi,UCB-BO,59,2,0.12013890239499955,0.5247180890777702,0.09550213813781738,0.49312678336713134
C3-multi,UCB-BO,59,3,0.14449172422954576,0.6310813559458247,0.1027669906616211,0.5651314961759101
C3-multi,UCB-BO,59,4,0.14449172422954576,0.6310813559458247,0.10717105865478516,0.5812054284490855
C3-multi,UCB-BO,59,5,0.14971306483371633,0.6538860579168541,0.10806989669799805,0.5553197508667557
C3-multi,UCB-BO,59,6,0.14971306483371633,0.6538860579168541,0.11134696006774902,0.5689170528017177
C3-multi,UCB-BO,59,7,0.19118538907109828,0.8350203806852174,0.1128697395324707,0.5460879370320394
C3-multi,UCB-BO,59,8,0.2977923236322907,1.3006363124961282,0.1189429759979248,0.5230219107608007
C3-multi,UCB-BO,59,9,0.31932546997277905,1.3946843783130114,0.11303210258483887,0.5156628970040016
C3-multi,UCB-BO,59,10,0.31932546997277905,1.3946843783130114,0.11670589447021484,0.4955758734474422
C3-multi,UCB-BO,59,11,0.31932546997277905,1.3946843783130114,0.11701679229736328,0.47504205998222104
C3-multi,UCB-BO,59,12,0.31932546997277905,1.3946843783130114,0.11498284339904785,0.4585814408692681
C3-multi,UCB-BO,59,13,0.31932546997277905,1.3946843783130114,0.11350417137145996,0.44075980237853835
C3-multi,UCB-BO,59,14,0.31932546997277905,1.3946843783130114,0.11576604843139648,0.4231867221128701
C3-multi,UCB-BO,59,15,0.3260853662913411,1.424208868781366,0.1166849136352539,0.41421655214514347
C3-multi,UCB-BO,59,16,0.3260853662913411,1.424208868781366,0.11684107780456543,0.404043607129173
C3-multi,UCB-BO,59,17,0.3260853662913411,1.424208868781366,0.11618304252624512,0.3924994589425002
C3-multi,UCB-BO,59,18,0.3260853662913411,1.424208868781366,0.11945390701293945,0.3794449177856282
C3-multi,UCB-BO,59,19,0.3260853662913411,1.424208868781366,0.11660313606262207,0.36874807051907116
C3-multi,BO(EI),59,-1,0.06484745234393137,0.2832274192383974,0.0,0.0
C3-multi,BO(EI),59,0,0.10353666266299309,0.45220622711696,0.08773922920227051,0.030372716320058557
C3-multi,BO(EI),59,1,0.10353666266299309,0.45220622711696,0.0934298038482666,0.19861044791325977
C3-multi,BO(EI),59,2,0.14362677420926845,0.6273036044203822,0.09714412689208984,0.5327995247189864
C3-multi,BO(EI),59,3,0.24294967735086637,1.0611058358305214,0.0983428955078125,0.5259659541609215
C3-multi,BO(EI),59,4,0.24294967735086637,1.0611058358305214,0.09902477264404297,0.4832298601398402
C3-multi,BO(EI),59,5,0.24342676839138921,1.063189576351774,0.10126304626464844,0.4563730599950125
C3-multi,BO(EI),59,6,0.2936586756107077,1.2825822113884473,0.10482978820800781,0.4336798250466518
C3-multi,BO(EI),59,7,0.2936586756107077,1.2825822113884473,0.10495996475219727,0.40782068019490303
C3-multi,BO(EI),59,8,0.2936586756107077,1.2825822113884473,0.1055750846862793,0.3851343656355952
C3-multi,BO(EI),59,9,0.2936586756107077,1.2825822113884473,0.10566997528076172,0.3681508613933687
C3-multi,BO(EI),59,10,0.2936586756107077,1.2825822113884473,0.10744094848632812,0.34730052344149404
C3-multi,BO(EI),59,11,0.2936586756107077,1.2825822113884473,0.10855984687805176,0.32848362605015835
C3-multi,BO(EI),59,12,0.32062076145315427,1.4003416871183356,0.10706305503845215,0.3115914041041587
C3-multi,BO(EI),59,13,0.32062076145315427,1.4003416871183356,0.10853981971740723,0.3133599636525465
C3-multi,BO(EI),59,14,0.32062076145315427,1.4003416871183356,0.13100600242614746,0.30310417070844176
C3-multi,BO(EI),59,15,0.3260853662913411,1.424208868781366,0.11348104476928711,0.2934157329746537
C3-multi,BO(EI),59,16,0.3260853662913411,1.424208868781366,0.11409115791320801,0.2923836121612445
C3-multi,BO(EI),59,17,0.3260853662913411,1.424208868781366,0.1122431755065918,0.2857939408720882
C3-multi,BO(EI),59,18,0.3260853662913411,1.424208868781366,0.11404204368591309,0.28062102156829655
C3-multi,BO(EI),59,19,4.2111061727662085,18.39240695418121,0.12323808670043945,0.2809051977118999
C3-multi,GA,59,-1,0.06484745234393137,0.2832274192383974,0.0,0.0
C3-multi,GA,59,0,0.5121115627091632,2.236695984585317,0.1062619686126709,0.5973965661275386
C3-multi,GA,59,1,5.745296305012026,25.093128356039994,0.11748194694519043,0.4981953325042774
C3-multi,GA,59,2,7.47778317836053,32.65992964532484,0.12342715263366699,0.4187590213401646
C3-multi,GA,59,3,15.593290162721228,68.10517870153966,0.13072896003723145,0.4151041782543564
C3-multi,GA,59,4,22.563878982088557,98.54988871744816,0.1311051845550537,0.4038026503519869
C3-multi,GA,59,5,22.563878982088557,98.54988871744816,0.1374051570892334,0.39462963697917447
C3-multi,GA,59,6,22.563878982088557,98.54988871744816,0.14084291458129883,0.39706690799586536
C3-multi,GA,59,7,22.563878982088557,98.54988871744816,0.14059782028198242,0.3750076196394488
C3-multi,GA,59,8,22.563878982088557,98.54988871744816,0.14174294471740723,0.36445019062045614
C3-multi,GA,59,9,22.563878982088557,98.54988871744816,0.14153695106506348,0.34709397630390304
C3-multi,GA,59,10,22.563878982088557,98.54988871744816,0.14493203163146973,0.33158083840631164
C3-multi,GA,59,11,22.563878982088557,98.54988871744816,0.1441330909729004,0.3210555226434987
C3-multi,GA,59,12,22.563878982088557,98.54988871744816,0.14268088340759277,0.3219972621081875
C3-multi,GA,59,13,22.563878982088557,98.54988871744816,0.14383482933044434,0.32275600639243235
C3-multi,GA,59,14,22.563878982088557,98.54988871744816,0.14637207984924316,0.3198432796148417
C3-multi,GA,59,15,22.648081033173558,98.91764918854423,0.14786815643310547,0.31387749266396864
C3-multi,GA,59,16,22.648081033173558,98.91764918854423,0.1469109058380127,0.30700282650969596
C3-multi,GA,59,17,22.648081033173558,98.91764918854423,0.15563297271728516,0.3014913385012212
C3-multi,GA,59,18,22.648081033173558,98.91764918854423,0.15536904335021973,0.3094133087771744
C3-multi,GA,59,19,22.648081033173558,98.91764918854423,0.15340280532836914,0.30677060610375534
C3-multi,Random,59,-1,0.06484745234393137,0.2832274192383974,0.0,0.0
C3-multi,Random,59,0,4.504581149250699,19.67418684215441,0.05707812309265137,0.3690067718674262
C3-multi,Random,59,1,4.504581149250699,19.67418684215441,0.05542612075805664,0.4484949627630945
C3-multi,Random,59,2,6.673846285191732,29.148658758766366,0.05886220932006836,0.4494903305688506
C3-multi,Random,59,3,6.673846285191732,29.148658758766366,0.05916595458984375,0.44429966122628184
C3-multi,Random,59,4,6.673846285191732,29.148658758766366,0.05957818031311035,0.4537112872039938
C3-multi,Random,59,5,8.964326115362518,39.15254738767076,0.05863809585571289,0.48453415682978956
C3-multi,Random,59,6,8.964326115362518,39.15254738767076,0.05966901779174805,0.491054313084717
C3-multi,Random,59,7,8.964326115362518,39.15254738767076,0.060495853424072266,0.5027381974435315
C3-multi,Random,59,8,10.424119638803868,45.528334520716285,0.06034708023071289,0.5053866304275592
C3-multi,Random,59,9,10.424119638803868,45.528334520716285,0.05976295471191406,0.5019941202364653
C3-multi,Random,59,10,10.424119638803868,45.528334520716285,0.06089282035827637,0.5012216112458896
C3-multi,Random,59,11,10.424119638803868,45.528334520716285,0.06245899200439453,0.5001885238639566
C3-multi,Random,59,12,10.424119638803868,45.528334520716285,0.06257200241088867,0.501193024666418
C3-multi,Random,59,13,10.454338021934154,45.660316184732245,0.061578989028930664,0.49731422899884803
C3-multi,Random,59,14,10.454338021934154,45.660316184732245,0.0633389949798584,0.5032293206833316
C3-multi,Random,59,15,19.476433860117723,85.065178334407,0.06332802772521973,0.5031027146908996
C3-multi,Random,59,16,19.476433860117723,85.065178334407,0.06411528587341309,0.5018507987525919
C3-multi,Random,59,17,19.476433860117723,85.065178334407,0.06363201141357422,0.5042519942506559
C3-multi,Random,59,18,19.476433860117723,85.065178334407,0.06424307823181152,0.5055274563041408
C3-multi,Random,59,19,19.476433860117723,85.065178334407,0.06524801254272461,0.5073660727946269
C3-multi,GLOSS,61,-1,0.03948356211351968,0.17244821493434762,0.0,0.0
C3-multi,GLOSS,61,0,0.2495738123664063,1.0900373758883732,0.2798888683319092,0.29228789725837956
C3-multi,GLOSS,61,1,1.4949862943350694,6.529494908999643,0.2970900535583496,0.4674371857336312
C3-multi,GLOSS,61,2,1.637306046555255,7.151089970501601,0.31738805770874023,0.5346341973537484
C3-multi,GLOSS,61,3,20.692658521251772,90.3771552824008,0.3200361728668213,0.4957759101030021
C3-multi,GLOSS,61,4,22.694390428887704,99.11990988130118,0.33365321159362793,0.4947776808243432
C3-multi,GLOSS,61,5,22.694390428887704,99.11990988130118,0.34494495391845703,0.5151264550153483
C3-multi,GLOSS,61,6,22.694390428887704,99.11990988130118,0.3512449264526367,0.4812528092213317
C3-multi,GLOSS,61,7,22.694390428887704,99.11990988130118,0.4188868999481201,0.45651758114470653
C3-multi,GLOSS,61,8,22.694390428887704,99.11990988130118,0.3733811378479004,0.4423655424867853
C3-multi,GLOSS,61,9,22.895894937823147,100.0,0.4228849411010742,0.4169741419131012
C3-multi,GLOSS,61,10,22.895894937823147,100.0,0.41988515853881836,0.3938753282088602
C3-multi,GLOSS,61,11,22.895894937823147,100.0,0.46541476249694824,0.37489808421146303
C3-multi,GLOSS,61,12,22.895894937823147,100.0,0.36766695976257324,0.3687312519828065
C3-multi,GLOSS,61,13,22.895894937823147,100.0,0.3883383274078369,0.35532165345109673
C3-multi,GLOSS,61,14,22.895894937823147,100.0,0.40148091316223145,0.3573043890956474
C3-multi,GLOSS,61,15,22.895894937823147,100.0,0.4030783176422119,0.3484918591835648
C3-multi,GLOSS,61,16,22.895894937823147,100.0,0.38495898246765137,0.3478453654251892
C3-multi,GLOSS,61,17,22.895894937823147,100.0,0.4490499496459961,0.33475937748210705
C3-multi,GLOSS,61,18,22.895894937823147,100.0,0.37758898735046387,0.32975417220212766
C3-multi,GLOSS,61,19,22.895894937823147,100.0,0.38270115852355957,0.33140402319862466
C3-multi,UCB-BO,61,-1,0.03948356211351968,0.17244821493434762,0.0,0.0
C3-multi,UCB-BO,61,0,0.07546418297689399,0.32959700060568514,0.0801539421081543,0.023994010852946702
C3-multi,UCB-BO,61,1,0.13484150397753644,0.5889331006440959,0.08343100547790527,0.026854614979336788
C3-multi,UCB-BO,61,2,0.13484150397753644,0.5889331006440959,0.08699488639831543,0.047149693765397765
C3-multi,UCB-BO,61,3,0.13484150397753644,0.5889331006440959,0.08501386642456055,0.09571128019641652
C3-multi,UCB-BO,61,4,0.270733642482945,1.1824549475709873,0.08683180809020996,0.17530563025802862
C3-multi,UCB-BO,61,5,0.2740144980820122,1.1967843966184117,0.09087681770324707,0.21213974276932987
C3-multi,UCB-BO,61,6,0.2740144980820122,1.1967843966184117,0.09582901000976562,0.2560895843608027
C3-multi,UCB-BO,61,7,0.3260853662913411,1.424208868781366,0.09391117095947266,0.2894370549309454
C3-multi,UCB-BO,61,8,0.36374813422903235,1.5887045918791944,0.09854292869567871,0.3171335358350655
C3-multi,UCB-BO,61,9,2.8548572980065243,12.468860927949178,0.10413312911987305,0.3267841571393058
C3-multi,UCB-BO,61,10,2.8548572980065243,12.468860927949178,0.10997915267944336,0.3453852393412311
C3-multi,UCB-BO,61,11,3.413670543324435,14.909530955635114,0.11198830604553223,0.3576331150690466
C3-multi,UCB-BO,61,12,3.413670543324435,14.909530955635114,0.11400294303894043,0.4127949065838633
C3-multi,UCB-BO,61,13,18.45119216010739,80.58733764377439,0.12028193473815918,0.4069799344613649
C3-multi,UCB-BO,61,14,20.94614799728921,91.48429469200163,0.1237790584564209,0.4007265165557239
C3-multi,UCB-BO,61,15,21.342832783217546,93.21685324455258,0.12305998802185059,0.39380832294747986
C3-multi,UCB-BO,61,16,21.342832783217546,93.21685324455258,0.12360119819641113,0.38481007662664046
C3-multi,UCB-BO,61,17,21.342832783217546,93.21685324455258,0.12435102462768555,0.3762631031950852
C3-multi,UCB-BO,61,18,22.13801644395581,96.68989355548032,0.12436079978942871,0.366672030402007
C3-multi,UCB-BO,61,19,22.838021731454745,99.74723326375508,0.12446022033691406,0.35667871147269037
C3-multi,BO(EI),61,-1,0.03948356211351968,0.17244821493434762,0.0,0.0
C3-multi,BO(EI),61,0,0.13484150397753644,0.5889331006440959,0.08043122291564941,0.02333745389224536
C3-multi,BO(EI),61,1,0.13484150397753644,0.5889331006440959,0.08855605125427246,0.030825399375700446
C3-multi,BO(EI),61,2,0.13484150397753644,0.5889331006440959,0.08674192428588867,0.048459506679824696
C3-multi,BO(EI),61,3,0.13484150397753644,0.5889331006440959,0.08932209014892578,0.04637659074489001
C3-multi,BO(EI),61,4,0.270733642482945,1.1824549475709873,0.08931303024291992,0.18832999438128845
C3-multi,BO(EI),61,5,0.270733642482945,1.1824549475709873,0.09335708618164062,0.22009926434533697
C3-multi,BO(EI),61,6,0.270733642482945,1.1824549475709873,0.09501123428344727,0.23471163959347446
C3-multi,BO(EI),61,7,0.3260853662913411,1.424208868781366,0.0983576774597168,0.26557878029161874
C3-multi,BO(EI),61,8,0.3260853662913411,1.424208868781366,0.10204887390136719,0.2688066901926119
C3-multi,BO(EI),61,9,0.3260853662913411,1.424208868781366,0.09881806373596191,0.2648731217807888
C3-multi,BO(EI),61,10,0.36374813422903235,1.5887045918791944,0.10210895538330078,0.2654884131084085
C3-multi,BO(EI),61,11,0.36374813422903235,1.5887045918791944,0.10688400268554688,0.2636587169441514
C3-multi,BO(EI),61,12,2.341242588443657,10.225599806435229,0.10854482650756836,0.2755278293867924
C3-multi,BO(EI),61,13,3.8921796522128456,16.999465025423017,0.11345100402832031,0.29255776493215346
C3-multi,BO(EI),61,14,20.10973760319448,87.83119269984925,0.11966967582702637,0.29830134409548104
C3-multi,BO(EI),61,15,20.939498803294406,91.45525370446713,0.12146472930908203,0.31536972433141786
C3-multi,BO(EI),61,16,20.939498803294406,91.45525370446713,0.12366175651550293,0.3196131614283851
C3-multi,BO(EI),61,17,22.13801644395581,96.68989355548032,0.12502503395080566,0.3196389227025178
C3-multi,BO(EI),61,18,22.13801644395581,96.68989355548032,0.12825775146484375,0.3497539665471584
C3-multi,BO(EI),61,19,22.13801644395581,96.68989355548032,0.13217592239379883,0.34504899734106115
C3-multi,GA,61,-1,0.03948356211351968,0.17244821493434762,0.0,0.0
C3-multi,GA,61,0,0.20463023960062846,0.8937420448352384,0.11716508865356445,0.4320775225809263
C3-multi,GA,61,1,0.30763050402824127,1.3436055016135116,0.10657095909118652,0.49640403463681093
C3-multi,GA,61,2,6.489035069942547,28.341478188838593,0.11602377891540527,0.49048664565877387
C3-multi,GA,61,3,6.489035069942547,28.341478188838593,0.12174415588378906,0.5439560544923593
C3-multi,GA,61,4,6.489035069942547,28.341478188838593,0.12780284881591797,0.5209038310387778
C3-multi,GA,61,5,6.489035069942547,28.341478188838593,0.13172197341918945,0.48785569593202527
C3-multi,GA,61,6,6.489035069942547,28.341478188838593,0.13496780395507812,0.4584366409697735
C3-multi,GA,61,7,6.489035069942547,28.341478188838593,0.1338498592376709,0.4397256686971483
C3-multi,GA,61,8,6.655683174886802,29.069329646040025,0.1361708641052246,0.4189635346730265
C3-multi,GA,61,9,6.655683174886802,29.069329646040025,0.13915491104125977,0.39811488461881483
C3-multi,GA,61,10,6.924781922450581,30.244644034468838,0.14178180694580078,0.38091542240895887
C3-multi,GA,61,11,6.924781922450581,30.244644034468838,0.14472293853759766,0.3755068039244763
C3-multi,GA,61,12,6.924781922450581,30.244644034468838,0.14633512496948242,0.3630144397714953
C3-multi,GA,61,13,6.924781922450581,30.244644034468838,0.14446496963500977,0.3519296352916668
C3-multi,GA,61,14,6.924781922450581,30.244644034468838,0.14606475830078125,0.3410233750573174
C3-multi,GA,61,15,6.924781922450581,30.244644034468838,0.14946317672729492,0.3360395947476019
C3-multi,GA,61,16,6.924781922450581,30.244644034468838,0.1501927375793457,0.3311096689906221
C3-multi,GA,61,17,6.929255330643423,30.26418207045734,0.1488649845123291,0.3238607230319639
C3-multi,GA,61,18,7.018914847694093,30.655778543511364,0.15174508094787598,0.31673224172750164
C3-multi,GA,61,19,7.018914847694093,30.655778543511364,0.15354323387145996,0.3135206440801459
C3-multi,Random,61,-1,0.03948356211351968,0.17244821493434762,0.0,0.0
C3-multi,Random,61,0,6.978523810539754,30.479366844977513,0.06066107749938965,0.5364224568699681
C3-multi,Random,61,1,8.870422134112113,38.74241281330529,0.05893683433532715,0.5022597741493147
C3-multi,Random,61,2,8.870422134112113,38.74241281330529,0.06081390380859375,0.48585142476524606
C3-multi,Random,61,3,8.870422134112113,38.74241281330529,0.06270575523376465,0.5089049333813986
C3-multi,Random,61,4,12.746350921280431,55.670900639153196,0.05916714668273926,0.49400538362718527
C3-multi,Random,61,5,12.746350921280431,55.670900639153196,0.05873608589172363,0.5026910565352402
C3-multi,Random,61,6,12.746350921280431,55.670900639153196,0.06152701377868652,0.5066044930924953
C3-multi,Random,61,7,12.746350921280431,55.670900639153196,0.05879974365234375,0.498415127019335
C3-multi,Random,61,8,21.55045729011874,94.12367303676872,0.05994701385498047,0.49995345117340906
C3-multi,Random,61,9,21.55045729011874,94.12367303676872,0.05986976623535156,0.500716337046197
C3-multi,Random,61,10,21.55045729011874,94.12367303676872,0.0626981258392334,0.49514423281599634
C3-multi,Random,61,11,21.55045729011874,94.12367303676872,0.06107020378112793,0.48928340711311175
C3-multi,Random,61,12,21.55045729011874,94.12367303676872,0.06189608573913574,0.49291286947596974
C3-multi,Random,61,13,21.55045729011874,94.12367303676872,0.06161093711853027,0.4948320732071688
C3-multi,Random,61,14,21.55045729011874,94.12367303676872,0.061708688735961914,0.49425271208242966
C3-multi,Random,61,15,21.55045729011874,94.12367303676872,0.0632326602935791,0.4953476929560872
C3-multi,Random,61,16,21.55045729011874,94.12367303676872,0.06406688690185547,0.5009847357746182
C3-multi,Random,61,17,21.55045729011874,94.12367303676872,0.0644989013671875,0.501002251867658
C3-multi,Random,61,18,21.55045729011874,94.12367303676872,0.06351113319396973,0.5017482756854408
C3-multi,Random,61,19,21.55045729011874,94.12367303676872,0.06903624534606934,0.5008536299046091
C3-multi,GLOSS,67,-1,0.02217004617471266,0.09682978645262993,0.0,0.0
C3-multi,GLOSS,67,0,14.97312079495293,65.3965299701734,0.27352404594421387,0.19982216434474928
C3-multi,GLOSS,67,1,20.939498803294406,91.45525370446713,0.2949838638305664,0.2870842844866955
C3-multi,GLOSS,67,2,21.221989969182033,92.689060754398,0.3281722068786621,0.33241693387608695
C3-multi,GLOSS,67,3,21.637403471667273,94.503418758806,0.3389430046081543,0.33393237567268624
C3-multi,GLOSS,67,4,22.136058121394004,96.68134039533034,0.33748388290405273,0.30922104081329954
C3-multi,GLOSS,67,5,22.895894937823147,100.0,0.3407139778137207,0.28921505416160814
C3-multi,GLOSS,67,6,22.895894937823147,100.0,0.35257792472839355,0.2840884913682429
C3-multi,GLOSS,67,7,22.895894937823147,100.0,0.3575010299682617,0.29267288023639637
C3-multi,GLOSS,67,8,22.895894937823147,100.0,0.35091495513916016,0.2922823329478316
C3-multi,GLOSS,67,9,22.895894937823147,100.0,0.35099315643310547,0.30041171073331396
C3-multi,GLOSS,67,10,22.895894937823147,100.0,0.39272403717041016,0.29603804963056257
C3-multi,GLOSS,67,11,22.895894937823147,100.0,0.3638498783111572,0.3015338428923203
C3-multi,GLOSS,67,12,22.895894937823147,100.0,0.3646869659423828,0.29954323310492376
C3-multi,GLOSS,67,13,22.895894937823147,100.0,0.36867403984069824,0.2937657381050886
C3-multi,GLOSS,67,14,22.895894937823147,100.0,0.38143205642700195,0.2915208031963497
C3-multi,GLOSS,67,15,22.895894937823147,100.0,0.39531517028808594,0.28961278193205786
C3-multi,GLOSS,67,16,22.895894937823147,100.0,0.39433979988098145,0.29316759978654977
C3-multi,GLOSS,67,17,22.895894937823147,100.0,0.3768460750579834,0.29750750132966336
C3-multi,GLOSS,67,18,22.895894937823147,100.0,0.3812520503997803,0.29776326236500816
C3-multi,GLOSS,67,19,22.895894937823147,100.0,0.44663095474243164,0.2875246963138308
C3-multi,UCB-BO,67,-1,0.02217004617471266,0.09682978645262993,0.0,0.0
C3-multi,UCB-BO,67,0,0.08825183081454882,0.38544826945707267,0.08473610877990723,0.0372200654816441
C3-multi,UCB-BO,67,1,0.16950855681711152,0.7403447529674406,0.08819985389709473,0.0387777653229212
C3-multi,UCB-BO,67,2,0.19280666364526958,0.8421014516744673,0.09083819389343262,0.10869855411139467
C3-multi,UCB-BO,67,3,4.053985523204295,17.706167565030466,0.09551620483398438,0.38883503579158846
C3-multi,UCB-BO,67,4,4.053985523204295,17.706167565030466,0.10653376579284668,0.46920502709712536
C3-multi,UCB-BO,67,5,4.053985523204295,17.706167565030466,0.1101529598236084,0.4922281555707621
C3-multi,UCB-BO,67,6,4.131653781569562,18.045391074642936,0.11367917060852051,0.4880006555349216
C3-multi,UCB-BO,67,7,6.273739956556019,27.401156292834134,0.11498069763183594,0.5062948467705264
C3-multi,UCB-BO,67,8,6.418800698342597,28.034722887110135,0.11937403678894043,0.5007229040263929
C3-multi,UCB-BO,67,9,6.531289813687427,28.526029803263924,0.11529707908630371,0.4803060439742835
C3-multi,UCB-BO,67,10,6.96845389729793,30.435385540603217,0.11880016326904297,0.4615646623530975
C3-multi,UCB-BO,67,11,6.96845389729793,30.435385540603217,0.1255040168762207,0.4517926757241075
C3-multi,UCB-BO,67,12,7.088104748080943,30.95797201782082,0.1236417293548584,0.432950585000726
C3-multi,UCB-BO,67,13,7.088104748080943,30.95797201782082,0.12579584121704102,0.41518367186698735
C3-multi,UCB-BO,67,14,7.088104748080943,30.95797201782082,0.12576794624328613,0.39905223577707094
C3-multi,UCB-BO,67,15,7.088104748080943,30.95797201782082,0.12927508354187012,0.38388543818586357
C3-multi,UCB-BO,67,16,7.088104748080943,30.95797201782082,0.12977194786071777,0.36944317798721515
C3-multi,UCB-BO,67,17,7.088104748080943,30.95797201782082,0.16945099830627441,0.3661596642241741
C3-multi,UCB-BO,67,18,7.088104748080943,30.95797201782082,0.1413130760192871,0.3804423162090099
C3-multi,UCB-BO,67,19,7.088104748080943,30.95797201782082,0.13171100616455078,0.37142344205180716
C3-multi,BO(EI),67,-1,0.02217004617471266,0.09682978645262993,0.0,0.0
C3-multi,BO(EI),67,0,0.11188445436500141,0.488666001782584,0.08345293998718262,0.017527914330223455
C3-multi,BO(EI),67,1,0.11188445436500141,0.488666001782584,0.0929868221282959,0.04762599449436178
C3-multi,BO(EI),67,2,0.14122461977542355,0.616811966332558,0.09296488761901855,0.046949405669665496
C3-multi,BO(EI),67,3,0.17972672784355445,0.7849735873248297,0.09398198127746582,0.07833837514933506
C3-multi,BO(EI),67,4,5.783396917234313,25.259536405717697,0.09775400161743164,0.17659172070052084
C3-multi,BO(EI),67,5,22.36564457949751,97.68408109940405,0.1061098575592041,0.23761927479150793
C3-multi,BO(EI),67,6,22.36564457949751,97.68408109940405,0.1089940071105957,0.25052844834148935
C3-multi,BO(EI),67,7,22.36564457949751,97.68408109940405,0.11550378799438477,0.2586577555994277
C3-multi,BO(EI),67,8,22.36564457949751,97.68408109940405,0.11343884468078613,0.31784303274868725
C3-multi,BO(EI),67,9,22.36564457949751,97.68408109940405,0.11483001708984375,0.3086252655902228
C3-multi,BO(EI),67,10,22.36564457949751,97.68408109940405,0.12097406387329102,0.3132828459943517
C3-multi,BO(EI),67,11,22.36564457949751,97.68408109940405,0.11658596992492676,0.31219189016759413
C3-multi,BO(EI),67,12,22.788070257969434,99.52906544973881,0.1257307529449463,0.30132739316440627
C3-multi,BO(EI),67,13,22.838021731454745,99.74723326375508,0.12099266052246094,0.29023970584339426
C3-multi,BO(EI),67,14,22.838021731454745,99.74723326375508,0.12317395210266113,0.28134893139511363
C3-multi,BO(EI),67,15,22.838021731454745,99.74723326375508,0.12321305274963379,0.2715156947012637
C3-multi,BO(EI),67,16,22.838021731454745,99.74723326375508,0.12449479103088379,0.26289939241109117
C3-multi,BO(EI),67,17,22.838021731454745,99.74723326375508,0.12795186042785645,0.2543020089948566
C3-multi,BO(EI),67,18,22.838021731454745,99.74723326375508,0.1252729892730713,0.24583979295565198
C3-multi,BO(EI),67,19,22.838021731454745,99.74723326375508,0.12661409378051758,0.23830894060018157
C3-multi,GA,67,-1,0.02217004617471266,0.09682978645262993,0.0,0.0
C3-multi,GA,67,0,0.2812874269448106,1.2285496055458156,0.09578204154968262,0.2536891417086499
C3-multi,GA,67,1,6.667392120189846,29.12046957891813,0.10804200172424316,0.40715469287806305
C3-multi,GA,67,2,6.885991201991122,30.075221871392007,0.12000012397766113,0.435574563220212
C3-multi,GA,67,3,19.750689970240934,86.26301799460805,0.1265888214111328,0.4036110607086106
C3-multi,GA,67,4,19.750689970240934,86.26301799460805,0.12911224365234375,0.4112538023853405
C3-multi,GA,67,5,19.750689970240934,86.26301799460805,0.13219523429870605,0.4094954212102537
C3-multi,GA,67,6,19.750689970240934,86.26301799460805,0.13529181480407715,0.40948432709168164
C3-multi,GA,67,7,19.750689970240934,86.26301799460805,0.13639616966247559,0.38309815034577954
C3-multi,GA,67,8,22.838021731454745,99.74723326375508,0.13930296897888184,0.36052238078835613
C3-multi,GA,67,9,22.838021731454745,99.74723326375508,0.1377248764038086,0.3521150814032716
C3-multi,GA,67,10,22.838021731454745,99.74723326375508,0.13896393775939941,0.34648295298513626
C3-multi,GA,67,11,22.838021731454745,99.74723326375508,0.14253902435302734,0.33577470421228867
C3-multi,GA,67,12,22.838021731454745,99.74723326375508,0.14072704315185547,0.33206544839208846
C3-multi,GA,67,13,22.838021731454745,99.74723326375508,0.1460857391357422,0.32471623959818785
C3-multi,GA,67,14,22.838021731454745,99.74723326375508,0.14910173416137695,0.31732697540597826
C3-multi,GA,67,15,22.838021731454745,99.74723326375508,0.1496419906616211,0.3160487369755245
C3-multi,GA,67,16,22.838021731454745,99.74723326375508,0.15143680572509766,0.30630303605772535
C3-multi,GA,67,17,22.838021731454745,99.74723326375508,0.147108793258667,0.3091401033592816
C3-multi,GA,67,18,22.838021731454745,99.74723326375508,0.15088582038879395,0.3086989474238714
C3-multi,GA,67,19,22.838021731454745,99.74723326375508,0.1527249813079834,0.30933902218847975
C3-multi,Random,67,-1,0.02217004617471266,0.09682978645262993,0.0,0.0
C3-multi,Random,67,0,22.35533063857721,97.63903398092143,0.05948305130004883,0.5105035874202077
C3-multi,Random,67,1,22.35533063857721,97.63903398092143,0.05910301208496094,0.4793803605446666
C3-multi,Random,67,2,22.35533063857721,97.63903398092143,0.05813097953796387,0.44794789306777477
C3-multi,Random,67,3,22.35533063857721,97.63903398092143,0.05991792678833008,0.44991974625876513
C3-multi,Random,67,4,22.35533063857721,97.63903398092143,0.05868220329284668,0.4506954289030467
C3-multi,Random,67,5,22.35533063857721,97.63903398092143,0.05865192413330078,0.46386797609670066
C3-multi,Random,67,6,22.648081033173558,98.91764918854423,0.060144901275634766,0.4731589789865936
C3-multi,Random,67,7,22.648081033173558,98.91764918854423,0.059741973876953125,0.4857332058778426
C3-multi,Random,67,8,22.648081033173558,98.91764918854423,0.0615839958190918,0.4806232184084779
C3-multi,Random,67,9,22.648081033173558,98.91764918854423,0.06354999542236328,0.49124586102086315
C3-multi,Random,67,10,22.648081033173558,98.91764918854423,0.059873104095458984,0.4941454949040156
C3-multi,Random,67,11,22.648081033173558,98.91764918854423,0.06076788902282715,0.4975882642073996
C3-multi,Random,67,12,22.648081033173558,98.91764918854423,0.062248945236206055,0.5029104766430674
C3-multi,Random,67,13,22.648081033173558,98.91764918854423,0.062077999114990234,0.4997841656316909
C3-multi,Random,67,14,22.648081033173558,98.91764918854423,0.06231093406677246,0.5071582411741418
C3-multi,Random,67,15,22.648081033173558,98.91764918854423,0.0633230209350586,0.506715267202803
C3-multi,Random,67,16,22.648081033173558,98.91764918854423,0.062280893325805664,0.507192023513621
C3-multi,Random,67,17,22.648081033173558,98.91764918854423,0.06483030319213867,0.5155666645415448
C3-multi,Random,67,18,22.648081033173558,98.91764918854423,0.0632638931274414,0.5140366560867257
C3-multi,Random,67,19,22.648081033173558,98.91764918854423,0.06384587287902832,0.5159654850569554
C4-complex,GLOSS,47,-1,0.05553616005706827,0.4138384208971554,0.0,0.0
C4-complex,GLOSS,47,0,0.312101964377198,2.3256880555666233,0.47437381744384766,0.4520537519362799
C4-complex,GLOSS,47,1,4.280950984624588,31.900332928936127,0.4473559856414795,0.3471707071793383
C4-complex,GLOSS,47,2,4.280950984624588,31.900332928936127,0.46119213104248047,0.4004628290047149
C4-complex,GLOSS,47,3,5.282488604224019,39.363483901891684,0.4638369083404541,0.37960366976362064
C4-complex,GLOSS,47,4,12.416406289255043,92.52324911701987,0.5247189998626709,0.37972756343597763
C4-complex,GLOSS,47,5,12.707613367491485,94.69323489363111,0.5626399517059326,0.39928612355676674
C4-complex,GLOSS,47,6,13.245092889214376,98.69836733897472,0.5301990509033203,0.3913624744827436
C4-complex,GLOSS,47,7,13.325768390868946,99.29953641828278,0.5516180992126465,0.38344658177934293
C4-complex,GLOSS,47,8,13.325768390868946,99.29953641828278,0.5456399917602539,0.38648612132847504
C4-complex,GLOSS,47,9,13.419768985361989,100.0,0.638002872467041,0.362123811381392
C4-complex,GLOSS,47,10,13.419768985361989,100.0,0.6188058853149414,0.3419821159905547
C4-complex,GLOSS,47,11,13.419768985361989,100.0,0.5379571914672852,0.3305832445558108
C4-complex,GLOSS,47,12,13.419768985361989,100.0,0.5331177711486816,0.31885673122115166
C4-complex,GLOSS,47,13,13.419768985361989,100.0,0.5315067768096924,0.3185719773078783
C4-complex,GLOSS,47,14,13.419768985361989,100.0,0.5396308898925781,0.31582276097031403
C4-complex,GLOSS,47,15,13.419768985361989,100.0,0.5664639472961426,0.31777932988246654
C4-complex,GLOSS,47,16,13.419768985361989,100.0,0.6420440673828125,0.30434952666108517
C4-complex,GLOSS,47,17,13.419768985361989,100.0,0.5691840648651123,0.3007325787117128
C4-complex,GLOSS,47,18,13.419768985361989,100.0,0.5707859992980957,0.2962212273372736
C4-complex,GLOSS,47,19,13.419768985361989,100.0,0.6481919288635254,0.2856626148273753
C4-complex,UCB-BO,47,-1,0.05553616005706827,0.4138384208971554,0.0,0.0
C4-complex,UCB-BO,47,0,0.36416456717603607,2.713642593797698,0.11385297775268555,0.09749449431902976
C4-complex,UCB-BO,47,1,0.36416456717603607,2.713642593797698,0.12809014320373535,0.061539391107090356
C4-complex,UCB-BO,47,2,0.37363228526386816,2.7841931233795356,0.12758803367614746,0.0730776775771581
C4-complex,UCB-BO,47,3,0.47433018139095845,3.5345629414958495,0.13645577430725098,0.09711934734866731
C4-complex,UCB-BO,47,4,0.47433018139095845,3.5345629414958495,0.14208674430847168,0.17693784046117286
C4-complex,UCB-BO,47,5,0.6211718704697531,4.628782143323888,0.14439821243286133,0.1889090282875865
C4-complex,UCB-BO,47,6,6.291589056040216,46.882990779520526,0.1518540382385254,0.30616116077105665
C4-complex,UCB-BO,47,7,6.291589056040216,46.882990779520526,0.16332197189331055,0.37847650756004014
C4-complex,UCB-BO,47,8,6.291589056040216,46.882990779520526,0.1778101921081543,0.4151109051676828
C4-complex,UCB-BO,47,9,6.291589056040216,46.882990779520526,0.16704392433166504,0.43247649573121333
C4-complex,UCB-BO,47,10,6.291589056040216,46.882990779520526,0.17421317100524902,0.4661454815003817
C4-complex,UCB-BO,47,11,6.48067988495871,48.29203760532469,0.17412781715393066,0.4623019116230521
C4-complex,UCB-BO,47,12,6.48067988495871,48.29203760532469,0.1695399284362793,0.4541494610261583
C4-complex,UCB-BO,47,13,6.48067988495871,48.29203760532469,0.174149751663208,0.4442330822034102
C4-complex,UCB-BO,47,14,6.48067988495871,48.29203760532469,0.1728360652923584,0.43583698894174266
C4-complex,UCB-BO,47,15,6.48067988495871,48.29203760532469,0.17003512382507324,0.4232237506598514
C4-complex,UCB-BO,47,16,6.48067988495871,48.29203760532469,0.1672987937927246,0.4114695144215653
C4-complex,UCB-BO,47,17,6.48067988495871,48.29203760532469,0.17207026481628418,0.3995405490543954
C4-complex,UCB-BO,47,18,6.48067988495871,48.29203760532469,0.17838215827941895,0.3882995464380256
C4-complex,UCB-BO,47,19,6.48067988495871,48.29203760532469,0.17191505432128906,0.37680567671851656
C4-complex,BO(EI),47,-1,0.05553616005706827,0.4138384208971554,0.0,0.0
C4-complex,BO(EI),47,0,0.26574302547843576,1.9802354702849418,0.11824679374694824,0.08537340020504743
C4-complex,BO(EI),47,1,0.38915185896590476,2.8998402237056666,0.1311202049255371,0.057608724353819654
C4-complex,BO(EI),47,2,0.38915185896590476,2.8998402237056666,0.12593603134155273,0.1722498888604979
C4-complex,BO(EI),47,3,0.38915185896590476,2.8998402237056666,0.13697576522827148,0.2538418020040908
C4-complex,BO(EI),47,4,5.344811510548492,39.82789507314548,0.1355738639831543,0.3756158054055122
C4-complex,BO(EI),47,5,5.344811510548492,39.82789507314548,0.15047788619995117,0.44121449452010514
C4-complex,BO(EI),47,6,5.344811510548492,39.82789507314548,0.1558220386505127,0.45826503509913336
C4-complex,BO(EI),47,7,5.344811510548492,39.82789507314548,0.16187405586242676,0.4489214711510362
C4-complex,BO(EI),47,8,5.513948684790186,41.088253388003096,0.16240191459655762,0.43100399909695347
C4-complex,BO(EI),47,9,5.513948684790186,41.088253388003096,0.1658918857574463,0.42341615177267283
C4-complex,BO(EI),47,10,5.513948684790186,41.088253388003096,0.16791605949401855,0.4062197064227106
C4-complex,BO(EI),47,11,5.513948684790186,41.088253388003096,0.1675279140472412,0.3961894713890587
C4-complex,BO(EI),47,12,5.513948684790186,41.088253388003096,0.16697406768798828,0.37873206433658485
C4-complex,BO(EI),47,13,5.513948684790186,41.088253388003096,0.16974687576293945,0.3623824215667795
C4-complex,BO(EI),47,14,5.513948684790186,41.088253388003096,0.16729497909545898,0.34850829752667867
C4-complex,BO(EI),47,15,5.513948684790186,41.088253388003096,0.1780850887298584,0.3480374633575829
C4-complex,BO(EI),47,16,5.513948684790186,41.088253388003096,0.17890000343322754,0.33686935741334517
C4-complex,BO(EI),47,17,5.513948684790186,41.088253388003096,0.17531108856201172,0.3332586086903129
C4-complex,BO(EI),47,18,5.513948684790186,41.088253388003096,0.18024492263793945,0.32227271515610917
C4-complex,BO(EI),47,19,5.513948684790186,41.088253388003096,0.1790149211883545,0.31706304620478565
C4-complex,GA,47,-1,0.05553616005706827,0.4138384208971554,0.0,0.0
C4-complex,GA,47,0,3.2519470754408992,24.232511595304338,0.13840413093566895,0.40126322303064965
C4-complex,GA,47,1,9.845813341558747,73.36797937653293,0.15523290634155273,0.40052445327844993
C4-complex,GA,47,2,13.150822196088683,97.99589106513929,0.16029906272888184,0.36988417758576253
C4-complex,GA,47,3,13.150822196088683,97.99589106513929,0.16596698760986328,0.3872994832807973
C4-complex,GA,47,4,13.150822196088683,97.99589106513929,0.1757948398590088,0.404615043675885
C4-complex,GA,47,5,13.150822196088683,97.99589106513929,0.18260693550109863,0.39057049987747233
C4-complex,GA,47,6,13.150822196088683,97.99589106513929,0.1841139793395996,0.37313512700345347
C4-complex,GA,47,7,13.150822196088683,97.99589106513929,0.19226813316345215,0.36385885938353163
C4-complex,GA,47,8,13.150822196088683,97.99589106513929,0.192854642868042,0.3487307301781194
C4-complex,GA,47,9,13.150822196088683,97.99589106513929,0.19604206085205078,0.34068081650283893
C4-complex,GA,47,10,13.150822196088683,97.99589106513929,0.20253610610961914,0.3283487437681539
C4-complex,GA,47,11,13.150822196088683,97.99589106513929,0.20485877990722656,0.3232688006279061
C4-complex,GA,47,12,13.150822196088683,97.99589106513929,0.20339417457580566,0.3231118594324155
C4-complex,GA,47,13,13.150822196088683,97.99589106513929,0.20745205879211426,0.3196023762933986
C4-complex,GA,47,14,13.150822196088683,97.99589106513929,0.21036171913146973,0.3148574987164609
C4-complex,GA,47,15,13.150822196088683,97.99589106513929,0.2123861312866211,0.316305368920054
C4-complex,GA,47,16,13.150822196088683,97.99589106513929,0.20735812187194824,0.31023749256018013
C4-complex,GA,47,17,13.150822196088683,97.99589106513929,0.2153000831604004,0.30490884267573853
C4-complex,GA,47,18,13.150822196088683,97.99589106513929,0.2124330997467041,0.3019683371391924
C4-complex,GA,47,19,13.150822196088683,97.99589106513929,0.21338438987731934,0.29886659108082464
C4-complex,Random,47,-1,0.05553616005706827,0.4138384208971554,0.0,0.0
C4-complex,Random,47,0,2.2696721058740126,16.91289997875317,0.0745859146118164,0.528176743207966
C4-complex,Random,47,1,4.414865451073439,32.89822243504403,0.07631516456604004,0.4857649249701281
C4-complex,Random,47,2,4.414865451073439,32.89822243504403,0.0728750228881836,0.5029496002891379
C4-complex,Random,47,3,4.414865451073439,32.89822243504403,0.07376909255981445,0.48190457749638604
C4-complex,Random,47,4,4.414865451073439,32.89822243504403,0.07525300979614258,0.5070501836220076
C4-complex,Random,47,5,4.414865451073439,32.89822243504403,0.07265114784240723,0.5082368071483452
C4-complex,Random,47,6,4.414865451073439,32.89822243504403,0.07957887649536133,0.5013516198602217
C4-complex,Random,47,7,4.414865451073439,32.89822243504403,0.07640480995178223,0.5020130020404003
C4-complex,Random,47,8,4.414865451073439,32.89822243504403,0.07739400863647461,0.5128504073901325
C4-complex,Random,47,9,4.605570665692649,34.31929916764075,0.07612204551696777,0.5117692521836804
C4-complex,Random,47,10,4.605570665692649,34.31929916764075,0.07509803771972656,0.5041885818998091
C4-complex,Random,47,11,4.605570665692649,34.31929916764075,0.07519817352294922,0.5122064130249918
C4-complex,Random,47,12,4.605570665692649,34.31929916764075,0.0813760757446289,0.5181858048884173
C4-complex,Random,47,13,10.30943874757361,76.82277361718324,0.08093404769897461,0.5205237595227973
C4-complex,Random,47,14,10.30943874757361,76.82277361718324,0.07645487785339355,0.5215627847754298
C4-complex,Random,47,15,10.30943874757361,76.82277361718324,0.07666611671447754,0.5216424361539121
C4-complex,Random,47,16,10.30943874757361,76.82277361718324,0.07840776443481445,0.5276725014194803
C4-complex,Random,47,17,10.30943874757361,76.82277361718324,0.07751011848449707,0.5287834916855655
C4-complex,Random,47,18,10.30943874757361,76.82277361718324,0.07933282852172852,0.5259673579610761
C4-complex,Random,47,19,10.30943874757361,76.82277361718324,0.07854390144348145,0.5244611502667834
C4-complex,GLOSS,53,-1,0.03616799195906925,0.269512776252114,0.0,0.0
C4-complex,GLOSS,53,0,0.927165358078427,6.9089517046810585,0.44092583656311035,0.5119406153374148
C4-complex,GLOSS,53,1,1.499464637599436,11.17355029907759,0.458482027053833,0.49975606710119325
C4-complex,GLOSS,53,2,2.3355800007151433,17.404025384212996,0.4572319984436035,0.47154397314129004
C4-complex,GLOSS,53,3,11.558369030766626,86.12941879531802,0.46439313888549805,0.4370683470502803
C4-complex,GLOSS,53,4,13.307426059599525,99.16285499485866,0.5562410354614258,0.41895205473065045
C4-complex,GLOSS,53,5,13.307426059599525,99.16285499485866,0.5279641151428223,0.4272511236484461
C4-complex,GLOSS,53,6,13.307426059599525,99.16285499485866,0.5106258392333984,0.4281961066836917
C4-complex,GLOSS,53,7,13.307426059599525,99.16285499485866,0.5206708908081055,0.41391064296808794
C4-complex,GLOSS,53,8,13.345608346523344,99.4473776790082,0.5871319770812988,0.39797766710045657
C4-complex,GLOSS,53,9,13.345608346523344,99.4473776790082,0.6098430156707764,0.40125897083906
C4-complex,GLOSS,53,10,13.419768985361989,100.0,0.5929539203643799,0.3779999879617918
C4-complex,GLOSS,53,11,13.419768985361989,100.0,0.5363922119140625,0.3685909639273399
C4-complex,GLOSS,53,12,13.419768985361989,100.0,0.5283620357513428,0.3562910826203282
C4-complex,GLOSS,53,13,13.419768985361989,100.0,0.5305089950561523,0.35541155713589834
C4-complex,GLOSS,53,14,13.419768985361989,100.0,0.6329081058502197,0.33889998160621937
C4-complex,GLOSS,53,15,13.419768985361989,100.0,0.5396559238433838,0.32978022847469596
C4-complex,GLOSS,53,16,13.419768985361989,100.0,0.5494856834411621,0.3292821946447748
C4-complex,GLOSS,53,17,13.419768985361989,100.0,0.566605806350708,0.32360747755300606
C4-complex,GLOSS,53,18,13.419768985361989,100.0,0.6508080959320068,0.3112604458368546
C4-complex,GLOSS,53,19,13.419768985361989,100.0,0.5475661754608154,0.3091343405051703
C4-complex,UCB-BO,53,-1,0.03616799195906925,0.269512776252114,0.0,0.0
C4-complex,UCB-BO,53,0,1.0225303700258714,7.619582506533658,0.11587882041931152,0.03808008869610773
C4-complex,UCB-BO,53,1,1.543596005611759,11.502403709747032,0.12620806694030762,0.17487760104554398
C4-complex,UCB-BO,53,2,2.0762501755704106,15.471579114626651,0.12935900688171387,0.19422093890808004
C4-complex,UCB-BO,53,3,2.0762501755704106,15.471579114626651,0.13644886016845703,0.3041567163253581
C4-complex,UCB-BO,53,4,4.505432935501947,33.57310353416949,0.14202499389648438,0.26360201692398727
C4-complex,UCB-BO,53,5,4.923569099731583,36.688925905521266,0.14479970932006836,0.27152162197201596
C4-complex,UCB-BO,53,6,5.835322247813251,43.48303055125839,0.1569218635559082,0.26057641817281135
C4-complex,UCB-BO,53,7,5.835322247813251,43.48303055125839,0.15910601615905762,0.2715451058366124
C4-complex,UCB-BO,53,8,5.835322247813251,43.48303055125839,0.15374088287353516,0.26790533375466413
C4-complex,UCB-BO,53,9,6.33564469921104,47.21127991191079,0.15505290031433105,0.25393238604558044
C4-complex,UCB-BO,53,10,6.36664380311799,47.4422757207117,0.15643715858459473,0.241019628295963
C4-complex,UCB-BO,53,11,7.3588527355215,54.83591217962386,0.15861296653747559,0.23046947498764525
C4-complex,UCB-BO,53,12,8.11823313403204,60.494581858206686,0.16531085968017578,0.21957307702155693
C4-complex,UCB-BO,53,13,9.361774881436425,69.76107332136685,0.16434097290039062,0.20924344773484585
C4-complex,UCB-BO,53,14,12.270782135067002,91.43810261154064,0.16498994827270508,0.2041015062349452
C4-complex,UCB-BO,53,15,12.270782135067002,91.43810261154064,0.1730213165283203,0.2039068617758007
C4-complex,UCB-BO,53,16,12.270782135067002,91.43810261154064,0.17613816261291504,0.20098358242647352
C4-complex,UCB-BO,53,17,12.270782135067002,91.43810261154064,0.1768798828125,0.19568086893034914
C4-complex,UCB-BO,53,18,12.270782135067002,91.43810261154064,0.1739802360534668,0.19055045929299383
C4-complex,UCB-BO,53,19,12.270782135067002,91.43810261154064,0.17147207260131836,0.18773816811884442
C4-complex,BO(EI),53,-1,0.03616799195906925,0.269512776252114,0.0,0.0
C4-complex,BO(EI),53,0,0.22544022453303333,1.6799113664247047,0.11992478370666504,0.03681546325778688
C4-complex,BO(EI),53,1,0.3723063192998798,2.7743124319500874,0.12221312522888184,0.04492365902403695
C4-complex,BO(EI),53,2,0.712825694468301,5.311758311531569,0.12648701667785645,0.08283780922318833
C4-complex,BO(EI),53,3,2.578947092008808,19.217522260046884,0.13039708137512207,0.10013791657606316
C4-complex,BO(EI),53,4,12.417890590483726,92.5343096742493,0.13174080848693848,0.13670872612476972
C4-complex,BO(EI),53,5,12.707613367491485,94.69323489363111,0.13250184059143066,0.16890273471965278
C4-complex,BO(EI),53,6,13.345608346523344,99.4473776790082,0.13938522338867188,0.1866897908079651
C4-complex,BO(EI),53,7,13.345608346523344,99.4473776790082,0.14654302597045898,0.18764704324016632
C4-complex,BO(EI),53,8,13.345608346523344,99.4473776790082,0.1488020420074463,0.18234848361747805
C4-complex,BO(EI),53,9,13.345608346523344,99.4473776790082,0.15048718452453613,0.1742764215280433
C4-complex,BO(EI),53,10,13.345608346523344,99.4473776790082,0.15520215034484863,0.1692886480506865
C4-complex,BO(EI),53,11,13.345608346523344,99.4473776790082,0.15181803703308105,0.16356002541846443
C4-complex,BO(EI),53,12,13.345608346523344,99.4473776790082,0.1568150520324707,0.16051491082100827
C4-complex,BO(EI),53,13,13.345608346523344,99.4473776790082,0.1556870937347412,0.15408599960037
C4-complex,BO(EI),53,14,13.345608346523344,99.4473776790082,0.15730786323547363,0.1482784676413726
C4-complex,BO(EI),53,15,13.419768985361989,100.0,0.15792107582092285,0.14271575796040664
C4-complex,BO(EI),53,16,13.419768985361989,100.0,0.16358089447021484,0.14041548938532716
C4-complex,BO(EI),53,17,13.419768985361989,100.0,0.15900492668151855,0.13658062444865188
C4-complex,BO(EI),53,18,13.419768985361989,100.0,0.16536498069763184,0.14901666686305182
C4-complex,BO(EI),53,19,13.419768985361989,100.0,0.16222786903381348,0.18182469643747418
C4-complex,GA,53,-1,0.03616799195906925,0.269512776252114,0.0,0.0
C4-complex,GA,53,0,1.8614916870260598,13.87126476660319,0.1336498260498047,0.4561164922159974
C4-complex,GA,53,1,1.8614916870260598,13.87126476660319,0.15145492553710938,0.4795663102677766
C4-complex,GA,53,2,1.8614916870260598,13.87126476660319,0.15906906127929688,0.4222667466541185
C4-complex,GA,53,3,5.4124453148359715,40.33188142612408,0.16666698455810547,0.43865512004467994
C4-complex,GA,53,4,6.970286536124482,51.940436111288726,0.1706550121307373,0.41645013905862055
C4-complex,GA,53,5,6.970286536124482,51.940436111288726,0.18024110794067383,0.4122791689089642
C4-complex,GA,53,6,6.970286536124482,51.940436111288726,0.18204855918884277,0.40970803591775834
C4-complex,GA,53,7,11.539704778009026,85.99033851176053,0.19716310501098633,0.39873839849493575
C4-complex,GA,53,8,13.397181662355672,99.83168620092526,0.19478178024291992,0.38945546161226297
C4-complex,GA,53,9,13.397181662355672,99.83168620092526,0.19277596473693848,0.3775316688718507
C4-complex,GA,53,10,13.397181662355672,99.83168620092526,0.1988050937652588,0.3748492388626786
C4-complex,GA,53,11,13.397181662355672,99.83168620092526,0.19818496704101562,0.3673674733359959
C4-complex,GA,53,12,13.397181662355672,99.83168620092526,0.20890021324157715,0.3621054762460391
C4-complex,GA,53,13,13.419768985361989,100.0,0.19897794723510742,0.35611848179166417
C4-complex,GA,53,14,13.419768985361989,100.0,0.20410609245300293,0.3517309140845045
C4-complex,GA,53,15,13.419768985361989,100.0,0.20489025115966797,0.3455932964926228
C4-complex,GA,53,16,13.419768985361989,100.0,0.20482587814331055,0.33928599981853286
C4-complex,GA,53,17,13.419768985361989,100.0,0.20887494087219238,0.3352730646706527
C4-complex,GA,53,18,13.419768985361989,100.0,0.2190852165222168,0.33002337660438474
C4-complex,GA,53,19,13.419768985361989,100.0,0.21938276290893555,0.3289953196370043
C4-complex,Random,53,-1,0.03616799195906925,0.269512776252114,0.0,0.0
C4-complex,Random,53,0,3.002053825984422,22.370383791695676,0.07294583320617676,0.5602827936348672
C4-complex,Random,53,1,3.002053825984422,22.370383791695676,0.07747101783752441,0.5384392752391667
C4-complex,Random,53,2,3.002053825984422,22.370383791695676,0.0751650333404541,0.5499821443238905
C4-complex,Random,53,3,3.002053825984422,22.370383791695676,0.07258296012878418,0.5513699662020992
C4-complex,Random,53,4,3.6488598886965797,27.190184068568406,0.07546687126159668,0.5413176607425757
C4-complex,Random,53,5,3.6488598886965797,27.190184068568406,0.07445621490478516,0.535508149506266
C4-complex,Random,53,6,5.752607368096856,42.8666646525114,0.0785069465637207,0.5375944438114532
C4-complex,Random,53,7,5.752607368096856,42.8666646525114,0.07545685768127441,0.535571007079476
C4-complex,Random,53,8,5.752607368096856,42.8666646525114,0.07579231262207031,0.5490228082625358
C4-complex,Random,53,9,5.752607368096856,42.8666646525114,0.07680177688598633,0.5420230919961856
C4-complex,Random,53,10,5.752607368096856,42.8666646525114,0.07682991027832031,0.5466065129640733
C4-complex,Random,53,11,5.752607368096856,42.8666646525114,0.07796907424926758,0.5443532987969749
C4-complex,Random,53,12,5.752607368096856,42.8666646525114,0.07858920097351074,0.5487118053628119
C4-complex,Random,53,13,5.752607368096856,42.8666646525114,0.07941818237304688,0.5478408212228021
C4-complex,Random,53,14,5.752607368096856,42.8666646525114,0.0794382095336914,0.5488377416263637
C4-complex,Random,53,15,5.752607368096856,42.8666646525114,0.0773162841796875,0.5441607222542638
C4-complex,Random,53,16,6.030222319843117,44.93536607389263,0.08060312271118164,0.5408310360839126
C4-complex,Random,53,17,6.030222319843117,44.93536607389263,0.07752084732055664,0.5403237000730923
C4-complex,Random,53,18,6.030222319843117,44.93536607389263,0.07912611961364746,0.5345775984300303
C4-complex,Random,53,19,9.384730007367969,69.93212787496297,0.07751727104187012,0.5305611772211709
C4-complex,GLOSS,59,-1,0.04150938014361619,0.3093151617505024,0.0,0.0
C4-complex,GLOSS,59,0,0.616009728114778,4.590315442737569,0.44049906730651855,0.38486795185446837
C4-complex,GLOSS,59,1,6.422084817965465,47.855405148706694,0.4603757858276367,0.3608279469284767
C4-complex,GLOSS,59,2,6.422084817965465,47.855405148706694,0.4663078784942627,0.42529613180834663
C4-complex,GLOSS,59,3,6.422084817965465,47.855405148706694,0.4815659523010254,0.41915254342531416
C4-complex,GLOSS,59,4,6.422084817965465,47.855405148706694,0.56557297706604,0.43525055086087033
C4-complex,GLOSS,59,5,6.422084817965465,47.855405148706694,0.5615818500518799,0.4097044230063338
C4-complex,GLOSS,59,6,6.4598218462199695,48.13660990190078,0.5655739307403564,0.3791553222873361
C4-complex,GLOSS,59,7,6.4598218462199695,48.13660990190078,0.5061707496643066,0.3595452637460797
C4-complex,GLOSS,59,8,10.61790110837366,79.12134046387423,0.5027420520782471,0.34686887132831984
C4-complex,GLOSS,59,9,11.81088519517604,88.01109175619277,0.5132181644439697,0.3463477955318823
C4-complex,GLOSS,59,10,12.270782135067002,91.43810261154064,0.5294661521911621,0.3526408897906099
C4-complex,GLOSS,59,11,12.917659901796613,96.25843720474573,0.5357072353363037,0.3558401446737193
C4-complex,GLOSS,59,12,13.37555536304227,99.6705336554754,0.6280200481414795,0.3451199612178798
C4-complex,GLOSS,59,13,13.419768985361989,100.0,0.628058910369873,0.3311501652598734
C4-complex,GLOSS,59,14,13.419768985361989,100.0,0.5282127857208252,0.3299792571826057
C4-complex,GLOSS,59,15,13.419768985361989,100.0,0.6329400539398193,0.319050087466658
C4-complex,GLOSS,59,16,13.419768985361989,100.0,0.5364680290222168,0.31632652762019275
C4-complex,GLOSS,59,17,13.419768985361989,100.0,0.5542352199554443,0.31055167481735024
C4-complex,GLOSS,59,18,13.419768985361989,100.0,0.5504672527313232,0.3086430972516083
C4-complex,GLOSS,59,19,13.419768985361989,100.0,0.5654609203338623,0.3058281306743859
C4-complex,UCB-BO,59,-1,0.04150938014361619,0.3093151617505024,0.0,0.0
C4-complex,UCB-BO,59,0,0.172167007785392,1.2829357045802225,0.11779522895812988,0.020851421975442135
C4-complex,UCB-BO,59,1,0.18514335939286558,1.3796314943633992,0.1258249282836914,0.02762442895513085
C4-complex,UCB-BO,59,2,0.19466492552762188,1.4505832830651437,0.12740015983581543,0.12354050632685497
C4-complex,UCB-BO,59,3,0.19466492552762188,1.4505832830651437,0.12754082679748535,0.11327148906754705
C4-complex,UCB-BO,59,4,0.22977144426383012,1.7121862866228184,0.1287250518798828,0.11224635150919912
C4-complex,UCB-BO,59,5,0.22977144426383012,1.7121862866228184,0.13352298736572266,0.12769144071665905
C4-complex,UCB-BO,59,6,0.43386034287809977,3.2329941249461585,0.1363978385925293,0.19341519557471054
C4-complex,UCB-BO,59,7,0.51651491958984,3.8489106642092272,0.14097309112548828,0.2455901300569658
C4-complex,UCB-BO,59,8,0.51651491958984,3.8489106642092272,0.14384102821350098,0.2797100659174691
C4-complex,UCB-BO,59,9,0.51651491958984,3.8489106642092272,0.14238715171813965,0.28927525493727063
C4-complex,UCB-BO,59,10,4.8699552354368265,36.28941184269919,0.1470341682434082,0.34684600253956976
C4-complex,UCB-BO,59,11,4.8699552354368265,36.28941184269919,0.1639728546142578,0.4176490815058757
C4-complex,UCB-BO,59,12,4.8699552354368265,36.28941184269919,0.1652998924255371,0.44893858419565075
C4-complex,UCB-BO,59,13,4.8699552354368265,36.28941184269919,0.16759514808654785,0.482713489021799
C4-complex,UCB-BO,59,14,4.8699552354368265,36.28941184269919,0.17117094993591309,0.48797785981058
C4-complex,UCB-BO,59,15,4.8699552354368265,36.28941184269919,0.17176389694213867,0.49443181533523384
C4-complex,UCB-BO,59,16,6.771713265167218,50.46072903753907,0.17837309837341309,0.4913243653576051
C4-complex,UCB-BO,59,17,6.771713265167218,50.46072903753907,0.1831068992614746,0.4858184163684824
C4-complex,UCB-BO,59,18,6.771713265167218,50.46072903753907,0.18181896209716797,0.48935045596588517
C4-complex,UCB-BO,59,19,6.771713265167218,50.46072903753907,0.18012785911560059,0.4818897700068461
C4-complex,BO(EI),59,-1,0.04150938014361619,0.3093151617505024,0.0,0.0
C4-complex,BO(EI),59,0,0.1500525460248465,1.1181455223895491,0.11826801300048828,0.025006404715639512
C4-complex,BO(EI),59,1,0.1500525460248465,1.1181455223895491,0.12324786186218262,0.08911689568659045
C4-complex,BO(EI),59,2,0.2838601015535268,2.115238361130923,0.12700891494750977,0.09110876355032282
C4-complex,BO(EI),59,3,0.2838601015535268,2.115238361130923,0.12746596336364746,0.1353064502618301
C4-complex,BO(EI),59,4,0.2838601015535268,2.115238361130923,0.12872600555419922,0.19551842868703026
C4-complex,BO(EI),59,5,0.2838601015535268,2.115238361130923,0.13291597366333008,0.2160714575227376
C4-complex,BO(EI),59,6,0.2838601015535268,2.115238361130923,0.13093090057373047,0.21444910451461946
C4-complex,BO(EI),59,7,0.2838601015535268,2.115238361130923,0.13448095321655273,0.21639930548358516
C4-complex,BO(EI),59,8,0.2838601015535268,2.115238361130923,0.1329820156097412,0.21869380769183544
C4-complex,BO(EI),59,9,0.2838601015535268,2.115238361130923,0.13600802421569824,0.24575115190614513
C4-complex,BO(EI),59,10,0.2838601015535268,2.115238361130923,0.13637900352478027,0.29203689089057944
C4-complex,BO(EI),59,11,0.2838601015535268,2.115238361130923,0.137253999710083,0.31741925644079216
C4-complex,BO(EI),59,12,0.2838601015535268,2.115238361130923,0.13909196853637695,0.33774733225712883
C4-complex,BO(EI),59,13,0.2838601015535268,2.115238361130923,0.14003801345825195,0.3312925821899801
C4-complex,BO(EI),59,14,1.5503577590860969,11.552790221479935,0.14279508590698242,0.3554794787662546
C4-complex,BO(EI),59,15,1.5503577590860969,11.552790221479935,0.15170693397521973,0.41442572071774947
C4-complex,BO(EI),59,16,2.9831726231607827,22.229686862827272,0.1640028953552246,0.44669434833734945
C4-complex,BO(EI),59,17,2.9831726231607827,22.229686862827272,0.16703319549560547,0.48377118221739596
C4-complex,BO(EI),59,18,2.9831726231607827,22.229686862827272,0.16041207313537598,0.5037739550662462
C4-complex,BO(EI),59,19,3.5159936980086814,26.200105991719052,0.16370391845703125,0.5142319977022556
C4-complex,GA,59,-1,0.04150938014361619,0.3093151617505024,0.0,0.0
C4-complex,GA,59,0,1.4142469081101547,10.538533931938668,0.13444185256958008,0.43923271287397464
C4-complex,GA,59,1,5.3643670027242125,39.97361659932861,0.1525592803955078,0.545263482093777
C4-complex,GA,59,2,5.3643670027242125,39.97361659932861,0.16356706619262695,0.5006521943478376
C4-complex,GA,59,3,5.3643670027242125,39.97361659932861,0.1728191375732422,0.44549796763520505
C4-complex,GA,59,4,5.3643670027242125,39.97361659932861,0.17394804954528809,0.412754923257018
C4-complex,GA,59,5,6.109023543190085,45.522568606461725,0.17664670944213867,0.3801605992957943
C4-complex,GA,59,6,6.109023543190085,45.522568606461725,0.18179106712341309,0.36382198657405584
C4-complex,GA,59,7,6.109023543190085,45.522568606461725,0.1821751594543457,0.35574725556830794
C4-complex,GA,59,8,6.349977031789775,47.31808005574612,0.1828460693359375,0.3358591110827956
C4-complex,GA,59,9,6.349977031789775,47.31808005574612,0.18359708786010742,0.32062381656428096
C4-complex,GA,59,10,6.349977031789775,47.31808005574612,0.18889498710632324,0.3264270856271029
C4-complex,GA,59,11,6.367037020361373,47.44520585493243,0.18960261344909668,0.3275154931064446
C4-complex,GA,59,12,6.367037020361373,47.44520585493243,0.19267892837524414,0.33389989533986736
C4-complex,GA,59,13,6.367037020361373,47.44520585493243,0.19304299354553223,0.33354266352151046
C4-complex,GA,59,14,6.367037020361373,47.44520585493243,0.19290590286254883,0.33589504480228755
C4-complex,GA,59,15,6.367037020361373,47.44520585493243,0.20474791526794434,0.33696836228192745
C4-complex,GA,59,16,10.759866225210287,80.17922094595616,0.20203495025634766,0.33529261475002553
C4-complex,GA,59,17,10.759866225210287,80.17922094595616,0.2038259506225586,0.3388179980242145
C4-complex,GA,59,18,10.759866225210287,80.17922094595616,0.21355867385864258,0.34380989809192536
C4-complex,GA,59,19,10.759866225210287,80.17922094595616,0.21304607391357422,0.3392832731087021
C4-complex,Random,59,-1,0.04150938014361619,0.3093151617505024,0.0,0.0
C4-complex,Random,59,0,4.778097582599077,35.60491680453612,0.07244300842285156,0.45316324927204515
C4-complex,Random,59,1,4.778097582599077,35.60491680453612,0.07215309143066406,0.5211166497493042
C4-complex,Random,59,2,4.778097582599077,35.60491680453612,0.07759904861450195,0.5450825362864219
C4-complex,Random,59,3,4.778097582599077,35.60491680453612,0.07918190956115723,0.5134119002029329
C4-complex,Random,59,4,4.778097582599077,35.60491680453612,0.08004999160766602,0.5225213415166995
C4-complex,Random,59,5,4.778097582599077,35.60491680453612,0.07840800285339355,0.5409391016905212
C4-complex,Random,59,6,4.96989990788418,37.034168869115746,0.07873988151550293,0.5419289877419865
C4-complex,Random,59,7,4.96989990788418,37.034168869115746,0.07545781135559082,0.548451003032289
C4-complex,Random,59,8,4.96989990788418,37.034168869115746,0.07636785507202148,0.5487757288519681
C4-complex,Random,59,9,4.96989990788418,37.034168869115746,0.07472896575927734,0.5457561375711589
C4-complex,Random,59,10,4.96989990788418,37.034168869115746,0.07627987861633301,0.5394856107897131
C4-complex,Random,59,11,4.96989990788418,37.034168869115746,0.07529115676879883,0.5309194381920412
C4-complex,Random,59,12,4.96989990788418,37.034168869115746,0.07659387588500977,0.53427198011523
C4-complex,Random,59,13,7.569996160126058,56.409288180618134,0.07755589485168457,0.5269079872036451
C4-complex,Random,59,14,7.569996160126058,56.409288180618134,0.07752203941345215,0.5243332190926703
C4-complex,Random,59,15,7.569996160126058,56.409288180618134,0.07791805267333984,0.5248824303488175
C4-complex,Random,59,16,7.569996160126058,56.409288180618134,0.07783389091491699,0.5272543992355978
C4-complex,Random,59,17,7.569996160126058,56.409288180618134,0.07936310768127441,0.5263408816511189
C4-complex,Random,59,18,7.569996160126058,56.409288180618134,0.07976603507995605,0.5289325549863304
C4-complex,Random,59,19,9.709828994701779,72.3546657568626,0.0813899040222168,0.5237872808719287
C4-complex,GLOSS,61,-1,0.055654794755121084,0.41472245025848214,0.0,0.0
C4-complex,GLOSS,61,0,0.2746158599416354,2.046353109663667,0.5073451995849609,0.4282790584835133
C4-complex,GLOSS,61,1,0.2746158599416354,2.046353109663667,0.4385831356048584,0.37740327052254546
C4-complex,GLOSS,61,2,0.3742677105407805,2.7889281175333505,0.4424769878387451,0.38086877455076323
C4-complex,GLOSS,61,3,2.3420526443024987,17.452257537794893,0.47674083709716797,0.4482877034362509
C4-complex,GLOSS,61,4,2.3420526443024987,17.452257537794893,0.5195410251617432,0.4734229688033915
C4-complex,GLOSS,61,5,2.3420526443024987,17.452257537794893,0.49567604064941406,0.4736636815908123
C4-complex,GLOSS,61,6,3.9339240201018986,29.31439449064245,0.49353599548339844,0.44847232535119286
C4-complex,GLOSS,61,7,3.9339240201018986,29.31439449064245,0.6328909397125244,0.4220139612424789
C4-complex,GLOSS,61,8,10.880877944464846,81.08096313977899,0.6486680507659912,0.3989290021464014
C4-complex,GLOSS,61,9,13.2096413107457,98.43419305618829,0.5277118682861328,0.39663223699123795
C4-complex,GLOSS,61,10,13.345608346523344,99.4473776790082,0.538966178894043,0.39436274050789794
C4-complex,GLOSS,61,11,13.345608346523344,99.4473776790082,0.6545732021331787,0.38778327131278406
C4-complex,GLOSS,61,12,13.345608346523344,99.4473776790082,0.5612239837646484,0.3752134399008936
C4-complex,GLOSS,61,13,13.37555536304227,99.6705336554754,0.644618034362793,0.36030369075367413
C4-complex,GLOSS,61,14,13.397181662355672,99.83168620092526,0.5496771335601807,0.3510324802193769
C4-complex,GLOSS,61,15,13.419768985361989,100.0,0.5407860279083252,0.34892177493163623
C4-complex,GLOSS,61,16,13.419768985361989,100.0,0.5449831485748291,0.3514265224024673
C4-complex,GLOSS,61,17,13.419768985361989,100.0,0.652806282043457,0.3399470646140724
C4-complex,GLOSS,61,18,13.419768985361989,100.0,0.6541812419891357,0.32851669666905675
C4-complex,GLOSS,61,19,13.419768985361989,100.0,0.6550049781799316,0.3177199217338331
C4-complex,UCB-BO,61,-1,0.055654794755121084,0.41472245025848214,0.0,0.0
C4-complex,UCB-BO,61,0,0.2746158599416354,2.046353109663667,0.11158108711242676,0.05911293755981279
C4-complex,UCB-BO,61,1,0.3325339324191908,2.4779408109179233,0.12406706809997559,0.039784659202056184
C4-complex,UCB-BO,61,2,0.3325339324191908,2.4779408109179233,0.12546110153198242,0.060701574721696044
C4-complex,UCB-BO,61,3,0.3793244418755096,2.8266093275470614,0.1332097053527832,0.07454998727795324
C4-complex,UCB-BO,61,4,5.308777358813027,39.559379633164575,0.13280010223388672,0.2406928614921726
C4-complex,UCB-BO,61,5,5.308777358813027,39.559379633164575,0.13982105255126953,0.25920234646938584
C4-complex,UCB-BO,61,6,5.308777358813027,39.559379633164575,0.14357900619506836,0.27846674669178745
C4-complex,UCB-BO,61,7,5.308777358813027,39.559379633164575,0.14594006538391113,0.27764950035804864
C4-complex,UCB-BO,61,8,5.308777358813027,39.559379633164575,0.14734578132629395,0.3343610812248341
C4-complex,UCB-BO,61,9,5.402670641913535,40.25904356331811,0.15387582778930664,0.345402008348629
C4-complex,UCB-BO,61,10,5.402670641913535,40.25904356331811,0.1528470516204834,0.3563613149375471
C4-complex,UCB-BO,61,11,5.402670641913535,40.25904356331811,0.1587216854095459,0.37370974210363006
C4-complex,UCB-BO,61,12,5.402670641913535,40.25904356331811,0.1648268699645996,0.35870692737018367
C4-complex,UCB-BO,61,13,6.498301652570442,48.4233496095101,0.16803979873657227,0.38101029866428526
C4-complex,UCB-BO,61,14,6.498301652570442,48.4233496095101,0.16989994049072266,0.3727555131217667
C4-complex,UCB-BO,61,15,6.498301652570442,48.4233496095101,0.17595410346984863,0.35968274447423565
C4-complex,UCB-BO,61,16,6.714915436236014,50.03748904739349,0.17493700981140137,0.3467567266886143
C4-complex,UCB-BO,61,17,6.714915436236014,50.03748904739349,0.17433667182922363,0.38126954802230456
C4-complex,UCB-BO,61,18,6.714915436236014,50.03748904739349,0.17738795280456543,0.3704615433855885
C4-complex,UCB-BO,61,19,6.714915436236014,50.03748904739349,0.17342901229858398,0.35886750451905547
C4-complex,BO(EI),61,-1,0.055654794755121084,0.41472245025848214,0.0,0.0
C4-complex,BO(EI),61,0,0.39411548177782724,2.936827617582094,0.11153793334960938,0.09069985493414777
C4-complex,BO(EI),61,1,0.39411548177782724,2.936827617582094,0.12536001205444336,0.06060870434102878
C4-complex,BO(EI),61,2,10.742124662985333,80.04701626907755,0.1298828125,0.20217643348949516
C4-complex,BO(EI),61,3,10.742124662985333,80.04701626907755,0.1406419277191162,0.31000606521715945
C4-complex,BO(EI),61,4,13.397181662355672,99.83168620092526,0.14928102493286133,0.306241459267095
C4-complex,BO(EI),61,5,13.397181662355672,99.83168620092526,0.15117883682250977,0.2848176321430856
C4-complex,BO(EI),61,6,13.397181662355672,99.83168620092526,0.1518850326538086,0.3018481924433481
C4-complex,BO(EI),61,7,13.397181662355672,99.83168620092526,0.15335392951965332,0.2808434061443009
C4-complex,BO(EI),61,8,13.419768985361989,100.0,0.16559290885925293,0.2637071171693703
C4-complex,BO(EI),61,9,13.419768985361989,100.0,0.1608729362487793,0.24763366839249573
C4-complex,BO(EI),61,10,13.419768985361989,100.0,0.16849303245544434,0.23539485889141193
C4-complex,BO(EI),61,11,13.419768985361989,100.0,0.16100406646728516,0.2223859384071359
C4-complex,BO(EI),61,12,13.419768985361989,100.0,0.16166400909423828,0.21054853359285824
C4-complex,BO(EI),61,13,13.419768985361989,100.0,0.16472721099853516,0.20042700814999853
C4-complex,BO(EI),61,14,13.419768985361989,100.0,0.16609525680541992,0.19149777460190884
C4-complex,BO(EI),61,15,13.419768985361989,100.0,0.1653580665588379,0.1830320399247491
C4-complex,BO(EI),61,16,13.419768985361989,100.0,0.16377592086791992,0.1757416711633736
C4-complex,BO(EI),61,17,13.419768985361989,100.0,0.16475677490234375,0.1695278285261752
C4-complex,BO(EI),61,18,13.419768985361989,100.0,0.1661088466644287,0.163994080282377
C4-complex,BO(EI),61,19,13.419768985361989,100.0,0.16749811172485352,0.15934056132654353
C4-complex,GA,61,-1,0.055654794755121084,0.41472245025848214,0.0,0.0
C4-complex,GA,61,0,3.259855453629941,24.291442402516207,0.13212180137634277,0.41167048392856903
C4-complex,GA,61,1,3.6967440047926736,27.547001806253196,0.15187621116638184,0.42714603012490665
C4-complex,GA,61,2,9.091969368888957,67.75056544420617,0.16131281852722168,0.4153082684375367
C4-complex,GA,61,3,11.788739760562157,87.84607077380448,0.1708831787109375,0.4114912978360236
C4-complex,GA,61,4,11.788739760562157,87.84607077380448,0.17571377754211426,0.3932968058277883
C4-complex,GA,61,5,11.788739760562157,87.84607077380448,0.18372511863708496,0.38426175923237954
C4-complex,GA,61,6,11.788739760562157,87.84607077380448,0.18544411659240723,0.39373772263078827
C4-complex,GA,61,7,11.788739760562157,87.84607077380448,0.18552613258361816,0.3874676526531255
C4-complex,GA,61,8,12.932725821106523,96.37070381176663,0.19024419784545898,0.3677068078887102
C4-complex,GA,61,9,12.932725821106523,96.37070381176663,0.19191503524780273,0.35128778080957473
C4-complex,GA,61,10,12.932725821106523,96.37070381176663,0.19025826454162598,0.34092058475263126
C4-complex,GA,61,11,12.932725821106523,96.37070381176663,0.1930849552154541,0.3327509722966374
C4-complex,GA,61,12,12.932725821106523,96.37070381176663,0.19592690467834473,0.33003550517070596
C4-complex,GA,61,13,12.932725821106523,96.37070381176663,0.19692611694335938,0.32535827388463656
C4-complex,GA,61,14,12.932725821106523,96.37070381176663,0.20276403427124023,0.321413440358611
C4-complex,GA,61,15,12.932725821106523,96.37070381176663,0.20505619049072266,0.3161519034932766
C4-complex,GA,61,16,12.932725821106523,96.37070381176663,0.2054741382598877,0.312788818498763
C4-complex,GA,61,17,12.932725821106523,96.37070381176663,0.20827603340148926,0.30642905180940344
C4-complex,GA,61,18,12.932725821106523,96.37070381176663,0.20390701293945312,0.29995809117769046
C4-complex,GA,61,19,12.932725821106523,96.37070381176663,0.2178940773010254,0.29435224506013075
C4-complex,Random,61,-1,0.055654794755121084,0.41472245025848214,0.0,0.0
C4-complex,Random,61,0,3.0779163240401473,22.935687845278675,0.07224011421203613,0.4645665508613289
C4-complex,Random,61,1,4.639539339811291,34.57242330230875,0.07346582412719727,0.4668342158495123
C4-complex,Random,61,2,4.639539339811291,34.57242330230875,0.07189202308654785,0.48538818726409794
C4-complex,Random,61,3,9.305908840220992,69.3447767273169,0.07305765151977539,0.47690632030161023
C4-complex,Random,61,4,9.305908840220992,69.3447767273169,0.07328009605407715,0.5062699188316047
C4-complex,Random,61,5,9.305908840220992,69.3447767273169,0.07320904731750488,0.524166765885184
C4-complex,Random,61,6,9.305908840220992,69.3447767273169,0.07492971420288086,0.5228907649786675
C4-complex,Random,61,7,9.305908840220992,69.3447767273169,0.08230304718017578,0.5186951670827675
C4-complex,Random,61,8,9.305908840220992,69.3447767273169,0.07836484909057617,0.5228496891745674
C4-complex,Random,61,9,9.305908840220992,69.3447767273169,0.07938408851623535,0.5193514559171116
C4-complex,Random,61,10,9.305908840220992,69.3447767273169,0.07961201667785645,0.5290547927973316
C4-complex,Random,61,11,9.305908840220992,69.3447767273169,0.07524299621582031,0.5299380615695581
C4-complex,Random,61,12,10.270554083166303,76.53301703158388,0.07503485679626465,0.5298737270492611
C4-complex,Random,61,13,10.270554083166303,76.53301703158388,0.07619786262512207,0.538869752981343
C4-complex,Random,61,14,10.270554083166303,76.53301703158388,0.07595324516296387,0.5384734362608681
C4-complex,Random,61,15,10.270554083166303,76.53301703158388,0.07600808143615723,0.5395613474627728
C4-complex,Random,61,16,10.270554083166303,76.53301703158388,0.0784919261932373,0.5330015834160119
C4-complex,Random,61,17,10.270554083166303,76.53301703158388,0.07841110229492188,0.5322441213755127
C4-complex,Random,61,18,10.270554083166303,76.53301703158388,0.07897615432739258,0.5314434813870897
C4-complex,Random,61,19,10.270554083166303,76.53301703158388,0.08326911926269531,0.5335606678423523
C4-complex,GLOSS,67,-1,0.03485532694747909,0.259731199437923,0.0,0.0
C4-complex,GLOSS,67,0,0.0986614575713434,0.7351949029745691,0.41977810859680176,0.37846131966163565
C4-complex,GLOSS,67,1,0.5095569702993699,3.7970621614662985,0.3730649948120117,0.3339391279599073
C4-complex,GLOSS,67,2,10.797884721662799,80.46252311378022,0.4513416290283203,0.38805876957995916
C4-complex,GLOSS,67,3,13.233631636033717,98.6129615976899,0.5026280879974365,0.43119393712102805
C4-complex,GLOSS,67,4,13.233631636033717,98.6129615976899,0.4997081756591797,0.43806841686541576
C4-complex,GLOSS,67,5,13.233631636033717,98.6129615976899,0.5102419853210449,0.4680188386422139
C4-complex,GLOSS,67,6,13.233631636033717,98.6129615976899,0.5090868473052979,0.4440142356416283
C4-complex,GLOSS,67,7,13.245092889214376,98.69836733897472,0.5016109943389893,0.42776222005080927
C4-complex,GLOSS,67,8,13.419768985361989,100.0,0.5211777687072754,0.41534823032478496
C4-complex,GLOSS,67,9,13.419768985361989,100.0,0.49863600730895996,0.431042334997374
C4-complex,GLOSS,67,10,13.419768985361989,100.0,0.6119160652160645,0.40839546820043
C4-complex,GLOSS,67,11,13.419768985361989,100.0,0.5212888717651367,0.394526510624845
C4-complex,GLOSS,67,12,13.419768985361989,100.0,0.6132709980010986,0.37413196383332087
C4-complex,GLOSS,67,13,13.419768985361989,100.0,0.6200811862945557,0.3555509801046052
C4-complex,GLOSS,67,14,13.419768985361989,100.0,0.5310800075531006,0.3437127475724385
C4-complex,GLOSS,67,15,13.419768985361989,100.0,0.537451982498169,0.3429233334884608
C4-complex,GLOSS,67,16,13.419768985361989,100.0,0.5485072135925293,0.34005954736927
C4-complex,GLOSS,67,17,13.419768985361989,100.0,0.643686056137085,0.32678419264281167
C4-complex,GLOSS,67,18,13.419768985361989,100.0,0.5539536476135254,0.3204162306978811
C4-complex,GLOSS,67,19,13.419768985361989,100.0,0.6478667259216309,0.3094589139754953
C4-complex,UCB-BO,67,-1,0.03485532694747909,0.259731199437923,0.0,0.0
C4-complex,UCB-BO,67,0,0.0986614575713434,0.7351949029745691,0.09513711929321289,0.035656713108819856
C4-complex,UCB-BO,67,1,0.10138672936608964,0.7555027920128895,0.1017768383026123,0.032434244590887874
C4-complex,UCB-BO,67,2,0.15545816854851574,1.158426562469789,0.10330080986022949,0.3777825720244077
C4-complex,UCB-BO,67,3,0.20846338885735263,1.5534051970994454,0.11022019386291504,0.4024438449642956
C4-complex,UCB-BO,67,4,0.20846338885735263,1.5534051970994454,0.11632895469665527,0.38574978736841786
C4-complex,UCB-BO,67,5,0.3051485549458959,2.273873382460948,0.11664104461669922,0.36004079679757905
C4-complex,UCB-BO,67,6,0.3051485549458959,2.273873382460948,0.11995315551757812,0.34155692526748443
C4-complex,UCB-BO,67,7,1.1964727946706226,8.915748072680765,0.12408232688903809,0.3309042810883818
C4-complex,UCB-BO,67,8,1.1964727946706226,8.915748072680765,0.12536406517028809,0.35667218590531513
C4-complex,UCB-BO,67,9,1.457771182718923,10.862863468879608,0.13418912887573242,0.358899992832476
C4-complex,UCB-BO,67,10,1.457771182718923,10.862863468879608,0.13878798484802246,0.35893999479882643
C4-complex,UCB-BO,67,11,1.457771182718923,10.862863468879608,0.14483308792114258,0.3579200381863788
C4-complex,UCB-BO,67,12,2.2131933741330023,16.492037802939148,0.14366388320922852,0.3492894392886954
C4-complex,UCB-BO,67,13,2.2131933741330023,16.492037802939148,0.14380621910095215,0.36159756833072526
C4-complex,UCB-BO,67,14,2.2131933741330023,16.492037802939148,0.15122675895690918,0.35609997586096814
C4-complex,UCB-BO,67,15,2.28221370106557,17.006356097150125,0.148529052734375,0.34593393543078915
C4-complex,UCB-BO,67,16,2.28221370106557,17.006356097150125,0.1438760757446289,0.3366011166655603
C4-complex,UCB-BO,67,17,2.3054190394909697,17.17927515746116,0.14520907402038574,0.32702546363853713
C4-complex,UCB-BO,67,18,2.3054190394909697,17.17927515746116,0.1464371681213379,0.31733492120252504
C4-complex,UCB-BO,67,19,2.3698339609416923,17.659275383403834,0.1465320587158203,0.3076621024081706
C4-complex,BO(EI),67,-1,0.03485532694747909,0.259731199437923,0.0,0.0
C4-complex,BO(EI),67,0,0.07806551552774002,0.5817202636862997,0.10285806655883789,0.02622892179819608
C4-complex,BO(EI),67,1,0.2759953571510361,2.0566326995053807,0.10582876205444336,0.10898548691906478
C4-complex,BO(EI),67,2,0.2809497732437536,2.0935514877358017,0.11465573310852051,0.26560633556400515
C4-complex,BO(EI),67,3,0.2809497732437536,2.0935514877358017,0.11625409126281738,0.26098480313105865
C4-complex,BO(EI),67,4,0.2809497732437536,2.0935514877358017,0.12343907356262207,0.27433858384522397
C4-complex,BO(EI),67,5,0.2809497732437536,2.0935514877358017,0.12425708770751953,0.2432604335053687
C4-complex,BO(EI),67,6,1.0091765442574556,7.520073895148604,0.13001418113708496,0.2301095426673224
C4-complex,BO(EI),67,7,1.0091765442574556,7.520073895148604,0.12072515487670898,0.2530149424784306
C4-complex,BO(EI),67,8,1.2889272784687293,9.60469051199514,0.12765288352966309,0.24415168434496728
C4-complex,BO(EI),67,9,1.2889272784687293,9.60469051199514,0.12741589546203613,0.23115037859791734
C4-complex,BO(EI),67,10,1.3812283395162785,10.29248969205725,0.13207101821899414,0.22872710464884832
C4-complex,BO(EI),67,11,1.7321877662509264,12.90773163189591,0.1318073272705078,0.22175688512100672
C4-complex,BO(EI),67,12,1.7321877662509264,12.90773163189591,0.13921713829040527,0.21651491732676698
C4-complex,BO(EI),67,13,1.806414334814711,13.460845240965854,0.13569998741149902,0.2098875726572559
C4-complex,BO(EI),67,14,3.821745833265713,28.478477069421952,0.1366109848022461,0.21927342778100767
C4-complex,BO(EI),67,15,3.821745833265713,28.478477069421952,0.13686394691467285,0.26386314510704
C4-complex,BO(EI),67,16,3.821745833265713,28.478477069421952,0.13933706283569336,0.2781034225253811
C4-complex,BO(EI),67,17,3.821745833265713,28.478477069421952,0.14596199989318848,0.2986999770572591
C4-complex,BO(EI),67,18,3.821745833265713,28.478477069421952,0.16441607475280762,0.3481412664096617
C4-complex,BO(EI),67,19,4.353547925802976,32.44130305485689,0.1585988998413086,0.35875955158954886
C4-complex,GA,67,-1,0.03485532694747909,0.259731199437923,0.0,0.0
C4-complex,GA,67,0,0.2050339892446776,1.5278503636562188,0.11994481086730957,0.41698495517626927
C4-complex,GA,67,1,0.2050339892446776,1.5278503636562188,0.1247711181640625,0.4754279285987927
C4-complex,GA,67,2,0.5916060821672076,4.4084669625275925,0.1331651210784912,0.4186658423862436
C4-complex,GA,67,3,2.9465001783196927,21.95641505851312,0.13818812370300293,0.45862481550258416
C4-complex,GA,67,4,4.100223376424414,30.55360625728248,0.15483999252319336,0.5497454819473165
C4-complex,GA,67,5,9.61175986987698,71.62388473573048,0.17066597938537598,0.563296192889533
C4-complex,GA,67,6,13.345608346523344,99.4473776790082,0.1782670021057129,0.5401697653145859
C4-complex,GA,67,7,13.345608346523344,99.4473776790082,0.18546628952026367,0.5386129012892165
C4-complex,GA,67,8,13.345608346523344,99.4473776790082,0.18904685974121094,0.526881221358995
C4-complex,GA,67,9,13.345608346523344,99.4473776790082,0.19301295280456543,0.5064599502122833
C4-complex,GA,67,10,13.345608346523344,99.4473776790082,0.1976916790008545,0.49042571604888163
C4-complex,GA,67,11,13.419768985361989,100.0,0.19697999954223633,0.471909007337578
C4-complex,GA,67,12,13.419768985361989,100.0,0.2014148235321045,0.46130384243754174
C4-complex,GA,67,13,13.419768985361989,100.0,0.2049260139465332,0.4520512809656373
C4-complex,GA,67,14,13.419768985361989,100.0,0.20632576942443848,0.44119750840983496
C4-complex,GA,67,15,13.419768985361989,100.0,0.20428180694580078,0.4270273267941787
C4-complex,GA,67,16,13.419768985361989,100.0,0.21398234367370605,0.41846298185918146
C4-complex,GA,67,17,13.419768985361989,100.0,0.21576428413391113,0.4119443187478575
C4-complex,GA,67,18,13.419768985361989,100.0,0.21022891998291016,0.4075699449036337
C4-complex,GA,67,19,13.419768985361989,100.0,0.2233870029449463,0.3995759544692625
C4-complex,Random,67,-1,0.03485532694747909,0.259731199437923,0.0,0.0
C4-complex,Random,67,0,12.649652910183331,94.26133135362699,0.0748281478881836,0.5553278298290488
C4-complex,Random,67,1,12.649652910183331,94.26133135362699,0.07590985298156738,0.5085421829995745
C4-complex,Random,67,2,12.649652910183331,94.26133135362699,0.0761110782623291,0.5345070087988808
C4-complex,Random,67,3,12.649652910183331,94.26133135362699,0.0757300853729248,0.542023445958366
C4-complex,Random,67,4,12.649652910183331,94.26133135362699,0.07490682601928711,0.5562419254954951
C4-complex,Random,67,5,12.649652910183331,94.26133135362699,0.07449126243591309,0.5649701514327381
C4-complex,Random,67,6,12.649652910183331,94.26133135362699,0.07567286491394043,0.5594620585277421
C4-complex,Random,67,7,12.649652910183331,94.26133135362699,0.07789874076843262,0.5562906084633396
C4-complex,Random,67,8,12.649652910183331,94.26133135362699,0.08011198043823242,0.5476732181311061
C4-complex,Random,67,9,12.649652910183331,94.26133135362699,0.07874798774719238,0.5310391790221118
C4-complex,Random,67,10,12.649652910183331,94.26133135362699,0.07574605941772461,0.5365249509475767
C4-complex,Random,67,11,12.649652910183331,94.26133135362699,0.07487201690673828,0.5285296751530074
C4-complex,Random,67,12,12.649652910183331,94.26133135362699,0.07635021209716797,0.5287938327736909
C4-complex,Random,67,13,12.649652910183331,94.26133135362699,0.0791330337524414,0.5277983000932461
C4-complex,Random,67,14,12.649652910183331,94.26133135362699,0.07560610771179199,0.5266449788256548
C4-complex,Random,67,15,12.649652910183331,94.26133135362699,0.07732892036437988,0.5268249683467179
C4-complex,Random,67,16,12.649652910183331,94.26133135362699,0.07820296287536621,0.5199582285451111
C4-complex,Random,67,17,12.649652910183331,94.26133135362699,0.07798385620117188,0.5200073110744324
C4-complex,Random,67,18,12.649652910183331,94.26133135362699,0.07832002639770508,0.5229053357031251
C4-complex,Random,67,19,12.649652910183331,94.26133135362699,0.0780189037322998,0.5228567030804785
C5-extreme,GLOSS,47,-1,0.006953899400260283,0.055722814688731755,0.0,0.0
C5-extreme,GLOSS,47,0,0.32930134899677893,2.638749425424543,0.7431831359863281,0.12408082657474949
C5-extreme,GLOSS,47,1,0.8505449129304126,6.815565460422232,0.6641018390655518,0.3242317720579944
C5-extreme,GLOSS,47,2,1.1497750081245037,9.21334865860422,0.7869679927825928,0.3601290494267721
C5-extreme,GLOSS,47,3,2.3004783482211155,18.43413620400762,0.7614889144897461,0.39012846939779194
C5-extreme,GLOSS,47,4,2.5603195703316186,20.51628945857083,0.8213510513305664,0.3749264216976259
C5-extreme,GLOSS,47,5,2.5603195703316186,20.51628945857083,0.8456439971923828,0.4105909933084712
C5-extreme,GLOSS,47,6,2.5603195703316186,20.51628945857083,0.7999532222747803,0.434972700909296
C5-extreme,GLOSS,47,7,2.5603195703316186,20.51628945857083,0.8162670135498047,0.4301005663406406
C5-extreme,GLOSS,47,8,3.0572043648947087,24.497914405295152,0.8363499641418457,0.4183939886292534
C5-extreme,GLOSS,47,9,3.0572043648947087,24.497914405295152,0.8096280097961426,0.4115050089656202
C5-extreme,GLOSS,47,10,3.0572043648947087,24.497914405295152,0.8772008419036865,0.4097871540442045
C5-extreme,GLOSS,47,11,3.0572043648947087,24.497914405295152,0.8549468517303467,0.42394273168729685
C5-extreme,GLOSS,47,12,3.4041808017096984,27.278297407280256,0.9658210277557373,0.41091989818167085
C5-extreme,GLOSS,47,13,3.4041808017096984,27.278297407280256,0.9788651466369629,0.4008284515836315
C5-extreme,GLOSS,47,14,3.4041808017096984,27.278297407280256,0.8305768966674805,0.40709093346306885
C5-extreme,GLOSS,47,15,3.4406001738162746,27.570132219112413,0.9935240745544434,0.39510702670840997
C5-extreme,GLOSS,47,16,3.4406001738162746,27.570132219112413,1.0296440124511719,0.3834018163955994
C5-extreme,GLOSS,47,17,3.4406001738162746,27.570132219112413,1.0240600109100342,0.37224408571019424
C5-extreme,GLOSS,47,18,3.4406001738162746,27.570132219112413,1.0186049938201904,0.36176062395488956
C5-extreme,GLOSS,47,19,3.4406001738162746,27.570132219112413,0.8720629215240479,0.3606614232686696
C5-extreme,UCB-BO,47,-1,0.006953899400260283,0.055722814688731755,0.0,0.0
C5-extreme,UCB-BO,47,0,0.32930134899677893,2.638749425424543,0.15448403358459473,0.0367481001162359
C5-extreme,UCB-BO,47,1,0.3518991592392018,2.8198296395649027,0.16115307807922363,0.10312470024704545
C5-extreme,UCB-BO,47,2,0.3518991592392018,2.8198296395649027,0.17283010482788086,0.0796325769048503
C5-extreme,UCB-BO,47,3,0.3738010188110298,2.9953330790040638,0.1721200942993164,0.21190173886241076
C5-extreme,UCB-BO,47,4,0.43582985139224606,3.4923809861325603,0.17116475105285645,0.19903529653165636
C5-extreme,UCB-BO,47,5,0.4857987304242829,3.8927903717503076,0.16874003410339355,0.18603001322840937
C5-extreme,UCB-BO,47,6,0.4857987304242829,3.8927903717503076,0.17196321487426758,0.18931132034869708
C5-extreme,UCB-BO,47,7,0.5222733969756552,4.18506826765995,0.18326473236083984,0.1801113025753177
C5-extreme,UCB-BO,47,8,0.5222733969756552,4.18506826765995,0.19028592109680176,0.16784246078459086
C5-extreme,UCB-BO,47,9,0.5222733969756552,4.18506826765995,0.18562817573547363,0.1601049222966119
C5-extreme,UCB-BO,47,10,0.5222733969756552,4.18506826765995,0.18366193771362305,0.15848350211710965
C5-extreme,UCB-BO,47,11,0.5222733969756552,4.18506826765995,0.19193410873413086,0.19024117785022196
C5-extreme,UCB-BO,47,12,0.5222733969756552,4.18506826765995,0.19085025787353516,0.18564786387229998
C5-extreme,UCB-BO,47,13,0.5222733969756552,4.18506826765995,0.19982385635375977,0.1813475368637945
C5-extreme,UCB-BO,47,14,0.5222733969756552,4.18506826765995,0.19333815574645996,0.1874595656706963
C5-extreme,UCB-BO,47,15,0.5222733969756552,4.18506826765995,0.20138907432556152,0.1895929581851704
C5-extreme,UCB-BO,47,16,0.5222733969756552,4.18506826765995,0.2001206874847412,0.18432972632825154
C5-extreme,UCB-BO,47,17,0.5222733969756552,4.18506826765995,0.1972348690032959,0.20259527648708808
C5-extreme,UCB-BO,47,18,0.5222733969756552,4.18506826765995,0.20717096328735352,0.2008225084346825
C5-extreme,UCB-BO,47,19,0.5222733969756552,4.18506826765995,0.20669102668762207,0.20334001682226857
C5-extreme,BO(EI),47,-1,0.006953899400260283,0.055722814688731755,0.0,0.0
C5-extreme,BO(EI),47,0,0.2834110192467355,2.271022170041649,0.15197205543518066,0.03835076955790415
C5-extreme,BO(EI),47,1,0.3050331359219186,2.4442839806200807,0.16509103775024414,0.027664201853466776
C5-extreme,BO(EI),47,2,0.39443205323756153,3.160653173819275,0.16431903839111328,0.0340548944577415
C5-extreme,BO(EI),47,3,0.39443205323756153,3.160653173819275,0.16888689994812012,0.040470807426661676
C5-extreme,BO(EI),47,4,0.39443205323756153,3.160653173819275,0.1718440055847168,0.06238031671693561
C5-extreme,BO(EI),47,5,1.414638519064876,11.335746393806547,0.17706298828125,0.1440968433216261
C5-extreme,BO(EI),47,6,1.6406584044288488,13.146883349229519,0.20783591270446777,0.2373088003192731
C5-extreme,BO(EI),47,7,6.540441052868108,52.4097004851554,0.2191319465637207,0.3454168930888347
C5-extreme,BO(EI),47,8,6.68580317773115,53.574512668978535,0.23223400115966797,0.3804862829829595
C5-extreme,BO(EI),47,9,6.68580317773115,53.574512668978535,0.2391200065612793,0.4160257964272917
C5-extreme,BO(EI),47,10,11.513362742518073,92.25859357721937,0.245574951171875,0.4212474923067132
C5-extreme,BO(EI),47,11,11.513362742518073,92.25859357721937,0.24727702140808105,0.41696101995412094
C5-extreme,BO(EI),47,12,12.479447492207349,100.0,0.25252604484558105,0.4105316466718333
C5-extreme,BO(EI),47,13,12.479447492207349,100.0,0.25231313705444336,0.4081252660582651
C5-extreme,BO(EI),47,14,12.479447492207349,100.0,0.2607460021972656,0.39957866697146244
C5-extreme,BO(EI),47,15,12.479447492207349,100.0,0.26586484909057617,0.3899390036526648
C5-extreme,BO(EI),47,16,12.479447492207349,100.0,0.2627100944519043,0.40272890777867626
C5-extreme,BO(EI),47,17,12.479447492207349,100.0,0.26932191848754883,0.3916788517767988
C5-extreme,BO(EI),47,18,12.479447492207349,100.0,0.26442384719848633,0.38423241458838064
C5-extreme,BO(EI),47,19,12.479447492207349,100.0,0.27005815505981445,0.3749054223445431
C5-extreme,GA,47,-1,0.006953899400260283,0.055722814688731755,0.0,0.0
C5-extreme,GA,47,0,0.5813380524573557,4.658363704165314,0.18334317207336426,0.4282472303662797
C5-extreme,GA,47,1,1.6501650183201486,13.223061512543529,0.22498512268066406,0.40365319536700195
C5-extreme,GA,47,2,3.393166434581907,27.19003735302169,0.2516160011291504,0.41120326474611063
C5-extreme,GA,47,3,4.334252198688831,34.73112252281446,0.2646908760070801,0.38247711751536934
C5-extreme,GA,47,4,4.334252198688831,34.73112252281446,0.27332186698913574,0.35385358231494957
C5-extreme,GA,47,5,4.334252198688831,34.73112252281446,0.279979944229126,0.3688571493052231
C5-extreme,GA,47,6,4.912107417364767,39.36157766946075,0.28395605087280273,0.3622497070437388
C5-extreme,GA,47,7,4.912107417364767,39.36157766946075,0.2871079444885254,0.3464705919088233
C5-extreme,GA,47,8,4.912107417364767,39.36157766946075,0.2930738925933838,0.3514821814207089
C5-extreme,GA,47,9,4.912107417364767,39.36157766946075,0.29964208602905273,0.3576314971600899
C5-extreme,GA,47,10,6.105412595703841,48.92374121143022,0.30013585090637207,0.34636071980224725
C5-extreme,GA,47,11,6.105412595703841,48.92374121143022,0.29869985580444336,0.35353560007072327
C5-extreme,GA,47,12,6.351749933408816,50.897685473456214,0.30345702171325684,0.34886147154696684
C5-extreme,GA,47,13,6.351749933408816,50.897685473456214,0.31479597091674805,0.33799406756535266
C5-extreme,GA,47,14,6.351749933408816,50.897685473456214,0.3103983402252197,0.34146318200253667
C5-extreme,GA,47,15,6.351749933408816,50.897685473456214,0.31412386894226074,0.342991225675579
C5-extreme,GA,47,16,6.351749933408816,50.897685473456214,0.31461405754089355,0.33713821278641415
C5-extreme,GA,47,17,6.351749933408816,50.897685473456214,0.320965051651001,0.34221461398905045
C5-extreme,GA,47,18,6.351749933408816,50.897685473456214,0.32019877433776855,0.3371001556084141
C5-extreme,GA,47,19,6.351749933408816,50.897685473456214,0.3227250576019287,0.33313421401676174
C5-extreme,Random,47,-1,0.006953899400260283,0.055722814688731755,0.0,0.0
C5-extreme,Random,47,0,1.6240215344485665,13.013569194170401,0.10379695892333984,0.567898842034509
C5-extreme,Random,47,1,2.2063819848677073,17.680125552396913,0.10103917121887207,0.5718456920377949
C5-extreme,Random,47,2,2.2063819848677073,17.680125552396913,0.10258889198303223,0.5315822265600502
C5-extreme,Random,47,3,2.2063819848677073,17.680125552396913,0.10380125045776367,0.5433789424726817
C5-extreme,Random,47,4,2.2063819848677073,17.680125552396913,0.10367894172668457,0.5453018810089449
C5-extreme,Random,47,5,4.3775411615328865,35.078004569243895,0.10368490219116211,0.5198254538680107
C5-extreme,Random,47,6,4.3775411615328865,35.078004569243895,0.10480189323425293,0.519133705449215
C5-extreme,Random,47,7,6.1382148124712135,49.18659112355858,0.10784220695495605,0.517715363320527
C5-extreme,Random,47,8,6.1382148124712135,49.18659112355858,0.10632681846618652,0.510912370749711
C5-extreme,Random,47,9,6.1382148124712135,49.18659112355858,0.1051931381225586,0.5062899016340474
C5-extreme,Random,47,10,6.1382148124712135,49.18659112355858,0.10967183113098145,0.49721644297828727
C5-extreme,Random,47,11,6.1382148124712135,49.18659112355858,0.1059122085571289,0.502596246888452
C5-extreme,Random,47,12,6.1382148124712135,49.18659112355858,0.10544109344482422,0.5017345069651687
C5-extreme,Random,47,13,6.1382148124712135,49.18659112355858,0.10762500762939453,0.5012075234584408
C5-extreme,Random,47,14,6.1382148124712135,49.18659112355858,0.11397027969360352,0.5075230350380467
C5-extreme,Random,47,15,6.1382148124712135,49.18659112355858,0.11433911323547363,0.5050837526411195
C5-extreme,Random,47,16,6.1382148124712135,49.18659112355858,0.11468386650085449,0.5076776314766649
C5-extreme,Random,47,17,6.1382148124712135,49.18659112355858,0.11004805564880371,0.5089784919731354
C5-extreme,Random,47,18,6.1382148124712135,49.18659112355858,0.11017489433288574,0.5133997993109244
C5-extreme,Random,47,19,6.1382148124712135,49.18659112355858,0.11036276817321777,0.5105533793118752
C5-extreme,GLOSS,53,-1,0.0,0.0,0.0,0.0
C5-extreme,GLOSS,53,0,0.7521843587777138,6.027385100561599,0.7572159767150879,0.5212243563711664
C5-extreme,GLOSS,53,1,0.8275928446486229,6.63164651452241,0.7329800128936768,0.4786245802442334
C5-extreme,GLOSS,53,2,1.1075457384534422,8.874958119300047,0.8723709583282471,0.4435554311581678
C5-extreme,GLOSS,53,3,2.307672539846407,18.491784522411006,0.784663200378418,0.4908835297525281
C5-extreme,GLOSS,53,4,2.8956667726974024,23.203485366684454,0.9145090579986572,0.4287733713323523
C5-extreme,GLOSS,53,5,3.8166512150553014,30.58349512218843,0.9106087684631348,0.41357750669155047
C5-extreme,GLOSS,53,6,3.9992929077805006,32.047035017197786,0.801685094833374,0.4249229835971738
C5-extreme,GLOSS,53,7,4.181646442996,33.50826585557719,0.9704036712646484,0.4240408518341349
C5-extreme,GLOSS,53,8,4.297160026626885,34.43389644701978,0.9386570453643799,0.4037726181560776
C5-extreme,GLOSS,53,9,4.297160026626885,34.43389644701978,0.8367609977722168,0.3898947904782619
C5-extreme,GLOSS,53,10,4.4053479875507175,35.300825539765185,0.9875478744506836,0.36569851536867887
C5-extreme,GLOSS,53,11,4.4053479875507175,35.300825539765185,1.018883228302002,0.34404448835091567
C5-extreme,GLOSS,53,12,4.4053479875507175,35.300825539765185,0.8710410594940186,0.33878843896566496
C5-extreme,GLOSS,53,13,4.4053479875507175,35.300825539765185,0.8840811252593994,0.32553119976341677
C5-extreme,GLOSS,53,14,6.54960535900677,52.483135676451994,0.9362177848815918,0.32522422710472354
C5-extreme,GLOSS,53,15,6.54960535900677,52.483135676451994,0.9945318698883057,0.3232495684018052
C5-extreme,GLOSS,53,16,6.822135536589151,54.66696775517632,1.0642881393432617,0.31671437923835855
C5-extreme,GLOSS,53,17,6.822135536589151,54.66696775517632,0.8958368301391602,0.3176991584542685
C5-extreme,GLOSS,53,18,6.822135536589151,54.66696775517632,0.9274568557739258,0.3239005163875718
C5-extreme,GLOSS,53,19,6.979422560243689,55.92733624306614,1.1144037246704102,0.3160948117178745
C5-extreme,UCB-BO,53,-1,0.0,0.0,0.0,0.0
C5-extreme,UCB-BO,53,0,0.6978457357222629,5.59196019020894,0.13518095016479492,0.5753188896080779
C5-extreme,UCB-BO,53,1,0.6978457357222629,5.59196019020894,0.1943070888519287,0.38036833710218826
C5-extreme,UCB-BO,53,2,0.6978457357222629,5.59196019020894,0.19867229461669922,0.28877015533699757
C5-extreme,UCB-BO,53,3,0.7649664431917195,6.129810183258467,0.20650506019592285,0.2354357294018516
C5-extreme,UCB-BO,53,4,2.575969131758944,20.641692137151736,0.20864200592041016,0.2359181145841308
C5-extreme,UCB-BO,53,5,2.575969131758944,20.641692137151736,0.21880793571472168,0.3146332544849061
C5-extreme,UCB-BO,53,6,2.575969131758944,20.641692137151736,0.22412490844726562,0.2971438724635998
C5-extreme,UCB-BO,53,7,2.575969131758944,20.641692137151736,0.23440194129943848,0.2977515627178765
C5-extreme,UCB-BO,53,8,2.575969131758944,20.641692137151736,0.235306978225708,0.27852943066059876
C5-extreme,UCB-BO,53,9,2.575969131758944,20.641692137151736,0.2386159896850586,0.25970804129653013
C5-extreme,UCB-BO,53,10,2.8966484677054103,23.21135186084312,0.23965716361999512,0.2452250960103113
C5-extreme,UCB-BO,53,11,2.8966484677054103,23.21135186084312,0.24199914932250977,0.23625457304496056
C5-extreme,UCB-BO,53,12,2.8966484677054103,23.21135186084312,0.24049091339111328,0.2251557806796865
C5-extreme,UCB-BO,53,13,2.8966484677054103,23.21135186084312,0.24020600318908691,0.21628603434460153
C5-extreme,UCB-BO,53,14,2.9030314759579663,23.262500024706476,0.24271607398986816,0.2062759641444723
C5-extreme,UCB-BO,53,15,2.9030314759579663,23.262500024706476,0.24312615394592285,0.1972624098909813
C5-extreme,UCB-BO,53,16,2.9030314759579663,23.262500024706476,0.2433311939239502,0.1892874149568512
C5-extreme,UCB-BO,53,17,2.9030314759579663,23.262500024706476,0.2523481845855713,0.1820168265500554
C5-extreme,UCB-BO,53,18,2.9030314759579663,23.262500024706476,0.253986120223999,0.17587251873908244
C5-extreme,UCB-BO,53,19,2.9030314759579663,23.262500024706476,0.25690221786499023,0.16941147952644922
C5-extreme,BO(EI),53,-1,0.0,0.0,0.0,0.0
C5-extreme,BO(EI),53,0,0.6978457357222629,5.59196019020894,0.14151692390441895,0.5753188896080779
C5-extreme,BO(EI),53,1,0.6978457357222629,5.59196019020894,0.20054197311401367,0.3815601836945875
C5-extreme,BO(EI),53,2,0.6978457357222629,5.59196019020894,0.2046060562133789,0.28857397908515564
C5-extreme,BO(EI),53,3,0.6978457357222629,5.59196019020894,0.2113819122314453,0.23456651505187157
C5-extreme,BO(EI),53,4,2.1823809396115306,17.48780097014947,0.21121478080749512,0.20881648309149645
C5-extreme,BO(EI),53,5,2.1823809396115306,17.48780097014947,0.21994924545288086,0.27881403337582195
C5-extreme,BO(EI),53,6,3.3540771042141455,26.876807697685024,0.22403407096862793,0.2549132436013665
C5-extreme,BO(EI),53,7,3.3540771042141455,26.876807697685024,0.24557113647460938,0.31214977303644964
C5-extreme,BO(EI),53,8,3.3540771042141455,26.876807697685024,0.23735404014587402,0.3200578210714788
C5-extreme,BO(EI),53,9,5.165684875965009,41.39353828918037,0.24477291107177734,0.30023110241576956
C5-extreme,BO(EI),53,10,5.165684875965009,41.39353828918037,0.24774980545043945,0.3131745108225168
C5-extreme,BO(EI),53,11,5.165684875965009,41.39353828918037,0.2506887912750244,0.29663511915820057
C5-extreme,BO(EI),53,12,6.850017191165968,54.89038834005579,0.2532527446746826,0.2829547879412274
C5-extreme,BO(EI),53,13,6.979422560243689,55.92733624306614,0.26111817359924316,0.2707335219285756
C5-extreme,BO(EI),53,14,6.979422560243689,55.92733624306614,0.2577860355377197,0.29664520561527763
C5-extreme,BO(EI),53,15,7.016744311213776,56.22640197488954,0.2584397792816162,0.28436545141189357
C5-extreme,BO(EI),53,16,7.016744311213776,56.22640197488954,0.26245999336242676,0.27449719994070515
C5-extreme,BO(EI),53,17,7.125085628384382,57.09455993811875,0.2669198513031006,0.27982089274194105
C5-extreme,BO(EI),53,18,7.125085628384382,57.09455993811875,0.26208996772766113,0.26943941396897236
C5-extreme,BO(EI),53,19,7.125085628384382,57.09455993811875,0.26375579833984375,0.2599152934953382
C5-extreme,GA,53,-1,0.0,0.0,0.0,0.0
C5-extreme,GA,53,0,2.1868788772091565,17.523843732462744,0.16502714157104492,0.6862113611630977
C5-extreme,GA,53,1,2.1868788772091565,17.523843732462744,0.22205781936645508,0.5811194322148798
C5-extreme,GA,53,2,4.471982503618845,35.83477959590218,0.23509502410888672,0.5091320436927379
C5-extreme,GA,53,3,4.471982503618845,35.83477959590218,0.24785685539245605,0.46047871286774894
C5-extreme,GA,53,4,6.326947824796983,50.69894183013931,0.26818394660949707,0.42481102778093205
C5-extreme,GA,53,5,6.326947824796983,50.69894183013931,0.2765169143676758,0.41608220216576625
C5-extreme,GA,53,6,6.326947824796983,50.69894183013931,0.2871088981628418,0.4053300055799978
C5-extreme,GA,53,7,6.789823182242736,54.40804319648418,0.28900885581970215,0.39632740770849084
C5-extreme,GA,53,8,6.789823182242736,54.40804319648418,0.29503607749938965,0.39063465941381165
C5-extreme,GA,53,9,6.789823182242736,54.40804319648418,0.3009328842163086,0.3800060714331891
C5-extreme,GA,53,10,6.789823182242736,54.40804319648418,0.2996022701263428,0.3742512317944849
C5-extreme,GA,53,11,6.789823182242736,54.40804319648418,0.31190013885498047,0.36180430278035103
C5-extreme,GA,53,12,6.789823182242736,54.40804319648418,0.3056640625,0.3634794374590402
C5-extreme,GA,53,13,6.789823182242736,54.40804319648418,0.3171229362487793,0.3621688102260979
C5-extreme,GA,53,14,6.789823182242736,54.40804319648418,0.3123040199279785,0.36734498087498535
C5-extreme,GA,53,15,6.789823182242736,54.40804319648418,0.3167757987976074,0.3571536346877334
C5-extreme,GA,53,16,6.789823182242736,54.40804319648418,0.3217761516571045,0.3501312704132976
C5-extreme,GA,53,17,10.70171587125029,85.75472494221283,0.31905603408813477,0.34708205374238493
C5-extreme,GA,53,18,10.70171587125029,85.75472494221283,0.3288571834564209,0.3476655844663785
C5-extreme,GA,53,19,10.70171587125029,85.75472494221283,0.325624942779541,0.34826498041098614
C5-extreme,Random,53,-1,0.0,0.0,0.0,0.0
C5-extreme,Random,53,0,4.459495983634393,35.73472292278224,0.1017310619354248,0.38786277369551403
C5-extreme,Random,53,1,4.459495983634393,35.73472292278224,0.10020303726196289,0.46582454830297876
C5-extreme,Random,53,2,4.459495983634393,35.73472292278224,0.10224413871765137,0.48099246423065267
C5-extreme,Random,53,3,4.459495983634393,35.73472292278224,0.10589790344238281,0.4890770780057629
C5-extreme,Random,53,4,4.459495983634393,35.73472292278224,0.10556268692016602,0.4983826309803483
C5-extreme,Random,53,5,4.459495983634393,35.73472292278224,0.10370612144470215,0.5198510546722508
C5-extreme,Random,53,6,4.459495983634393,35.73472292278224,0.10266494750976562,0.5119473009937338
C5-extreme,Random,53,7,4.459495983634393,35.73472292278224,0.10408997535705566,0.5022321754232959
C5-extreme,Random,53,8,4.459495983634393,35.73472292278224,0.10376286506652832,0.5137199286176567
C5-extreme,Random,53,9,4.459495983634393,35.73472292278224,0.10210418701171875,0.520846047221946
C5-extreme,Random,53,10,4.459495983634393,35.73472292278224,0.10472702980041504,0.5227637320106235
C5-extreme,Random,53,11,4.459495983634393,35.73472292278224,0.10463786125183105,0.528250538014193
C5-extreme,Random,53,12,4.459495983634393,35.73472292278224,0.10677886009216309,0.5314069114965352
C5-extreme,Random,53,13,4.459495983634393,35.73472292278224,0.10810589790344238,0.5335673877276851
C5-extreme,Random,53,14,4.459495983634393,35.73472292278224,0.10594892501831055,0.5366954791490743
C5-extreme,Random,53,15,4.459495983634393,35.73472292278224,0.10673379898071289,0.5394727313234988
C5-extreme,Random,53,16,11.680113108318535,93.59479348434337,0.10857129096984863,0.5363129846267636
C5-extreme,Random,53,17,11.680113108318535,93.59479348434337,0.10898017883300781,0.5375550784984096
C5-extreme,Random,53,18,11.680113108318535,93.59479348434337,0.10800909996032715,0.5347223287149826
C5-extreme,Random,53,19,11.680113108318535,93.59479348434337,0.10819101333618164,0.5325843608893562
C5-extreme,GLOSS,59,-1,0.01994826785826481,0.15984896663671433,0.0,0.0
C5-extreme,GLOSS,59,0,0.1696707799369291,1.3596016974539789,0.6999170780181885,0.6059207813378066
C5-extreme,GLOSS,59,1,1.265597588834758,10.141455297801013,0.6515400409698486,0.5041640111806948
C5-extreme,GLOSS,59,2,2.1566129625239268,17.2813176534506,0.8218410015106201,0.5754750434827451
C5-extreme,GLOSS,59,3,5.032556689579671,40.326758798594206,0.8713729381561279,0.5614267665886642
C5-extreme,GLOSS,59,4,6.68580317773115,53.574512668978535,0.8931472301483154,0.5174349187424189
C5-extreme,GLOSS,59,5,7.83756082722928,62.803748580402754,0.9006760120391846,0.47609627617407085
C5-extreme,GLOSS,59,6,7.83756082722928,62.803748580402754,0.7731010913848877,0.4776410750675808
C5-extreme,GLOSS,59,7,9.50371535377623,76.1549368248131,0.9322540760040283,0.4433944578466191
C5-extreme,GLOSS,59,8,9.50371535377623,76.1549368248131,0.8018510341644287,0.43281612103836975
C5-extreme,GLOSS,59,9,11.078403312072124,88.77318742668623,0.9573318958282471,0.4146261357417022
C5-extreme,GLOSS,59,10,11.873167572827864,95.14177274468226,0.9774360656738281,0.3914550520532843
C5-extreme,GLOSS,59,11,12.114327729888053,97.07423135080867,0.9489731788635254,0.3723104908625668
C5-extreme,GLOSS,59,12,12.114327729888053,97.07423135080867,0.9759171009063721,0.36365821088171557
C5-extreme,GLOSS,59,13,12.114327729888053,97.07423135080867,0.8530197143554688,0.3587134831395944
C5-extreme,GLOSS,59,14,12.114327729888053,97.07423135080867,0.8625931739807129,0.3551310730900234
C5-extreme,GLOSS,59,15,12.114327729888053,97.07423135080867,0.8767149448394775,0.34810419553627153
C5-extreme,GLOSS,59,16,12.239627418218056,98.07827971439404,1.038381814956665,0.3336263948780858
C5-extreme,GLOSS,59,17,12.239627418218056,98.07827971439404,0.885673999786377,0.3238594780328003
C5-extreme,GLOSS,59,18,12.479447492207349,100.0,0.9014039039611816,0.31952296273784103
C5-extreme,GLOSS,59,19,12.479447492207349,100.0,0.904926061630249,0.31204652120896775
C5-extreme,UCB-BO,59,-1,0.01994826785826481,0.15984896663671433,0.0,0.0
C5-extreme,UCB-BO,59,0,0.3511075141209667,2.8134860484826096,0.14484906196594238,0.07792168079693106
C5-extreme,UCB-BO,59,1,0.3511075141209667,2.8134860484826096,0.15617775917053223,0.30976425730278334
C5-extreme,UCB-BO,59,2,0.3511075141209667,2.8134860484826096,0.16106510162353516,0.256263513859543
C5-extreme,UCB-BO,59,3,0.3511075141209667,2.8134860484826096,0.17182374000549316,0.22048991818566707
C5-extreme,UCB-BO,59,4,0.3511075141209667,2.8134860484826096,0.18313384056091309,0.20085942570387663
C5-extreme,UCB-BO,59,5,0.6843216461906103,5.483589290454784,0.1912550926208496,0.24594328366240265
C5-extreme,UCB-BO,59,6,0.7907802565664779,6.336660794159932,0.2028501033782959,0.31817187376602274
C5-extreme,UCB-BO,59,7,0.7907802565664779,6.336660794159932,0.21721601486206055,0.4002036074023958
C5-extreme,UCB-BO,59,8,3.598885821087625,28.838502853070292,0.2272930145263672,0.41278893874790035
C5-extreme,UCB-BO,59,9,4.1724067171887045,33.43422631325719,0.2331998348236084,0.4097139188131625
C5-extreme,UCB-BO,59,10,4.1724067171887045,33.43422631325719,0.2728848457336426,0.4208765544484759
C5-extreme,UCB-BO,59,11,12.479447492207349,100.0,0.24559998512268066,0.41112095380334723
C5-extreme,UCB-BO,59,12,12.479447492207349,100.0,0.24473905563354492,0.4106915258268829
C5-extreme,UCB-BO,59,13,12.479447492207349,100.0,0.25249481201171875,0.41321924081027095
C5-extreme,UCB-BO,59,14,12.479447492207349,100.0,0.26465797424316406,0.4077320179776461
C5-extreme,UCB-BO,59,15,12.479447492207349,100.0,0.2690579891204834,0.39557881977190285
C5-extreme,UCB-BO,59,16,12.479447492207349,100.0,0.26261210441589355,0.3830833558894238
C5-extreme,UCB-BO,59,17,12.479447492207349,100.0,0.26398706436157227,0.37589353605025594
C5-extreme,UCB-BO,59,18,12.479447492207349,100.0,0.25983595848083496,0.3667722613956701
C5-extreme,UCB-BO,59,19,12.479447492207349,100.0,0.25956010818481445,0.3561936596893453
C5-extreme,BO(EI),59,-1,0.01994826785826481,0.15984896663671433,0.0,0.0
C5-extreme,BO(EI),59,0,0.17103556062413858,1.370537924302657,0.15332508087158203,0.07752818312063196
C5-extreme,BO(EI),59,1,0.17103556062413858,1.370537924302657,0.1653439998626709,0.04624672481988438
C5-extreme,BO(EI),59,2,0.26538852339662145,2.126604752032014,0.16950607299804688,0.07710238468759038
C5-extreme,BO(EI),59,3,0.26538852339662145,2.126604752032014,0.16832828521728516,0.10427628443486014
C5-extreme,BO(EI),59,4,0.2779668112825007,2.2273967774300423,0.17290496826171875,0.09779185082003009
C5-extreme,BO(EI),59,5,0.2779668112825007,2.2273967774300423,0.17313694953918457,0.08851062587373089
C5-extreme,BO(EI),59,6,0.2779668112825007,2.2273967774300423,0.17354321479797363,0.14047859609787672
C5-extreme,BO(EI),59,7,0.2947889701715493,2.3621956849902768,0.17662286758422852,0.1376183232450134
C5-extreme,BO(EI),59,8,0.2947889701715493,2.3621956849902768,0.1783890724182129,0.12769746502318816
C5-extreme,BO(EI),59,9,0.2947889701715493,2.3621956849902768,0.17977190017700195,0.1199894620516248
C5-extreme,BO(EI),59,10,0.2947889701715493,2.3621956849902768,0.17763304710388184,0.13303685679503816
C5-extreme,BO(EI),59,11,0.2947889701715493,2.3621956849902768,0.18417906761169434,0.13852266521133935
C5-extreme,BO(EI),59,12,0.2947889701715493,2.3621956849902768,0.18474888801574707,0.14164964719471065
C5-extreme,BO(EI),59,13,0.34093431961353826,2.731966457861463,0.18703198432922363,0.1576528684374729
C5-extreme,BO(EI),59,14,0.34093431961353826,2.731966457861463,0.19413995742797852,0.20161590020945996
C5-extreme,BO(EI),59,15,0.34093431961353826,2.731966457861463,0.19221186637878418,0.22397740173781233
C5-extreme,BO(EI),59,16,0.43117744987226647,3.4551004773369205,0.20781898498535156,0.2623819725830084
C5-extreme,BO(EI),59,17,2.6471570141029814,21.212133115315954,0.2233748435974121,0.28047913221104515
C5-extreme,BO(EI),59,18,2.6471570141029814,21.212133115315954,0.2290952205657959,0.3071757378567213
C5-extreme,BO(EI),59,19,2.6471570141029814,21.212133115315954,0.2410292625427246,0.3298948730086965
C5-extreme,GA,59,-1,0.01994826785826481,0.15984896663671433,0.0,0.0
C5-extreme,GA,59,0,0.27196256810675096,2.179283724512443,0.1812891960144043,0.6247560902119192
C5-extreme,GA,59,1,2.3039444357956613,18.461910571235897,0.20638108253479004,0.5745516291849877
C5-extreme,GA,59,2,2.3039444357956613,18.461910571235897,0.23685026168823242,0.547669918004429
C5-extreme,GA,59,3,2.3039444357956613,18.461910571235897,0.25351905822753906,0.49841658846208436
C5-extreme,GA,59,4,2.3039444357956613,18.461910571235897,0.26522016525268555,0.4646287790351389
C5-extreme,GA,59,5,5.242319269263969,42.00762311422422,0.27129292488098145,0.4315367595179335
C5-extreme,GA,59,6,5.242319269263969,42.00762311422422,0.2772350311279297,0.42372738619741784
C5-extreme,GA,59,7,5.242319269263969,42.00762311422422,0.2791481018066406,0.4146082049644152
C5-extreme,GA,59,8,6.144132671448196,49.23401196475108,0.2926809787750244,0.398426335377739
C5-extreme,GA,59,9,6.144132671448196,49.23401196475108,0.2944350242614746,0.39634415264124684
C5-extreme,GA,59,10,6.144132671448196,49.23401196475108,0.2999911308288574,0.39467855975974747
C5-extreme,GA,59,11,6.144132671448196,49.23401196475108,0.29837894439697266,0.3996036305162059
C5-extreme,GA,59,12,6.144132671448196,49.23401196475108,0.30672597885131836,0.40096188744629563
C5-extreme,GA,59,13,7.227534911041959,57.9155039961113,0.3100438117980957,0.39418399828564776
C5-extreme,GA,59,14,7.227534911041959,57.9155039961113,0.31902098655700684,0.392264428132587
C5-extreme,GA,59,15,7.227534911041959,57.9155039961113,0.31209802627563477,0.39180110874584706
C5-extreme,GA,59,16,7.227534911041959,57.9155039961113,0.3177638053894043,0.3875313467096602
C5-extreme,GA,59,17,7.227534911041959,57.9155039961113,0.3251819610595703,0.3855527248748103
C5-extreme,GA,59,18,7.227534911041959,57.9155039961113,0.31996583938598633,0.38286732187859757
C5-extreme,GA,59,19,7.227534911041959,57.9155039961113,0.33087706565856934,0.38260241482434365
C5-extreme,Random,59,-1,0.01994826785826481,0.15984896663671433,0.0,0.0
C5-extreme,Random,59,0,1.1921912308980862,9.553237285885746,0.1018669605255127,0.5615312828013106
C5-extreme,Random,59,1,3.8759120051729146,31.058362219907448,0.1073002815246582,0.5615140192540299
C5-extreme,Random,59,2,3.8759120051729146,31.058362219907448,0.10714006423950195,0.5490994337408911
C5-extreme,Random,59,3,3.8759120051729146,31.058362219907448,0.10569286346435547,0.5248770339422169
C5-extreme,Random,59,4,3.8759120051729146,31.058362219907448,0.1061551570892334,0.5286659907482678
C5-extreme,Random,59,5,5.486779919170327,43.96652914799702,0.10116195678710938,0.5308538789235308
C5-extreme,Random,59,6,5.486779919170327,43.96652914799702,0.10178899765014648,0.5233169542358309
C5-extreme,Random,59,7,5.486779919170327,43.96652914799702,0.10703396797180176,0.5212498643076274
C5-extreme,Random,59,8,5.486779919170327,43.96652914799702,0.10538172721862793,0.5304126560304824
C5-extreme,Random,59,9,5.486779919170327,43.96652914799702,0.10402488708496094,0.5312224375642951
C5-extreme,Random,59,10,5.486779919170327,43.96652914799702,0.10725688934326172,0.5299917275796832
C5-extreme,Random,59,11,5.486779919170327,43.96652914799702,0.10785508155822754,0.524723366630887
C5-extreme,Random,59,12,5.486779919170327,43.96652914799702,0.10726499557495117,0.5264040446700358
C5-extreme,Random,59,13,6.737006218786571,53.98481161119848,0.10924100875854492,0.5174950703757939
C5-extreme,Random,59,14,6.737006218786571,53.98481161119848,0.10747385025024414,0.5188704491351432
C5-extreme,Random,59,15,6.737006218786571,53.98481161119848,0.10684704780578613,0.5166895615680961
C5-extreme,Random,59,16,6.737006218786571,53.98481161119848,0.10679984092712402,0.5157470849672687
C5-extreme,Random,59,17,6.737006218786571,53.98481161119848,0.11030197143554688,0.51408097642255
C5-extreme,Random,59,18,6.737006218786571,53.98481161119848,0.10630679130554199,0.5125598528421162
C5-extreme,Random,59,19,6.737006218786571,53.98481161119848,0.10932517051696777,0.5093309965024992
C5-extreme,GLOSS,61,-1,0.021224433677197632,0.17007510701456127,0.0,0.0
C5-extreme,GLOSS,61,0,0.3613629060070448,2.895664301105428,0.5967228412628174,0.25745458299170626
C5-extreme,GLOSS,61,1,0.3613629060070448,2.895664301105428,0.6742470264434814,0.302983075137446
C5-extreme,GLOSS,61,2,1.779196335883819,14.25701207521261,0.6112830638885498,0.5090332198761216
C5-extreme,GLOSS,61,3,4.12620864996782,33.06403310358399,0.740185022354126,0.5595034182154198
C5-extreme,GLOSS,61,4,4.4053479875507175,35.300825539765185,0.7957639694213867,0.549153803964961
C5-extreme,GLOSS,61,5,4.4053479875507175,35.300825539765185,0.7396609783172607,0.5417953267390991
C5-extreme,GLOSS,61,6,4.4053479875507175,35.300825539765185,0.9170007705688477,0.5156479761885759
C5-extreme,GLOSS,61,7,4.4053479875507175,35.300825539765185,0.8289909362792969,0.500483544658391
C5-extreme,GLOSS,61,8,4.4053479875507175,35.300825539765185,0.9567317962646484,0.4690745652868931
C5-extreme,GLOSS,61,9,4.4053479875507175,35.300825539765185,0.9432559013366699,0.44101483360629307
C5-extreme,GLOSS,61,10,4.4053479875507175,35.300825539765185,0.9587090015411377,0.41544612398829317
C5-extreme,GLOSS,61,11,4.4053479875507175,35.300825539765185,0.8324410915374756,0.39787559077044865
C5-extreme,GLOSS,61,12,4.4053479875507175,35.300825539765185,0.8466286659240723,0.38829955080945205
C5-extreme,GLOSS,61,13,4.4053479875507175,35.300825539765185,0.8509082794189453,0.37483706093628577
C5-extreme,GLOSS,61,14,4.458342608226302,35.72548072348767,0.8359882831573486,0.37380483008584064
C5-extreme,GLOSS,61,15,4.458342608226302,35.72548072348767,0.8526980876922607,0.3671144561787738
C5-extreme,GLOSS,61,16,4.458342608226302,35.72548072348767,0.8730838298797607,0.36138489852983857
C5-extreme,GLOSS,61,17,4.458342608226302,35.72548072348767,1.0195679664611816,0.3468116858785302
C5-extreme,GLOSS,61,18,4.458342608226302,35.72548072348767,0.8871352672576904,0.3428889387508504
C5-extreme,GLOSS,61,19,4.458342608226302,35.72548072348767,0.8764939308166504,0.33796964607309915
C5-extreme,UCB-BO,61,-1,0.021224433677197632,0.17007510701456127,0.0,0.0
C5-extreme,UCB-BO,61,0,0.10356384201770531,0.8298752174915965,0.14380288124084473,0.046121417723293597
C5-extreme,UCB-BO,61,1,0.2895887238366445,2.320525199673102,0.14828991889953613,0.041663911029672866
C5-extreme,UCB-BO,61,2,0.2895887238366445,2.320525199673102,0.1565999984741211,0.1704751248494172
C5-extreme,UCB-BO,61,3,0.2895887238366445,2.320525199673102,0.16038894653320312,0.41638583800025586
C5-extreme,UCB-BO,61,4,0.31596819448575436,2.531908521455434,0.17069792747497559,0.39576849443171985
C5-extreme,UCB-BO,61,5,0.31596819448575436,2.531908521455434,0.17351293563842773,0.3978069223579451
C5-extreme,UCB-BO,61,6,0.31596819448575436,2.531908521455434,0.17724919319152832,0.4460429542933291
C5-extreme,UCB-BO,61,7,0.31596819448575436,2.531908521455434,0.18323493003845215,0.4158545902549652
C5-extreme,UCB-BO,61,8,0.4011453031692604,3.2144476221383287,0.18258404731750488,0.3846902678877714
C5-extreme,UCB-BO,61,9,0.4011453031692604,3.2144476221383287,0.1903369426727295,0.35769059018563765
C5-extreme,UCB-BO,61,10,0.4011453031692604,3.2144476221383287,0.18989992141723633,0.340769596193574
C5-extreme,UCB-BO,61,11,0.4011453031692604,3.2144476221383287,0.18900203704833984,0.3205245140548399
C5-extreme,UCB-BO,61,12,0.5690418625612258,4.559832179401833,0.19397306442260742,0.32615899810719173
C5-extreme,UCB-BO,61,13,0.5690418625612258,4.559832179401833,0.20584893226623535,0.3515803671792376
C5-extreme,UCB-BO,61,14,0.8396137976058771,6.727972517454514,0.21672415733337402,0.39476907763534197
C5-extreme,UCB-BO,61,15,1.9926048158990621,15.967091629203312,0.22473502159118652,0.41763961897852886
C5-extreme,UCB-BO,61,16,1.9926048158990621,15.967091629203312,0.23100805282592773,0.44973701476825395
C5-extreme,UCB-BO,61,17,1.9926048158990621,15.967091629203312,0.23659586906433105,0.45554201153184054
C5-extreme,UCB-BO,61,18,1.9926048158990621,15.967091629203312,0.24793481826782227,0.460552383648507
C5-extreme,UCB-BO,61,19,3.2966021802658267,26.41625105858535,0.24680805206298828,0.46178849500152935
C5-extreme,BO(EI),61,-1,0.021224433677197632,0.17007510701456127,0.0,0.0
C5-extreme,BO(EI),61,0,0.28616452878410664,2.2930865245660828,0.15372085571289062,0.04068910622516004
C5-extreme,BO(EI),61,1,0.28616452878410664,2.2930865245660828,0.15262579917907715,0.15138906421476855
C5-extreme,BO(EI),61,2,0.28616452878410664,2.2930865245660828,0.16625308990478516,0.17888351590565718
C5-extreme,BO(EI),61,3,0.28616452878410664,2.2930865245660828,0.15500998497009277,0.3032942998657843
C5-extreme,BO(EI),61,4,0.28616452878410664,2.2930865245660828,0.16503405570983887,0.49463987029966805
C5-extreme,BO(EI),61,5,0.28616452878410664,2.2930865245660828,0.1684279441833496,0.5344443537029164
C5-extreme,BO(EI),61,6,0.28616452878410664,2.2930865245660828,0.17772984504699707,0.5305769620977785
C5-extreme,BO(EI),61,7,0.28616452878410664,2.2930865245660828,0.1826632022857666,0.5159018950709597
C5-extreme,BO(EI),61,8,0.3118510713433608,2.4989172921164395,0.1966698169708252,0.5225616409383489
C5-extreme,BO(EI),61,9,0.3118510713433608,2.4989172921164395,0.18978095054626465,0.5027189805650534
C5-extreme,BO(EI),61,10,0.3118510713433608,2.4989172921164395,0.18147802352905273,0.5555511668913172
C5-extreme,BO(EI),61,11,0.5078785725193231,4.0697200163425675,0.19173932075500488,0.5661420462084055
C5-extreme,BO(EI),61,12,1.0549100811962935,8.453179372364202,0.2112743854522705,0.5541464512428065
C5-extreme,BO(EI),61,13,1.2222306889027879,9.793948727826262,0.2185499668121338,0.55616461673199
C5-extreme,BO(EI),61,14,1.2222306889027879,9.793948727826262,0.22749090194702148,0.542987650651705
C5-extreme,BO(EI),61,15,1.3051425859479904,10.458336290632834,0.23291516304016113,0.5379051771799221
C5-extreme,BO(EI),61,16,1.412637818646684,11.319714430697271,0.2556788921356201,0.5306091728700341
C5-extreme,BO(EI),61,17,1.412637818646684,11.319714430697271,0.2570838928222656,0.5219484970246149
C5-extreme,BO(EI),61,18,1.412637818646684,11.319714430697271,0.2578890323638916,0.513361775319462
C5-extreme,BO(EI),61,19,3.8759120051729146,31.058362219907448,0.2588772773742676,0.5255668786628619
C5-extreme,GA,61,-1,0.021224433677197632,0.17007510701456127,0.0,0.0
C5-extreme,GA,61,0,0.23535334439127625,1.8859275984633133,0.1793510913848877,0.5686243527510245
C5-extreme,GA,61,1,0.23535334439127625,1.8859275984633133,0.1959850788116455,0.6681110173816319
C5-extreme,GA,61,2,0.3570455588289159,2.8610686414752657,0.20195388793945312,0.6681861883078442
C5-extreme,GA,61,3,1.3975213931743669,11.198583863965398,0.2046499252319336,0.7073189458740742
C5-extreme,GA,61,4,1.671134941251605,13.391097180344936,0.22170805931091309,0.6770399685082917
C5-extreme,GA,61,5,2.46580375141869,19.758917636044654,0.2413010597229004,0.6406885932047156
C5-extreme,GA,61,6,2.46580375141869,19.758917636044654,0.2475740909576416,0.6111729637088433
C5-extreme,GA,61,7,2.46580375141869,19.758917636044654,0.24869418144226074,0.583912679800351
C5-extreme,GA,61,8,2.46580375141869,19.758917636044654,0.2558169364929199,0.5616460972397487
C5-extreme,GA,61,9,2.46580375141869,19.758917636044654,0.25730395317077637,0.5365336585559373
C5-extreme,GA,61,10,2.6105211384512215,20.918563422630147,0.25823020935058594,0.5150091530561142
C5-extreme,GA,61,11,2.6105211384512215,20.918563422630147,0.2659168243408203,0.4911130101827409
C5-extreme,GA,61,12,2.6105211384512215,20.918563422630147,0.27188611030578613,0.48012635752359784
C5-extreme,GA,61,13,9.535447280113939,76.40921031214116,0.2780168056488037,0.4724309016639814
C5-extreme,GA,61,14,12.18347443965511,97.62831605536178,0.2958090305328369,0.4678273641592005
C5-extreme,GA,61,15,12.18347443965511,97.62831605536178,0.30678510665893555,0.47127173290925356
C5-extreme,GA,61,16,12.18347443965511,97.62831605536178,0.3148648738861084,0.4708940558587904
C5-extreme,GA,61,17,12.18347443965511,97.62831605536178,0.3190031051635742,0.4693989369735612
C5-extreme,GA,61,18,12.18347443965511,97.62831605536178,0.32037806510925293,0.4683160166855539
C5-extreme,GA,61,19,12.18347443965511,97.62831605536178,0.32599520683288574,0.46441289862968366
C5-extreme,Random,61,-1,0.021224433677197632,0.17007510701456127,0.0,0.0
C5-extreme,Random,61,0,6.173543788618553,49.46968840145811,0.10142016410827637,0.496561520458123
C5-extreme,Random,61,1,6.173543788618553,49.46968840145811,0.10198616981506348,0.5025957333208784
C5-extreme,Random,61,2,6.173543788618553,49.46968840145811,0.10329127311706543,0.48862474869720707
C5-extreme,Random,61,3,6.173543788618553,49.46968840145811,0.10259199142456055,0.5059466953865032
C5-extreme,Random,61,4,6.173543788618553,49.46968840145811,0.10326409339904785,0.5279777004121374
C5-extreme,Random,61,5,6.173543788618553,49.46968840145811,0.10662412643432617,0.5182959614406357
C5-extreme,Random,61,6,9.051470043761489,72.53101589163765,0.10580992698669434,0.5206481481897999
C5-extreme,Random,61,7,9.051470043761489,72.53101589163765,0.10435986518859863,0.525384880723685
C5-extreme,Random,61,8,9.051470043761489,72.53101589163765,0.10804200172424316,0.5262597378321915
C5-extreme,Random,61,9,9.051470043761489,72.53101589163765,0.10605907440185547,0.5283427741787939
C5-extreme,Random,61,10,9.051470043761489,72.53101589163765,0.10323596000671387,0.5353312839071346
C5-extreme,Random,61,11,9.051470043761489,72.53101589163765,0.1083519458770752,0.5366802778795355
C5-extreme,Random,61,12,9.051470043761489,72.53101589163765,0.10717606544494629,0.5318213642005776
C5-extreme,Random,61,13,9.051470043761489,72.53101589163765,0.10739398002624512,0.5315235203397556
C5-extreme,Random,61,14,9.051470043761489,72.53101589163765,0.10776185989379883,0.5302388906487168
C5-extreme,Random,61,15,9.051470043761489,72.53101589163765,0.1086111068725586,0.5286274698910952
C5-extreme,Random,61,16,9.535447280113939,76.40921031214116,0.10856795310974121,0.5274578741491014
C5-extreme,Random,61,17,9.535447280113939,76.40921031214116,0.11423110961914062,0.5334176090296949
C5-extreme,Random,61,18,9.535447280113939,76.40921031214116,0.11153721809387207,0.5324522043668796
C5-extreme,Random,61,19,9.535447280113939,76.40921031214116,0.10802006721496582,0.5257338797263009
C5-extreme,GLOSS,67,-1,0.022838517195046572,0.18300904113990485,0.0,0.0
C5-extreme,GLOSS,67,0,0.3512081324979739,2.814292321172727,0.7749650478363037,0.3068660025472795
C5-extreme,GLOSS,67,1,0.7329780723638072,5.87348176128396,0.7419137954711914,0.26012390677811986
C5-extreme,GLOSS,67,2,0.738360949904117,5.91661570245941,0.7516539096832275,0.2744564168976649
C5-extreme,GLOSS,67,3,1.033539102819885,8.281929976990304,0.7567269802093506,0.3447042802473007
C5-extreme,GLOSS,67,4,5.98758731122548,47.97958655593015,0.7794539928436279,0.33295106245988326
C5-extreme,GLOSS,67,5,5.98758731122548,47.97958655593015,0.848250150680542,0.36904159961251587
C5-extreme,GLOSS,67,6,5.98758731122548,47.97958655593015,0.7985491752624512,0.4054060796233
C5-extreme,GLOSS,67,7,9.091654539539794,72.85302129935621,0.813215970993042,0.39783143924510606
C5-extreme,GLOSS,67,8,9.091654539539794,72.85302129935621,0.8517990112304688,0.40162961603958314
C5-extreme,GLOSS,67,9,9.091654539539794,72.85302129935621,0.8433079719543457,0.4067927613241171
C5-extreme,GLOSS,67,10,9.091654539539794,72.85302129935621,0.9968423843383789,0.390984583449632
C5-extreme,GLOSS,67,11,12.18347443965511,97.62831605536178,1.0257327556610107,0.375343077167439
C5-extreme,GLOSS,67,12,12.479447492207349,100.0,0.8932051658630371,0.3719783559735383
C5-extreme,GLOSS,67,13,12.479447492207349,100.0,0.8973410129547119,0.3734660786563737
C5-extreme,GLOSS,67,14,12.479447492207349,100.0,1.053952932357788,0.3597098796748735
C5-extreme,GLOSS,67,15,12.479447492207349,100.0,0.9059717655181885,0.3533294548773725
C5-extreme,GLOSS,67,16,12.479447492207349,100.0,0.9178049564361572,0.3497234906741288
C5-extreme,GLOSS,67,17,12.479447492207349,100.0,1.0661230087280273,0.33957620662012816
C5-extreme,GLOSS,67,18,12.479447492207349,100.0,1.0827081203460693,0.32850099293769347
C5-extreme,GLOSS,67,19,12.479447492207349,100.0,0.9274077415466309,0.32258397667555855
C5-extreme,UCB-BO,67,-1,0.022838517195046572,0.18300904113990485,0.0,0.0
C5-extreme,UCB-BO,67,0,0.25076227063995804,2.0094020251821543,0.1563248634338379,0.05545786691859461
C5-extreme,UCB-BO,67,1,0.4324914608248124,3.4656298774034413,0.17395520210266113,0.07296823171926717
C5-extreme,UCB-BO,67,2,0.4324914608248124,3.4656298774034413,0.18212604522705078,0.25476946821009205
C5-extreme,UCB-BO,67,3,0.4324914608248124,3.4656298774034413,0.1846299171447754,0.22657125675173623
C5-extreme,UCB-BO,67,4,0.4324914608248124,3.4656298774034413,0.18597888946533203,0.2608098115497431
C5-extreme,UCB-BO,67,5,0.4324914608248124,3.4656298774034413,0.19506096839904785,0.28891636897436546
C5-extreme,UCB-BO,67,6,0.4324914608248124,3.4656298774034413,0.18908190727233887,0.26111341820734224
C5-extreme,UCB-BO,67,7,0.4324914608248124,3.4656298774034413,0.19066381454467773,0.2427119728366351
C5-extreme,UCB-BO,67,8,0.4324914608248124,3.4656298774034413,0.19710397720336914,0.22684345523062807
C5-extreme,UCB-BO,67,9,0.4324914608248124,3.4656298774034413,0.19867491722106934,0.21189932900355382
C5-extreme,UCB-BO,67,10,0.4324914608248124,3.4656298774034413,0.19521689414978027,0.21909517766656617
C5-extreme,UCB-BO,67,11,0.4324914608248124,3.4656298774034413,0.19674110412597656,0.21184016062592465
C5-extreme,UCB-BO,67,12,0.4324914608248124,3.4656298774034413,0.20088982582092285,0.21074169572160867
C5-extreme,UCB-BO,67,13,0.4324914608248124,3.4656298774034413,0.2017230987548828,0.21754127609753302
C5-extreme,UCB-BO,67,14,0.4324914608248124,3.4656298774034413,0.1926708221435547,0.23564296634774132
C5-extreme,UCB-BO,67,15,0.4324914608248124,3.4656298774034413,0.1982288360595703,0.23713184987643715
C5-extreme,UCB-BO,67,16,0.4324914608248124,3.4656298774034413,0.2034471035003662,0.23899581441745452
C5-extreme,UCB-BO,67,17,0.4324914608248124,3.4656298774034413,0.20720911026000977,0.24610725072460038
C5-extreme,UCB-BO,67,18,0.5309792862624474,4.254830084376824,0.214188814163208,0.24088741535382546
C5-extreme,UCB-BO,67,19,0.5309792862624474,4.254830084376824,0.21766400337219238,0.23602286096727526
C5-extreme,BO(EI),67,-1,0.022838517195046572,0.18300904113990485,0.0,0.0
C5-extreme,BO(EI),67,0,0.32650543990837905,2.616345315866441,0.16047930717468262,0.09846710456635714
C5-extreme,BO(EI),67,1,0.32650543990837905,2.616345315866441,0.17621397972106934,0.17255899277307804
C5-extreme,BO(EI),67,2,0.32650543990837905,2.616345315866441,0.1795520782470703,0.1754786825864984
C5-extreme,BO(EI),67,3,0.32650543990837905,2.616345315866441,0.18905997276306152,0.18063844054225517
C5-extreme,BO(EI),67,4,0.32650543990837905,2.616345315866441,0.18137907981872559,0.15552312484654573
C5-extreme,BO(EI),67,5,0.32650543990837905,2.616345315866441,0.1823291778564453,0.13990773380795504
C5-extreme,BO(EI),67,6,0.4524003144899353,3.6251630112024715,0.18392491340637207,0.189117338397617
C5-extreme,BO(EI),67,7,0.4524003144899353,3.6251630112024715,0.1853320598602295,0.1772076392170631
C5-extreme,BO(EI),67,8,0.6466585038865731,5.181787930037542,0.19477081298828125,0.18785236833992744
C5-extreme,BO(EI),67,9,0.6466585038865731,5.181787930037542,0.20222067832946777,0.21219937083304496
C5-extreme,BO(EI),67,10,0.6466585038865731,5.181787930037542,0.21074295043945312,0.22554871130494325
C5-extreme,BO(EI),67,11,1.002317141957408,8.031742932395794,0.21390080451965332,0.25819276652994944
C5-extreme,BO(EI),67,12,1.17843977796181,9.443044483320865,0.23222589492797852,0.2867165137483122
C5-extreme,BO(EI),67,13,1.7179505761809024,13.766239068305367,0.23759198188781738,0.29956454761062695
C5-extreme,BO(EI),67,14,1.7179505761809024,13.766239068305367,0.24258112907409668,0.30531446581285754
C5-extreme,BO(EI),67,15,1.8043475218460507,14.458552936520269,0.2476499080657959,0.30948371741222036
C5-extreme,BO(EI),67,16,3.7875210510069395,30.350070012089997,0.24821710586547852,0.31176558787177494
C5-extreme,BO(EI),67,17,3.7875210510069395,30.350070012089997,0.25373291969299316,0.3365527322668986
C5-extreme,BO(EI),67,18,3.7875210510069395,30.350070012089997,0.24981403350830078,0.3575203644325518
C5-extreme,BO(EI),67,19,3.846654133057243,30.823913762682547,0.2530241012573242,0.3587327844930285
C5-extreme,GA,67,-1,0.022838517195046572,0.18300904113990485,0.0,0.0
C5-extreme,GA,67,0,0.3045442333095865,2.4403663182985924,0.1966710090637207,0.40557705904671504
C5-extreme,GA,67,1,0.7244173687487399,5.804883342800986,0.20520806312561035,0.3656778268040243
C5-extreme,GA,67,2,7.103291046245296,56.91991613155043,0.2427079677581787,0.412858825990318
C5-extreme,GA,67,3,7.103291046245296,56.91991613155043,0.2724606990814209,0.45673979986428936
C5-extreme,GA,67,4,7.103291046245296,56.91991613155043,0.2767486572265625,0.46601658961578485
C5-extreme,GA,67,5,7.103291046245296,56.91991613155043,0.27547693252563477,0.4636177670214344
C5-extreme,GA,67,6,7.103291046245296,56.91991613155043,0.2836031913757324,0.46168447445479727
C5-extreme,GA,67,7,7.103291046245296,56.91991613155043,0.2892119884490967,0.44561168181913646
C5-extreme,GA,67,8,7.103291046245296,56.91991613155043,0.30698132514953613,0.4328541231719836
C5-extreme,GA,67,9,9.463476322790065,75.83249441691571,0.29954099655151367,0.4195788840291498
C5-extreme,GA,67,10,12.18347443965511,97.62831605536178,0.30467987060546875,0.40733938756810967
C5-extreme,GA,67,11,12.18347443965511,97.62831605536178,0.30971288681030273,0.4022523813751327
C5-extreme,GA,67,12,12.18347443965511,97.62831605536178,0.31116700172424316,0.3983501220425729
C5-extreme,GA,67,13,12.259700227238321,98.2391266511899,0.31244802474975586,0.3892923077073723
C5-extreme,GA,67,14,12.259700227238321,98.2391266511899,0.3147881031036377,0.3845820407252536
C5-extreme,GA,67,15,12.259700227238321,98.2391266511899,0.32584214210510254,0.37983525202370444
C5-extreme,GA,67,16,12.259700227238321,98.2391266511899,0.31928277015686035,0.3805255068101769
C5-extreme,GA,67,17,12.259700227238321,98.2391266511899,0.3281443119049072,0.3767378145741495
C5-extreme,GA,67,18,12.259700227238321,98.2391266511899,0.3237879276275635,0.37256571464942995
C5-extreme,GA,67,19,12.259700227238321,98.2391266511899,0.32617998123168945,0.366493625246044
C5-extreme,Random,67,-1,0.022838517195046572,0.18300904113990485,0.0,0.0
C5-extreme,Random,67,0,1.4426961848677806,11.56057738748976,0.10026717185974121,0.46113157230575014
C5-extreme,Random,67,1,1.4426961848677806,11.56057738748976,0.1003561019897461,0.4661663620952981
C5-extreme,Random,67,2,1.4426961848677806,11.56057738748976,0.10148310661315918,0.5042344447561682
C5-extreme,Random,67,3,1.4426961848677806,11.56057738748976,0.10340499877929688,0.527479110352018
C5-extreme,Random,67,4,2.3979399718481145,19.215113276012268,0.1020209789276123,0.5201622267255129
C5-extreme,Random,67,5,2.3979399718481145,19.215113276012268,0.10400891304016113,0.5185354076128433
C5-extreme,Random,67,6,4.137332484542255,33.15317033967863,0.10312390327453613,0.5039417256505804
C5-extreme,Random,67,7,4.137332484542255,33.15317033967863,0.10404610633850098,0.5078951701473425
C5-extreme,Random,67,8,4.137332484542255,33.15317033967863,0.1033778190612793,0.5053585112767359
C5-extreme,Random,67,9,4.137332484542255,33.15317033967863,0.1021430492401123,0.5036411283319513
C5-extreme,Random,67,10,4.137332484542255,33.15317033967863,0.10311388969421387,0.49822670592740903
C5-extreme,Random,67,11,4.137332484542255,33.15317033967863,0.1045839786529541,0.500870507999685
C5-extreme,Random,67,12,4.137332484542255,33.15317033967863,0.10544490814208984,0.506716264346621
C5-extreme,Random,67,13,4.137332484542255,33.15317033967863,0.1056828498840332,0.5010462064723347
C5-extreme,Random,67,14,4.137332484542255,33.15317033967863,0.10422611236572266,0.5002859810173166
C5-extreme,Random,67,15,4.137332484542255,33.15317033967863,0.10567069053649902,0.4977242854271531
C5-extreme,Random,67,16,4.137332484542255,33.15317033967863,0.10634899139404297,0.4994732977552428
C5-extreme,Random,67,17,4.137332484542255,33.15317033967863,0.10645198822021484,0.5027440936631292
C5-extreme,Random,67,18,4.137332484542255,33.15317033967863,0.10655474662780762,0.5032338775534301
C5-extreme,Random,67,19,4.137332484542255,33.15317033967863,0.1128687858581543,0.5030688873539456
